univ_code,slug,name_cn,name_en,province,city,admin_type,category,level,education_level,current_rank,is_vocational,is_double_first_class,is_985,is_211,is_cooperative,is_private,is_independent_college
RC00001,tsinghua-university,清华大学,Tsinghua University,北京,北京市,教育部直属,综合,双一流,10,1,false,true,true,true,false,false,false
RC00002,peking-university,北京大学,Peking University,北京,北京市,教育部直属,综合,双一流,10,2,false,true,true,true,false,false,false
RC00003,zhejiang-university,浙江大学,Zhejiang University,浙江,杭州市,教育部直属,综合,双一流,10,3,false,true,true,true,false,false,false
RC00005,shanghai-jiao-tong-university,上海交通大学,Shanghai Jiao Tong University,上海,上海市,教育部直属,综合,双一流,10,4,false,true,true,true,false,false,false
RC00004,fudan-university,复旦大学,Fudan University,上海,上海市,教育部直属,综合,双一流,10,5,false,true,true,true,false,false,false
RC00009,nanjing-university,南京大学,Nanjing University,江苏,南京市,教育部直属,综合,双一流,10,6,false,true,true,true,false,false,false
RC00006,university-of-science-and-technology-of-china,中国科学技术大学,University of Science and Technology of China,安徽,合肥市,中央部属,理工,双一流,10,7,false,true,true,true,false,false,false
RC00020,wuhan-university,武汉大学,Wuhan University,湖北,武汉市,教育部直属,综合,双一流,10,8,false,true,true,true,false,false,false
RC00010,huazhong-university-of-science-and-technology,华中科技大学,Huazhong University of Science and Technology,湖北,武汉市,教育部直属,综合,双一流,10,9,false,true,true,true,false,false,false
RC00012,xian-jiaotong-university,西安交通大学,Xi'an Jiaotong University,陕西,西安市,教育部直属,综合,双一流,10,10,false,true,true,true,false,false,false
RC00013,beihang-university,北京航空航天大学,Beihang University,北京,北京市,中央部属,理工,双一流,10,11,false,true,true,true,false,false,false
RC00008,harbin-institute-of-technology,哈尔滨工业大学,Harbin Institute of Technology,黑龙江,哈尔滨市,中央部属,理工,双一流,10,12,false,true,true,true,false,false,false
RC00007,sun-yat-sen-university,中山大学,Sun Yat-sen University,广东,广州市,教育部直属,综合,双一流,10,13,false,true,true,true,false,false,false
RC00036,beijing-institute-of-technology,北京理工大学,Beijing Institute of Technology,北京,北京市,中央部属,理工,双一流,10,14,false,true,true,true,false,false,false
RC00039,peking-union-medical-college,北京协和医学院,Peking Union Medical College,北京,北京市,中央部属,医药,双一流,10,医1,false,true,false,false,false,false,false
RC00018,southeast-university,东南大学,Southeast University,江苏,南京市,教育部直属,综合,双一流,10,15,false,true,true,true,false,false,false
RC00011,sichuan-university,四川大学,Sichuan University,四川,成都市,教育部直属,综合,双一流,10,16,false,true,true,true,false,false,false
RC00085,renmin-university-of-china,中国人民大学,Renmin University of China,北京,北京市,教育部直属,综合,双一流,10,17,false,true,true,true,false,false,false
RC00026,tongji-university,同济大学,Tongji University,上海,上海市,教育部直属,综合,双一流,10,18,false,true,true,true,false,false,false
RC00014,beijing-normal-university,北京师范大学,Beijing Normal University,北京,北京市,教育部直属,师范,双一流,10,19,false,true,true,true,false,false,false
RC00015,tianjin-university,天津大学,Tianjin University,天津,天津市,教育部直属,理工,双一流,10,20,false,true,true,true,false,false,false
RC00025,nankai-university,南开大学,Nankai University,天津,天津市,教育部直属,综合,双一流,10,21,false,true,true,true,false,false,false
RC00031,shandong-university,山东大学,Shandong University,山东,济南市,教育部直属,综合,双一流,10,22,false,true,true,true,false,false,false
RC00034,northwestern-polytechnical-university,西北工业大学,Northwestern Polytechnical University,陕西,西安市,中央部属,理工,双一流,10,23,false,true,true,true,false,false,false
RC00024,china-agricultural-university,中国农业大学,China Agricultural University,北京,北京市,教育部直属,农业,双一流,10,24,false,true,true,true,false,false,false
RC00030,xiamen-university,厦门大学,Xiamen University,福建,厦门市,教育部直属,综合,双一流,10,25,false,true,true,true,false,false,false
RC00017,jilin-university,吉林大学,Jilin University,吉林,长春市,教育部直属,综合,双一流,10,26,false,true,true,true,false,false,false
RC00021,central-south-university,中南大学,Central South University,湖南,长沙市,教育部直属,综合,双一流,10,27,false,true,true,true,false,false,false
RC00016,dalian-university-of-technology,大连理工大学,Dalian University of Technology,辽宁,大连市,教育部直属,理工,双一流,10,28,false,true,true,true,false,false,false
RC00042,east-china-normal-university,华东师范大学,East China Normal University,上海,上海市,教育部直属,师范,双一流,10,29,false,true,true,true,false,false,false
RC00064,southern-university-of-science-and-technology,南方科技大学,Southern University of Science and Technology,广东,深圳市,地方公办,综合,双一流,10,30,false,true,false,false,false,false,false
RC00033,hunan-university,湖南大学,Hunan University,湖南,长沙市,教育部直属,综合,双一流,10,31,false,true,true,true,false,false,false
RC00022,south-china-university-of-technology,华南理工大学,South China University of Technology,广东,广州市,教育部直属,理工,双一流,10,32,false,true,true,true,false,false,false
RC00023,university-of-electronic-science-and-technology-of-china,电子科技大学,University of Electronic Science and Technology of China,四川,成都市,教育部直属,理工,双一流,10,33,false,true,true,true,false,false,false
RC00052,chongqing-university,重庆大学,Chongqing University,重庆,重庆市,教育部直属,综合,双一流,10,34,false,true,true,true,false,false,false
RC00037,university-of-science-and-technology-beijing,北京科技大学,University of Science and Technology Beijing,北京,北京市,教育部直属,理工,双一流,10,35,false,true,false,true,false,false,false
RC00335,shanghai-university-of-finance-and-economics,上海财经大学,Shanghai University of Finance and Economics,上海,上海市,教育部直属,财经,双一流,10,财1,false,true,false,true,false,false,false
RC00028,nanjing-university-of-science-and-technology,南京理工大学,Nanjing University of Science & Technology,江苏,南京市,中央部属,理工,双一流,10,36,false,true,false,true,false,false,false
RC00044,nanjing-university-of-aeronautics-and-astronautics,南京航空航天大学,Nanjing University of Aeronautics and Astronautics,江苏,南京市,中央部属,理工,双一流,10,37,false,true,false,true,false,false,false
RC00040,capital-medical-university,首都医科大学,Capital Medical University,北京,北京市,地方公办,医药,地方公办,10,医2,false,false,false,false,false,false,false
RC00053,northeastern-university,东北大学,Northeastern University,辽宁,沈阳市,教育部直属,理工,双一流,10,38,false,true,true,true,false,false,false
RC00080,xidian-university,西安电子科技大学,Xidian University,陕西,西安市,教育部直属,理工,双一流,10,39,false,true,false,true,false,false,false
RC00927,the-chinese-university-of-hong-kong-shenzhen,香港中文大学（深圳）,"The Chinese University of Hong Kong, Shenzhen",广东,深圳市,中外合作,综合,合作高校,10,合作1,false,false,false,false,true,false,false
RC00035,lanzhou-university,兰州大学,Lanzhou University,甘肃,兰州市,教育部直属,综合,双一流,10,40,false,true,true,true,false,false,false
RC00054,beijing-jiaotong-university,北京交通大学,Beijing Jiaotong University,北京,北京市,教育部直属,理工,双一流,10,41,false,true,false,true,false,false,false
RC00027,east-china-university-of-science-and-technology,华东理工大学,East China University of Science and Technology,上海,上海市,教育部直属,理工,双一流,10,42,false,true,false,true,false,false,false
RC00062,southern-medical-university,南方医科大学,Southern Medical University,广东,广州市,地方公办,医药,地方公办,10,医3,false,false,false,false,false,false,false
RC00139,central-university-of-finance-and-economics,中央财经大学,Central University of Finance and Economics,北京,北京市,教育部直属,财经,双一流,10,财2,false,true,false,true,false,false,false
RC00041,harbin-engineering-university,哈尔滨工程大学,Harbin Engineering University,黑龙江,哈尔滨市,中央部属,理工,双一流,10,43,false,true,false,true,false,false,false
RC00059,zhengzhou-university,郑州大学,Zhengzhou University,河南,郑州市,地方公办,综合,双一流,10,44,false,true,false,true,false,false,false
RC00051,huazhong-agricultural-university,华中农业大学,Huazhong Agricultural University,湖北,武汉市,教育部直属,农业,双一流,10,45,false,true,false,true,false,false,false
RC00047,nanjing-medical-university,南京医科大学,Nanjing Medical University,江苏,南京市,地方公办,医药,双一流,10,医4,false,true,false,false,false,false,false
RC00019,soochow-university-china,苏州大学,Soochow University,江苏,苏州市,地方公办,综合,双一流,10,46,false,true,false,true,false,false,false
RC00347,shanghaitech-university,上海科技大学,ShanghaiTech University,上海,上海市,地方公办,综合,双一流,10,47,false,true,false,false,false,false,false
RC00070,northeast-normal-university,东北师范大学,Northeast Normal University,吉林,长春市,教育部直属,师范,双一流,10,48,false,true,false,true,false,false,false
RC00097,southwest-jiaotong-university,西南交通大学,Southwest Jiaotong University,四川,成都市,教育部直属,理工,双一流,10,49,false,true,false,true,false,false,false
RC00100,beijing-university-of-posts-and-telecommunications,北京邮电大学,Beijing University of Posts and Telecommunications,北京,北京市,教育部直属,理工,双一流,10,50,false,true,false,true,false,false,false
RC00058,ocean-university-of-china,中国海洋大学,Ocean University of China,山东,青岛市,教育部直属,综合,双一流,10,51,false,true,true,true,false,false,false
RC00075,jiangnan-university,江南大学,Jiangnan University,江苏,无锡市,教育部直属,综合,双一流,10,52,false,true,false,true,false,false,false
RC00109,central-china-normal-university,华中师范大学,Central China Normal University,湖北,武汉市,教育部直属,师范,双一流,10,53,false,true,false,true,false,false,false
RC00032,wuhan-university-of-technology,武汉理工大学,Wuhan University of Technology,湖北,武汉市,教育部直属,理工,双一流,10,54,false,true,false,true,false,false,false
RC00029,nanjing-agricultural-university,南京农业大学,Nanjing Agricultural University,江苏,南京市,教育部直属,农业,双一流,10,55,false,true,false,true,false,false,false
RC00049,china-university-of-geosciences-wuhan,中国地质大学（武汉）,China University of Geosciences,湖北,武汉市,教育部直属,理工,双一流,10,56,false,true,false,true,false,false,false
RC00155,china-university-of-political-science-and-law,中国政法大学,China University of Political Science and Law,北京,北京市,教育部直属,政法,双一流,10,政1,false,true,false,true,false,false,false
RC00038,beijing-university-of-chemical-technology,北京化工大学,Beijing University of Chemical Technology,北京,北京市,教育部直属,理工,双一流,10,57,false,true,false,true,false,false,false
RC00140,university-of-international-business-and-economics,对外经济贸易大学,University of International Business and Economics,北京,北京市,教育部直属,财经,双一流,10,财3,false,true,false,true,false,false,false
RC00548,zhongnan-university-of-economics-and-law,中南财经政法大学,Zhongnan University of Economics and Law,湖北,武汉市,教育部直属,财经,双一流,10,财4,false,true,false,true,false,false,false
RC00088,nanjing-normal-university,南京师范大学,Nanjing Normal University,江苏,南京市,地方公办,师范,双一流,10,58,false,true,false,true,false,false,false
RC00060,jinan-university,暨南大学,Jinan University,广东,广州市,中央部属,综合,双一流,10,59,false,true,false,true,false,false,false
RC00043,shanghai-university,上海大学,Shanghai University,上海,上海市,地方公办,综合,双一流,10,60,false,true,false,true,false,false,false
RC00068,tianjin-medical-university,天津医科大学,Tianjin Medical University,天津,天津市,地方公办,医药,双一流,10,医5,false,true,false,true,false,false,false
RC00079,southwest-university,西南大学,Southwest University,重庆,重庆市,教育部直属,综合,双一流,10,61,false,true,false,true,false,false,false
RC00066,china-university-of-petroleum-beijing,中国石油大学（北京）,"China University of Petroleum, Beijing",北京,北京市,教育部直属,理工,双一流,10,62,false,true,false,true,false,false,false
RC00069,china-medical-university-shenyang,中国医科大学,China Medical University (Shenyang),辽宁,沈阳市,地方公办,医药,地方公办,10,医6,false,false,false,false,false,false,false
RC00087,hohai-university,河海大学,Hohai University,江苏,南京市,教育部直属,理工,双一流,10,63,false,true,false,true,false,false,false
RC00112,shaanxi-normal-university,陕西师范大学,Shaanxi Normal University,陕西,西安市,教育部直属,师范,双一流,10,63,false,true,false,true,false,false,false
RC00113,beijing-university-of-chinese-medicine,北京中医药大学,Beijing University of Chinese Medicine,北京,北京市,教育部直属,中医药,双一流,10,中医1,false,true,false,true,false,false,false
RC00055,beijing-university-of-technology,北京工业大学,Beijing University of Technology,北京,北京市,地方公办,理工,双一流,10,65,false,true,false,true,false,false,false
RC00870,university-of-nottingham-ningbo-china,宁波诺丁汉大学,University of Nottingham Ningbo China,浙江,宁波市,中外合作,综合,合作高校,10,合作2,false,false,false,false,true,false,false
RC00367,shenzhen-university,深圳大学,Shenzhen University,广东,深圳市,地方公办,综合,地方公办,10,66,false,false,false,false,false,false,false
RC00658,southwestern-university-of-finance-and-economics,西南财经大学,Southwestern University of Finance and Economics,四川,成都市,教育部直属,财经,双一流,10,财5,false,true,false,true,false,false,false
RC00073,china-university-of-mining-and-technology-xuzhou,中国矿业大学,China University of Mining and Technology,江苏,徐州市,教育部直属,理工,双一流,10,67,false,true,false,true,false,false,false
RC00083,zhejiang-university-of-technology,浙江工业大学,Zhejiang University of Technology,浙江,杭州市,地方公办,理工,地方公办,10,68,false,false,false,false,false,false,false
RC00063,northwest-a-f-university,西北农林科技大学,Northwest A&F University,陕西,咸阳市,教育部直属,农业,双一流,10,69,false,true,true,true,false,false,false
RC00332,shanghai-university-of-traditional-chinese-medicine,上海中医药大学,Shanghai University of Traditional Chinese Medicine,上海,上海市,地方公办,中医药,双一流,10,中医2,false,true,false,false,false,false,false
RC00081,northwest-university,西北大学,Northwest University,陕西,西安市,地方公办,综合,双一流,10,70,false,true,false,true,false,false,false
RC00098,yunnan-university,云南大学,Yunnan University,云南,昆明市,地方公办,综合,双一流,10,71,false,true,false,true,false,false,false
RC00071,donghua-university,东华大学,Donghua University,上海,上海市,教育部直属,理工,双一流,10,72,false,true,false,true,false,false,false
RC00067,china-university-of-petroleum-huadong,中国石油大学（华东）,China University of Petroleum (East China),山东,青岛市,教育部直属,理工,双一流,10,73,false,true,false,true,false,false,false
RC00092,nanchang-university,南昌大学,Nanchang University,江西,南昌市,地方公办,综合,双一流,10,74,false,true,false,true,false,false,false
RC00050,china-university-of-geosciences-beijing,中国地质大学（北京）,China University of Geosciences Beijing,北京,北京市,教育部直属,理工,双一流,10,75,false,true,false,true,false,false,false
RC00074,china-university-of-mining-and-technology-beijing,中国矿业大学（北京）,China University of Mining and Technology-Beijing,北京,北京市,教育部直属,理工,双一流,10,76,false,true,false,true,false,false,false
RC00078,fuzhou-university,福州大学,Fuzhou University,福建,福州市,地方公办,理工,双一流,10,77,false,true,false,true,false,false,false
RC00106,ningbo-university,宁波大学,Ningbo University,浙江,宁波市,地方公办,综合,双一流,10,78,false,true,false,false,false,false,false
RC00860,new-york-university-shanghai,上海纽约大学,NYU Shanghai,上海,上海市,中外合作,综合,合作高校,10,合作3,false,false,false,false,true,false,false
RC00110,south-china-normal-university,华南师范大学,South China Normal University,广东,广州市,地方公办,师范,双一流,10,79,false,true,false,true,false,false,false
RC00095,guangzhou-medical-university,广州医科大学,Guangzhou Medical University,广东,广州市,地方公办,医药,双一流,10,医7,false,true,false,false,false,false,false
RC00086,harbin-medical-university,哈尔滨医科大学,Harbin Medical University,黑龙江,哈尔滨市,地方公办,医药,地方公办,10,医8,false,false,false,false,false,false,false
RC00135,beijing-foreign-studies-university,北京外国语大学,Beijing Foreign Studies University,北京,北京市,教育部直属,语言,双一流,10,语1,false,true,false,true,false,false,false
RC00154,minzu-university-of-china,中央民族大学,Minzu University of China,北京,北京市,中央部属,民族,双一流,10,民1,false,true,true,true,false,false,false
RC00057,hefei-university-of-technology,合肥工业大学,Hefei University of Technology,安徽,合肥市,教育部直属,理工,双一流,10,80,false,true,false,true,false,false,false
RC00046,jiangsu-university,江苏大学,Jiangsu University,江苏,镇江市,地方公办,综合,地方公办,10,81,false,false,false,false,false,false,false
RC00096,chongqing-medical-university,重庆医科大学,Chongqing Medical University,重庆,重庆市,地方公办,医药,地方公办,10,医9,false,false,false,false,false,false,false
RC00268,dongbei-university-of-finance-and-economics,东北财经大学,Dongbei University of Finance and Economics,辽宁,大连市,地方公办,财经,地方公办,10,财6,false,false,false,false,false,false,false
RC00334,shanghai-international-studies-university,上海外国语大学,Shanghai International Studies University,上海,上海市,教育部直属,语言,双一流,10,语2,false,true,false,true,false,false,false
RC00117,nanjing-university-of-posts-and-telecommunications,南京邮电大学,Nanjing University of Posts and Telecommunications,江苏,南京市,地方公办,理工,双一流,10,82,false,true,false,false,false,false,false
RC00138,communication-university-of-china,中国传媒大学,Communication University of China,北京,北京市,教育部直属,语言,双一流,10,语3,false,true,false,true,false,false,false
RC00101,beijing-forestry-university,北京林业大学,Beijing Forestry University,北京,北京市,教育部直属,林业,双一流,10,83,false,true,false,true,false,false,false
RC00056,north-china-electric-power-university,华北电力大学,North China Electric Power University,北京,北京市,教育部直属,理工,双一流,10,84,false,true,false,true,false,false,false
RC00111,guizhou-university,贵州大学,Guizhou University,贵州,贵阳市,地方公办,综合,双一流,10,85,false,true,false,true,false,false,false
RC00123,guangxi-university,广西大学,Guangxi University,广西,南宁市,地方公办,综合,双一流,10,86,false,true,false,true,false,false,false
RC00640,hainan-university,海南大学,Hainan University,海南,海口市,地方公办,综合,双一流,10,87,false,true,false,true,false,false,false
RC00045,nanjing-tech-university,南京工业大学,Nanjing Tech University,江苏,南京市,地方公办,理工,地方公办,10,88,false,false,false,false,false,false,false
RC00105,china-pharmaceutical-university,中国药科大学,China Pharmaceutical University,江苏,南京市,教育部直属,医药,双一流,10,医10,false,true,false,true,false,false,false
RC00727,changan-university,长安大学,Chang'an University,陕西,西安市,教育部直属,理工,双一流,10,89,false,true,false,true,false,false,false
RC00429,fujian-normal-university,福建师范大学,Fujian Normal University,福建,福州市,地方公办,师范,地方公办,10,90,false,false,false,false,false,false,false
RC00380,zhejiang-normal-university,浙江师范大学,Zhejiang Normal University,浙江,金华市,地方公办,师范,地方公办,10,91,false,false,false,false,false,false,false
RC00077,wenzhou-medical-university,温州医科大学,Wenzhou Medical University,浙江,温州市,地方公办,医药,地方公办,10,医11,false,false,false,false,false,false,false
RC00121,hunan-normal-university,湖南师范大学,Hunan Normal University,湖南,长沙市,地方公办,师范,双一流,10,92,false,true,false,true,false,false,false
RC00349,nanjing-forestry-university,南京林业大学,Nanjing Forestry University,江苏,南京市,地方公办,林业,双一流,10,93,false,true,false,false,false,false,false
RC00076,yangzhou-university,扬州大学,Yangzhou University,江苏,扬州市,地方公办,综合,地方公办,10,93,false,false,false,false,false,false,false
RC00352,nanjing-university-of-chinese-medicine,南京中医药大学,Nanjing University of Chinese Medicine,江苏,南京市,地方公办,中医药,双一流,10,中医3,false,true,false,false,false,false,false
RC00120,henan-university,河南大学,Henan University,河南,开封市,地方公办,综合,双一流,10,95,false,true,false,false,false,false,false
RC00866,duke-kunshan-university,昆山杜克大学,Duke Kunshan University,江苏,昆山市,中外合作,综合,合作高校,10,合作4,false,false,false,false,true,false,false
RC00616,guangdong-university-of-technology,广东工业大学,Guangdong University of Technology,广东,广州市,地方公办,理工,地方公办,10,96,false,false,false,false,false,false,false
RC00104,taiyuan-university-of-technology,太原理工大学,Taiyuan University of Technology,山西,太原市,地方公办,理工,双一流,10,97,false,true,false,true,false,false,false
RC00366,nanjing-university-of-information-science-technology,南京信息工程大学,Nanjing University of Information Science & Technology,江苏,南京市,地方公办,理工,双一流,10,98,false,true,false,false,false,false,false
RC00595,guangzhou-university-of-chinese-medicine,广州中医药大学,Guangzhou University of Chinese Medicine,广东,广州市,地方公办,中医药,双一流,10,中医4,false,true,false,false,false,false,false
RC00089,hangzhou-dianzi-university,杭州电子科技大学,Hangzhou Dianzi University,浙江,杭州市,地方公办,理工,地方公办,10,99,false,false,false,false,false,false,false
RC00133,capital-normal-university,首都师范大学,Capital Normal University,北京,北京市,地方公办,师范,双一流,10,100,false,true,false,false,false,false,false
RC00119,anhui-university,安徽大学,Anhui University,安徽,合肥市,地方公办,综合,双一流,10,101,false,true,false,true,false,false,false
RC00454,jiangxi-university-of-finance-economics,江西财经大学,Jiangxi University of Finance & Economics,江西,南昌市,地方公办,财经,地方公办,10,财7,false,false,false,false,false,false,false
RC00386,zhejiang-gongshang-university,浙江工商大学,Zhejiang Gongshang University,浙江,杭州市,地方公办,财经,地方公办,10,财8,false,false,false,false,false,false,false
RC00103,shanxi-university,山西大学,Shanxi University,山西,太原市,地方公办,综合,双一流,10,102,false,true,false,false,false,false,false
RC00865,xian-jiaotong-liverpool-university,西交利物浦大学,Xi'an Jiaotong-Liverpool University,江苏,苏州市,中外合作,综合,合作高校,10,合作5,false,false,false,false,true,false,false
RC00094,south-china-agricultural-university,华南农业大学,South China Agricultural University,广东,广州市,地方公办,农业,双一流,10,103,false,true,false,false,false,false,false
RC00477,shandong-normal-university,山东师范大学,Shandong Normal University,山东,济南市,地方公办,师范,地方公办,10,104,false,false,false,false,false,false,false
RC00608,guangzhou-university,广州大学,Guangzhou University,广东,广州市,地方公办,综合,地方公办,10,105,false,false,false,false,false,false,false
RC00143,china-foreign-affairs-university,外交学院,China Foreign Affairs University,北京,北京市,中央部属,语言,双一流,10,语4,false,true,false,false,false,false,false
RC00327,university-of-shanghai-for-science-and-technology,上海理工大学,University of Shanghai for Science and Technology,上海,上海市,地方公办,理工,地方公办,10,106,false,false,false,false,false,false,false
RC00182,hebei-university-of-technology,河北工业大学,Hebei University of Technology,天津,天津市,地方公办,理工,双一流,10,107,false,true,false,true,false,false,false
RC00093,qingdao-university,青岛大学,Qingdao University,山东,青岛市,地方公办,综合,地方公办,10,108,false,false,false,false,false,false,false
RC00957,shenzhen-msu-bit-university,深圳北理莫斯科大学,Shenzhen MSU-BIT University,广东,深圳市,中外合作,综合,合作高校,10,合作6,false,false,false,false,true,false,false
RC00102,yanshan-university,燕山大学,Yanshan University,河北,秦皇岛市,地方公办,理工,地方公办,10,109,false,false,false,false,false,false,false
RC00114,hebei-medical-university,河北医科大学,Hebei Medical University,河北,石家庄市,地方公办,医药,地方公办,10,医12,false,false,false,false,false,false,false
RC00125,kunming-university-of-science-and-technology,昆明理工大学,Kunming University of Science and Technology,云南,昆明市,地方公办,理工,地方公办,10,110,false,false,false,false,false,false,false
RC00728,xian-university-of-technology,西安理工大学,Xi'an University of Technology,陕西,西安市,地方公办,理工,地方公办,10,111,false,false,false,false,false,false,false
RC00376,zhejiang-sci-tech-university,浙江理工大学,Zhejiang Sci-Tech University,浙江,杭州市,地方公办,理工,地方公办,10,112,false,false,false,false,false,false,false
RC00115,dalian-medical-university,大连医科大学,Dalian Medical University,辽宁,大连市,地方公办,医药,地方公办,10,医13,false,false,false,false,false,false,false
RC00253,dalian-maritime-university,大连海事大学,Dalian Maritime University,辽宁,大连市,中央部属,综合,双一流,10,113,false,true,false,true,false,false,false
RC00142,capital-university-of-economics-business,首都经济贸易大学,Capital University of Economics & Business,北京,北京市,地方公办,财经,地方公办,10,财9,false,false,false,false,false,false,false
RC00231,inner-mongolia-university,内蒙古大学,Inner Mongolia University,内蒙古,呼和浩特市,地方公办,综合,双一流,10,114,false,true,false,true,false,false,false
RC00311,northeast-forestry-university-china,东北林业大学,Northeast Forestry University,黑龙江,哈尔滨市,教育部直属,林业,双一流,10,115,false,true,false,true,false,false,false
RC00090,hangzhou-normal-university,杭州师范大学,Hangzhou Normal University,浙江,杭州市,地方公办,师范,地方公办,10,116,false,false,false,false,false,false,false
RC00565,xiangtan-university,湘潭大学,Xiangtan University,湖南,湘潭市,地方公办,综合,双一流,10,117,false,true,false,false,false,false,false
RC00730,xian-university-of-architecture-and-technology,西安建筑科技大学,Xi'an University of Architecture and Technology,陕西,西安市,地方公办,理工,地方公办,10,118,false,false,false,false,false,false,false
RC00659,southwest-petroleum-university,西南石油大学,Southwest Petroleum University,四川,成都市,地方公办,理工,双一流,10,119,false,true,false,false,false,false,false
RC00137,beijing-language-and-culture-university,北京语言大学,Beijing Language and Culture University,北京,北京市,教育部直属,语言,教育部直属,10,语5,false,false,false,false,false,false,false
RC00338,east-china-university-of-political-science-and-law,华东政法大学,East China University of Political Science and Law,上海,上海市,地方公办,政法,地方公办,10,政2,false,false,false,false,false,false,false
RC00310,northeast-agricultural-university-china,东北农业大学,Northeast Agricultural University,黑龙江,哈尔滨市,地方公办,农业,双一流,10,120,false,true,false,true,false,false,false
RC00169,tianjin-university-of-traditional-chinese-medicine,天津中医药大学,Tianjin University of Traditional Chinese Medicine,天津,天津市,地方公办,中医药,双一流,10,中医5,false,true,false,false,false,false,false
RC00543,hubei-university,湖北大学,Hubei University,湖北,武汉市,地方公办,综合,地方公办,10,121,false,false,false,false,false,false,false
RC00668,chengdu-university-of-traditional-chinese-medicine,成都中医药大学,Chengdu University of Traditional Chinese Medicine,四川,成都市,地方公办,中医药,双一流,10,中医6,false,true,false,false,false,false,false
RC00108,fujian-agriculture-and-forestry-university,福建农林大学,Fujian Agriculture and Forestry University,福建,福州市,地方公办,农业,地方公办,10,122,false,false,false,false,false,false,false
RC00333,shanghai-normal-university,上海师范大学,Shanghai Normal University,上海,上海市,地方公办,师范,地方公办,10,123,false,false,false,false,false,false,false
RC00536,wuhan-university-of-science-and-technology,武汉科技大学,Wuhan University of Science and Technology,湖北,武汉市,地方公办,理工,地方公办,10,123,false,false,false,false,false,false,false
RC00091,anhui-medical-university,安徽医科大学,Anhui Medical University,安徽,合肥市,地方公办,医药,地方公办,10,医14,false,false,false,false,false,false,false
RC00651,southwest-university-of-political-science-and-law,西南政法大学,Southwest University of Political Science & Law,重庆,重庆市,地方公办,政法,地方公办,10,政3,false,false,false,false,false,false,false
RC00244,liaoning-university,辽宁大学,Liaoning University,辽宁,沈阳市,地方公办,综合,双一流,10,125,false,true,false,true,false,false,false
RC00449,jiangxi-normal-university,江西师范大学,Jiangxi Normal University,江西,南昌市,地方公办,师范,地方公办,10,126,false,false,false,false,false,false,false
RC00427,fujian-medical-university,福建医科大学,Fujian Medical University,福建,福州市,地方公办,医药,地方公办,10,医15,false,false,false,false,false,false,false
RC00660,chengdu-university-of-technology,成都理工大学,Chengdu University of Technology,四川,成都市,地方公办,理工,双一流,10,127,false,true,false,false,false,false,false
RC00379,zhejiang-chinese-medical-university,浙江中医药大学,Zhejiang Chinese Medical University,浙江,杭州市,地方公办,中医药,地方公办,10,中医7,false,false,false,false,false,false,false
RC00470,shandong-agricultural-university,山东农业大学,Shandong Agricultural University,山东,泰安市,地方公办,农业,地方公办,10,128,false,false,false,false,false,false,false
RC00384,wenzhou-university,温州大学,Wenzhou University,浙江,温州市,地方公办,综合,地方公办,10,129,false,false,false,false,false,false,false
RC00356,nanjing-university-of-finance-economics,南京财经大学,Nanjing University of Finance & Economics,江苏,南京市,地方公办,财经,地方公办,10,财10,false,false,false,false,false,false,false
RC00127,beijing-technology-and-business-university,北京工商大学,Beijing Technology and Business University,北京,北京市,地方公办,财经,地方公办,10,财11,false,false,false,false,false,false,false
RC00617,guangdong-university-of-foreign-studies,广东外语外贸大学,Guangdong University of Foreign Studies,广东,广州市,地方公办,语言,地方公办,10,语6,false,false,false,false,false,false,false
RC00179,hebei-university,河北大学,Hebei University,河北,保定市,地方公办,综合,地方公办,10,130,false,false,false,false,false,false,false
RC00395,zhejiang-university-of-finance-and-economics,浙江财经大学,Zhejiang University of Finance and Economics,浙江,杭州市,地方公办,财经,地方公办,10,财12,false,false,false,false,false,false,false
RC00777,xinjiang-university,新疆大学,Xinjiang University,新疆,乌鲁木齐市,地方公办,综合,双一流,10,131,false,true,false,true,false,false,false
RC00339,shanghai-university-of-sport,上海体育大学,Shanghai University of Sport,上海,上海市,地方公办,体育,双一流,10,体1,false,true,false,false,false,false,false
RC00733,shaanxi-university-of-science-and-technology,陕西科技大学,Shaanxi University of Science & Technology,陕西,西安市,地方公办,理工,地方公办,10,132,false,false,false,false,false,false,false
RC00215,shanxi-medical-university,山西医科大学,Shanxi Medical University,山西,太原市,地方公办,医药,地方公办,10,医16,false,false,false,false,false,false,false
RC00165,tiangong-university,天津工业大学,Tiangong University,天津,天津市,地方公办,理工,双一流,10,133,false,true,false,false,false,false,false
RC00124,sichuan-agricultural-university,四川农业大学,Sichuan Agricultural University,四川,雅安市,地方公办,农业,双一流,10,134,false,true,false,true,false,false,false
RC00568,changsha-university-of-science-and-technology,长沙理工大学,Changsha University of Science & Technology,湖南,长沙市,地方公办,理工,地方公办,10,135,false,false,false,false,false,false,false
RC00780,shihezi-university,石河子大学,Shihezi University,新疆,石河子市,地方公办,综合,双一流,10,135,false,true,false,true,false,false,false
RC00473,shandong-first-medical-university,山东第一医科大学,Shandong First Medical University,山东,济南市,地方公办,医药,地方公办,10,医17,false,false,false,false,false,false,false
RC00774,ningxia-university,宁夏大学,Ningxia University,宁夏,银川市,地方公办,综合,双一流,10,137,false,true,false,true,false,false,false
RC00282,changchun-university-of-science-and-technology,长春理工大学,Changchun University of Science and Technology,吉林,长春市,地方公办,理工,地方公办,10,138,false,false,false,false,false,false,false
RC00958,guangdong-technion-israel-institute-of-technology,广东以色列理工学院,Guangdong Technion - Israel Institute of Technology,广东,汕头市,中外合作,理工,合作高校,10,合作7,false,false,false,false,true,false,false
RC00107,huaqiao-university,华侨大学,Huaqiao University,福建,泉州市,中央部属,综合,中央部属,10,139,false,false,false,false,false,false,false
RC00144,peoples-public-security-university-of-china,中国人民公安大学,People's Public Security University of China,北京,北京市,中央部属,政法,双一流,10,政4,false,true,false,false,false,false,false
RC00463,shandong-university-of-science-and-technology,山东科技大学,Shandong University of Science and Technology,山东,青岛市,地方公办,理工,地方公办,10,140,false,false,false,false,false,false,false
RC00348,jiangsu-university-of-science-and-technology,江苏科技大学,Jiangsu University of Science and Technology,江苏,镇江市,地方公办,理工,地方公办,10,141,false,false,false,false,false,false,false
RC00331,shanghai-ocean-university,上海海洋大学,Shanghai Ocean University,上海,上海市,地方公办,农业,双一流,10,142,false,true,false,false,false,false,false
RC00403,anhui-agricultural-university,安徽农业大学,Anhui Agricultural University,安徽,合肥市,地方公办,农业,地方公办,10,143,false,false,false,false,false,false,false
RC00487,shandong-university-of-finance-and-economics,山东财经大学,Shandong University of Finance and Economics,山东,济南市,地方公办,财经,地方公办,10,财13,false,false,false,false,false,false,false
RC00336,shanghai-university-of-international-business-and-economics,上海对外经贸大学,Shanghai University of International Business and Economics,上海,上海市,地方公办,财经,地方公办,10,财14,false,false,false,false,false,false,false
RC00213,north-university-of-china,中北大学,North University of China,山西,太原市,地方公办,理工,地方公办,10,144,false,false,false,false,false,false,false
RC00407,anhui-normal-university,安徽师范大学,Anhui Normal University,安徽,芜湖市,地方公办,师范,地方公办,10,145,false,false,false,false,false,false,false
RC00509,henan-agricultural-university,河南农业大学,Henan Agricultural University,河南,郑州市,地方公办,农业,地方公办,10,145,false,false,false,false,false,false,false
RC00644,chongqing-university-of-posts-and-telecommunications,重庆邮电大学,Chongqing University of Posts and Telecommunications,重庆,重庆市,地方公办,理工,地方公办,10,147,false,false,false,false,false,false,false
RC00118,nantong-university,南通大学,Nantong University,江苏,南通市,地方公办,综合,地方公办,10,147,false,false,false,false,false,false,false
RC00627,guangxi-normal-university,广西师范大学,Guangxi Normal University,广西,桂林市,地方公办,师范,地方公办,10,149,false,false,false,false,false,false,false
RC00378,zhejiang-a-f-university,浙江农林大学,Zhejiang A&F University,浙江,杭州市,地方公办,林业,地方公办,10,149,false,false,false,false,false,false,false
RC00468,qilu-university-of-technology,齐鲁工业大学,Qilu University of Technology,山东,济南市,地方公办,理工,地方公办,10,151,false,false,false,false,false,false,false
RC00389,china-jiliang-university,中国计量大学,China Jiliang University,浙江,杭州市,地方公办,理工,地方公办,10,151,false,false,false,false,false,false,false
RC00871,wenzhou-kean-university,温州肯恩大学,Wenzhou-Kean University,浙江,温州市,中外合作,综合,合作高校,10,合作8,false,false,false,false,true,false,false
RC00623,guangxi-medical-university,广西医科大学,Guangxi Medical University,广西,南宁市,地方公办,医药,地方公办,10,医18,false,false,false,false,false,false,false
RC00257,shenyang-agricultural-university,沈阳农业大学,Shenyang Agricultural University,辽宁,沈阳市,地方公办,农业,地方公办,10,153,false,false,false,false,false,false,false
RC00760,northwest-normal-university-china,西北师范大学,Northwest Normal University,甘肃,兰州市,地方公办,师范,地方公办,10,154,false,false,false,false,false,false,false
RC00926,beijing-normal-university-hong-kong-baptist-university-united-international-college,北师香港浸会大学,Beijing Normal-Hong Kong Baptist University,广东,珠海市,中外合作,综合,合作高校,10,合作9,false,false,false,false,true,false,false
RC00304,heilongjiang-university,黑龙江大学,Heilongjiang University,黑龙江,哈尔滨市,地方公办,综合,地方公办,10,155,false,false,false,false,false,false,false
RC00426,jimei-university,集美大学,Jimei University,福建,厦门市,地方公办,综合,地方公办,10,156,false,false,false,false,false,false,false
RC00281,yanbian-university,延边大学,Yanbian University,吉林,延边朝鲜族自治州,地方公办,综合,双一流,10,157,false,true,false,true,false,false,false
RC00164,tianjin-university-of-science-and-technology,天津科技大学,Tianjin University of Science and Technology,天津,天津市,地方公办,理工,地方公办,10,158,false,false,false,false,false,false,false
RC00351,xuzhou-medical-college,徐州医科大学,Xuzhou Medical University,江苏,徐州市,地方公办,医药,地方公办,10,医19,false,false,false,false,false,false,false
RC00539,wuhan-textile-university,武汉纺织大学,Wuhan Textile University,湖北,武汉市,地方公办,理工,地方公办,10,159,false,false,false,false,false,false,false
RC00365,nanjing-audit-university,南京审计大学,Nanjing Audit University,江苏,南京市,地方公办,财经,地方公办,10,财15,false,false,false,false,false,false,false
RC00551,south-central-university-for-nationalities,中南民族大学,South-Central Minzu University,湖北,武汉市,中央部属,民族,中央部属,10,民2,false,false,false,false,false,false,false
RC00170,tianjin-normal-university,天津师范大学,Tianjin Normal University,天津,天津市,地方公办,师范,地方公办,10,160,false,false,false,false,false,false,false
RC00287,jilin-agricultural-university,吉林农业大学,Jilin Agricultural University,吉林,长春市,地方公办,农业,地方公办,10,161,false,false,false,false,false,false,false
RC00541,hubei-university-of-technology,湖北工业大学,Hubei University of Technology,湖北,武汉市,地方公办,理工,地方公办,10,162,false,false,false,false,false,false,false
RC00263,liaoning-normal-university,辽宁师范大学,Liaoning Normal University,辽宁,大连市,地方公办,师范,地方公办,10,162,false,false,false,false,false,false,false
RC00478,qufu-normal-university,曲阜师范大学,Qufu Normal University,山东,济宁市,地方公办,师范,地方公办,10,164,false,false,false,false,false,false,false
RC00116,changzhou-university,常州大学,Changzhou University,江苏,常州市,地方公办,理工,地方公办,10,165,false,false,false,false,false,false,false
RC00569,hunan-agricultural-university,湖南农业大学,Hunan Agricultural University,湖南,长沙市,地方公办,农业,地方公办,10,166,false,false,false,false,false,false,false
RC00464,qingdao-university-of-science-and-technology,青岛科技大学,Qingdao University of Science & Technology,山东,青岛市,地方公办,理工,地方公办,10,167,false,false,false,false,false,false,false
RC00514,henan-normal-university,河南师范大学,Henan Normal University,河南,新乡市,地方公办,师范,地方公办,10,168,false,false,false,false,false,false,false
RC00261,shenyang-pharmaceutical-university,沈阳药科大学,Shenyang Pharmaceutical University,辽宁,沈阳市,地方公办,医药,地方公办,10,医20,false,false,false,false,false,false,false
RC00538,wuhan-institute-of-technology,武汉工程大学,Wuhan Institute of Technology,湖北,武汉市,地方公办,理工,地方公办,10,169,false,false,false,false,false,false,false
RC00475,shandong-university-of-traditional-chinese-medicine,山东中医药大学,Shandong University of Traditional Chinese Medicine,山东,济南市,地方公办,中医药,地方公办,10,中医8,false,false,false,false,false,false,false
RC00571,hunan-university-of-chinese-medicine,湖南中医药大学,Hunan University of Chinese Medicine,湖南,长沙市,地方公办,中医药,地方公办,10,中医9,false,false,false,false,false,false,false
RC00167,tianjin-university-of-technology,天津理工大学,Tianjin University of Technology,天津,天津市,地方公办,理工,地方公办,10,170,false,false,false,false,false,false,false
RC00328,shanghai-maritime-university,上海海事大学,Shanghai Maritime University,上海,上海市,地方公办,综合,地方公办,10,171,false,false,false,false,false,false,false
RC00353,jiangsu-normal-university,江苏师范大学,Jiangsu Normal University,江苏,徐州市,地方公办,师范,地方公办,10,172,false,false,false,false,false,false,false
RC00122,shantou-university,汕头大学,Shantou University,广东,汕头市,地方公办,综合,地方公办,10,173,false,false,false,false,false,false,false
RC00558,china-three-gorges-university,三峡大学,China Three Gorges University,湖北,宜昌市,地方公办,综合,地方公办,10,174,false,false,false,false,false,false,false
RC00465,university-of-jinan,济南大学,University of Jinan,山东,济南市,地方公办,综合,地方公办,10,175,false,false,false,false,false,false,false
RC00174,tianjin-university-of-finance-economics,天津财经大学,Tianjin University of Finance and Economics,天津,天津市,地方公办,财经,地方公办,10,财16,false,false,false,false,false,false,false
RC00507,henan-university-of-science-and-technology,河南科技大学,Henan University of Science and Technology,河南,洛阳市,地方公办,综合,地方公办,10,176,false,false,false,false,false,false,false
RC00428,fujian-university-of-traditional-chinese-medicine,福建中医药大学,Fujian University of Traditional Chinese Medicine,福建,福州市,地方公办,中医药,地方公办,10,中医10,false,false,false,false,false,false,false
RC00189,hebei-normal-university,河北师范大学,Hebei Normal University,河北,石家庄市,地方公办,师范,地方公办,10,177,false,false,false,false,false,false,false
RC00146,beijing-sport-university,北京体育大学,Beijing Sport University,北京,北京市,中央部属,体育,双一流,10,体2,false,true,false,true,false,false,false
RC00130,beijing-university-of-civil-engineering-and-architecture,北京建筑大学,Beijing University of Civil Engineering and Architecture,北京,北京市,地方公办,理工,地方公办,10,178,false,false,false,false,false,false,false
RC00246,shenyang-aerospace-university,沈阳航空航天大学,Shenyang Aerospace University,辽宁,沈阳市,地方公办,理工,地方公办,10,179,false,false,false,false,false,false,false
RC00512,henan-university-of-traditional-chinese-medicine,河南中医药大学,Henan University of Chinese Medicine,河南,郑州市,地方公办,中医药,地方公办,10,中医11,false,false,false,false,false,false,false
RC00401,anhui-university-of-science-and-technology,安徽理工大学,Anhui University of Science & Technology,安徽,淮南市,地方公办,理工,地方公办,10,180,false,false,false,false,false,false,false
RC00443,nanchang-hangkong-university,南昌航空大学,Nanchang Hangkong University,江西,南昌市,地方公办,理工,地方公办,10,181,false,false,false,false,false,false,false
RC00157,beijing-information-science-technology-university,北京信息科技大学,Beijing Information Science & Technology University,北京,北京市,地方公办,理工,地方公办,10,182,false,false,false,false,false,false,false
RC00621,guilin-university-of-electronic-technology,桂林电子科技大学,Guilin University of Electronic Technology,广西,桂林市,地方公办,理工,地方公办,10,183,false,false,false,false,false,false,false
RC00537,yangtze-university,长江大学,Yangtze University,湖北,荆州市,地方公办,综合,地方公办,10,184,false,false,false,false,false,false,false
RC00775,ningxia-medical-university,宁夏医科大学,Ningxia Medical University,宁夏,银川市,地方公办,医药,地方公办,10,医21,false,false,false,false,false,false,false
RC00145,university-of-international-relations,国际关系学院,University of International Relations,北京,北京市,教育部直属,综合,教育部直属,10,185,false,false,false,false,false,false,false
RC00742,northwest-university-of-political-science-and-law,西北政法大学,Northwest University of Political Science and Law,陕西,西安市,地方公办,政法,地方公办,10,政5,false,false,false,false,false,false,false
RC00731,xian-university-of-science-and-technology,西安科技大学,Xi'an University of Science and Technology,陕西,西安市,地方公办,理工,地方公办,10,186,false,false,false,false,false,false,false
RC00466,qingdao-university-of-technology,青岛理工大学,Qingdao University of Technology,山东,青岛市,地方公办,理工,地方公办,10,187,false,false,false,false,false,false,false
RC00329,shanghai-university-of-electric-power,上海电力大学,Shanghai University of Electric Power,上海,上海市,地方公办,理工,地方公办,10,188,false,false,false,false,false,false,false
RC00186,hebei-agricultural-university,河北农业大学,Hebei Agricultural University,河北,保定市,地方公办,农业,地方公办,10,189,false,false,false,false,false,false,false
RC00567,hunan-university-of-science-and-technology,湖南科技大学,Hunan University of Science and Technology,湖南,湘潭市,地方公办,综合,地方公办,10,189,false,false,false,false,false,false,false
RC00260,liaoning-university-of-traditional-chinese-medicine,辽宁中医药大学,Liaoning University of Traditional Chinese Medicine,辽宁,沈阳市,地方公办,中医药,地方公办,10,中医12,false,false,false,false,false,false,false
RC00645,chongqing-jiaotong-university,重庆交通大学,Chongqing Jiaotong University,重庆,重庆市,地方公办,理工,地方公办,10,191,false,false,false,false,false,false,false
RC00757,lanzhou-jiaotong-university,兰州交通大学,Lanzhou Jiaotong University,甘肃,兰州市,地方公办,理工,地方公办,10,192,false,false,false,false,false,false,false
RC00400,anhui-university-of-technology,安徽工业大学,Anhui University of Technology,安徽,马鞍山市,地方公办,理工,地方公办,10,193,false,false,false,false,false,false,false
RC00504,henan-polytechnic-university,河南理工大学,Henan Polytechnic University,河南,焦作市,地方公办,理工,地方公办,10,194,false,false,false,false,false,false,false
RC00441,east-china-jiaotong-university,华东交通大学,East China Jiaotong University,江西,南昌市,地方公办,理工,地方公办,10,194,false,false,false,false,false,false,false
RC00707,kunming-medical-university,昆明医科大学,Kunming Medical University,云南,昆明市,地方公办,医药,地方公办,10,医22,false,false,false,false,false,false,false
RC00751,xian-university-of-posts-and-telecommunications,西安邮电大学,Xi'an University of Posts and Telecommunications,陕西,西安市,地方公办,理工,地方公办,10,196,false,false,false,false,false,false,false
RC00781,xinjiang-medical-university,新疆医科大学,Xinjiang Medical University,新疆,乌鲁木齐市,地方公办,医药,地方公办,10,医23,false,false,false,false,false,false,false
RC00469,shandong-university-of-technology,山东理工大学,Shandong University of Technology,山东,淄博市,地方公办,理工,地方公办,10,197,false,false,false,false,false,false,false
RC00581,university-of-south-china,南华大学,University of South China,湖南,衡阳市,地方公办,综合,地方公办,10,198,false,false,false,false,false,false,false
RC00245,shenyang-university-of-technology,沈阳工业大学,Shenyang University of Technology,辽宁,沈阳市,地方公办,理工,地方公办,10,198,false,false,false,false,false,false,false
RC00710,yunnan-normal-university,云南师范大学,Yunnan Normal University,云南,昆明市,地方公办,师范,地方公办,10,198,false,false,false,false,false,false,false
RC00447,jiangxi-university-of-traditional-chinese-medicine,江西中医药大学,Jiangxi University of Chinese Medicine,江西,南昌市,地方公办,中医药,地方公办,10,中医13,false,false,false,false,false,false,false
RC00724,tibet-university,西藏大学,Xizang University,西藏,拉萨市,地方公办,综合,双一流,10,201,false,true,false,true,false,false,false
RC00444,jiangxi-university-of-science-and-technology,江西理工大学,Jiangxi University of Science and Technology,江西,赣州市,地方公办,理工,地方公办,10,202,false,false,false,false,false,false,false
RC00414,anhui-university-of-finance-and-economics,安徽财经大学,Anhui University of Finance and Economics,安徽,蚌埠市,地方公办,财经,地方公办,10,财17,false,false,false,false,false,false,false
RC00770,qinghai-university,青海大学,Qinghai University,青海,西宁市,地方公办,综合,双一流,10,203,false,true,false,true,false,false,false
RC00756,lanzhou-university-of-technology,兰州理工大学,Lanzhou University of Technology,甘肃,兰州市,地方公办,理工,地方公办,10,204,false,false,false,false,false,false,false
RC00661,southwest-university-of-science-and-technology,西南科技大学,Southwest University of Science and Technology,四川,绵阳市,地方公办,理工,地方公办,10,205,false,false,false,false,false,false,false
RC00542,hubei-university-of-chinese-medicine,湖北中医药大学,Hubei University of Chinese Medicine,湖北,武汉市,地方公办,中医药,地方公办,10,中医14,false,false,false,false,false,false,false
RC00729,xian-technological-university,西安工业大学,Xi'an Technological University,陕西,西安市,地方公办,理工,地方公办,10,206,false,false,false,false,false,false,false
RC00446,jiangxi-agricultural-university,江西农业大学,Jiangxi Agricultural University,江西,南昌市,地方公办,农业,地方公办,10,207,false,false,false,false,false,false,false
RC00667,southwest-medical-university,西南医科大学,Southwest Medical University,四川,泸州市,地方公办,医药,地方公办,10,医24,false,false,false,false,false,false,false
RC00679,southwest-minzu-university,西南民族大学,Southwest Minzu University,四川,成都市,中央部属,民族,中央部属,10,民3,false,false,false,false,false,false,false
RC00288,changchun-university-of-chinese-medicine,长春中医药大学,Changchun University of Chinese Medicine,吉林,长春市,地方公办,中医药,地方公办,10,中医15,false,false,false,false,false,false,false
RC00283,northeast-electric-power-university,东北电力大学,Northeast Electric Power University,吉林,吉林市,地方公办,理工,地方公办,10,208,false,false,false,false,false,false,false
RC00670,sichuan-normal-university,四川师范大学,Sichuan Normal University,四川,成都市,地方公办,师范,地方公办,10,209,false,false,false,false,false,false,false
RC00506,henan-university-of-technology,河南工业大学,Henan University of Technology,河南,郑州市,地方公办,理工,地方公办,10,210,false,false,false,false,false,false,false
RC00474,binzhou-medical-university,山东医药大学,Shandong Medical and Pharmaceutical University,山东,滨州市,地方公办,医药,地方公办,10,医25,false,false,false,false,false,false,false
RC00254,dalian-polytechnic-university,大连工业大学,Dalian Polytechnic University,辽宁,大连市,地方公办,理工,地方公办,10,211,false,false,false,false,false,false,false
RC00312,heilongjiang-university-of-chinese-medicine,黑龙江中医药大学,Heilongjiang University of Chinese Medicine,黑龙江,哈尔滨市,地方公办,中医药,地方公办,10,中医16,false,false,false,false,false,false,false
RC00234,inner-mongolia-agricultural-university,内蒙古农业大学,Inner Mongolia Agricultural University,内蒙古,呼和浩特市,地方公办,农业,地方公办,10,212,false,false,false,false,false,false,false
RC00307,northeast-petroleum-university,东北石油大学,Northeast Petroleum University,黑龙江,大庆市,地方公办,理工,地方公办,10,213,false,false,false,false,false,false,false
RC00136,beijing-international-studies-university,北京第二外国语学院,Beijing International Studies University,北京,北京市,地方公办,语言,地方公办,10,语7,false,false,false,false,false,false,false
RC00305,harbin-university-of-science-and-technology,哈尔滨理工大学,Harbin University of Science and Technology,黑龙江,哈尔滨市,地方公办,理工,地方公办,10,214,false,false,false,false,false,false,false
RC00646,chongqing-normal-university,重庆师范大学,Chongqing Normal University,重庆,重庆市,地方公办,师范,地方公办,10,215,false,false,false,false,false,false,false
RC00224,shanxi-university-of-finance-and-economics,山西财经大学,Shanxi University of Finance and Economics,山西,太原市,地方公办,财经,地方公办,10,财18,false,false,false,false,false,false,false
RC00387,jiaxing-university,嘉兴大学,Jiaxing University,浙江,嘉兴市,地方公办,综合,地方公办,10,216,false,false,false,false,false,false,false
RC00689,zunyi-medical-university,遵义医科大学,Zunyi Medical University,贵州,遵义市,地方公办,医药,地方公办,10,医26,false,false,false,false,false,false,false
RC00344,shanghai-university-of-political-science-and-law,上海政法学院,Shanghai University of Political Science and Law,上海,上海市,地方公办,政法,地方公办,10,政6,false,false,false,false,false,false,false
RC00360,suzhou-university-of-science-and-technology,苏州科技大学,Suzhou University of Science and Technology,江苏,苏州市,地方公办,理工,地方公办,10,217,false,false,false,false,false,false,false
RC00513,henan-medical-university,河南医药大学,Henan Medical University,河南,新乡市,地方公办,医药,地方公办,10,医27,false,false,false,false,false,false,false
RC01048,zhejiang-university-city-college,浙大城市学院,Hangzhou City University,浙江,杭州市,地方公办,理工,地方公办,10,218,false,false,false,false,false,false,false
RC00406,anhui-university-of-chinese-medicine,安徽中医药大学,Anhui University of Chinese Medicine,安徽,合肥市,地方公办,中医药,地方公办,10,中医17,false,false,false,false,false,false,false
RC00570,central-south-university-of-forestry-technology,中南林业科技大学,Central South University of Forestry & Technology,湖南,长沙市,地方公办,林业,地方公办,10,219,false,false,false,false,false,false,false
RC00691,guizhou-normal-university,贵州师范大学,Guizhou Normal University,贵州,贵阳市,地方公办,师范,地方公办,10,220,false,false,false,false,false,false,false
RC00236,inner-mongolia-normal-university,内蒙古师范大学,Inner Mongolia Normal University,内蒙古,呼和浩特市,地方公办,师范,地方公办,10,220,false,false,false,false,false,false,false
RC00688,guizhou-medical-university,贵州医科大学,Guizhou Medical University,贵州,贵阳市,地方公办,医药,地方公办,10,医28,false,false,false,false,false,false,false
RC00472,weifang-medical-university,山东第二医科大学,Shandong Second Medical University,山东,潍坊市,地方公办,医药,地方公办,10,医29,false,false,false,false,false,false,false
RC00255,shenyang-jianzhu-university,沈阳建筑大学,Shenyang Jianzhu University,辽宁,沈阳市,地方公办,理工,地方公办,10,222,false,false,false,false,false,false,false
RC00295,jilin-university-of-finance-and-economics,吉林财经大学,Jilin University of Finance and Economics,吉林,长春市,地方公办,财经,地方公办,10,财19,false,false,false,false,false,false,false
RC00269,criminal-investigation-police-university-of-china,中国刑事警察学院,Criminal Investigation Police University of China,辽宁,沈阳市,中央部属,政法,中央部属,10,政7,false,false,false,false,false,false,false
RC00314,harbin-normal-university,哈尔滨师范大学,Harbin Normal University,黑龙江,哈尔滨市,地方公办,师范,地方公办,10,223,false,false,false,false,false,false,false
RC00492,yantai-university,烟台大学,Yantai University,山东,烟台市,地方公办,综合,地方公办,10,224,false,false,false,false,false,false,false
RC00214,shanxi-agricultural-university,山西农业大学,Shanxi Agricultural University,山西,晋中市,地方公办,农业,地方公办,10,225,false,false,false,false,false,false,false
RC00166,civil-aviation-university-of-china,中国民航大学,Civil Aviation University of China,天津,天津市,中央部属,理工,中央部属,10,226,false,false,false,false,false,false,false
RC00642,hainan-normal-university,海南师范大学,Hainan Normal University,海南,海口市,地方公办,师范,地方公办,10,227,false,false,false,false,false,false,false
RC00471,qingdao-agricultural-university,青岛农业大学,Qingdao Agricultural University,山东,青岛市,地方公办,农业,地方公办,10,228,false,false,false,false,false,false,false
RC00442,east-china-university-of-technology,东华理工大学,East China University of Technology,江西,抚州市,地方公办,理工,地方公办,10,229,false,false,false,false,false,false,false
RC00235,inner-mongolia-medical-university,内蒙古医科大学,Inner Mongolia Medical University,内蒙古,呼和浩特市,地方公办,医药,地方公办,10,医30,false,false,false,false,false,false,false
RC00732,xian-shiyou-university,西安石油大学,Xi'an Shiyou University,陕西,西安市,地方公办,理工,地方公办,10,230,false,false,false,false,false,false,false
RC00199,shijiazhuang-tiedao-university,石家庄铁道大学,Shijiazhuang Tiedao University,河北,石家庄市,地方公办,理工,地方公办,10,231,false,false,false,false,false,false,false
RC00392,zhejiang-university-of-science-and-technology,浙江科技大学,Zhejiang University of Science & Technology,浙江,杭州市,地方公办,理工,地方公办,10,232,false,false,false,false,false,false,false
RC00655,chongqing-technology-and-business-university,重庆工商大学,Chongqing Technology and Business University,重庆,重庆市,地方公办,财经,地方公办,10,财20,false,false,false,false,false,false,false
RC00607,guangdong-university-of-finance-and-economics,广东财经大学,Guangdong University of Finance and Economics,广东,广州市,地方公办,财经,地方公办,10,财21,false,false,false,false,false,false,false
RC00790,beijing-electronic-science-and-technology-institute,北京电子科技学院,Beijing Electronic Science and Technology Institute,北京,北京市,中央部属,理工,中央部属,10,233,false,false,false,false,false,false,false
RC00643,hainan-medical-university,海南医科大学,Hainan Medical University,海南,海口市,地方公办,医药,地方公办,10,医31,false,false,false,false,false,false,false
RC00381,huzhou-university,湖州师范大学,Huzhou Normal University,浙江,湖州市,地方公办,师范,地方公办,10,234,false,false,false,false,false,false,false
RC00758,gansu-agricultural-university,甘肃农业大学,Gansu Agricultural University,甘肃,兰州市,地方公办,农业,地方公办,10,235,false,false,false,false,false,false,false
RC00398,communication-university-of-zhejiang,浙江传媒学院,Communication University of Zhejiang,浙江,杭州市,地方公办,语言,地方公办,10,语8,false,false,false,false,false,false,false
RC00377,zhejiang-ocean-university,浙江海洋大学,Zhejiang Ocean University,浙江,舟山市,地方公办,农业,地方公办,10,236,false,false,false,false,false,false,false
RC00618,foshan-university,佛山大学,Foshan University,广东,佛山市,地方公办,理工,地方公办,10,237,false,false,false,false,false,false,false
RC00342,shanghai-university-of-engineering-science,上海工程技术大学,Shanghai University of Engineering Science,上海,上海市,地方公办,理工,地方公办,10,237,false,false,false,false,false,false,false
RC00126,north-china-university-of-technology,北方工业大学,North China University of Technology,北京,北京市,地方公办,理工,地方公办,10,239,false,false,false,false,false,false,false
RC00735,shaanxi-university-of-chinese-medicine,陕西中医药大学,Shaanxi University of Chinese Medicine,陕西,咸阳市,地方公办,中医药,地方公办,10,中医18,false,false,false,false,false,false,false
RC00482,ludong-university,鲁东大学,Ludong University,山东,烟台市,地方公办,综合,地方公办,10,240,false,false,false,false,false,false,false
RC00680,chengdu-university,成都大学,Chengdu University,四川,成都市,地方公办,综合,地方公办,10,241,false,false,false,false,false,false,false
RC00741,xian-international-studies-university,西安外国语大学,Xi'an International Studies University,陕西,西安市,地方公办,语言,地方公办,10,语9,false,false,false,false,false,false,false
RC00650,sichuan-international-studies-university,四川外国语大学,Sichuan International Studies University,重庆,重庆市,地方公办,语言,地方公办,10,语10,false,false,false,false,false,false,false
RC00330,shanghai-institute-of-technology,上海应用技术大学,Shanghai Institute of Technology,上海,上海市,地方公办,理工,地方公办,10,242,false,false,false,false,false,false,false
RC00141,beijing-wuzi-university,北京物资学院,Beijing Wuzi University,北京,北京市,地方公办,财经,地方公办,10,财22,false,false,false,false,false,false,false
RC00625,guangxi-university-of-chinese-medicine,广西中医药大学,Guangxi University of Chinese Medicine,广西,南宁市,地方公办,中医药,地方公办,10,中医19,false,false,false,false,false,false,false
RC00654,chongqing-university-of-technology,重庆理工大学,Chongqing University of Technology,重庆,重庆市,地方公办,理工,地方公办,10,243,false,false,false,false,false,false,false
RC00251,shenyang-university-of-chemical-technology,沈阳化工大学,Shenyang University of Chemical Technology,辽宁,沈阳市,地方公办,理工,地方公办,10,244,false,false,false,false,false,false,false
RC00284,changchun-university-of-technology,长春工业大学,Changchun University of Technology,吉林,长春市,地方公办,理工,地方公办,10,245,false,false,false,false,false,false,false
RC00435,xiamen-university-of-technology,厦门理工学院,Xiamen University of Technology,福建,厦门市,地方公办,理工,地方公办,10,246,false,false,false,false,false,false,false
RC00259,jinzhou-medical-university,锦州医科大学,Jinzhou Medical University,辽宁,锦州市,地方公办,医药,地方公办,10,医32,false,false,false,false,false,false,false
RC00615,dongguan-university-of-technology,东莞理工学院,Dongguan University of Technology,广东,东莞市,地方公办,理工,地方公办,10,247,false,false,false,false,false,false,false
RC00736,yanan-university,延安大学,Yan'an University,陕西,延安市,地方公办,综合,地方公办,10,248,false,false,false,false,false,false,false
RC00252,dalian-jiaotong-university,大连交通大学,Dalian Jiaotong University,辽宁,大连市,地方公办,理工,地方公办,10,249,false,false,false,false,false,false,false
RC00503,north-china-university-of-water-resources-and-electric-power,华北水利水电大学,North China University of Water Resources and Electric Power,河南,郑州市,地方公办,理工,地方公办,10,249,false,false,false,false,false,false,false
RC00467,shandong-jianzhu-university,山东建筑大学,Shandong Jianzhu University,山东,济南市,地方公办,理工,地方公办,10,251,false,false,false,false,false,false,false
RC00452,gannan-normal-university,赣南师范大学,Gannan Normal University,江西,赣州市,地方公办,师范,地方公办,10,252,false,false,false,false,false,false,false
RC00734,xian-polytechnic-university,西安工程大学,Xi'an Polytechnic University,陕西,西安市,地方公办,理工,地方公办,10,253,false,false,false,false,false,false,false
RC00208,hebei-university-of-economics-and-business,河北经贸大学,Hebei University of Economics and Business,河北,石家庄市,地方公办,财经,地方公办,10,财23,false,false,false,false,false,false,false
RC00184,hebei-university-of-science-and-technology,河北科技大学,Hebei University of Science and Technology,河北,石家庄市,地方公办,理工,地方公办,10,254,false,false,false,false,false,false,false
RC00247,shenyang-ligong-university,沈阳理工大学,Shenyang Ligong University,辽宁,沈阳市,地方公办,理工,地方公办,10,254,false,false,false,false,false,false,false
RC00210,hebei-university-of-chinese-medicine,河北中医药大学,Hebei University of Chinese Medicine,河北,石家庄市,地方公办,中医药,地方公办,10,中医20,false,false,false,false,false,false,false
RC00771,qinghai-normal-university,青海师范大学,Qinghai Normal University,青海,西宁市,地方公办,师范,地方公办,10,256,false,false,false,false,false,false,false
RC00522,henan-university-of-economics-and-law,河南财经政法大学,Henan University of Economics and Law,河南,郑州市,地方公办,财经,地方公办,10,财24,false,false,false,false,false,false,false
RC00540,wuhan-polytechnic-university,武汉轻工大学,Wuhan Polytechnic University,湖北,武汉市,地方公办,理工,地方公办,10,257,false,false,false,false,false,false,false
RC00622,guilin-university-of-technology,桂林理工大学,Guilin University of Technology,广西,桂林市,地方公办,理工,地方公办,10,258,false,false,false,false,false,false,false
RC00505,zhengzhou-university-of-light-industry,郑州轻工业大学,Zhengzhou University of Light Industry,河南,郑州市,地方公办,理工,地方公办,10,258,false,false,false,false,false,false,false
RC00172,tianjin-foreign-studies-university,天津外国语大学,Tianjin Foreign Studies University,天津,天津市,地方公办,语言,地方公办,10,语11,false,false,false,false,false,false,false
RC00662,chengdu-university-of-information-technology,成都信息工程大学,Chengdu University of Information Technology,四川,成都市,地方公办,理工,地方公办,10,260,false,false,false,false,false,false,false
RC00233,inner-mongolia-university-of-technology,内蒙古工业大学,Inner Mongolia University of Technology,内蒙古,呼和浩特市,地方公办,理工,地方公办,10,261,false,false,false,false,false,false,false
RC00664,xihua-university,西华大学,Xihua University,四川,成都市,地方公办,综合,地方公办,10,262,false,false,false,false,false,false,false
RC00134,capital-university-of-physical-education-and-sports,首都体育学院,Capital University of Physical Education and Sports,北京,北京市,地方公办,体育,地方公办,10,体3,false,false,false,false,false,false,false
RC00250,liaoning-shihua-university,辽宁石油化工大学,Liaoning Petrochemical University,辽宁,抚顺市,地方公办,理工,地方公办,10,263,false,false,false,false,false,false,false
RC00562,hubei-university-of-economics,湖北经济学院,Hubei University of Economics,湖北,武汉市,地方公办,财经,地方公办,10,财25,false,false,false,false,false,false,false
RC00382,shaoxing-university,绍兴大学,Shaoxing University,浙江,绍兴市,地方公办,师范,地方公办,10,264,false,false,false,false,false,false,false
RC00557,jianghan-university,江汉大学,Jianghan University,湖北,武汉市,地方公办,综合,地方公办,10,265,false,false,false,false,false,false,false
RC00273,shenyang-university,沈阳大学,Shenyang University,辽宁,沈阳市,地方公办,综合,地方公办,10,266,false,false,false,false,false,false,false
RC00594,guangdong-medical-university,广东医科大学,Guangdong Medical University,广东,湛江市,地方公办,医药,地方公办,10,医33,false,false,false,false,false,false,false
RC00267,dalian-university-of-foreign-languages,大连外国语大学,Dalian University of Foreign Languages,辽宁,大连市,地方公办,语言,地方公办,10,语12,false,false,false,false,false,false,false
RC00203,chinese-peoples-armed-police-force-academy,中国人民警察大学,China People's Police University,河北,廊坊市,中央部属,政法,中央部属,10,政8,false,false,false,false,false,false,false
RC00217,shanxi-normal-university,山西师范大学,Shanxi Normal University,山西,太原市,地方公办,师范,地方公办,10,267,false,false,false,false,false,false,false
RC00556,hubei-university-of-medicine,湖北医药学院,Hubei University of Medicine,湖北,十堰市,地方公办,医药,地方公办,10,医34,false,false,false,false,false,false,false
RC00580,hunan-university-of-commerce,湖南工商大学,Hunan University of Technology and Business,湖南,长沙市,地方公办,财经,地方公办,10,财26,false,false,false,false,false,false,false
RC00479,liaocheng-university,聊城大学,Liaocheng University,山东,聊城市,地方公办,综合,地方公办,10,268,false,false,false,false,false,false,false
RC00183,north-china-university-of-science-and-technology,华北理工大学,North China University of Science and Technology,河北,唐山市,地方公办,综合,地方公办,10,269,false,false,false,false,false,false,false
RC00804,shanghai-lixin-university-of-accounting-and-finance,上海立信会计金融学院,Shanghai Lixin University of Accounting and Finance,上海,上海市,地方公办,财经,地方公办,10,财27,false,false,false,false,false,false,false
RC00212,taiyuan-university-of-science-and-technology,太原科技大学,Taiyuan University of Science and Technology,山西,太原市,地方公办,理工,地方公办,10,270,false,false,false,false,false,false,false
RC00173,tianjin-university-of-commerce,天津商业大学,Tianjin University of Commerce,天津,天津市,地方公办,财经,地方公办,10,财28,false,false,false,false,false,false,false
RC00399,zhejiang-international-studies-university,浙江外国语学院,Zhejiang International Studies University,浙江,杭州市,地方公办,语言,地方公办,10,语13,false,false,false,false,false,false,false
RC00685,sichuan-police-college,四川警察学院,Sichuan Police College,四川,泸州市,地方公办,政法,地方公办,10,政9,false,false,false,false,false,false,false
RC00249,liaoning-technical-university,辽宁工程技术大学,Liaoning Technical University,辽宁,阜新市,地方公办,理工,地方公办,10,271,false,false,false,false,false,false,false
RC00671,china-west-normal-university,西华师范大学,China West Normal University,四川,南充市,地方公办,师范,地方公办,10,271,false,false,false,false,false,false,false
RC00690,guizhou-university-of-traditional-chinese-medicine,贵州中医药大学,Guizhou University of Traditional Chinese Medicine,贵州,贵阳市,地方公办,中医药,地方公办,10,中医21,false,false,false,false,false,false,false
RC00633,guangxi-university-for-nationalities,广西民族大学,Guangxi University for Nationalities,广西,南宁市,地方公办,民族,地方公办,10,民4,false,false,false,false,false,false,false
RC00364,nanjing-institute-of-technology,南京工程学院,Nanjing Institute of Technology,江苏,南京市,地方公办,理工,地方公办,10,273,false,false,false,false,false,false,false
RC00699,guizhou-university-of-finance-and-economics,贵州财经大学,Guizhou University of Finance and Economics,贵州,贵阳市,地方公办,财经,地方公办,10,财29,false,false,false,false,false,false,false
RC00402,anhui-polytechnic-university,安徽工程大学,Anhui Polytechnic University,安徽,芜湖市,地方公办,理工,地方公办,10,274,false,false,false,false,false,false,false
RC00425,fujian-university-of-technology,福建理工大学,Fujian University of Technology,福建,福州市,地方公办,理工,地方公办,10,275,false,false,false,false,false,false,false
RC00523,zhengzhou-university-of-aeronautics,郑州航空工业管理学院,Zhengzhou University of Aeronautics,河南,郑州市,地方公办,财经,地方公办,10,财30,false,false,false,false,false,false,false
RC00279,dalian-minzu-university,大连民族大学,Dalian Minzu University,辽宁,大连市,中央部属,民族,中央部属,10,民5,false,false,false,false,false,false,false
RC00337,shanghai-customs-college,上海海关学院,Shanghai Customs University,上海,上海市,中央部属,综合,中央部属,10,276,false,false,false,false,false,false,false
RC00264,shenyang-normal-university,沈阳师范大学,Shenyang Normal University,辽宁,沈阳市,地方公办,师范,地方公办,10,277,false,false,false,false,false,false,false
RC00383,taizhou-university-tzc,台州学院,Taizhou University,浙江,台州市,地方公办,综合,地方公办,10,278,false,false,false,false,false,false,false
RC00653,chongqing-university-of-science-and-technology,重庆科技大学,Chongqing University of Science and Technology,重庆,重庆市,地方公办,理工,地方公办,10,279,false,false,false,false,false,false,false
RC00256,liaoning-university-of-technology,辽宁工业大学,Liaoning University of Technology,辽宁,锦州市,地方公办,理工,地方公办,10,279,false,false,false,false,false,false,false
RC00725,tibet-university-for-nationalities,西藏民族大学,Xizang Minzu University,陕西,咸阳市,地方公办,民族,地方公办,10,民6,false,false,false,false,false,false,false
RC00700,guizhou-minzu-university,贵州民族大学,Guizhou Minzu University,贵州,贵阳市,地方公办,民族,地方公办,10,民7,false,false,false,false,false,false,false
RC00357,jiangsu-police-institute,江苏警官学院,Jiangsu Police Institute,江苏,南京市,地方公办,政法,地方公办,10,政10,false,false,false,false,false,false,false
RC00132,beijing-university-of-agriculture,北京农学院,Beijing University of Agriculture,北京,北京市,地方公办,农业,地方公办,10,281,false,false,false,false,false,false,false
RC00129,beijing-institute-of-graphic-communication,北京印刷学院,Beijing Institute of Graphic Communication,北京,北京市,地方公办,理工,地方公办,10,281,false,false,false,false,false,false,false
RC00716,yunnan-university-of-finance-and-economics,云南财经大学,Yunnan University of Finance and Economics,云南,昆明市,地方公办,财经,地方公办,10,财31,false,false,false,false,false,false,false
RC00549,wuhan-sports-university,武汉体育学院,Wuhan Sports University,湖北,武汉市,地方公办,体育,地方公办,10,体4,false,false,false,false,false,false,false
RC00419,anhui-jianzhu-university,安徽建筑大学,Anhui Jianzhu University,安徽,合肥市,地方公办,理工,地方公办,10,283,false,false,false,false,false,false,false
RC00815,shenzhen-technology-university,深圳技术大学,Shenzhen Technology University,广东,深圳市,地方公办,综合,地方公办,10,283,false,false,false,false,false,false,false
RC00404,bengbu-medical-college,蚌埠医科大学,Bengbu Medical University,安徽,蚌埠市,地方公办,医药,地方公办,10,医35,false,false,false,false,false,false,false
RC00262,shenyang-medical-college,沈阳医学院,Shenyang Medical College,辽宁,沈阳市,地方公办,医药,地方公办,10,医36,false,false,false,false,false,false,false
RC00265,bohai-university,渤海大学,Bohai University,辽宁,锦州市,地方公办,综合,地方公办,10,285,false,false,false,false,false,false,false
RC00708,dali-university,大理大学,Dali University,云南,大理白族自治州,地方公办,综合,地方公办,10,285,false,false,false,false,false,false,false
RC00669,north-sichuan-medical-college,川北医学院,North Sichuan Medical College,四川,南充市,地方公办,医药,地方公办,10,医37,false,false,false,false,false,false,false
RC00709,yunnan-university-of-chinese-medicine,云南中医药大学,Yunnan University of Chinese Medicine,云南,昆明市,地方公办,中医药,地方公办,10,中医22,false,false,false,false,false,false,false
RC00274,dalian-university,大连大学,Dalian University,辽宁,大连市,地方公办,综合,地方公办,10,287,false,false,false,false,false,false,false
RC00361,changshu-institute-of-technology,苏州工学院,Suzhou University of Technology,江苏,苏州市,地方公办,理工,地方公办,10,287,false,false,false,false,false,false,false
RC01049,ningbotech-university,浙大宁波理工学院,NingboTech University,浙江,宁波市,地方公办,理工,地方公办,10,287,false,false,false,false,false,false,false
RC00161,china-university-of-labor-relations,中国劳动关系学院,China University of Labor Relations,北京,北京市,中央部属,政法,中央部属,10,政11,false,false,false,false,false,false,false
RC00225,shanxi-university-of-traditional-chinese-medicine,山西中医药大学,Shanxi University of Chinese Medicine,山西,太原市,地方公办,中医药,地方公办,10,中医23,false,false,false,false,false,false,false
RC00705,yunnan-agricultural-university,云南农业大学,Yunnan Agricultural University,云南,昆明市,地方公办,农业,地方公办,10,290,false,false,false,false,false,false,false
RC00181,hebei-geo-university,河北地质大学,Hebei GEO University,河北,石家庄市,地方公办,财经,地方公办,10,财32,false,false,false,false,false,false,false
RC00755,northwest-minzu-university,西北民族大学,Northwest Minzu University,甘肃,兰州市,中央部属,民族,中央部属,10,民8,false,false,false,false,false,false,false
RC00372,nanjing-police-university,南京警察学院,Nanjing Police University,江苏,南京市,中央部属,政法,中央部属,10,政12,false,false,false,false,false,false,false
RC00180,hebei-university-of-engineering,河北工程大学,Hebei University of Engineering,河北,邯郸市,地方公办,理工,地方公办,10,291,false,false,false,false,false,false,false
RC00626,guilin-medical-university,桂林医科大学,Guilin Medical University,广西,桂林市,地方公办,医药,地方公办,10,医38,false,false,false,false,false,false,false
RC00393,ningbo-university-of-technology,宁波工程学院,Ningbo University of Technology,浙江,宁波市,地方公办,理工,地方公办,10,292,false,false,false,false,false,false,false
RC00596,guangdong-pharmaceutical-university,广东药科大学,Guangdong Pharmaceutical University,广东,广州市,地方公办,医药,地方公办,10,医39,false,false,false,false,false,false,false
RC00588,hunan-university-of-technology,湖南工业大学,Hunan University of Technology,湖南,株洲市,地方公办,理工,地方公办,10,293,false,false,false,false,false,false,false
RC00750,xian-university-of-finance-and-economics,西安财经大学,Xi'an University of Finance and Economics,陕西,西安市,地方公办,财经,地方公办,10,财33,false,false,false,false,false,false,false
RC00396,zhejiang-police-college,浙江警察学院,Zhejiang Police College,浙江,杭州市,地方公办,政法,地方公办,10,政13,false,false,false,false,false,false,false
RC00285,jilin-jianzhu-university,吉林建筑大学,Jilin Jianzhu University,吉林,长春市,地方公办,理工,地方公办,10,294,false,false,false,false,false,false,false
RC00726,tibetan-traditional-medical-college,西藏藏医药大学,Xizang University of Tibetan Medicine,西藏,拉萨市,地方公办,中医药,地方公办,10,中医24,false,false,false,false,false,false,false
RC00628,guangxi-teachers-education-university,南宁师范大学,Nanning Normal University,广西,南宁市,地方公办,师范,地方公办,10,295,false,false,false,false,false,false,false
RC00773,north-minzu-university,北方民族大学,North Minzu University,宁夏,银川市,中央部属,民族,中央部属,10,民9,false,false,false,false,false,false,false
RC00258,dalian-ocean-university,大连海洋大学,Dalian Ocean University,辽宁,大连市,地方公办,农业,地方公办,10,296,false,false,false,false,false,false,false
RC00430,minjiang-university,闽江大学,Minjiang University,福建,福州市,地方公办,理工,地方公办,10,297,false,false,false,false,false,false,false
RC00593,guangdong-ocean-university,广东海洋大学,Guangdong Ocean University,广东,湛江市,地方公办,农业,地方公办,10,298,false,false,false,false,false,false,false
RC00483,linyi-university,临沂大学,Linyi University,山东,临沂市,地方公办,综合,地方公办,10,299,false,false,false,false,false,false,false
RC00320,harbin-university-of-commerce,哈尔滨商业大学,Harbin University of Commerce,黑龙江,哈尔滨市,地方公办,财经,地方公办,10,财34,false,false,false,false,false,false,false
RC00156,china-womens-university,中华女子学院,China Women's University,北京,北京市,中央部属,语言,中央部属,10,语14,false,false,false,false,false,false,false
RC00718,yunnan-minzu-university,云南民族大学,Yunnan Minzu University,云南,昆明市,地方公办,民族,地方公办,10,民10,false,false,false,false,false,false,false
RC00131,beijing-institute-of-petrochemical-technology,北京石油化工学院,Beijing Institute of Petrochemical Technology,北京,北京市,地方公办,理工,地方公办,10,300,false,false,false,false,false,false,false
RC00448,gannan-medical-university,赣南医科大学,Gannan Medical University,江西,赣州市,地方公办,医药,地方公办,10,医40,false,false,false,false,false,false,false
RC00239,inner-mongolia-university-of-finance-and-economics,内蒙古财经大学,Inner Mongolia University of Finance and Economics,内蒙古,呼和浩特市,地方公办,财经,地方公办,10,财35,false,false,false,false,false,false,false
RC00309,heilongjiang-bayi-agricultural-university,黑龙江八一农垦大学,Heilongjiang Bayi Agricultural University,黑龙江,大庆市,地方公办,农业,地方公办,10,301,false,false,false,false,false,false,false
RC00759,gansu-university-of-chinese-medicine,甘肃中医药大学,Gansu University of Chinese Medicine,甘肃,兰州市,地方公办,中医药,地方公办,10,中医25,false,false,false,false,false,false,false
RC00782,xinjiang-normal-university,新疆师范大学,Xinjiang Normal University,新疆,乌鲁木齐市,地方公办,师范,地方公办,10,302,false,false,false,false,false,false,false
RC00270,shenyang-sport-university,沈阳体育学院,Shenyang Sport University,辽宁,沈阳市,地方公办,体育,地方公办,10,体5,false,false,false,false,false,false,false
RC00706,southwest-forestry-university,西南林业大学,Southwest Forestry University,云南,昆明市,地方公办,林业,地方公办,10,303,false,false,false,false,false,false,false
RC00405,wannan-medical-college,皖南医科大学,Wannan Medical University,安徽,芜湖市,地方公办,医药,地方公办,10,医41,false,false,false,false,false,false,false
RC00248,university-of-science-and-technology-liaoning,辽宁科技大学,University of Science and Technology Liaoning,辽宁,鞍山市,地方公办,理工,地方公办,10,304,false,false,false,false,false,false,false
RC00779,xinjiang-agricultural-university,新疆农业大学,Xinjiang Agricultural University,新疆,乌鲁木齐市,地方公办,农业,地方公办,10,305,false,false,false,false,false,false,false
RC00496,shandong-technology-and-business-university,山东工商学院,Shandong Technology and Business University,山东,烟台市,地方公办,财经,地方公办,10,财36,false,false,false,false,false,false,false
RC00158,beijing-union-university,北京联合大学,Beijing Union University,北京,北京市,地方公办,综合,地方公办,10,306,false,false,false,false,false,false,false
RC00647,chongqing-university-of-arts-and-science,重庆文理学院,Chongqing University of Arts and Sciences,重庆,重庆市,地方公办,综合,地方公办,10,307,false,false,false,false,false,false,false
RC00289,beihua-university,北华大学,Beihua University,吉林,吉林市,地方公办,综合,地方公办,10,308,false,false,false,false,false,false,false
RC00434,minnan-normal-university,闽南师范大学,Minnan Normal University,福建,漳州市,地方公办,师范,地方公办,10,309,false,false,false,false,false,false,false
RC00572,hunan-institute-of-science-and-technology,湖南理工大学,Hunan Institute of Science and Technology,湖南,岳阳市,地方公办,理工,地方公办,10,310,false,false,false,false,false,false,false
RC00612,wuyi-university-wyu,五邑大学,Wuyi University,广东,江门市,地方公办,综合,地方公办,10,311,false,false,false,false,false,false,false
RC00544,hubei-normal-university,湖北师范大学,Hubei Normal University,湖北,黄石市,地方公办,师范,地方公办,10,312,false,false,false,false,false,false,false
RC00391,zhejiang-wanli-university,浙江万里学院,Zhejiang Wanli University,浙江,宁波市,地方公办,理工,地方公办,10,312,false,false,false,false,false,false,false
RC00772,qinghai-nationalities-university,青海民族大学,Qinghai Minzu University,青海,西宁市,地方公办,民族,地方公办,10,民11,false,false,false,false,false,false,false
RC00766,gansu-university-of-political-science-and-law,甘肃政法大学,Gansu University of Political Science and Law,甘肃,兰州市,地方公办,政法,地方公办,10,政14,false,false,false,false,false,false,false
RC00606,guangdong-polytechnic-normal-university,广东技术师范大学,Guangdong Polytechnic Normal University,广东,广州市,地方公办,师范,地方公办,10,314,false,false,false,false,false,false,false
RC00232,inner-mongolia-university-of-science-technology,内蒙古科技大学,Inner Mongolia University of Science & Technology,内蒙古,包头市,地方公办,综合,地方公办,10,314,false,false,false,false,false,false,false
RC00421,hefei-university,合肥大学,Hefei University,安徽,合肥市,地方公办,理工,地方公办,10,316,false,false,false,false,false,false,false
RC00188,chengde-medical-college,承德医学院,Chengde Medical University,河北,承德市,地方公办,医药,地方公办,10,医42,false,false,false,false,false,false,false
RC00362,huaiyin-institute-of-technology,淮安大学,Huai'an University,江苏,淮安市,地方公办,理工,地方公办,10,317,false,false,false,false,false,false,false
RC00178,tianjin-chengjian-university,天津城建大学,Tianjin Chengjian University,天津,天津市,地方公办,理工,地方公办,10,318,false,false,false,false,false,false,false
RC01035,nanjing-university-of-information-science-and-technology-binjiang-college,无锡学院,Wuxi University,江苏,无锡市,地方公办,综合,地方公办,10,319,false,false,false,false,false,false,false
RC00508,zhongyuan-university-of-technology,中原工学院,Zhongyuan University of Technology,河南,郑州市,地方公办,理工,地方公办,10,320,false,false,false,false,false,false,false
RC00445,jingdezhen-ceramic-institute,景德镇陶瓷大学,Jingdezhen Ceramic University,江西,景德镇市,地方公办,理工,地方公办,10,321,false,false,false,false,false,false,false
RC00476,jining-medical-university,济宁医学院,Jining Medical University,山东,济宁市,地方公办,医药,地方公办,10,医43,false,false,false,false,false,false,false
RC00291,jilin-normal-university,吉林师范大学,Jilin Normal University,吉林,四平市,地方公办,师范,地方公办,10,322,false,false,false,false,false,false,false
RC00566,jishou-university,吉首大学,Jishou University,湖南,湘西土家族苗族自治州,地方公办,综合,地方公办,10,323,false,false,false,false,false,false,false
RC00457,jiangxi-science-and-technology-normal-university,江西科技师范大学,Jiangxi Science and Technology Normal University,江西,南昌市,地方公办,师范,地方公办,10,324,false,false,false,false,false,false,false
RC00358,nanjing-sport-institute,南京体育学院,Nanjing Sport Institute,江苏,南京市,地方公办,体育,地方公办,10,体6,false,false,false,false,false,false,false
RC00370,huaihai-institute-of-technology,江苏海洋大学,Jiangsu Ocean University,江苏,连云港市,地方公办,理工,地方公办,10,325,false,false,false,false,false,false,false
RC00175,tianjin-university-of-sport,天津体育学院,Tianjin University of Sport,天津,天津市,地方公办,体育,地方公办,10,体7,false,false,false,false,false,false,false
RC00663,sichuan-university-of-science-and-engineering,四川轻化工大学,Sichuan University of Science and Engineering,四川,自贡市,地方公办,理工,地方公办,10,326,false,false,false,false,false,false,false
RC00345,shanghai-second-polytechnic-university,上海第二工业大学,Shanghai Polytechnic University,上海,上海市,地方公办,理工,地方公办,10,327,false,false,false,false,false,false,false
RC00582,changsha-university,长沙学院,Changsha University,湖南,长沙市,地方公办,理工,地方公办,10,328,false,false,false,false,false,false,false
RC00620,guangxi-university-of-science-and-technology,广西科技大学,Guangxi University of Science and Technology,广西,柳州市,地方公办,理工,地方公办,10,329,false,false,false,false,false,false,false
RC00410,huaibei-normal-university,淮北师范大学,Huaibei Normal University,安徽,淮北市,地方公办,师范,地方公办,10,330,false,false,false,false,false,false,false
RC00677,chengdu-sport-university,成都体育学院,Chengdu Sport University,四川,成都市,地方公办,体育,地方公办,10,体8,false,false,false,false,false,false,false
RC00354,huaiyin-normal-university,淮阴师范学院,Huaiyin Normal University,江苏,淮安市,地方公办,师范,地方公办,10,331,false,false,false,false,false,false,false
RC00343,shanghai-dianji-university,上海电机学院,Shanghai Dianji University,上海,上海市,地方公办,理工,地方公办,10,332,false,false,false,false,false,false,false
RC00368,nanjing-xiaozhuang-university,南京晓庄学院,Nanjing XiaoZhuang University,江苏,南京市,地方公办,师范,地方公办,10,333,false,false,false,false,false,false,false
RC00350,yancheng-institute-of-technology,盐城工学院,Yancheng Institute of Technology,江苏,盐城市,地方公办,理工,地方公办,10,334,false,false,false,false,false,false,false
RC00703,guizhou-normal-college,贵州师范学院,Guizhou Education University,贵州,贵阳市,地方公办,师范,地方公办,10,335,false,false,false,false,false,false,false
RC00363,changzhou-institute-of-technology,常州工学院,Changzhou Institute of Technology,江苏,常州市,地方公办,理工,地方公办,10,336,false,false,false,false,false,false,false
RC00785,xinjiang-university-of-finance-and-economics,新疆财经大学,Xinjiang University of Finance & Economics,新疆,乌鲁木齐市,地方公办,财经,地方公办,10,财37,false,false,false,false,false,false,false
RC00293,changchun-normal-university,长春师范大学,Changchun Normal University,吉林,长春市,地方公办,师范,地方公办,10,337,false,false,false,false,false,false,false
RC00515,xinyang-normal-university,信阳师范大学,Xinyang Normal University,河南,信阳市,地方公办,师范,地方公办,10,337,false,false,false,false,false,false,false
RC00793,shanghai-university-of-medicine-and-health-sciences,上海健康医学院,Shanghai University of Medicine and Health Sciences,上海,上海市,地方公办,医药,地方公办,10,医44,false,false,false,false,false,false,false
RC00488,shandong-sport-university,山东体育学院,Shandong Sport University,山东,济南市,地方公办,体育,地方公办,10,体9,false,false,false,false,false,false,false
RC00209,the-national-police-university-for-criminal-justice,中央司法警官学院,The National Police University for Criminal Justice,河北,保定市,中央部属,政法,中央部属,10,政15,false,false,false,false,false,false,false
RC00747,yulin-university,榆林大学,Yulin University,陕西,榆林市,地方公办,师范,地方公办,10,339,false,false,false,false,false,false,false
RC00409,anqing-normal-university,安庆师范大学,Anqing Normal University,安徽,安庆市,地方公办,师范,地方公办,10,340,false,false,false,false,false,false,false
RC00237,inner-mongolia-university-for-nationalities,内蒙古民族大学,Inner Mongolia Minzu University,内蒙古,通辽市,地方公办,民族,地方公办,10,民12,false,false,false,false,false,false,false
RC00656,chongqing-police-college,重庆警察学院,Chongqing Police College,重庆,重庆市,地方公办,政法,地方公办,10,政16,false,false,false,false,false,false,false
RC00552,hubei-university-of-automotive-technology,湖北汽车工业学院,Hubei University of Automotive Technology,湖北,十堰市,地方公办,理工,地方公办,10,341,false,false,false,false,false,false,false
RC00737,shaanxi-university-of-technology,陕西理工大学,Shaanxi University of Technology,陕西,汉中市,地方公办,理工,地方公办,10,342,false,false,false,false,false,false,false
RC00778,tarim-university,塔里木大学,Tarim University,新疆,阿拉尔市,地方公办,综合,地方公办,10,343,false,false,false,false,false,false,false
RC00171,tianjin-university-of-technology-and-education,天津职业技术师范大学,TianJin University of Technology and Education,天津,天津市,地方公办,师范,地方公办,10,343,false,false,false,false,false,false,false
RC00276,liaoning-police-college,辽宁警察学院,Liaoning Police College,辽宁,大连市,地方公办,政法,地方公办,10,政17,false,false,false,false,false,false,false
RC00649,yangtze-normal-university,长江师范学院,Yangtze Normal University,重庆,重庆市,地方公办,师范,地方公办,10,345,false,false,false,false,false,false,false
RC00765,lanzhou-university-of-finance-and-economics,兰州财经大学,Lanzhou University of Finance and Economics,甘肃,兰州市,地方公办,财经,地方公办,10,财38,false,false,false,false,false,false,false
RC00546,hubei-minzu-university,湖北民族大学,Hubei Minzu University,湖北,恩施土家族苗族自治州,地方公办,民族,地方公办,10,民13,false,false,false,false,false,false,false
RC00590,hunan-first-normal-university,湖南第一师范学院,Hunan First Normal University,湖南,长沙市,地方公办,师范,地方公办,10,346,false,false,false,false,false,false,false
RC00369,jiangsu-university-of-technology,江苏理工学院,Jiangsu University of Technology,江苏,常州市,地方公办,理工,地方公办,10,347,false,false,false,false,false,false,false
RC00346,shanghai-business-school,上海商学院,Shanghai Business School,上海,上海市,地方公办,财经,地方公办,10,财39,false,false,false,false,false,false,false
RC00162,beijing-police-college,北京警察学院,Beijing Police College,北京,北京市,地方公办,政法,地方公办,10,政18,false,false,false,false,false,false,false
RC00458,jiangxi-university-of-water-resources-and-electric-power,江西水利电力大学,Jiangxi University of Water Resources and Electric Power,江西,南昌市,地方公办,理工,地方公办,10,348,false,false,false,false,false,false,false
RC00299,changchun-institute-of-technology,长春工程学院,Changchun Institute of Technology,吉林,长春市,地方公办,理工,地方公办,10,349,false,false,false,false,false,false,false
RC00355,yancheng-teachers-university,盐城师范学院,Yancheng Teachers University,江苏,盐城市,地方公办,师范,地方公办,10,350,false,false,false,false,false,false,false
RC00453,jinggangshan-university,井冈山大学,Jinggangshan University,江西,吉安市,地方公办,综合,地方公办,10,351,false,false,false,false,false,false,false
RC00374,jinling-institute-of-technology,金陵科技学院,Jinling Institute of Technology,江苏,南京市,地方公办,理工,地方公办,10,351,false,false,false,false,false,false,false
RC00613,guangdong-university-of-finance,广东金融学院,Guangdong University of Finance,广东,广州市,地方公办,财经,地方公办,10,财40,false,false,false,false,false,false,false
RC00610,guangdong-police-college,广东警官学院,Guangdong Police College,广东,广州市,地方公办,政法,地方公办,10,政19,false,false,false,false,false,false,false
RC00168,tianjin-agricultural-university,天津农学院,Tianjin Agricultural University,天津,天津市,地方公办,农业,地方公办,10,353,false,false,false,false,false,false,false
RC00611,zhongkai-university-of-agriculture-and-engineering,仲恺农业工程学院,Zhongkai University of Agriculture and Engineering,广东,广州市,地方公办,农业,地方公办,10,353,false,false,false,false,false,false,false
RC00693,tongren-university,铜仁学院,Tongren University,贵州,铜仁市,地方公办,综合,地方公办,10,355,false,false,false,false,false,false,false
RC01246,hangzhou-medical-college,杭州医学院,Hangzhou Medical College,浙江,杭州市,地方公办,医药,地方公办,10,医45,false,false,false,false,false,false,false
RC00495,shandong-jiaotong-university,山东交通学院,Shandong Jiaotong University,山东,济南市,地方公办,理工,地方公办,10,356,false,false,false,false,false,false,false
RC00545,huanggang-normal-university,黄冈师范学院,Huanggang Normal University,湖北,黄冈市,地方公办,师范,地方公办,10,357,false,false,false,false,false,false,false
RC00433,quanzhou-normal-university,泉州师范学院,Quanzhou Normal University,福建,泉州市,地方公办,师范,地方公办,10,357,false,false,false,false,false,false,false
RC00510,henan-institute-of-science-and-technology,河南科技学院,Henan Institute of Science and Technology,河南,新乡市,地方公办,师范,地方公办,10,359,false,false,false,false,false,false,false
RC01062,wenzhou-university-oujiang-college,温州理工学院,Wenzhou University of Technology,浙江,温州市,地方公办,理工,地方公办,10,360,false,false,false,false,false,false,false
RC00753,xian-medical-university,西安医学院,Xi'an Medical University,陕西,西安市,地方公办,医药,地方公办,10,医46,false,false,false,false,false,false,false
RC00420,anhui-science-and-technology-university,安徽科技工程大学,Anhui Science and Technology University,安徽,滁州市,地方公办,师范,地方公办,10,361,false,false,false,false,false,false,false
RC00520,luoyang-normal-university,洛阳师范学院,Luoyang Normal University,河南,洛阳市,地方公办,师范,地方公办,10,361,false,false,false,false,false,false,false
RC00371,xuzhou-institute-of-technology,徐州工程学院,Xuzhou University of Technology,江苏,徐州市,地方公办,理工,地方公办,10,363,false,false,false,false,false,false,false
RC00564,hubei-university-of-education,湖北第二师范学院,Hubei University of Education,湖北,武汉市,地方公办,师范,地方公办,10,364,false,false,false,false,false,false,false
RC00385,lishui-university,丽水学院,Lishui University,浙江,丽水市,地方公办,师范,地方公办,10,365,false,false,false,false,false,false,false
RC00665,civil-aviation-flight-university-of-china,中国民用航空飞行学院,Civil Aviation Flight University of China,四川,德阳市,中央部属,理工,中央部属,10,365,false,false,false,false,false,false,false
RC00187,hebei-north-university,河北北方学院,Hebei North University,河北,张家口市,地方公办,医药,地方公办,10,医47,false,false,false,false,false,false,false
RC00598,huizhou-university,惠州学院,Huizhou University,广东,惠州市,地方公办,综合,地方公办,10,367,false,false,false,false,false,false,false
RC00603,guangzhou-sport-university,广州体育学院,Guangzhou Sport University,广东,广州市,地方公办,体育,地方公办,10,体10,false,false,false,false,false,false,false
RC00302,changchun-university,长春大学,Changchun University,吉林,长春市,地方公办,综合,地方公办,10,368,false,false,false,false,false,false,false
RC00701,guiyang-university,贵阳学院,Guiyang University,贵州,贵阳市,地方公办,综合,地方公办,10,369,false,false,false,false,false,false,false
RC01249,xiamen-medical-college,厦门医学院,Xiamen Medical College,福建,厦门市,地方公办,医药,地方公办,10,医48,false,false,false,false,false,false,false
RC01060,huzhou-university-qiuzhen-college,湖州学院,Huzhou College,浙江,湖州市,地方公办,师范,地方公办,10,370,false,false,false,false,false,false,false
RC00321,harbin-sport-university,哈尔滨体育学院,Harbin Sport University,黑龙江,哈尔滨市,地方公办,体育,地方公办,10,体11,false,false,false,false,false,false,false
RC00277,shenyang-institute-of-engineering,沈阳工程学院,Shenyang Institute of Engineering,辽宁,沈阳市,地方公办,理工,地方公办,10,371,false,false,false,false,false,false,false
RC00533,henan-police-college,河南警察学院,Henan Police College,河南,郑州市,地方公办,政法,地方公办,10,政20,false,false,false,false,false,false,false
RC00555,hubei-university-of-science-and-technology,湖北科技学院,Hubei University of Science and Technology,湖北,咸宁市,地方公办,综合,地方公办,10,372,false,false,false,false,false,false,false
RC00547,hubei-university-of-arts-and-science,湖北文理学院,Hubei University of Arts and Science,湖北,襄阳市,地方公办,综合,地方公办,10,372,false,false,false,false,false,false,false
RC00698,qiannan-normal-college-for-nationalities,黔南民族师范学院,Qiannan Normal University for Nationalities,贵州,黔南布依族苗族自治州,地方公办,师范,地方公办,10,372,false,false,false,false,false,false,false
RC00636,guangxi-university-of-finance-and-economics,广西财经学院,Guangxi University of Finance and Economics,广西,南宁市,地方公办,财经,地方公办,10,财41,false,false,false,false,false,false,false
RC00803,baotou-medical-college,内蒙古科技大学包头医学院,Baotou Medical College,内蒙古,包头市,地方公办,医药,地方公办,10,医49,false,false,false,false,false,false,false
RC00534,zhengzhou-police-university,郑州警察学院,Zhengzhou Police University,河南,郑州市,中央部属,政法,中央部属,10,政21,false,false,false,false,false,false,false
RC00207,institute-of-disaster-prevention,防灾科技学院,Institute of Disaster Prevention,河北,廊坊市,中央部属,理工,中央部属,10,375,false,false,false,false,false,false,false
RC00614,guangdong-university-of-petrochemical-technology,广东石油化工学院,Guangdong University of Petrochemical Technology,广东,茂名市,地方公办,综合,地方公办,10,376,false,false,false,false,false,false,false
RC00526,luoyang-institute-of-science-and-technology,洛阳理工学院,Luoyang Institute of Science and Technology,河南,洛阳市,地方公办,综合,地方公办,10,377,false,false,false,false,false,false,false
RC00692,zunyi-normal-university,遵义师范学院,Zunyi Normal University,贵州,遵义市,地方公办,师范,地方公办,10,378,false,false,false,false,false,false,false
RC00397,quzhou-university,衢州学院,Quzhou University,浙江,衢州市,地方公办,理工,地方公办,10,379,false,false,false,false,false,false,false
RC00648,chongqing-three-gorges-university,重庆三峡科技大学,Chongqing Three Gorges University,重庆,重庆市,地方公办,综合,地方公办,10,380,false,false,false,false,false,false,false
RC00315,qiqihar-university,齐齐哈尔大学,Qiqihar University,黑龙江,齐齐哈尔市,地方公办,综合,地方公办,10,381,false,false,false,false,false,false,false
RC00436,sanming-university,三明学院,Sanming University,福建,三明市,地方公办,综合,地方公办,10,381,false,false,false,false,false,false,false
RC00313,mudanjiang-medical-university,牡丹江医科大学,Mudanjiang Medical University,黑龙江,牡丹江市,地方公办,医药,地方公办,10,医50,false,false,false,false,false,false,false
RC00323,qiqihar-medical-university,齐齐哈尔医学院,Qiqihar Medical University,黑龙江,齐齐哈尔市,地方公办,医药,地方公办,10,医50,false,false,false,false,false,false,false
RC00624,youjiang-medical-university-for-nationalites,右江民族医学院,Youjiang Medical University for Nationalities,广西,百色市,地方公办,医药,地方公办,10,医50,false,false,false,false,false,false,false
RC00218,taiyuan-normal-university,太原师范学院,Taiyuan Normal University,山西,太原市,地方公办,师范,地方公办,10,383,false,false,false,false,false,false,false
RC00498,shandong-university-of-political-science-and-law,山东政法学院,Shandong University of Political Science and Law,山东,济南市,地方公办,政法,地方公办,10,政22,false,false,false,false,false,false,false
RC00408,fuyang-normal-university,阜阳师范大学,Fuyang Normal University,安徽,阜阳市,地方公办,师范,地方公办,10,384,false,false,false,false,false,false,false
RC00206,north-china-institute-of-aerospace-engineering,北华航天工业学院,North China Institute of Aerospace Engineering,河北,廊坊市,地方公办,理工,地方公办,10,385,false,false,false,false,false,false,false
RC00672,mianyang-teachers-college,绵阳师范学院,Mianyang Teachers' College,四川,绵阳市,地方公办,师范,地方公办,10,386,false,false,false,false,false,false,false
RC00308,jiamusi-university,佳木斯大学,Jiamusi University,黑龙江,佳木斯市,地方公办,综合,地方公办,10,387,false,false,false,false,false,false,false
RC00686,chengdu-medical-college,成都医学院,Chengdu Medical College,四川,成都市,地方公办,医药,地方公办,10,医53,false,false,false,false,false,false,false
RC00687,chengdu-normal-university,成都师范学院,Chengdu Normal University,四川,成都市,地方公办,师范,地方公办,10,388,false,false,false,false,false,false,false
RC00721,yunnan-police-college,云南警官学院,Yunnan Police College,云南,昆明市,地方公办,政法,地方公办,10,政23,false,false,false,false,false,false,false
RC00722,kunming-university,昆明学院,Kunming University,云南,昆明市,地方公办,综合,地方公办,10,389,false,false,false,false,false,false,false
RC00516,zhoukou-normal-university,周口师范学院,Zhoukou Normal University,河南,周口市,地方公办,师范,地方公办,10,389,false,false,false,false,false,false,false
RC00438,fujian-police-college,福建警察学院,Fujian Police College,福建,福州市,地方公办,政法,地方公办,10,政24,false,false,false,false,false,false,false
RC00600,lingnan-normal-university,岭南师范学院,Lingnan Normal University,广东,湛江市,地方公办,师范,地方公办,10,391,false,false,false,false,false,false,false
RC00439,putian-university,莆田学院,Putian University,福建,莆田市,地方公办,综合,地方公办,10,391,false,false,false,false,false,false,false
RC00440,fujian-jiangxia-university,福建江夏学院,Fujian Jiangxia University,福建,福州市,地方公办,财经,地方公办,10,财42,false,false,false,false,false,false,false
RC00480,dezhou-university,德州学院,Dezhou University,山东,德州市,地方公办,综合,地方公办,10,393,false,false,false,false,false,false,false
RC00306,heilongjiang-university-of-science-and-technology,黑龙江科技大学,Heilongjiang University of Science and Technology,黑龙江,哈尔滨市,地方公办,理工,地方公办,10,394,false,false,false,false,false,false,false
RC00682,panzhihua-university,攀枝花学院,Panzhihua University,四川,攀枝花市,地方公办,综合,地方公办,10,394,false,false,false,false,false,false,false
RC00481,binzhou-university,山东航空学院,Shandong University of Aeronautics,山东,滨州市,地方公办,理工,地方公办,10,394,false,false,false,false,false,false,false
RC00394,zhejiang-university-of-water-resources-and-electric-power,浙江水利水电学院,Zhejiang University of Water Resources and Electric Power,浙江,杭州市,地方公办,理工,地方公办,10,394,false,false,false,false,false,false,false
RC00437,longyan-university,龙岩学院,Longyan University,福建,龙岩市,地方公办,综合,地方公办,10,398,false,false,false,false,false,false,false
RC00810,tibet-agriculture-and-animal-husbandry-university,西藏农牧大学,Xizang Agricultural and Animal Husbandry University,西藏,林芝市,地方公办,农业,地方公办,10,398,false,false,false,false,false,false,false
RC00712,qujing-normal-university,曲靖师范学院,Qujing Normal University,云南,曲靖市,地方公办,师范,地方公办,10,400,false,false,false,false,false,false,false
RC00202,north-china-institute-of-science-and-technology,华北科技学院,University of Emergency Management,河北,廊坊市,中央部属,理工,中央部属,10,401,false,false,false,false,false,false,false
RC00484,taishan-university,泰山学院,Taishan University,山东,泰安市,地方公办,综合,地方公办,10,402,false,false,false,false,false,false,false
RC00493,weifang-university,潍坊学院,Weifang University,山东,潍坊市,地方公办,综合,地方公办,10,403,false,false,false,false,false,false,false
RC00586,hunan-university-of-finance-and-economics,湖南财政经济学院,Hunan University of Finance and Economics,湖南,长沙市,地方公办,财经,地方公办,10,财43,false,false,false,false,false,false,false
RC00200,hebei-normal-university-of-science-and-technology,河北科技师范学院,Hebei Normal University of Science and Technology,河北,秦皇岛市,地方公办,师范,地方公办,10,404,false,false,false,false,false,false,false
RC00573,xiangnan-university,湘南学院,Xiangnan University,湖南,郴州市,地方公办,理工,地方公办,10,405,false,false,false,false,false,false,false
RC00574,hengyang-normal-university,衡阳师范学院,Hengyang Normal University,湖南,衡阳市,地方公办,师范,地方公办,10,406,false,false,false,false,false,false,false
RC00583,hunan-institute-of-engineering,湖南工程学院,Hunan Institute of Engineering,湖南,湘潭市,地方公办,理工,地方公办,10,406,false,false,false,false,false,false,false
RC00673,neijiang-normal-university,内江师范学院,Neijiang Normal University,四川,内江市,地方公办,师范,地方公办,10,408,false,false,false,false,false,false,false
RC00518,xuchang-university,许昌学院,Xuchang University,河南,许昌市,地方公办,理工,地方公办,10,409,false,false,false,false,false,false,false
RC00674,yibin-university,宜宾学院,Yibin University,四川,宜宾市,地方公办,综合,地方公办,10,409,false,false,false,false,false,false,false
RC00205,heibei-finance-university,河北金融学院,Hebei Finance University,河北,保定市,地方公办,财经,地方公办,10,财44,false,false,false,false,false,false,false
RC00704,guizhou-institute-of-technology,贵州理工学院,Guizhou Institute of Technology,贵州,贵阳市,地方公办,理工,地方公办,10,411,false,false,false,false,false,false,false
RC00286,jilin-university-of-chemical-technology,吉林化工大学,Jilin University of Chemical Technology,吉林,吉林市,地方公办,理工,地方公办,10,412,false,false,false,false,false,false,false
RC00776,ningxia-normal-university,宁夏师范大学,Ningxia Normal University,宁夏,固原市,地方公办,师范,地方公办,10,413,false,false,false,false,false,false,false
RC00424,hefei-normal-university,合肥师范学院,Hefei Normal University,安徽,合肥市,地方公办,师范,地方公办,10,414,false,false,false,false,false,false,false
RC00554,hubei-polytechnic-university,湖北理工学院,Hubei Polytechnic University,湖北,黄石市,地方公办,理工,地方公办,10,414,false,false,false,false,false,false,false
RC00375,jiangsu-second-normal-university,江苏第二师范学院,Jiangsu Second Normal University,江苏,南京市,地方公办,师范,地方公办,10,414,false,false,false,false,false,false,false
RC00412,west-anhui-university,皖西学院,West Anhui University,安徽,六安市,地方公办,师范,地方公办,10,417,false,false,false,false,false,false,false
RC01245,shanghai-police-college,上海公安学院,Shanghai Police College,上海,上海市,地方公办,政法,地方公办,10,政25,false,false,false,false,false,false,false
RC00517,anyang-normal-university,安阳师范学院,Anyang Normal University,河南,安阳市,地方公办,师范,地方公办,10,418,false,false,false,false,false,false,false
RC00743,xian-physical-education-university,西安体育学院,Xi'an Physical Education University,陕西,西安市,地方公办,体育,地方公办,10,体12,false,false,false,false,false,false,false
RC00553,hubei-engineering-university,湖北工程学院,Hubei Engineering University,湖北,孝感市,地方公办,综合,地方公办,10,419,false,false,false,false,false,false,false
RC00519,nanyang-normal-university,南阳师范学院,Nanyang Normal University,河南,南阳市,地方公办,师范,地方公办,10,419,false,false,false,false,false,false,false
RC01036,wenzheng-college-of-soochow-university,苏州城市学院,Suzhou City University,江苏,苏州市,地方公办,综合,地方公办,10,419,false,false,false,false,false,false,false
RC01097,science-and-technology-college-of-jiangxi-university-of-traditional-chinese-medicine,南昌医学院,Nanchang Medical College,江西,南昌市,地方公办,医药,地方公办,10,医54,false,false,false,false,false,false,false
RC00637,beibu-gulf-university,北部湾大学,Beibu Gulf University,广西,钦州市,地方公办,综合,地方公办,10,422,false,false,false,false,false,false,false
RC00746,xian-university,西安文理学院,Xi'an University,陕西,西安市,地方公办,师范,地方公办,10,422,false,false,false,false,false,false,false
RC00216,changzhi-medical-college,长治医学院,Changzhi Medical College,山西,长治市,地方公办,医药,地方公办,10,医55,false,false,false,false,false,false,false
RC00619,guangdong-university-of-education,广东第二师范学院,Guangdong University of Education,广东,广州市,地方公办,师范,地方公办,10,424,false,false,false,false,false,false,false
RC00597,shaoguan-university,韶关学院,Shaoguan University,广东,韶关市,地方公办,综合,地方公办,10,425,false,false,false,false,false,false,false
RC01066,jiaxing-university-nanhu-college,嘉兴南湖学院,Jiaxing Nanhu University,浙江,嘉兴市,地方公办,财经,地方公办,10,财45,false,false,false,false,false,false,false
RC00676,leshan-normal-university,乐山师范学院,Leshan Normal University,四川,乐山市,地方公办,师范,地方公办,10,426,false,false,false,false,false,false,false
RC00431,wuyi-university-wuyiu,武夷学院,Wuyi University,福建,南平市,地方公办,综合,地方公办,10,426,false,false,false,false,false,false,false
RC00702,liupanshui-normal-university,六盘水师范学院,Liupanshui Normal University,贵州,六盘水市,地方公办,师范,地方公办,10,428,false,false,false,false,false,false,false
RC00521,shangqiu-normal-university,商丘师范学院,Shangqiu Normal University,河南,商丘市,地方公办,师范,地方公办,10,429,false,false,false,false,false,false,false
RC00195,shijiazhuang-university,石家庄学院,Shijiazhuang University,河北,石家庄市,地方公办,师范,地方公办,10,429,false,false,false,false,false,false,false
RC00301,jilin-police-college,吉林警察学院,Jilin Police College,吉林,长春市,地方公办,政法,地方公办,10,政26,false,false,false,false,false,false,false
RC00451,yichun-university,宜春学院,Yichun University,江西,宜春市,地方公办,综合,地方公办,10,431,false,false,false,false,false,false,false
RC00490,zaozhuang-university,枣庄学院,Zaozhuang University,山东,枣庄市,地方公办,综合,地方公办,10,432,false,false,false,false,false,false,false
RC00657,chongqing-university-of-education,重庆第二师范学院,Chongqing University of Education,重庆,重庆市,地方公办,师范,地方公办,10,433,false,false,false,false,false,false,false
RC00559,hubei-university-of-police,湖北警官学院,Hubei University of Police,湖北,武汉市,地方公办,政法,地方公办,10,政27,false,false,false,false,false,false,false
RC00524,huanghuai-university,黄淮学院,Huanghuai University,河南,驻马店市,地方公办,师范,地方公办,10,434,false,false,false,false,false,false,false
RC00413,chuzhou-university,滁州学院,Chuzhou University,安徽,滁州市,地方公办,综合,地方公办,10,435,false,false,false,false,false,false,false
RC00576,huaihua-university,怀化学院,Huaihua University,湖南,怀化市,地方公办,综合,地方公办,10,436,false,false,false,false,false,false,false
RC00631,yulin-normal-university,玉林师范学院,Yulin Normal University,广西,玉林市,地方公办,师范,地方公办,10,436,false,false,false,false,false,false,false
RC00575,shaoyang-university,邵阳学院,Shaoyang University,湖南,邵阳市,地方公办,理工,地方公办,10,438,false,false,false,false,false,false,false
RC00192,tangshan-normal-university,唐山师范学院,Tangshan Normal University,河北,唐山市,地方公办,师范,地方公办,10,438,false,false,false,false,false,false,false
RC00462,nanchang-normal-university,南昌师范学院,Nanchang Normal University,江西,南昌市,地方公办,师范,地方公办,10,440,false,false,false,false,false,false,false
RC00601,zhaoqing-university,肇庆学院,Zhaoqing University,广东,肇庆市,地方公办,综合,地方公办,10,440,false,false,false,false,false,false,false
RC00587,hunan-police-academy,湖南警察学院,Hunan Police Academy,湖南,长沙市,地方公办,政法,地方公办,10,政28,false,false,false,false,false,false,false
RC00609,guangzhou-maritime-university,广州航海学院,Guangzhou Maritime University,广东,广州市,地方公办,理工,地方公办,10,442,false,false,false,false,false,false,false
RC00525,pingdingshan-university,平顶山学院,Pingdingshan University,河南,平顶山市,地方公办,师范,地方公办,10,442,false,false,false,false,false,false,false
RC00530,henan-university-of-engineering,河南工程学院,Henan University Of Engineering,河南,郑州市,地方公办,理工,地方公办,10,444,false,false,false,false,false,false,false
RC00752,xian-aeronautical-university,西安航空学院,Xihang University,陕西,西安市,地方公办,理工,地方公办,10,444,false,false,false,false,false,false,false
RC00681,chengdu-technological-university,成都工业学院,Chengdu Technological University,四川,成都市,地方公办,理工,地方公办,10,446,false,false,false,false,false,false,false
RC00763,tianshui-normal-university,天水师范大学,Tianshui Normal University,甘肃,天水市,地方公办,师范,地方公办,10,446,false,false,false,false,false,false,false
RC00764,hexi-university,河西学院,Hexi University,甘肃,张掖市,地方公办,综合,地方公办,10,448,false,false,false,false,false,false,false
RC00794,nanjing-normal-university-of-special-education,南京特殊教育师范学院,Nanjing Normal University of Special Education,江苏,南京市,地方公办,师范,地方公办,10,448,false,false,false,false,false,false,false
RC00738,baoji-university-of-arts-and-sciences,宝鸡文理学院,Baoji University of Arts and Sciences,陕西,宝鸡市,地方公办,师范,地方公办,10,450,false,false,false,false,false,false,false
RC00531,nanyang-institute-of-technology,南阳理工学院,Nanyang Institute Of Technology,河南,南阳市,地方公办,理工,地方公办,10,450,false,false,false,false,false,false,false
RC00432,ningde-normal-university,宁德师范学院,Ningde Normal University,福建,宁德市,地方公办,师范,地方公办,10,450,false,false,false,false,false,false,false
RC00666,xichang-college,西昌学院,Xichang University,四川,凉山彝族自治州,地方公办,综合,地方公办,10,450,false,false,false,false,false,false,false
RC00303,jilin-medical-college,吉林医药学院,Jilin Medical University,吉林,吉林市,地方公办,医药,地方公办,10,医56,false,false,false,false,false,false,false
RC01255,guizhou-police-college,贵州警察学院,Guizhou Police College,贵州,贵阳市,地方公办,政法,地方公办,10,政29,false,false,false,false,false,false,false
RC00532,henan-university-of-urban-construction,河南城建学院,Henan University of Urban Construction,河南,平顶山市,地方公办,理工,地方公办,10,454,false,false,false,false,false,false,false
RC00325,heilongjiang-institute-of-technology,黑龙江工程学院,Heilongjiang Institute of Technology,黑龙江,哈尔滨市,地方公办,理工,地方公办,10,455,false,false,false,false,false,false,false
RC00577,hunan-university-of-arts-and-science,湖南文理学院,Hunan University of Arts and Science,湖南,常德市,地方公办,综合,地方公办,10,455,false,false,false,false,false,false,false
RC00450,shangrao-normal-university,上饶师范学院,Shangrao Normal University,江西,上饶市,地方公办,师范,地方公办,10,457,false,false,false,false,false,false,false
RC00802,baotou-teachers-college,内蒙古科技大学包头师范学院,Baotou Teachers' College,内蒙古,包头市,地方公办,综合,地方公办,10,458,false,false,false,false,false,false,false
RC00296,jilin-institute-of-physical-education,吉林体育学院,Jilin Institute of Physical Education,吉林,长春市,地方公办,体育,地方公办,10,体13,false,false,false,false,false,false,false
RC00290,tonghua-normal-university,通化师范学院,Tonghua Normal University,吉林,通化市,地方公办,师范,地方公办,10,459,false,false,false,false,false,false,false
RC00485,jining-university,济宁学院,Jining University,山东,济宁市,地方公办,师范,地方公办,10,460,false,false,false,false,false,false,false
RC00740,weinan-normal-university,渭南师范学院,Weinan Normal University,陕西,渭南市,地方公办,师范,地方公办,10,460,false,false,false,false,false,false,false
RC00578,hunan-university-of-science-and-engineering,湖南科技学院,Hunan University of Science and Engineering,湖南,永州市,地方公办,综合,地方公办,10,462,false,false,false,false,false,false,false
RC00563,wuhan-business-university,武汉商学院,Wuhan Business University,湖北,武汉市,地方公办,财经,地方公办,10,财46,false,false,false,false,false,false,false
RC00641,hainan-tropical-ocean-university,海南热带海洋学院,Hainan Tropical Ocean University,海南,三亚市,地方公办,综合,地方公办,10,463,false,false,false,false,false,false,false
RC00584,hunan-city-university,湖南城市学院,Hunan City University,湖南,益阳市,地方公办,综合,地方公办,10,463,false,false,false,false,false,false,false
RC00499,qilu-normal-university,齐鲁师范学院,Qilu Normal University,山东,济南市,地方公办,师范,地方公办,10,465,false,false,false,false,false,false,false
RC00193,langfang-teachers-university,廊坊师范学院,Langfang Normal University,河北,廊坊市,地方公办,师范,地方公办,10,466,false,false,false,false,false,false,false
RC00719,yuxi-normal-university,玉溪师范学院,Yuxi Normal University,云南,玉溪市,地方公办,师范,地方公办,10,467,false,false,false,false,false,false,false
RC00316,mudanjiang-normal-university,牡丹江师范学院,Mudanjiang Normal University,黑龙江,牡丹江市,地方公办,师范,地方公办,10,468,false,false,false,false,false,false,false
RC00317,harbin-university,哈尔滨学院,Harbin University,黑龙江,哈尔滨市,地方公办,综合,地方公办,10,469,false,false,false,false,false,false,false
RC00219,shanxi-datong-university,山西大同大学,Shanxi Datong University,山西,大同市,地方公办,综合,地方公办,10,470,false,false,false,false,false,false,false
RC00585,hunan-institute-of-technology,湖南工学院,Hunan Institute of Technology,湖南,衡阳市,地方公办,理工,地方公办,10,471,false,false,false,false,false,false,false
RC00599,hanshan-normal-university,韩山师范学院,Hanshan Normal University,广东,潮州市,地方公办,师范,地方公办,10,472,false,false,false,false,false,false,false
RC00461,jiujiang-university,九江学院,Jiujiang University,江西,九江市,地方公办,综合,地方公办,10,473,false,false,false,false,false,false,false
RC00228,taiyuan-institute-of-technology,太原工业学院,Taiyuan Institute of Technology,山西,太原市,地方公办,理工,地方公办,10,474,false,false,false,false,false,false,false
RC00864,suqian-college,宿迁学院,Suqian University,江苏,宿迁市,地方公办,综合,地方公办,10,475,false,false,false,false,false,false,false
RC00762,long-dong-university,陇东学院,Longdong University,甘肃,庆阳市,地方公办,师范,地方公办,10,476,false,false,false,false,false,false,false
RC00813,fujian-polytechnic-normal-university,福建技术师范学院,Fujian Polytechnic Normal University,福建,福州市,地方公办,师范,地方公办,10,477,false,false,false,false,false,false,false
RC00266,anshan-normal-university-liaoning-china,鞍山师范学院,Anshan Normal University,辽宁,鞍山市,地方公办,师范,地方公办,10,478,false,false,false,false,false,false,false
RC00416,chaohu-university,巢湖学院,Chaohu University,安徽,合肥市,地方公办,师范,地方公办,10,479,false,false,false,false,false,false,false
RC00500,shandong-youth-university-of-political-science,山东青年政治学院,Shandong Youth University of Political Science,山东,济南市,地方公办,综合,地方公办,10,480,false,false,false,false,false,false,false
RC00411,huangshan-university,黄山学院,Huangshan University,安徽,黄山市,地方公办,师范,地方公办,10,481,false,false,false,false,false,false,false
RC00292,jilin-engineering-normal-university,吉林工程技术师范学院,Jilin Engineering Normal University,吉林,长春市,地方公办,师范,地方公办,10,482,false,false,false,false,false,false,false
RC00191,hebei-normal-university-for-nationalities,河北民族师范学院,Hebei Minzu Normal University,河北,承德市,地方公办,师范,地方公办,10,483,false,false,false,false,false,false,false
RC00683,sichuan-tourism-university,四川旅游学院,Sichuan Tourism University,四川,成都市,地方公办,综合,地方公办,10,483,false,false,false,false,false,false,false
RC00459,jiangxi-police-institute,江西警察学院,Jiangxi Police Institute,江西,南昌市,地方公办,政法,地方公办,10,政30,false,false,false,false,false,false,false
RC00497,shandong-womens-university,山东女子学院,Shandong Women's University,山东,济南市,地方公办,综合,地方公办,10,485,false,false,false,false,false,false,false
RC00501,shandong-management-university,山东管理学院,Shandong Management University,山东,济南市,地方公办,综合,地方公办,10,486,false,false,false,false,false,false,false
RC00739,xianyang-normal-university,咸阳师范学院,Xianyang Normal University,陕西,咸阳市,地方公办,师范,地方公办,10,486,false,false,false,false,false,false,false
RC00300,jilin-agricultural-science-and-technology-university,吉林农业科技学院,Jilin Agricultural Science and Technology University,吉林,吉林市,地方公办,农业,地方公办,10,488,false,false,false,false,false,false,false
RC00761,lanzhou-city-university,兰州城市学院,Lanzhou City University,甘肃,兰州市,地方公办,综合,地方公办,10,489,false,false,false,false,false,false,false
RC00579,hunan-university-of-humanities-science-and-technology,湖南人文科技学院,"Hunan University of Humanities, Science and Technology",湖南,娄底市,地方公办,师范,地方公办,10,490,false,false,false,false,false,false,false
RC00415,suzhou-university,宿州学院,Suzhou University,安徽,宿州市,地方公办,师范,地方公办,10,490,false,false,false,false,false,false,false
RC00529,anyang-institute-of-technology,安阳工学院,Anyang Institute of Technology,河南,安阳市,地方公办,理工,地方公办,10,492,false,false,false,false,false,false,false
RC00697,kaili-university,凯里学院,Kaili University,贵州,黔东南苗族侗族自治州,地方公办,综合,地方公办,10,493,false,false,false,false,false,false,false
RC00695,anshun-university,安顺学院,Anshun University,贵州,安顺市,地方公办,综合,地方公办,10,494,false,false,false,false,false,false,false
RC00221,changzhi-university,长治学院,Changzhi University,山西,长治市,地方公办,师范,地方公办,10,494,false,false,false,false,false,false,false
RC00417,huainan-normal-university,淮南师范学院,Huainan Normal University,安徽,淮南市,地方公办,师范,地方公办,10,496,false,false,false,false,false,false,false
RC00639,hezhou-university,贺州学院,Hezhou University,广西,贺州市,地方公办,综合,地方公办,10,497,false,false,false,false,false,false,false
RC00527,xinxiang-university,新乡学院,Xinxiang University,河南,新乡市,地方公办,理工,地方公办,10,498,false,false,false,false,false,false,false
RC00602,jiaying-university,嘉应学院,Jiaying University,广东,梅州市,地方公办,综合,地方公办,10,499,false,false,false,false,false,false,false
RC00784,yili-normal-university,伊犁师范大学,Yili Normal University,新疆,伊犁哈萨克自治州,地方公办,师范,地方公办,10,500,false,false,false,false,false,false,false
RC00798,aba-teachers-university,阿坝师范学院,ABA TEACHERS COLLEGE,四川,阿坝藏族羌族自治州,地方公办,师范,地方公办,10,500+,false,false,false,false,false,false,false
RC00749,ankang-university,安康学院,Ankang University,陕西,安康市,地方公办,综合,地方公办,10,500+,false,false,false,false,false,false,false
RC00294,baicheng-normal-university,白城师范学院,Baicheng Normal University,吉林,白城市,地方公办,师范,地方公办,10,500+,false,false,false,false,false,false,false
RC00634,baise-university,百色学院,Baise University,广西,百色市,地方公办,综合,地方公办,10,500+,false,false,false,false,false,false,false
RC00190,baoding-university,保定学院,Baoding University,河北,保定市,地方公办,师范,地方公办,10,500+,false,false,false,false,false,false,false
RC00714,baoshan-university,保山学院,Baoshan University,云南,保山市,地方公办,师范,地方公办,10,500+,false,false,false,false,false,false,false
RC00422,bengbu-university,蚌埠学院,Bengbu University,安徽,蚌埠市,地方公办,理工,地方公办,10,500+,false,false,false,false,false,false,false
RC01247,bozhou-university,亳州学院,Bozhou University,安徽,亳州市,地方公办,师范,地方公办,10,500+,false,false,false,false,false,false,false
RC00198,cangzhou-normal-university,沧州师范学院,Cangzhou Normal University,河北,沧州市,地方公办,师范,地方公办,10,500+,false,false,false,false,false,false,false
RC00788,changji-university,昌吉学院,Changji University,新疆,昌吉回族自治州,地方公办,师范,地方公办,10,500+,false,false,false,false,false,false,false
RC01146,hu-nan-shi-fan-da-xue-shu-da-xue-yuan,长沙工业学院,Changsha Institute of Technology,湖南,长沙市,地方公办,师范,地方公办,10,500+,false,false,false,false,false,false,false
RC00592,changsha-normal-university,长沙师范学院,Changsha Normal University,湖南,长沙市,地方公办,师范,地方公办,10,500+,false,false,false,false,false,false,false
RC00238,chifeng-university,赤峰大学,Chifeng University,内蒙古,赤峰市,地方公办,综合,地方公办,10,500+,false,false,false,false,false,false,false
RC00423,chizhou-university,池州学院,Chizhou University,安徽,池州市,地方公办,师范,地方公办,10,500+,false,false,false,false,false,false,false
RC00720,chuxiong-normal-university,楚雄师范学院,Chuxiong Normal University,云南,楚雄彝族自治州,地方公办,师范,地方公办,10,500+,false,false,false,false,false,false,false
RC00318,daqing-normal-university,大庆师范学院,Daqing Normal University,黑龙江,大庆市,地方公办,综合,地方公办,10,500+,false,false,false,false,false,false,false
RC00800,west-yunnan-university,滇西科技师范学院,West Yunnan University,云南,临沧市,地方公办,师范,地方公办,10,500+,false,false,false,false,false,false,false
RC00811,west-yunnan-university-of-applied-sciences,滇西应用技术大学,West Yunnan University of Applied Sciences,云南,大理白族自治州,地方公办,综合,地方公办,10,500+,false,false,false,false,false,false,false
RC00792,ordos-institute-of-technology,鄂尔多斯应用技术学院,Ordos Institute of Technology,内蒙古,鄂尔多斯市,地方公办,综合,地方公办,10,500+,false,false,false,false,false,false,false
RC01095,east-china-institute-of-technology-yangtze-river-college,赣东学院,Gandong University,江西,抚州市,地方公办,理工,地方公办,10,500+,false,false,false,false,false,false,false
RC01094,college-of-applied-science-jiangxi-university-of-science-and-technology,赣南科技学院,Gannan University of Science and Technology,江西,赣州市,地方公办,理工,地方公办,10,500+,false,false,false,false,false,false,false
RC00767,gansu-normal-university-for-nationalities,甘肃民族师范学院,Gansu Minzu Normal University,甘肃,甘南藏族自治州,地方公办,师范,地方公办,10,500+,false,false,false,false,false,false,false
RC00795,guangxi-science-and-technology-normal-university,广西科技师范学院,Guangxi Science & Technology Normal University,广西,来宾市,地方公办,师范,地方公办,10,500+,false,false,false,false,false,false,false
RC00629,guangxi-normal-university-for-nationalities,广西民族师范学院,Guangxi Minzu Normal University,广西,崇左市,地方公办,师范,地方公办,10,500+,false,false,false,false,false,false,false
RC00816,guangxi-vocational-normal-university,广西职业师范学院,Guangxi Vocational Normal University,广西,南宁市,地方公办,综合,地方公办,10,500+,false,false,false,false,false,false,false
RC00638,guilin-university-of-aerospace-technology,桂林航天工业学院,Guilin University of Aerospace Technology,广西,桂林市,地方公办,理工,地方公办,10,500+,false,false,false,false,false,false,false
RC00696,guizhou-university-of-engineering-science,贵州工程应用技术学院,Guizhou University of Engineering Science,贵州,毕节市,地方公办,师范,地方公办,10,500+,false,false,false,false,false,false,false
RC00196,handan-college,邯郸学院,Handan University,河北,邯郸市,地方公办,师范,地方公办,10,500+,false,false,false,false,false,false,false
RC01253,hanjiang-normal-university,汉江师范学院,Hanjiang Normal University,湖北,十堰市,地方公办,师范,地方公办,10,500+,false,false,false,false,false,false,false
RC00806,hebei-university-of-environmental-engineering,河北环境工程学院,Hebei University of Environmental Engineering,河北,秦皇岛市,地方公办,综合,地方公办,10,500+,false,false,false,false,false,false,false
RC00185,hebei-university-of-architecture,河北建筑工程学院,Hebei University of Architecture,河北,张家口市,地方公办,理工,地方公办,10,500+,false,false,false,false,false,false,false
RC01243,hebei-university-of-water-resources-and-electric-engineering,河北水利电力学院,Hebei University of Water Resources and Electric Engineering,河北,沧州市,地方公办,理工,地方公办,10,500+,false,false,false,false,false,false,false
RC00630,hechi-university,河池学院,Hechi University,广西,河池市,地方公办,综合,地方公办,10,500+,false,false,false,false,false,false,false
RC01070,jianghuai-college-of-anhui-university,合肥理工学院,Hefei Institute of Technology,安徽,合肥市,地方公办,综合,地方公办,10,500+,false,false,false,false,false,false,false
RC00326,heihe-university,黑河学院,Heihe University,黑龙江,黑河市,地方公办,综合,地方公办,10,500+,false,false,false,false,false,false,false
RC00324,heilongjiang-university-of-technology,黑龙江工业学院,Heilongjiang University of Technology,黑龙江,鸡西市,地方公办,理工,地方公办,10,500+,false,false,false,false,false,false,false
RC01252,henan-institute-of-technology,河南工学院,Henan Institute of Technology,河南,新乡市,地方公办,理工,地方公办,10,500+,false,false,false,false,false,false,false
RC00511,henan-university-of-animal-husbandry-and-economy,河南牧业经济学院,Henan University of Animal Husbandry and Economy,河南,郑州市,地方公办,农业,地方公办,10,500+,false,false,false,false,false,false,false
RC00194,hengshui-university,衡水学院,Hengshui University,河北,衡水市,地方公办,师范,地方公办,10,500+,false,false,false,false,false,false,false
RC00242,hetao-college,河套学院,Hetao college,内蒙古,巴彦淖尔市,地方公办,综合,地方公办,10,500+,false,false,false,false,false,false,false
RC00486,heze-university,菏泽学院,Heze University,山东,菏泽市,地方公办,综合,地方公办,10,500+,false,false,false,false,false,false,false
RC00715,honghe-university,红河学院,Honghe University,云南,红河哈尼族彝族自治州,地方公办,综合,地方公办,10,500+,false,false,false,false,false,false,false
RC00240,hulunbuir-university,呼伦贝尔学院,Hulunbuir University,内蒙古,呼伦贝尔市,地方公办,综合,地方公办,10,500+,false,false,false,false,false,false,false
RC00560,jingchu-university-of-technology,荆楚理工学院,Jingchu University of Technology,湖北,荆门市,地方公办,理工,地方公办,10,500+,false,false,false,false,false,false,false
RC00455,jingdezhen-university,景德镇学院,Jingdezhen University,江西,景德镇市,地方公办,综合,地方公办,10,500+,false,false,false,false,false,false,false
RC00241,jining-normal-university,集宁师范学院,Jining Normal University,内蒙古,乌兰察布市,地方公办,师范,地方公办,10,500+,false,false,false,false,false,false,false
RC00220,jinzhong-university,晋中学院,Jinzhong University,山西,晋中市,地方公办,师范,地方公办,10,500+,false,false,false,false,false,false,false
RC00783,kashi-university,喀什大学,Kashi University,新疆,喀什地区,地方公办,师范,地方公办,10,500+,false,false,false,false,false,false,false
RC00769,lanzhou-institute-of-technology,兰州工业学院,Lanzhou Institute of Technology,甘肃,兰州市,地方公办,理工,地方公办,10,500+,false,false,false,false,false,false,false
RC00768,lanzhou-university-of-arts-and-science,兰州文理学院,Lanzhou University of Arts and Science,甘肃,兰州市,地方公办,综合,地方公办,10,500+,false,false,false,false,false,false,false
RC00278,eastern-liaoning-university,辽东学院,Liaodong University,辽宁,丹东市,地方公办,综合,地方公办,10,500+,false,false,false,false,false,false,false
RC00275,liaoning-institute-of-science-and-technology,辽宁科技学院,Liaoning Institute of Science and Technology,辽宁,本溪市,地方公办,理工,地方公办,10,500+,false,false,false,false,false,false,false
RC00226,luliang-university,吕梁学院,Lyuliang University,山西,吕梁市,地方公办,师范,地方公办,10,500+,false,false,false,false,false,false,false
RC00456,pingxiang-university,萍乡学院,Pingxiang University,江西,萍乡市,地方公办,综合,地方公办,10,500+,false,false,false,false,false,false,false
RC00713,puer-university,普洱学院,Pu'er University,云南,普洱市,地方公办,师范,地方公办,10,500+,false,false,false,false,false,false,false
RC01254,qiongtai-normal-university,琼台师范学院,Qiongtai Normal University,海南,海口市,地方公办,师范,地方公办,10,500+,false,false,false,false,false,false,false
RC00502,shandong-agriculture-and-engineering-university,山东农业工程学院,Shandong Agriculture and Engineering University,山东,济南市,地方公办,综合,地方公办,10,500+,false,false,false,false,false,false,false
RC01103,shengli-college-china-university-of-petroleum,山东石油化工学院,SHANDONG INSTITUTE OF PETROLEUM AND CHEMICAL TECHNOLOGY,山东,东营市,地方公办,理工,地方公办,10,500+,false,false,false,false,false,false,false
RC00748,shangluo-university,商洛学院,Shangluo University,陕西,商洛市,地方公办,综合,地方公办,10,500+,false,false,false,false,false,false,false
RC00995,modern-college-of-humanities-and-sciences-of-shanxi-normal-university,山西电子科技学院,Shanxi University of Electronic Science and Technology,山西,临汾市,地方公办,理工,地方公办,10,500+,false,false,false,false,false,false,false
RC00230,shanxi-institute-of-technology,山西工程技术学院,Shanxi Institute of Technology,山西,阳泉市,地方公办,理工,地方公办,10,500+,false,false,false,false,false,false,false
RC00993,shanxi-college-of-technology,山西工学院,Shanxi College of Technology,山西,朔州市,地方公办,理工,地方公办,10,500+,false,false,false,false,false,false,false
RC00997,huake-college-of-taiyuan-university-of-science-and-technology-1,山西科技学院,Shanxi Institute of Science and Technology,山西,晋城市,地方公办,理工,地方公办,10,500+,false,false,false,false,false,false,false
RC00807,shanxi-institute-of-energy,山西能源学院,Shanxi Institute of Energy,山西,晋中市,地方公办,综合,地方公办,10,500+,false,false,false,false,false,false,false
RC00754,shaanxi-xueqian-normal-university,陕西学前师范学院,Shaanxi Xueqian Normal University,陕西,西安市,地方公办,师范,地方公办,10,500+,false,false,false,false,false,false,false
RC01061,shaoxing-institute-of-technology,绍兴理工学院,Shaoxing Institute of Technology,浙江,绍兴市,地方公办,师范,地方公办,10,500+,false,false,false,false,false,false,false
RC00684,sichuan-university-for-nationalities,四川民族学院,Sichuan Minzu College,四川,甘孜藏族自治州,地方公办,师范,地方公办,10,500+,false,false,false,false,false,false,false
RC00675,sichuan-university-of-arts-and-science,四川文理学院,Sichuan University of Arts and Science,四川,达州市,地方公办,综合,地方公办,10,500+,false,false,false,false,false,false,false
RC00319,suihua-university,绥化学院,Suihua University,黑龙江,绥化市,地方公办,综合,地方公办,10,500+,false,false,false,false,false,false,false
RC00227,taiyuan-university,太原学院,Taiyuan University,山西,太原市,地方公办,理工,地方公办,10,500+,false,false,false,false,false,false,false
RC00373,taizhou-university-tzu,泰州学院,Taizhou University,江苏,泰州市,地方公办,师范,地方公办,10,500+,false,false,false,false,false,false,false
RC00201,tangshan-college,唐山学院,Tangshan University,河北,唐山市,地方公办,理工,地方公办,10,500+,false,false,false,false,false,false,false
RC01242,tianjin-sino-german-university-of-applied-sciences,天津中德应用技术大学,Tianjin Sino-German University of Applied Sciences,天津,天津市,地方公办,理工,地方公办,10,500+,false,false,false,false,false,false,false
RC00723,wenshan-university,文山学院,Wenshan University,云南,文山壮族苗族自治州,地方公办,师范,地方公办,10,500+,false,false,false,false,false,false,false
RC00635,wuzhou-university,梧州学院,Wuzhou University,广西,梧州市,地方公办,综合,地方公办,10,500+,false,false,false,false,false,false,false
RC00197,xingtai-university,邢台学院,Xingtai University,河北,邢台市,地方公办,师范,地方公办,10,500+,false,false,false,false,false,false,false
RC00694,xingyi-normal-university-for-nationalities,兴义民族师范学院,Minzu Normal University of Xingyi,贵州,黔西南布依族苗族自治州,地方公办,师范,地方公办,10,500+,false,false,false,false,false,false,false
RC00787,xinjiang-institute-of-engineering,新疆工程学院,Xinjiang Institute of Engineering,新疆,乌鲁木齐市,地方公办,理工,地方公办,10,500+,false,false,false,false,false,false,false
RC01237,xinjiang-institute-of-technology,新疆理工学院,Xinjiang Institute of Technology,新疆,阿克苏地区,地方公办,综合,地方公办,10,500+,false,false,false,false,false,false,false
RC01241,college-of-science-technology-shihezi-university,新疆政法学院,Xinjiang University of Political Science And Law,新疆,图木舒克市,地方公办,综合,地方公办,10,500+,false,false,false,false,false,false,false
RC00528,xinyang-agriculture-and-forestry-university,信阳农林学院,Xinyang Agriculture and Forestry University,河南,信阳市,地方公办,农业,地方公办,10,500+,false,false,false,false,false,false,false
RC00460,xinyu-university,新余学院,Xinyu University,江西,新余市,地方公办,综合,地方公办,10,500+,false,false,false,false,false,false,false
RC00223,xinzhou-teachers-university,忻州师范学院,Xinzhou Teachers University,山西,忻州市,地方公办,师范,地方公办,10,500+,false,false,false,false,false,false,false
RC00280,yingkou-institute-of-technology,营口理工学院,YingKou Institute of Technology,辽宁,营口市,地方公办,理工,地方公办,10,500+,false,false,false,false,false,false,false
RC00222,yuncheng-university,运城学院,Yuncheng University,山西,运城市,地方公办,综合,地方公办,10,500+,false,false,false,false,false,false,false
RC01250,yuzhang-normal-university,豫章师范学院,Yuzhang Normal University,江西,南昌市,地方公办,师范,地方公办,10,500+,false,false,false,false,false,false,false
RC00211,zhangjiakou-university,张家口学院,Zhangjiakou University,河北,张家口市,地方公办,综合,地方公办,10,500+,false,false,false,false,false,false,false
RC00711,zhaotong-university,昭通学院,Zhaotong University,云南,昭通市,地方公办,师范,地方公办,10,500+,false,false,false,false,false,false,false
RC01251,zhengzhou-institute-of-technology,郑州工程技术学院,Zhengzhou University of Technology,河南,郑州市,地方公办,理工,地方公办,10,500+,false,false,false,false,false,false,false
RC00535,zhengzhou-normal-university,郑州师范学院,Zhengzhou Normal University,河南,郑州市,地方公办,师范,地方公办,10,500+,false,false,false,false,false,false,false
RC00801,gansu-medical-college,甘肃医学院,Gansu Medical College,甘肃,平凉市,地方公办,医药,地方公办,10,医56+,false,false,false,false,false,false,false
RC00591,hunan-university-of-medicine,湖南医药学院,Hunan University of Medicine,湖南,怀化市,地方公办,医药,地方公办,10,医56+,false,false,false,false,false,false,false
RC04389,shanxi-university-of-medicine,山西医药学院,Shanxi University of Medicine,山西,吕梁市,地方公办,医药,地方公办,10,医56+,false,false,false,false,false,false,false
RC01240,xinjiang-second-medical-college,新疆第二医学院,Xinjiang Second Medical College,新疆,克拉玛依市,地方公办,医药,地方公办,10,医56+,false,false,false,false,false,false,false
RC01248,fujian-business-university,福建商学院,Fujian Business University,福建,福州市,地方公办,财经,地方公办,10,财46+,false,false,false,false,false,false,false
RC00796,guilin-tourism-university,桂林旅游学院,Guilin Tourism University,广西,桂林市,地方公办,财经,地方公办,10,财46+,false,false,false,false,false,false,false
RC00799,guizhou-university-of-commerce,贵州商学院,Guizhou University of Commerce,贵州,贵阳市,地方公办,财经,地方公办,10,财46+,false,false,false,false,false,false,false
RC00322,harbin-finance-university,哈尔滨金融学院,Harbin Finance University,黑龙江,哈尔滨市,地方公办,财经,地方公办,10,财46+,false,false,false,false,false,false,false
RC00805,henan-finance-university,河南财政金融学院,Henan Finance University,河南,郑州市,地方公办,财经,地方公办,10,财46+,false,false,false,false,false,false,false
RC00298,jilin-business-and-technology-college,吉林工商学院,Jilin Business and Technology College,吉林,长春市,地方公办,财经,地方公办,10,财46+,false,false,false,false,false,false,false
RC00418,tongling-university,铜陵学院,Tongling University,安徽,铜陵市,地方公办,财经,地方公办,10,财46+,false,false,false,false,false,false,false
RC01239,xinjiang-university-of-finance-economics-business-college,新疆科技学院,Xinjiang College Of Science & Technology,新疆,巴音郭楞蒙古自治州,地方公办,财经,地方公办,10,财46+,false,false,false,false,false,false,false
RC00589,hunan-womens-university,湖南女子学院,Hunan Women's University,湖南,长沙市,地方公办,语言,地方公办,10,语14+,false,false,false,false,false,false,false
RC00243,hohhot-minzu-college,呼和浩特民族学院,Hohhot Minzu College,内蒙古,呼和浩特市,地方公办,民族,地方公办,10,民13+,false,false,false,false,false,false,false
RC00797,guangxi-police-college,广西警察学院,Guangxi Police College,广西,南宁市,地方公办,政法,地方公办,10,政30+,false,false,false,false,false,false,false
RC00494,shandong-police-college,山东警察学院,Shandong Police College,山东,济南市,地方公办,政法,地方公办,10,政30+,false,false,false,false,false,false,false
RC01244,shanxi-police-college,山西警察学院,Shanxi Police College,山西,太原市,地方公办,政法,地方公办,10,政30+,false,false,false,false,false,false,false
RC00789,xinjiang-police-college,新疆警察学院,Xinjiang Police College,新疆,乌鲁木齐市,地方公办,政法,地方公办,10,政30+,false,false,false,false,false,false,false
RC00204,hebei-sport-university,河北体育学院,Hebei Sport University,河北,石家庄市,地方公办,体育,地方公办,10,体13+,false,false,false,false,false,false,false
RC04345,he-nan-ti-yu-xue-yuan,河南体育学院,Henan Sport University,河南,郑州市,地方公办,体育,地方公办,10,体13+,false,false,false,false,false,false,false
RC01552,anhui-university-of-arts,安徽艺术学院,Anhui University of Arts,安徽,合肥市,地方公办,艺术,地方公办,10,,false,false,false,false,false,false,false
RC00929,beihai-college-of-art-and-design,北海艺术设计学院,Beihai University of Art and Design,广西,北海市,民办高校,艺术,民办高校,10,,false,false,false,false,false,true,false
RC00152,beijing-film-academy,北京电影学院,Beijing Film Academy,北京,北京市,地方公办,艺术,地方公办,10,,false,false,false,false,false,false,false
RC00128,beijing-institute-of-fashion-technology,北京服装学院,Beijing Institute of Fashion Technology,北京,北京市,地方公办,艺术,地方公办,10,,false,false,false,false,false,false,false
RC00153,beijing-dance-academy,北京舞蹈学院,Beijing Dance Academy,北京,北京市,地方公办,艺术,地方公办,10,,false,false,false,false,false,false,false
RC00835,dalian-art-college,大连艺术学院,Dalian Art College,辽宁,大连市,民办高校,艺术,民办高校,10,,false,false,false,false,false,true,false
RC00632,guangxi-arts-university,广西艺术学院,Guangxi Arts University,广西,南宁市,地方公办,艺术,地方公办,10,,false,false,false,false,false,false,false
RC00604,guangzhou-academy-of-fine-arts,广州美术学院,Guangzhou Academy of Fine Arts,广东,广州市,地方公办,艺术,地方公办,10,,false,false,false,false,false,false,false
RC00808,harbin-conservatory-of-music,哈尔滨音乐学院,Harbin Conservatory of Music,黑龙江,哈尔滨市,地方公办,艺术,地方公办,10,,false,false,false,false,false,false,false
RC00820,hebei-institute-of-communications,河北传媒学院,Hebei Institute of Communications,河北,石家庄市,民办高校,艺术,民办高校,10,,false,false,false,false,false,true,false
RC00822,hebei-academy-of-fine-arts,河北美术学院,Hebei Academy of Fine Arts,河北,石家庄市,民办高校,艺术,民办高校,10,,false,false,false,false,false,true,false
RC00550,hubei-institute-of-fine-arts,湖北美术学院,Hubei Institute of Fine Arts,湖北,武汉市,地方公办,艺术,地方公办,10,,false,false,false,false,false,false,false
RC00884,jiangxi-institute-of-fashion-technology,江西服装学院,Jiangxi Institute of Fashion Technology,江西,南昌市,民办高校,艺术,民办高校,10,,false,false,false,false,false,true,false
RC00845,jilin-animation-institute,吉林动画学院,Jilin Animation Institute,吉林,长春市,民办高校,艺术,民办高校,10,,false,false,false,false,false,true,false
RC00297,jilin-university-of-arts,吉林艺术学院,Jilin University of Arts,吉林,长春市,地方公办,艺术,地方公办,10,,false,false,false,false,false,false,false
RC01214,yun-nan-yi-shu-xue-yuan-wen-hua-xue-yuan,昆明传媒学院,Communication University of Kunming,云南,昆明市,民办高校,艺术,民办高校,10,,false,false,false,false,false,true,false
RC00272,luxun-academy-of-fine-arts,鲁迅美术学院,Luxun Academy of Fine Arts,辽宁,沈阳市,地方公办,艺术,地方公办,10,,false,false,false,false,false,false,false
RC01028,communication-university-of-china-nanjing,南京传媒学院,Communication University of China Nanjing,江苏,南京市,民办高校,艺术,民办高校,10,,false,false,false,false,false,true,false
RC00359,nanjing-arts-university,南京艺术学院,Nanjing University of the Arts,江苏,南京市,地方公办,艺术,地方公办,10,,false,false,false,false,false,false,false
RC00791,inner-mongolia-arts-university,内蒙古艺术学院,Inner Mongolia Arts University,内蒙古,呼和浩特市,地方公办,艺术,地方公办,10,,false,false,false,false,false,false,false
RC01113,huake-college-of-taiyuan-university-of-science-and-technology-3,青岛电影学院,Qingdao Film Academy,山东,青岛市,民办高校,艺术,民办高校,10,,false,false,false,false,false,true,false
RC00491,shandong-university-of-art-and-design,山东工艺美术学院,Shandong University of Art & Design,山东,济南市,地方公办,艺术,地方公办,10,,false,false,false,false,false,false,false
RC00489,shandong-university-of-arts,山东艺术学院,Shandong University of Arts,山东,济南市,地方公办,艺术,地方公办,10,,false,false,false,false,false,false,false
RC00859,shanghai-institute-of-visual-art,上海视觉艺术学院,Shanghai Institute of Visual Arts,上海,上海市,民办高校,艺术,民办高校,10,,false,false,false,false,false,true,false
RC00341,shanghai-theatre-academy,上海戏剧学院,Shanghai Theatre Academy,上海,上海市,地方公办,艺术,地方公办,10,,false,false,false,false,false,false,false
RC00340,shanghai-conservatory-of-music,上海音乐学院,Shanghai Conservatory of Music,上海,上海市,地方公办,艺术,双一流,10,,false,true,false,false,false,false,false
RC00229,commumication-university-of-shanxi,山西传媒学院,Communication University of Shanxi,山西,太原市,地方公办,艺术,地方公办,10,,false,false,false,false,false,false,false
RC00271,shenyang-conservatory-of-music,沈阳音乐学院,Shenyang Conservatory of Music,辽宁,沈阳市,地方公办,艺术,地方公办,10,,false,false,false,false,false,false,false
RC00936,sichuan-university-of-media-and-communications,四川传媒学院,Sichuan University of Media and Communications,四川,成都市,民办高校,艺术,民办高校,10,,false,false,false,false,false,true,false
RC00940,sichuan-film-and-television-college,四川电影电视学院,Sichuan Film and Television University,四川,成都市,民办高校,艺术,民办高校,10,,false,false,false,false,false,true,false
RC00652,sichuan-fine-arts-institute,四川美术学院,Sichuan Fine Arts Institute,重庆,重庆市,地方公办,艺术,地方公办,10,,false,false,false,false,false,false,false
RC00939,sichuan-college-of-culture-and-arts,四川文化艺术学院,Sichuan University of Culture and Arts,四川,绵阳市,民办高校,艺术,民办高校,10,,false,false,false,false,false,true,false
RC00678,sichuan-conservatory-of-music,四川音乐学院,Sichuan Conservatory of Music,四川,成都市,地方公办,艺术,地方公办,10,,false,false,false,false,false,false,false
RC00967,tianjin-college-of-media-and-arts,天津传媒学院,Tianjin College of Media and Arts,天津,天津市,民办高校,艺术,民办高校,10,,false,false,false,false,false,true,false
RC00177,tianjin-academy-of-fine-arts,天津美术学院,Tianjin Academy of Fine Arts,天津,天津市,地方公办,艺术,地方公办,10,,false,false,false,false,false,false,false
RC00176,tianjin-conservatory-of-music,天津音乐学院,Tianjin Conservatory of Music,天津,天津市,地方公办,艺术,地方公办,10,,false,false,false,false,false,false,false
RC01143,wuhan-university-of-communication,武汉传媒学院,Wuhan College of Communication,湖北,武汉市,民办高校,艺术,民办高校,10,,false,false,false,false,false,true,false
RC00561,wuhan-conservatory-of-music,武汉音乐学院,Wuhan conservatory of Music,湖北,武汉市,地方公办,艺术,地方公办,10,,false,false,false,false,false,false,false
RC00745,xian-academy-of-fine-arts,西安美术学院,Xi'an Academy of Fine Arts,陕西,西安市,地方公办,艺术,地方公办,10,,false,false,false,false,false,false,false
RC00744,xian-conservatory-of-music,西安音乐学院,Xi'an conservatory of music,陕西,西安市,地方公办,艺术,地方公办,10,,false,false,false,false,false,false,false
RC00605,xinghai-conservatory-of-music,星海音乐学院,Xinghai Conservatory of Music,广东,广州市,地方公办,艺术,地方公办,10,,false,false,false,false,false,false,false
RC00786,xinjiang-arts-university,新疆艺术学院,Xinjiang Arts University,新疆,乌鲁木齐市,地方公办,艺术,地方公办,10,,false,false,false,false,false,false,false
RC00717,yunnan-arts-university,云南艺术学院,Yunnan Arts University,云南,昆明市,地方公办,艺术,地方公办,10,,false,false,false,false,false,false,false
RC00809,zhejiang-conservatory-of-music,浙江音乐学院,Zhejiang Conservatory of Music,浙江,杭州市,地方公办,艺术,地方公办,10,,false,false,false,false,false,false,false
RC00388,china-academy-of-art,中国美术学院,China Academy of Art,浙江,杭州市,地方公办,艺术,双一流,10,,false,true,false,false,false,false,false
RC00151,national-academy-of-chinese-theatre-arts,中国戏曲学院,National Academy of Chinese Theatre Arts,北京,北京市,地方公办,艺术,地方公办,10,,false,false,false,false,false,false,false
RC00148,china-conservatory-of-music,中国音乐学院,China Conservatory of Music,北京,北京市,地方公办,艺术,双一流,10,,false,true,false,false,false,false,false
RC00149,central-academy-of-fine-arts,中央美术学院,Central Academy of Fine Arts,北京,北京市,教育部直属,艺术,双一流,10,,false,true,false,false,false,false,false
RC00150,the-central-academy-of-drama,中央戏剧学院,The Central Academy of Drama,北京,北京市,教育部直属,艺术,双一流,10,,false,true,false,false,false,false,false
RC00147,central-conservatory-of-music,中央音乐学院,Central Conservatory of Music,北京,北京市,教育部直属,艺术,双一流,10,,false,true,false,true,false,false,false
RC00867,zhejiang-shuren-university,浙江树人学院,Zhejiang Shuren University,浙江,杭州市,民办高校,理工,民办高校,10,1,false,false,false,false,false,true,false
RC00840,jilin-international-studies-university,吉林外国语大学,Jilin International Studies University,吉林,长春市,民办高校,语言,民办高校,10,语1,false,false,false,false,false,true,false
RC00896,qilu-institute-of-technology,齐鲁理工学院,Qilu Institute of Technology,山东,济南市,民办高校,综合,民办高校,10,2,false,false,false,false,false,true,false
RC01166,zhu-hai-ke-ji-xue-yuan,珠海科技学院,Zhuhai College of Science and Technology,广东,珠海市,民办高校,综合,民办高校,10,3,false,false,false,false,false,true,false
RC00893,shandong-xiehe-university,山东协和学院,Shandong Xiehe University,山东,济南市,民办高校,医药,民办高校,10,4,false,false,false,false,false,true,false
RC00869,ningbo-university-of-finance-economics,宁波财经学院,Ningbo University of Finance & Economics,浙江,宁波市,民办高校,财经,民办高校,10,财1,false,false,false,false,false,true,false
RC00868,zhejiang-yuexiu-university-of-foreign-languages,浙江越秀外国语学院,Zhejiang Yuexiu University,浙江,绍兴市,民办高校,语言,民办高校,10,语2,false,false,false,false,false,true,false
RC00837,dalian-neusoft-university-of-information,大连东软信息学院,Dalian Neusoft University of Information,辽宁,大连市,民办高校,理工,民办高校,10,5,false,false,false,false,false,true,false
RC00959,moutai-institute,茅台学院,Moutai Institute,贵州,遵义市,民办高校,综合,民办高校,10,6,false,false,false,false,false,true,false
RC00842,changchun-university-of-finance-and-economics,长春财经学院,Changchun University of Finance and Economics,吉林,长春市,民办高校,财经,民办高校,10,财2,false,false,false,false,false,true,false
RC00946,xian-fanyi-university,西安翻译学院,Xi'an FanYi University,陕西,西安市,民办高校,语言,民办高校,10,语3,false,false,false,false,false,true,false
RC00947,xijing-university,西京学院,Xijing University,陕西,西安市,民办高校,理工,民办高校,10,7,false,false,false,false,false,true,false
RC00897,huanghe-science-and-technology-college,黄河科技学院,Huanghe S & T University,河南,郑州市,民办高校,理工,民办高校,10,8,false,false,false,false,false,true,false
RC00878,fuzhou-university-of-foreign-studies-and-trade,福州外语外贸学院,Fuzhou University of Foreign Studies and Trade,福建,福州市,民办高校,财经,民办高校,10,财3,false,false,false,false,false,true,false
RC00906,wuhan-donghu-university,武汉东湖学院,Wuhan Donghu University,湖北,武汉市,民办高校,理工,民办高校,10,9,false,false,false,false,false,true,false
RC00934,chongqing-college-of-humanities-science-and-technology,重庆人文科技学院,"Chongqing College of Humanities, Science & Technology",重庆,重庆市,民办高校,综合,民办高校,10,10,false,false,false,false,false,true,false
RC00839,liaoning-communication-university,辽宁传媒学院,Liaoning Communication University,辽宁,沈阳市,民办高校,语言,民办高校,10,语4,false,false,false,false,false,true,false
RC01122,wuchang-shouyi-university,武昌首义学院,Wuchang Shouyi University,湖北,武汉市,民办高校,理工,民办高校,10,11,false,false,false,false,false,true,false
RC00908,wuchang-university-of-technology,武昌理工学院,Wuchang University of Technology,湖北,武汉市,民办高校,理工,民办高校,10,12,false,false,false,false,false,true,false
RC00817,beijing-city-university,北京城市学院,Beijing City University,北京,北京市,民办高校,综合,民办高校,10,13,false,false,false,false,false,true,false
RC01173,guang-zhou-cheng-shi-li-gong-xue-yuan,广州城市理工学院,Guangzhou City University of Technology,广东,广州市,民办高校,理工,民办高校,10,14,false,false,false,false,false,true,false
RC00856,shanghai-sanda-university,上海杉达学院,Sanda University,上海,上海市,民办高校,财经,民办高校,10,财4,false,false,false,false,false,true,false
RC00889,weifang-university-of-science-and-technology,潍坊科技学院,Weifang University of Science and Technology,山东,潍坊市,民办高校,综合,民办高校,10,15,false,false,false,false,false,true,false
RC01105,qingdao-city-university,青岛城市学院,Qingdao City University,山东,青岛市,民办高校,理工,民办高校,10,16,false,false,false,false,false,true,false
RC00841,changchun-guanghua-university,长春光华学院,Changchun Guanghua University,吉林,长春市,民办高校,综合,民办高校,10,17,false,false,false,false,false,true,false
RC00911,wuhan-technology-and-business-university,武汉工商学院,Wuhan Technology and Business University,湖北,武汉市,民办高校,财经,民办高校,10,财5,false,false,false,false,false,true,false
RC01172,nanfang-college-guangzhou,广州南方学院,"Nanfang College, Guangzhou",广东,广州市,民办高校,综合,民办高校,10,18,false,false,false,false,false,true,false
RC00922,guangzhou-college-of-commerce,广州商学院,Guangzhou College of Commerce,广东,广州市,民办高校,财经,民办高校,10,财6,false,false,false,false,false,true,false
RC00863,taihu-university-of-wuxi,无锡太湖学院,Wuxi Taihu University,江苏,无锡市,民办高校,综合,民办高校,10,19,false,false,false,false,false,true,false
RC00887,qingdao-binhai-university,青岛滨海学院,Qingdao Binhai University,山东,青岛市,民办高校,综合,民办高校,10,20,false,false,false,false,false,true,false
RC00825,yanching-institute-of-technology,燕京理工学院,Yanching Institute of Technology,河北,廊坊市,民办高校,综合,民办高校,10,21,false,false,false,false,false,true,false
RC00892,qingdao-huanghai-university,青岛黄海学院,Qingdao Huanghai University,山东,青岛市,民办高校,综合,民办高校,10,22,false,false,false,false,false,true,false
RC01013,jilin-university-of-architecture-and-technology,吉林建筑科技学院,Jilin University of Architecture and Technology,吉林,长春市,民办高校,理工,民办高校,10,23,false,false,false,false,false,true,false
RC00873,anhui-xinhua-university,安徽新华学院,Anhui Xinhua University,安徽,合肥市,民办高校,理工,民办高校,10,24,false,false,false,false,false,true,false
RC01188,chongqing-finance-and-economics-college,重庆财经学院,Chongqing Finance and Economics College,重庆,重庆市,民办高校,财经,民办高校,10,财7,false,false,false,false,false,true,false
RC01082,yango-university,阳光学院,Yango University,福建,福州市,民办高校,理工,民办高校,10,25,false,false,false,false,false,true,false
RC01197,sichuan-university-jincheng-college,成都锦城学院,Chengdu Jincheng College,四川,成都市,民办高校,综合,民办高校,10,26,false,false,false,false,false,true,false
RC00857,shanghai-jianqiao-university,上海建桥学院,Shanghai Jian Qiao University,上海,上海市,民办高校,综合,民办高校,10,27,false,false,false,false,false,true,false
RC00886,qilu-medical-university,齐鲁医药学院,Qilu Medical University,山东,淄博市,民办高校,医药,民办高校,10,28,false,false,false,false,false,true,false
RC01015,changchun-college-of-electronic-technology,长春电子科技学院,Changchun College Of Electronic Technology,吉林,长春市,民办高校,理工,民办高校,10,29,false,false,false,false,false,true,false
RC00844,changchun-sci-tech-university,长春科技学院,Changchun Sci-Tech University,吉林,长春市,民办高校,综合,民办高校,10,30,false,false,false,false,false,true,false
RC00861,sanjiang-university,三江学院,Sanjiang University,江苏,南京市,民办高校,综合,民办高校,10,31,false,false,false,false,false,true,false
RC00905,zhengzhou-shengda-university,郑州升达经贸管理学院,Zhengzhou Shengda University,河南,郑州市,民办高校,财经,民办高校,10,财8,false,false,false,false,false,true,false
RC00828,liaoning-university-of-international-business,辽宁对外经贸学院,Liaoning University of International Business and Economics,辽宁,大连市,民办高校,财经,民办高校,10,财9,false,false,false,false,false,true,false
RC00888,yantai-nanshan-university,烟台南山学院,Yantai Nanshan University,山东,烟台市,民办高校,理工,民办高校,10,32,false,false,false,false,false,true,false
RC01119,north-henan-medical-university,豫北医学院,North Henan Medical University,河南,新乡市,民办高校,医药,民办高校,10,33,false,false,false,false,false,true,false
RC00909,wuhan-institute-of-bioengineering,武汉生物工程学院,Wuhan University of Bioengineering,湖北,武汉市,民办高校,理工,民办高校,10,34,false,false,false,false,false,true,false
RC00879,quanzhou-university-of-information-engineering,泉州信息工程学院,Quanzhou University of Information Engineering,福建,泉州市,民办高校,理工,民办高校,10,35,false,false,false,false,false,true,false
RC00937,chengdu-college-of-arts-and-sciences,成都文理学院,Chengdu College of Arts and Sciences,四川,成都市,民办高校,师范,民办高校,10,36,false,false,false,false,false,true,false
RC00943,xian-peihua-university,西安培华学院,Xi'an Peihua University,陕西,西安市,民办高校,综合,民办高校,10,37,false,false,false,false,false,true,false
RC01118,zhongyuan-institute-of-science-and-technology,中原科技学院,Zhongyuan Institute of Science and Technology,河南,郑州市,民办高校,师范,民办高校,10,38,false,false,false,false,false,true,false
RC01067,wenzhou-business-college,温州商学院,Wenzhou Business College,浙江,温州市,民办高校,财经,民办高校,10,财10,false,false,false,false,false,true,false
RC00919,guangdong-baiyun-university,广东白云学院,Guangdong Baiyun University,广东,广州市,民办高校,理工,民办高校,10,39,false,false,false,false,false,true,false
RC00945,xian-international-university,西安外事学院,Xi'an International University,陕西,西安市,民办高校,综合,民办高校,10,40,false,false,false,false,false,true,false
RC00898,zhengzhou-university-of-science-and-technology,郑州科技学院,Zhengzhou University of Science and Technology,河南,郑州市,民办高校,理工,民办高校,10,41,false,false,false,false,false,true,false
RC00915,hunan-international-economics-university,湖南涉外经济学院,Hunan International Economics University,湖南,长沙市,民办高校,财经,民办高校,10,财11,false,false,false,false,false,true,false
RC00924,guangdong-university-of-science-and-technology,广东科技学院,Guangdong University of Science & Technology,广东,东莞市,民办高校,综合,民办高校,10,42,false,false,false,false,false,true,false
RC00912,wen-hua-college,文华学院,Wenhua College,湖北,武汉市,民办高校,理工,民办高校,10,43,false,false,false,false,false,true,false
RC00928,nanning-university,南宁学院,Nanning University,广西,南宁市,民办高校,理工,民办高校,10,44,false,false,false,false,false,true,false
RC01168,guangzhou-xinhua-university,广州新华学院,Guangzhou Xinhua University,广东,广州市,民办高校,综合,民办高校,10,45,false,false,false,false,false,true,false
RC00899,zhengzhou-university-of-industry-technology,郑州工业应用技术学院,Zhengzhou University of Industrial Technology,河南,郑州市,民办高校,理工,民办高校,10,46,false,false,false,false,false,true,false
RC00882,nanchang-institute-of-technology-nut,南昌理工学院,Nanchang Institute of Technology,江西,南昌市,民办高校,综合,民办高校,10,47,false,false,false,false,false,true,false
RC01123,wuhan-college,武汉学院,Wuhan College,湖北,武汉市,民办高校,财经,民办高校,10,财12,false,false,false,false,false,true,false
RC00834,shenyang-city-university,沈阳城市学院,Shenyang City University,辽宁,沈阳市,民办高校,综合,民办高校,10,48,false,false,false,false,false,true,false
RC00829,shenyang-institute-of-technology,沈阳工学院,Shenyang Institute of Technology,辽宁,抚顺市,民办高校,理工,民办高校,10,49,false,false,false,false,false,true,false
RC00932,university-of-sanya,三亚学院,University of Sanya,海南,三亚市,民办高校,综合,民办高校,10,50,false,false,false,false,false,true,false
RC01170,software-engineering-institute-of-guangzhou,广州软件学院,Software Engineering Institute of Guangzhou,广东,广州市,民办高校,理工,民办高校,10,51,false,false,false,false,false,true,false
RC00944,xian-eurasia-university,西安欧亚学院,Xi'an Eurasia University,陕西,西安市,民办高校,财经,民办高校,10,财13,false,false,false,false,false,true,false
RC01210,dianchi-college-of-yunnan-university,滇池学院,Dianchi College of Yunnan University,云南,昆明市,民办高校,综合,民办高校,10,52,false,false,false,false,false,true,false
RC00991,cangzhou-jiaotong-college,沧州交通学院,Cangzhou Jiaotong College,河北,沧州市,民办高校,理工,民办高校,10,53,false,false,false,false,false,true,false
RC01120,xinke-college-of-henan-institute-of-science-and-technology,新乡工程学院,Xinxiang Institute of Engineering,河南,新乡市,民办高校,理工,民办高校,10,54,false,false,false,false,false,true,false
RC01191,chongqing-metropolitan-college-of-science-and-technology,重庆城市科技学院,Chongqing Metropolitan College of Science and Technology,重庆,重庆市,民办高校,综合,民办高校,10,55,false,false,false,false,false,true,false
RC01116,zhengzhou-university-of-economics-and-business,郑州经贸学院,Zhengzhou University of Economics and Business,河南,郑州市,民办高校,财经,民办高校,10,财14,false,false,false,false,false,true,false
RC00890,shandong-yingcai-university,山东英才学院,Shandong Yingcai University,山东,济南市,民办高校,综合,民办高校,10,56,false,false,false,false,false,true,false
RC01212,tourism-and-culture-college-of-yunnan-university,丽江文化旅游学院,Lijiang Culture and Tourism College,云南,丽江市,民办高校,综合,民办高校,10,57,false,false,false,false,false,true,false
RC01104,yantai-institute-of-technology,烟台理工学院,Yantai Institute of Technology,山东,烟台市,民办高校,综合,民办高校,10,58,false,false,false,false,false,true,false
RC00914,changsha-medical-university,长沙医学院,Changsha Medical University,湖南,长沙市,民办高校,医药,民办高校,10,59,false,false,false,false,false,true,false
RC00941,yunnan-university-of-business-management,云南经济管理学院,Yunnan College of Business Management,云南,昆明市,民办高校,财经,民办高校,10,财15,false,false,false,false,false,true,false
RC00920,guang-dong-peizheng-college,广东培正学院,Guangdong Peizheng College,广东,广州市,民办高校,财经,民办高校,10,财16,false,false,false,false,false,true,false
RC00877,minnan-university-of-science-and-technology,闽南理工学院,Minnan University of Science and Technology,福建,泉州市,民办高校,理工,民办高校,10,60,false,false,false,false,false,true,false
RC01208,college-of-humanities-sciences-of-guizhou-minzu-university,贵阳人文科技学院,Guiyang Institute of Humanities and Technology,贵州,贵阳市,民办高校,民族,民办高校,10,61,false,false,false,false,false,true,false
RC00891,qingdao-hengxing-university-of-science-and-technology,青岛恒星科技学院,Hengxing University,山东,青岛市,民办高校,综合,民办高校,10,62,false,false,false,false,false,true,false
RC00948,xian-siyuan-university,西安思源学院,Xi'an Siyuan University,陕西,西安市,民办高校,理工,民办高校,10,62,false,false,false,false,false,true,false
RC00833,dalian-university-of-finance-and-economics,大连财经学院,Dalian University of Finance and Economics,辽宁,大连市,民办高校,财经,民办高校,10,财17,false,false,false,false,false,true,false
RC00931,haikou-university-of-economics,海口经济学院,Haikou University of economics,海南,海口市,民办高校,财经,民办高校,10,财18,false,false,false,false,false,true,false
RC00904,zhengzhou-business-university,郑州商学院,Zhengzhou Business University,河南,郑州市,民办高校,财经,民办高校,10,财19,false,false,false,false,false,true,false
RC01115,henan-university-minsheng-college,河南开封科技传媒学院,Henan Kaifeng College of Science Technology and Communication,河南,开封市,民办高校,财经,民办高校,10,财20,false,false,false,false,false,true,false
RC01207,mingde-college-of-guizhou-university-3,贵州黔南经济学院,Guizhou Qiannan Economic College,贵州,黔南布依族苗族自治州,民办高校,财经,民办高校,10,财21,false,false,false,false,false,true,false
RC01187,chongqing-college-of-international-business-and-economics,重庆对外经贸学院,Chongqing College of International Business and Economics,重庆,重庆市,民办高校,财经,民办高校,10,财22,false,false,false,false,false,true,false
RC01171,guangzhou-institute-of-science-and-technology,广州理工学院,Guangzhou Institute of Science and Technology,广东,广州市,民办高校,理工,民办高校,10,64,false,false,false,false,false,true,false
RC00843,changchun-university-of-architecture-and-civil-engineering,长春建筑学院,Changchun University of Architecture and Civil Engineering,吉林,长春市,民办高校,理工,民办高校,10,65,false,false,false,false,false,true,false
RC01174,guangzhou-huashang-college,广州华商学院,Guangzhou Huashang College,广东,广州市,民办高校,财经,民办高校,10,财23,false,false,false,false,false,true,false
RC00846,east-university-of-heilongjiang,黑龙江东方学院,East University of Heilongjiang,黑龙江,哈尔滨市,民办高校,综合,民办高校,10,66,false,false,false,false,false,true,false
RC00880,jiangxi-university-of-technology,江西科技学院,Jiangxi University of Technology,江西,南昌市,民办高校,综合,民办高校,10,66,false,false,false,false,false,true,false
RC01194,sichuan-technology-and-business-university,四川工商学院,Sichuan Technology and Business University,四川,成都市,民办高校,综合,民办高校,10,68,false,false,false,false,false,true,false
RC00903,shangqiu-university,商丘学院,Shangqiu University,河南,商丘市,民办高校,综合,民办高校,10,69,false,false,false,false,false,true,false
RC00952,ningxia-institute-of-science-and-technology,宁夏理工学院,Ningxia Institute of Science and Technology,宁夏,石嘴山市,民办高校,综合,民办高校,10,70,false,false,false,false,false,true,false
RC00814,sias-university,郑州西亚斯学院,Sias University,河南,郑州市,民办高校,综合,民办高校,10,71,false,false,false,false,false,true,false
RC01110,weifeng-institute-of-technology,潍坊理工学院,Weifeng Institute of Technology,山东,潍坊市,民办高校,综合,民办高校,10,72,false,false,false,false,false,true,false
RC00923,guangzhou-college-of-technology-and-business,广州工商学院,Guangzhou College of Technology and Business,广东,广州市,民办高校,财经,民办高校,10,财24,false,false,false,false,false,true,false
RC01175,zhanjiang-university-of-science-and-technology,湛江科技学院,Zhanjiang University of Science and Technology,广东,湛江市,民办高校,综合,民办高校,10,73,false,false,false,false,false,true,false
RC01164,guangzhou-college-of-applied-science-and-technology,广州应用科技学院,Guangzhou College of Applied Science and Technology,广东,广州市,民办高校,综合,民办高校,10,74,false,false,false,false,false,true,false
RC00935,chengdu-neusoft-university,成都东软学院,Chengdu Neusoft University,四川,成都市,民办高校,理工,民办高校,10,75,false,false,false,false,false,true,false
RC00838,liaoning-finance-and-trade-college,辽宁财贸学院,Liaoning Finance and Trade College,辽宁,葫芦岛市,民办高校,财经,民办高校,10,财25,false,false,false,false,false,true,false
RC01117,anyang-university,安阳学院,Anyang University,河南,安阳市,民办高校,师范,民办高校,10,76,false,false,false,false,false,true,false
RC01190,chongqing-college-of-mobile-communication,重庆移通学院,Chongqing College of Mobile Telecommunication,重庆,重庆市,民办高校,理工,民办高校,10,77,false,false,false,false,false,true,false
RC00836,he-university,辽宁何氏医学院,He University,辽宁,沈阳市,民办高校,医药,民办高校,10,78,false,false,false,false,false,true,false
RC00894,shandong-huayu-university-of-technology,山东华宇工学院,Shandong Huayu University of Technology,山东,德州市,民办高校,理工,民办高校,10,78,false,false,false,false,false,true,false
RC00885,nanchang-institute-of-science-and-technology,南昌工学院,Nanchang Institute of Science & Technology,江西,南昌市,民办高校,理工,民办高校,10,80,false,false,false,false,false,true,false
RC00881,jiangxi-university-of-engineering,江西工程学院,Jiangxi University of Engineering,江西,新余市,民办高校,理工,民办高校,10,81,false,false,false,false,false,true,false
RC00921,neusoft-institute-guangdong,广东东软学院,Neusoft Institute Guangdong,广东,佛山市,民办高校,理工,民办高校,10,82,false,false,false,false,false,true,false
RC00862,nantong-institute-of-technology,南通理工学院,Nantong Institute of Technology,江苏,南通市,民办高校,理工,民办高校,10,82,false,false,false,false,false,true,false
RC00900,zhengzhou-institute-of-finance-and-economic,郑州财经学院,Zhengzhou College of Finance and Economics,河南,郑州市,民办高校,财经,民办高校,10,财26,false,false,false,false,false,true,false
RC00902,shangqiu-university-of-technology,商丘工学院,Shangqiu University of Technology,河南,商丘市,民办高校,理工,民办高校,10,84,false,false,false,false,false,true,false
RC01016,changchun-humanities-and-sciences-college,长春人文学院,Changchun Humanities and Sciences College,吉林,长春市,民办高校,综合,民办高校,10,85,false,false,false,false,false,true,false
RC00901,huanghe-jiaotong-university,黄河交通学院,Huanghe Jiaotong University,河南,焦作市,民办高校,理工,民办高校,10,86,false,false,false,false,false,true,false
RC01225,xian-mingde-institute-of-technology,西安明德理工学院,Xi'an Mingde Institute of Technology,陕西,西安市,民办高校,综合,民办高校,10,86,false,false,false,false,false,true,false
RC00954,xiamen-huaxia-university,厦门华厦学院,Xiamen Huaxia University,福建,厦门市,民办高校,综合,民办高校,10,88,false,false,false,false,false,true,false
RC00942,yunnan-technology-and-business-university,云南工商学院,Yunnan Technology and Business University,云南,昆明市,民办高校,综合,民办高校,10,88,false,false,false,false,false,true,false
RC01167,city-college-of-dongguan-university-of-technology,东莞城市学院,Dongguan City University,广东,东莞市,民办高校,理工,民办高校,10,90,false,false,false,false,false,true,false
RC01121,xinyang-university,信阳学院,Xinyang University,河南,信阳市,民办高校,师范,民办高校,10,90,false,false,false,false,false,true,false
RC01112,university-of-jinan-quancheng-college,烟台科技学院,Yantai Institute of Science and Technology,山东,烟台市,民办高校,综合,民办高校,10,92,false,false,false,false,false,true,false
RC00949,shaanxi-institute-of-international-trade-and-commerce,陕西国际商贸学院,Shaanxi University of International Trade & Commerce,陕西,咸阳市,民办高校,财经,民办高校,10,财27,false,false,false,false,false,true,false
RC00973,tianjin-university-renai-college,天津仁爱学院,Tianjin Renai College,天津,天津市,民办高校,综合,民办高校,10,93,false,false,false,false,false,true,false
RC01114,zhengzhou-technology-and-business-university,郑州工商学院,Zhengzhou Technology and Business University,河南,郑州市,民办高校,理工,民办高校,10,94,false,false,false,false,false,true,false
RC00938,sichuan-institute-of-industrial-technology,四川工业科技学院,Sichuan Institute of Industrial Technology,四川,德阳市,民办高校,综合,民办高校,10,95,false,false,false,false,false,true,false
RC00847,harbin-institute-of-information-technology,哈尔滨信息工程学院,Harbin Institute of Information Technology,黑龙江,哈尔滨市,民办高校,理工,民办高校,10,96,false,false,false,false,false,true,false
RC00849,heilongjiang-international-university,黑龙江外国语学院,Heilongjiang International University,黑龙江,哈尔滨市,民办高校,语言,民办高校,10,语5,false,false,false,false,false,true,false
RC01086,xiamen-institute-of-technology,厦门工学院,Xiamen Institute of Technology,福建,厦门市,民办高校,理工,民办高校,10,97,false,false,false,false,false,true,false
RC00895,qingdao-institute-of-technology,青岛工学院,Qingdao Institute of Technology,山东,青岛市,民办高校,综合,民办高校,10,98,false,false,false,false,false,true,false
RC00874,anhui-wenda-university-of-information-engineering,安徽文达信息工程学院,Anhui Wenda University of Information Engineering,安徽,合肥市,民办高校,理工,民办高校,10,99,false,false,false,false,false,true,false
RC00831,shenyang-urban-construction-university,沈阳城市建设学院,Shenyang urban construction University,辽宁,沈阳市,民办高校,理工,民办高校,10,100,false,false,false,false,false,true,false
RC00876,yang-en-university,仰恩大学,Yang-En University,福建,泉州市,民办高校,综合,民办高校,10,100,false,false,false,false,false,true,false
RC00872,anhui-sanlian-university,安徽三联学院,Anhui Sanlian University,安徽,合肥市,民办高校,理工,民办高校,10,100+,false,false,false,false,false,true,false
RC01078,anhui-institute-of-information-technology,安徽信息工程学院,Anhui Institute of Information Technology,安徽,芜湖市,民办高校,理工,民办高校,10,100+,false,false,false,false,false,true,false
RC00989,baoding-university-of-technology,保定理工学院,Baoding University of Technology,河北,保定市,民办高校,综合,民办高校,10,100+,false,false,false,false,false,true,false
RC01155,changde-college,常德学院,Changde College,湖南,常德市,民办高校,综合,民办高校,10,100+,false,false,false,false,false,true,false
RC00933,chongqing-institute-of-engineering,重庆工程学院,Chongqing Institute of Engineering,重庆,重庆市,民办高校,理工,民办高校,10,100+,false,false,false,false,false,true,false
RC00830,dalian-university-of-science-and-technology,大连科技学院,Dalian University of Science and Technology,辽宁,大连市,民办高校,理工,民办高校,10,100+,false,false,false,false,false,true,false
RC01079,college-of-information-engineering-fuyang-normal-university,阜阳理工学院,Fuyang University of Technology,安徽,阜阳市,民办高校,综合,民办高校,10,100+,false,false,false,false,false,true,false
RC01084,fuzhou-technology-and-business-college,福州工商学院,Fuzhou Technology and Business University,福建,福州市,民办高校,理工,民办高校,10,100+,false,false,false,false,false,true,false
RC00955,fuzhou-institute-of-technology,福州理工学院,Fuzhou Institute of Technology,福建,福州市,民办高校,理工,民办高校,10,100+,false,false,false,false,false,true,false
RC00925,guangdong-polytechnic-college,广东理工学院,Guangdong Technology College,广东,肇庆市,民办高校,理工,民办高校,10,100+,false,false,false,false,false,true,false
RC01163,huali-college-guangdong-university-of-technology,广州华立学院,Guangzhou Huali College,广东,广州市,民办高校,理工,民办高校,10,100+,false,false,false,false,false,true,false
RC01178,institute-of-information-technology-of-guet,桂林信息科技学院,Guilin Institute of Information Technology,广西,桂林市,民办高校,理工,民办高校,10,100+,false,false,false,false,false,true,false
RC01177,lijiang-college-guangxi-normal-university,桂林学院,Guilin University,广西,桂林市,民办高校,综合,民办高校,10,100+,false,false,false,false,false,true,false
RC01203,mingde-college-of-guizhou-university-1,贵阳信息科技学院,Guiyang Institute of Information Science and Technology,贵州,贵阳市,民办高校,综合,民办高校,10,100+,false,false,false,false,false,true,false
RC01202,the-college-of-science-and-technolegy-of-guizhou-university,贵州黔南科技学院,Guizhou Qiannan College of Science and Technology,贵州,黔南布依族苗族自治州,民办高校,综合,民办高校,10,100+,false,false,false,false,false,true,false
RC00854,harbin-guangxia-university,哈尔滨广厦学院,Harbin Guangsha College,黑龙江,哈尔滨市,民办高校,综合,民办高校,10,100+,false,false,false,false,false,true,false
RC00855,harbin-huade-university,哈尔滨华德学院,Harbin Huade University,黑龙江,哈尔滨市,民办高校,理工,民办高校,10,100+,false,false,false,false,false,true,false
RC00853,harbin-cambridge-university,哈尔滨剑桥学院,Harbin Cambridge University,黑龙江,哈尔滨市,民办高校,综合,民办高校,10,100+,false,false,false,false,false,true,false
RC00851,harbin-institute-of-petroleum,哈尔滨石油学院,Harbin Institute of Petroleum,黑龙江,哈尔滨市,民办高校,理工,民办高校,10,100+,false,false,false,false,false,true,false
RC00852,harbin-far-east-institute-of-technology,哈尔滨远东理工学院,Harbin Far East Institute of Technology,黑龙江,哈尔滨市,民办高校,理工,民办高校,10,100+,false,false,false,false,false,true,false
RC00907,hankou-university,汉口学院,Hankou University,湖北,武汉市,民办高校,理工,民办高校,10,100+,false,false,false,false,false,true,false
RC01292,hebei-oriental-university,河北东方学院,Hebei Oriental University,河北,廊坊市,民办高校,综合,民办高校,10,100+,false,false,false,false,false,true,false
RC00821,hebei-polytechnic-institute,河北工程技术学院,Hebei University of Engineering Science,河北,石家庄市,民办高校,理工,民办高校,10,100+,false,false,false,false,false,true,false
RC00823,hebei-college-of-science-and-technology,河北科技学院,Hebei College of Science and Technology,河北,保定市,民办高校,理工,民办高校,10,100+,false,false,false,false,false,true,false
RC01077,he-fei-cheng-shi-xue-yuan,合肥城市学院,HeFei City College,安徽,合肥市,民办高校,理工,民办高校,10,100+,false,false,false,false,false,true,false
RC01019,heilongjiang-college-of-business-and-technology,黑龙江工商学院,Heilongjiang University of Business and Technology,黑龙江,哈尔滨市,民办高校,农业,民办高校,10,100+,false,false,false,false,false,true,false
RC01076,school-of-information-huaibei-normal-university,淮北理工学院,Huaibei Institute of Technology,安徽,淮北市,民办高校,师范,民办高校,10,100+,false,false,false,false,false,true,false
RC01138,hubei-enshi-college,湖北恩施学院,Hubei Enshi College,湖北,恩施土家族苗族自治州,民办高校,理工,民办高校,10,100+,false,false,false,false,false,true,false
RC00918,hunan-institute-of-traffic-engineering,湖南交通工程学院,Hunan Institute of Traffic Engineering,湖南,衡阳市,民办高校,理工,民办高校,10,100+,false,false,false,false,false,true,false
RC00917,hunan-university-of-information-technology,湖南信息学院,Hunan University of Information Technology,湖南,长沙市,民办高校,理工,民办高校,10,100+,false,false,false,false,false,true,false
RC00916,hunan-applied-technology-university,湖南应用技术学院,Hunan Applied Technology University,湖南,常德市,民办高校,综合,民办高校,10,100+,false,false,false,false,false,true,false
RC00883,jiangxi-college-of-application-science-and-technology,江西应用科技学院,Jiangxi Institute of Applied Science and Technology,江西,南昌市,民办高校,综合,民办高校,10,100+,false,false,false,false,false,true,false
RC00818,geely-university-of-china,吉利学院,Geely University of China,四川,成都市,民办高校,综合,民办高校,10,100+,false,false,false,false,false,true,false
RC01142,yangtze-university-college-of-engineering-technology,荆州学院,Jingzhou University,湖北,荆州市,民办高校,理工,民办高校,10,100+,false,false,false,false,false,true,false
RC00998,jinzhong-college-of-health,晋中健康学院,Jinzhong College of Health,山西,晋中市,民办高校,医药,民办高校,10,100+,false,false,false,false,false,true,false
RC00994,jinzhong-college-of-information,晋中信息学院,Jinzhong College of Information,山西,晋中市,民办高校,综合,民办高校,10,100+,false,false,false,false,false,true,false
RC01211,yunnan-normal-university-business-school,昆明城市学院,Kunming City University,云南,昆明市,民办高校,综合,民办高校,10,100+,false,false,false,false,false,true,false
RC01215,the-college-of-arts-and-sciences-yunnan-normal-university,昆明文理学院,The College of Arts and Sciences·Kunming,云南,昆明市,民办高校,理工,民办高校,10,100+,false,false,false,false,false,true,false
RC01231,lanzhou-jiaotong-university-bowen-college,兰州博文科技学院,Lanzhou Bowen College of Science and Technology,甘肃,兰州市,民办高校,理工,民办高校,10,100+,false,false,false,false,false,true,false
RC01233,lanzhou-college-of-information-science-and-technology,兰州信息科技学院,Lanzhou University of Information Science and Technology,甘肃,兰州市,民办高校,理工,民办高校,10,100+,false,false,false,false,false,true,false
RC00832,liaoning-institute-of-science-and-engineering,辽宁理工学院,Liaoning Institute of Science and Engineering,辽宁,锦州市,民办高校,综合,民办高校,10,100+,false,false,false,false,false,true,false
RC01180,liuzhou-institute-of-technology,柳州工学院,Liuzhou Institute of Technology,广西,柳州市,民办高校,理工,民办高校,10,100+,false,false,false,false,false,true,false
RC01074,maanshan-university,马鞍山学院,Ma'anshan University,安徽,马鞍山市,民办高校,理工,民办高校,10,100+,false,false,false,false,false,true,false
RC01198,city-college-southwest-university-of-science-and-technology,绵阳城市学院,Mianyang City College,四川,绵阳市,民办高校,理工,民办高校,10,100+,false,false,false,false,false,true,false
RC01085,minnan-science-and-technology-university,闽南科技学院,MINNAN SCIENCE AND TECHNOLOGY COLLEGE,福建,泉州市,民办高校,理工,民办高校,10,100+,false,false,false,false,false,true,false
RC01093,institute-of-technology-east-china-jiaotong-university,南昌交通学院,Nanchang Jiaotong Institute,江西,南昌市,民办高校,理工,民办高校,10,100+,false,false,false,false,false,true,false
RC01101,polytechnic-institute-of-jiangxi-science-and-technology-normal-university,南昌应用技术师范学院,Nanchang Normal College of Applied Technology,江西,南昌市,民办高校,理工,民办高校,10,100+,false,false,false,false,false,true,false
RC01179,bowen-college-of-management-gut,南宁理工学院,Nanning College of Technology,广西,桂林市,民办高校,理工,民办高校,10,100+,false,false,false,false,false,true,false
RC01001,inner-mongolia-honder-college-of-arts-and-sciences,内蒙古鸿德文理学院,Inner Mongolia Honder College of Arts and Sciences,内蒙古,呼和浩特市,民办高校,师范,民办高校,10,100+,false,false,false,false,false,true,false
RC00848,qiqihar-institute-of-technology,齐齐哈尔工程学院,Qiqihar Institute of Technology,黑龙江,齐齐哈尔市,民办高校,综合,民办高校,10,100+,false,false,false,false,false,true,false
RC00956,shandong-xiandai-university,山东现代学院,Shandong Xiandai University,山东,济南市,民办高校,综合,民办高校,10,100+,false,false,false,false,false,true,false
RC01554,shanghai-lida-university,上海立达学院,Shanghai lida University,上海,上海市,民办高校,综合,民办高校,10,100+,false,false,false,false,false,true,false
RC00950,shaanxi-fashion-engineering-university,陕西服装工程学院,Shaanxi Fashion Engineering University,陕西,咸阳市,民办高校,理工,民办高校,10,100+,false,false,false,false,false,true,false
RC00996,college-of-information-and-business-north-university-of-china,山西晋中理工学院,Shanxi Jinzhong Institute of Technology,山西,晋中市,民办高校,理工,民办高校,10,100+,false,false,false,false,false,true,false
RC00826,shanxi-college-of-applied-science-and-technology,山西应用科技学院,Shanxi College of Applied Science and Technology,山西,太原市,民办高校,综合,民办高校,10,100+,false,false,false,false,false,true,false
RC01012,shenyang-institue-of-science-and-technology,沈阳科技学院,Shenyang Institue of Science and Technology,辽宁,沈阳市,民办高校,理工,民办高校,10,100+,false,false,false,false,false,true,false
RC01106,taishan-college-of-science-and-technology,泰山科技学院,Taishan College of Science and Technology,山东,泰安市,民办高校,综合,民办高校,10,100+,false,false,false,false,false,true,false
RC00819,tianshi-college,天津天狮学院,Tianshi College,天津,天津市,民办高校,综合,民办高校,10,100+,false,false,false,false,false,true,false
RC01080,wanjiang-university-of-technology,皖江工学院,Wanjiang University of Technology,安徽,马鞍山市,民办高校,综合,民办高校,10,100+,false,false,false,false,false,true,false
RC00910,wuchang-institute-of-technology,武昌工学院,Wuchang Institute of Technology,湖北,武汉市,民办高校,理工,民办高校,10,100+,false,false,false,false,false,true,false
RC01127,wuhan-city-college,武汉城市学院,City University of Wuhan,湖北,武汉市,民办高校,理工,民办高校,10,100+,false,false,false,false,false,true,false
RC00913,wuhan-university-of-engineering-science,武汉工程科技学院,Wuhan University of Engineering Science,湖北,武汉市,民办高校,理工,民办高校,10,100+,false,false,false,false,false,true,false
RC01124,wuhan-huaxia-university-of-technology,武汉华夏理工学院,Wuhan Huaxia Institute of Technology,湖北,武汉市,民办高校,理工,民办高校,10,100+,false,false,false,false,false,true,false
RC01145,wuhan-qingchuan-university,武汉晴川学院,Wuhan Qingchuan University,湖北,武汉市,民办高校,综合,民办高校,10,100+,false,false,false,false,false,true,false
RC01144,wuhan-institute-of-design-and-sciences,武汉设计工程学院,Wuhan Institute of Design and Sciences,湖北,武汉市,民办高校,理工,民办高校,10,100+,false,false,false,false,false,true,false
RC01071,wanjiang-college-of-anhui-normal-university,芜湖学院,Wuhu University,安徽,芜湖市,民办高校,师范,民办高校,10,100+,false,false,false,false,false,true,false
RC01222,xian-technology-and-business-college,西安工商学院,Xi'an Technology and Business College,陕西,西安市,民办高校,理工,民办高校,10,100+,false,false,false,false,false,true,false
RC00951,xian-traffic-engineering-institute,西安交通工程学院,Xi'an Traffic Engineering University,陕西,西安市,民办高校,理工,民办高校,10,100+,false,false,false,false,false,true,false
RC01235,china-university-of-mining-and-technology-yinchuan-college,银川科技学院,Yinchuan University of Science and Technology,宁夏,银川市,民办高校,综合,民办高校,10,100+,false,false,false,false,false,true,false
RC00953,yinchuan-university-of-energy,银川能源学院,Yinchuan University of Energy,宁夏,银川市,民办高校,理工,民办高校,10,100+,false,false,false,false,false,true,false
RC01156,yueyang-university,岳阳学院,Yueyang University,湖南,岳阳市,民办高校,理工,民办高校,10,100+,false,false,false,false,false,true,false
RC01157,jishou-university-zhangjiajie-college,张家界学院,Zhangjiajie College,湖南,张家界市,民办高校,综合,民办高校,10,100+,false,false,false,false,false,true,false
RC00961,canvard-college-beijing-technology-and-business-university,北京金融科技学院,Beijing University of Financial Technology,北京,北京市,民办高校,财经,民办高校,10,财27+,false,false,false,false,false,true,false
RC01075,bengbu-college-of-technology-and-business,蚌埠工商学院,Bengbu College of Technology and Business,安徽,蚌埠市,民办高校,财经,民办高校,10,财27+,false,false,false,false,false,true,false
RC01193,yinxing-hospitality-management-college-of-cuit,成都银杏酒店管理学院,Gingko College of Hospitality Management,四川,成都市,民办高校,财经,民办高校,10,财27+,false,false,false,false,false,true,false
RC01072,he-fei-jing-ji-xue-yuan,合肥经济学院,Hefei University of Economics,安徽,合肥市,民办高校,财经,民办高校,10,财27+,false,false,false,false,false,true,false
RC00850,heilongjiang-university-of-finance-and-economic,黑龙江财经学院,Heilongjiang University of Finance and Economic,黑龙江,哈尔滨市,民办高校,财经,民办高校,10,财27+,false,false,false,false,false,true,false
RC01129,hubei-business-college,湖北商贸学院,Hubei Business College,湖北,武汉市,民办高校,财经,民办高校,10,财27+,false,false,false,false,false,true,false
RC01230,lanzhou-technology-and-business-college,兰州工商学院,Lanzhou Technology and Business College,甘肃,兰州市,民办高校,财经,民办高校,10,财27+,false,false,false,false,false,true,false
RC00827,shanxi-technology-and-business-college,山西工商学院,Shanxi Technology and Business University,山西,太原市,民办高校,财经,民办高校,10,财27+,false,false,false,false,false,true,false
RC01132,wuhan-college-of-arts-and-science,武汉文理学院,Wuhan College of Arts & Sciences,湖北,武汉市,民办高校,财经,民办高校,10,财27+,false,false,false,false,false,true,false
RC01147,xiangtan-institute-of-technology,湘潭理工学院,Xiangtan Institute of Technology,湖南,湘潭市,民办高校,财经,民办高校,10,财27+,false,false,false,false,false,true,false
RC00875,anhui-international-studies-university,安徽外国语学院,Anhui International Studies University,安徽,合肥市,民办高校,语言,民办高校,10,语5+,false,false,false,false,false,true,false
RC01195,chengdu-institute-sichuan-international-studies-university,成都外国语学院,Chengdu International Studies University,四川,成都市,民办高校,语言,民办高校,10,语5+,false,false,false,false,false,true,false
RC01186,chongqing-institute-of-foreign-studies,重庆外语外事学院,Chongqing Institute of Foreign Studies,重庆,重庆市,民办高校,语言,民办高校,10,语5+,false,false,false,false,false,true,false
RC00930,guangxi-university-of-foreign-languages,广西外国语学院,Guangxi University of Foreign Languages,广西,南宁市,民办高校,语言,民办高校,10,语5+,false,false,false,false,false,true,false
RC00824,hebei-foreign-studies-university,河北外国语学院,Hebei International Studies University,河北,石家庄市,民办高校,语言,民办高校,10,语5+,false,false,false,false,false,true,false
RC02203,anhui-institute-of-medicine,安徽第二医学院,Anhui Institute of Medicine,安徽,合肥市,地方公办,医药,地方公办,10,,false,false,false,false,false,false,false
RC04333,an-hui-gong-an-xue-yuan,安徽公安学院,Anhui Police College,安徽,合肥市,地方公办,政法,地方公办,10,,false,false,false,false,false,false,false
RC01073,clinic-medical-college-of-anhui-medical-university,安徽医科大学临床医学院,Clinic Medical College of Anhui Medical University,安徽,合肥市,独立学院,医药,独立学院,10,,false,false,false,false,false,false,true
RC04444,an-hui-ying-yong-ji-shu-zhi-ye-da-xue,安徽应用技术职业大学,Anhui University of Applied Sciences,安徽,芜湖市,地方公办,综合,地方公办,15,,false,false,false,false,false,false,false
RC02182,anhui-vocational-and-technical-college,安徽职业技术大学,Anhui University of Applied Technology,安徽,合肥市,地方公办,理工,地方公办,15,,false,false,false,false,false,false,false
RC00964,beijing-hospitality-institute,北京第二外国语学院中瑞酒店管理学院,Beijing Hospitality Institute,北京,北京市,独立学院,语言,独立学院,10,,false,false,false,false,false,false,true
RC00963,gengdan-institute-of-beijing-university-of-technology,北京工业大学耿丹学院,Gengdan Institute of Beijing University of Technology,北京,北京市,独立学院,综合,独立学院,10,,false,false,false,false,false,false,true
RC01185,bei-jing-hang-kong-hang-tian-da-xue-bei-hai-xue-yuan,北京航空航天大学北海学院,Beihai College of Beihang University,广西,北海市,独立学院,综合,独立学院,10,,false,false,false,false,false,false,true
RC00970,tianjin-college-university-of-science-and-technology-beijing,北京科技大学天津学院,"Tianjin college, University of Science and Technology Beijing",天津,天津市,独立学院,综合,独立学院,10,,false,false,false,false,false,false,true
RC01703,beijing-polytechnic,北京科技职业大学,Beijing Polytechnic University,北京,北京市,地方公办,理工,地方公办,15,,false,false,false,false,false,false,false
RC01165,beijing-institute-of-technology-zhuhai,北京理工大学珠海学院,"Beijing Institute of Technology, Zhuhai",广东,珠海市,独立学院,综合,独立学院,10,,false,false,false,false,false,false,true
RC01161,beijing-normal-university-zhuhai,北京师范大学珠海分校,"Beijing Normal University, Zhuhai",广东,珠海市,独立学院,综合,独立学院,10,,false,false,false,false,false,false,true
RC00962,century-college-beijing-university-of-posts-and-telecommunications,北京邮电大学世纪学院,"Century College, Beijing University of Posts and Telecommunications",北京,北京市,独立学院,综合,独立学院,10,,false,false,false,false,false,false,true
RC00990,beijing-university-of-chinese-medicine-dongfang-college,北京中医药大学东方学院,Beijing University of Chinese Medicine Dongfang College,河北,廊坊市,独立学院,综合,独立学院,10,,false,false,false,false,false,false,true
RC02384,binzhou-polytechnic,滨州职业技术大学,Binzhou Polytechnic University,山东,滨州市,地方公办,综合,地方公办,15,,false,false,false,false,false,false,false
RC01227,changan-university-xinghua-college,长安大学兴华学院,Chang'an University Xinghua College,陕西,西安市,独立学院,理工,独立学院,10,,false,false,false,false,false,false,true
RC01018,the-tourism-college-of-changchun-university,长春大学旅游学院,The Tourism College of Changchun University,吉林,长春市,独立学院,综合,独立学院,10,,false,false,false,false,false,false,true
RC01014,college-of-humanities-and-information-changchun-university-of-technology,长春工业大学人文信息学院,College of Humanities & Information Changchun University of Technology,吉林,长春市,独立学院,理工,独立学院,10,,false,false,false,false,false,false,true
RC01953,chang-chun-qi-che-zhi-ye-ji-shu-da-xue,长春汽车职业技术大学,Changchun Technical University of Automobile,吉林,长春市,地方公办,理工,地方公办,15,,false,false,false,false,false,false,false
RC01962,changchun-polytechnic,长春职业技术大学,Changchun Polytechnic University,吉林,长春市,地方公办,理工,地方公办,15,,false,false,false,false,false,false,false
RC01141,yangtze-university-college-of-arts-and-sciences,长江大学文理学院,Yangtze University College of Arts and Sciences,湖北,荆州市,独立学院,理工,独立学院,10,,false,false,false,false,false,false,true
RC04387,changsha-university-of-science-and-engineering,长沙科技学院,Changsha University of Science and Engineering,湖南,长沙市,民办高校,理工,民办高校,10,,false,false,false,false,false,true,false
RC01150,chengnan-college-changsha-university-of-science-and-technology,长沙理工大学城南学院,"Chengnan College, Changsha University of Science & Technology",湖南,长沙市,独立学院,理工,独立学院,10,,false,false,false,false,false,false,true
RC01045,changzhou-university-huaide-college,常州大学怀德学院,Changzhou University Huaide College,江苏,泰州市,独立学院,综合,独立学院,10,,false,false,false,false,false,false,true
RC02062,changzhou-college-of-information-technology,常州信息职业技术大学,Changzhou University of Information Technology,江苏,常州市,地方公办,理工,地方公办,15,,false,false,false,false,false,false,false
RC01899,zhao-yang-shi-fan-xue-yuan,朝阳师范学院,Chaoyang Normal University,辽宁,朝阳市,地方公办,师范,地方公办,10,,false,false,false,false,false,false,false
RC02886,chengdu-aeronautic-polytechnic,成都航空职业技术大学,Chengdu Aeronautic Polytechnic University,四川,成都市,地方公办,理工,地方公办,15,,false,false,false,false,false,false,false
RC01192,the-engineering-and-technical-college-of-chengdu-university-of-technology,成都理工大学工程技术学院,The Engineering & Technical College of Chengdu University of Technology,四川,乐山市,独立学院,理工,独立学院,10,,false,false,false,false,false,false,true
RC02884,chengdu-textile-college,成都轻工职业技术大学,Chengdu Qinggong Polytechnic University,四川,成都市,地方公办,理工,地方公办,15,,false,false,false,false,false,false,false
RC01305,chengdu-vocational-university-of-the-art,成都艺术职业大学,Chengdu Vocational University of the Arts,四川,成都市,民办高校,文艺,民办高校,15,,false,false,false,false,false,true,false
RC02850,chongqing-city-management-college,重庆城市管理职业大学,Chongqing City Management University,重庆,重庆市,地方公办,综合,地方公办,15,,false,false,false,false,false,false,false
RC02846,chong-qing-dian-zi-ke-ji-zhi-ye-da-xue,重庆电子科技职业大学,Chongqing Polytechnic University of Electronic Technology,重庆,重庆市,地方公办,理工,地方公办,15,,false,false,false,false,false,false,false
RC02851,chongqing-vocational-institute-of-engineering,重庆工程职业技术大学,Chongqing Polytechnic University of Engineering,重庆,重庆市,地方公办,理工,地方公办,15,,false,false,false,false,false,false,false
RC01189,pass-college-of-chongqing-technology-and-business-university,重庆工商大学派斯学院,Pass College of Chongqing Technology & Business University,重庆,重庆市,独立学院,财经,独立学院,10,,false,false,false,false,false,false,true
RC02843,chongqing-industry-polytechnic-college,重庆工业职业技术大学,Chongqing Industry Polytechnic University,重庆,重庆市,地方公办,理工,地方公办,15,,false,false,false,false,false,false,false
RC01304,chongqing-vocational-and-technical-university-of-mechatronics,重庆机电职业技术大学,Chongqing Vocational and Technical University of Mechatronics,重庆,重庆市,民办高校,理工,民办高校,15,,false,false,false,false,false,true,false
RC04268,chong-qing-zhong-yi-yao-xue-yuan,重庆中医药学院,Chongqing University of Chinese Medicine,重庆,重庆市,地方公办,中医药,地方公办,10,,false,false,false,false,false,false,false
RC01004,college-of-arts-information-engineering-dalian-polytechnic-university,大连工业大学艺术与信息工程学院,"College of Arts & Information Engineering, Dalian Polytechnic University",辽宁,大连市,独立学院,理工,独立学院,10,,false,false,false,false,false,false,true
RC01002,city-institute-dalian-university-of-technology,大连理工大学城市学院,"City Institute, Dalian University of Technology",辽宁,大连市,独立学院,理工,独立学院,10,,false,false,false,false,false,false,true
RC01010,zhongshan-college-of-dalian-medical-university,大连医科大学中山学院,Zhongshan College of Dalian Medical University,辽宁,大连市,独立学院,医药,独立学院,10,,false,false,false,false,false,false,true
RC04426,great-bay-university,大湾区大学,Great Bay University,广东,东莞市,地方公办,理工,地方公办,10,,false,false,false,false,false,false,false
RC03033,dehong-teachers-college,德宏师范学院,Dehong Normal University,云南,德宏傣族景颇族自治州,地方公办,师范,地方公办,10,,false,false,false,false,false,false,false
RC01196,chengdu-college-of-university-of-electronic-science-and-technology-of-china,电子科技大学成都学院,Chengdu college Of University Of Electronic Science And Technology of china,四川,成都市,独立学院,理工,独立学院,10,,false,false,false,false,false,false,true
RC01162,university-of-electronic-science-and-technology-of-china-zhongshan-institute,电子科技大学中山学院,"University of Electronic Science and Technology of China, Zhongshan Institute",广东,中山市,独立学院,综合,独立学院,10,,false,false,false,false,false,false,true
RC01023,southeast-university-chengxian-college,东南大学成贤学院,Southeast University Chengxian College,江苏,南京市,独立学院,综合,独立学院,10,,false,false,false,false,false,false,true
RC04386,fuyao-university-of-science-and-technology,福建福耀科技大学,Fuyao University of Science and Technology,福建,福州市,民办高校,理工,民办高校,10,,false,false,false,false,false,true,false
RC01089,jinshan-college-of-fujian-agriculture-and-forestry-university,福建农林大学金山学院,Jinshan College of Fujian Agriculture and Forestry University,福建,福州市,独立学院,农业,独立学院,10,,false,false,false,false,false,false,true
RC01083,concord-university-college-fujian-normal-university,福建师范大学协和学院,Concord University College Fujian Normal University,福建,福州市,独立学院,综合,独立学院,10,,false,false,false,false,false,false,true
RC01088,fuzhou-university-zhicheng-college,福州大学至诚学院,Fuzhou University Zhicheng College,福建,福州市,独立学院,综合,独立学院,10,,false,false,false,false,false,false,true
RC02335,fuzhou-medical-college,抚州医药学院,Fuzhou Medical College,江西,抚州市,地方公办,医药,地方公办,10,,false,false,false,false,false,false,false
RC02262,fuzhou-polytechnic,福州职业技术大学,Fuzhou Polytechnic,福建,福州市,地方公办,综合,地方公办,15,,false,false,false,false,false,false,false
RC01099,science-and-technology-college-gannan-normal-university,赣南师范大学科技学院,Science and Technology College Gannan Normal University,江西,赣州市,独立学院,师范,独立学院,10,,false,false,false,false,false,false,true
RC03112,gansu-industry-polytechnic-college,甘肃工业职业技术大学,Gansu Vocational University of Industry Technology,甘肃,天水市,地方公办,理工,地方公办,15,,false,false,false,false,false,false,false
RC03110,gan-su-jing-cha-xue-yuan,甘肃警察学院,Gansu Police College,甘肃,兰州市,地方公办,政法,地方公办,10,,false,false,false,false,false,false,false
RC03111,gan-su-lin-ye-zhi-ye-ji-shu-da-xue,甘肃林业职业技术大学,Gansu Forestry Voctech University,甘肃,天水市,地方公办,农林,地方公办,15,,false,false,false,false,false,false,false
RC01301,guangdong-business-and-technology-university,广东工商职业技术大学,Guangdong Business and Technology University,广东,肇庆市,民办高校,综合,民办高校,15,,false,false,false,false,false,true,false
RC02689,guang-dong-qing-gong-zhi-ye-ji-shu-da-xue,广东轻工职业技术大学,Guangdong Industry Polytechnic University,广东,广州市,地方公办,理工,地方公办,15,,false,false,false,false,false,false,false
RC01176,south-china-business-college-guangdong-university-of-foreign-studies,广东外语外贸大学南国商学院,South China Business College Guangdong University of Foreign Studies,广东,广州市,独立学院,财经,独立学院,10,,false,false,false,false,false,false,true
RC01302,guangxi-city-vocational-university,广西城市职业大学,Guangxi City Vocational University,广西,崇左市,民办高校,综合,民办高校,15,,false,false,false,false,false,true,false
RC01182,xiangsihu-college-guangxi-university-for-nationalities,广西民族大学相思湖学院,Xiangsihu College of GuangXi Minzu University,广西,南宁市,独立学院,民族,独立学院,10,,false,false,false,false,false,false,true
RC03190,guangxi-university-xingjian-college-of-science-and-liberal-arts-2,广西农业职业技术大学,Guangxi Vocational University of Agriculture,广西,南宁市,地方公办,农林,地方公办,15,,false,false,false,false,false,false,false
RC02787,guangxi-vocational-technical-college,广西职业技术大学,Guangxi Polytechnic University,广西,南宁市,地方公办,农林,地方公办,15,,false,false,false,false,false,false,false
RC01184,faculty-of-chinese-medicine-science-guangxi-university-of-chinese-medicine,广西中医药大学赛恩斯新医药学院,Faculty of Chinese Medicine Science Guangxi university of Chinese medicine,广西,南宁市,独立学院,医药,独立学院,10,,false,false,false,false,false,false,true
RC01300,guangzhou-vocational-and-technical-university-of-science-and-technology,广州科技职业技术大学,Guangzhou Vocational University of Science and Technology,广东,广州市,民办高校,综合,民办高校,15,,false,false,false,false,false,true,false
RC02697,guangzhou-panyu-polytechnic,广州职业技术大学,Guangzhou Polytechnic University,广东,广州市,地方公办,综合,地方公办,15,,false,false,false,false,false,false,false
RC02786,guilin-normal-college,桂林师范学院,Guilin Normal University,广西,桂林市,地方公办,师范,地方公办,10,,false,false,false,false,false,false,false
RC03191,guiyang-nursing-vocational-college,贵阳康养职业大学,Guiyang Kangyang University,贵州,贵阳市,地方公办,医药,地方公办,15,,false,false,false,false,false,false,false
RC02985,guizhou-vocational-college-of-indestry-commerce,贵州工商职业大学,Guizhou Vocational University of Indestry & Commerce,贵州,贵阳市,民办高校,财经,民办高校,15,,false,false,false,false,false,true,false
RC02974,guizhou-industry-polytechnic-college,贵州工业职业技术大学,Guizhou Industry Polytechnic University,贵州,贵阳市,地方公办,理工,地方公办,15,,false,false,false,false,false,false,false
RC02966,gui-zhou-jiao-tong-zhi-ye-da-xue,贵州交通职业大学,Guizhou Communications Polytechnic University,贵州,贵阳市,地方公办,理工,地方公办,15,,false,false,false,false,false,false,false
RC02979,guizhou-institute-of-light-industry,贵州轻工职业大学,Guizhou Light Industry Polytechnic University,贵州,贵阳市,地方公办,理工,地方公办,15,,false,false,false,false,false,false,false
RC01209,shenqi-ethnic-medicine-college-of-guizhou-medical-university,贵州医科大学神奇民族医药学院,ShenQi Ethnic Medicine College of Guizhou Medical University,贵州,贵阳市,独立学院,医药,独立学院,10,,false,false,false,false,false,false,true
RC01206,shizhen-college-of-guizhou-university-of-traditional-chinese-medicine,贵州中医药大学时珍学院,Shizhen College of Guizhou University of Traditional Chinese Medicine,贵州,贵阳市,独立学院,医药,独立学院,10,,false,false,false,false,false,false,true
RC01983,heilongjiang-college-of-construction,哈尔滨建筑科技职业大学,Harbin Vocational University of Construction Technology,黑龙江,哈尔滨市,地方公办,理工,地方公办,15,,false,false,false,false,false,false,false
RC01996,ha-er-bin-zhi-ye-ji-shu-da-xue,哈尔滨职业技术大学,Harbin Vocational and Technical University,黑龙江,哈尔滨市,地方公办,综合,地方公办,15,,false,false,false,false,false,false,false
RC04267,hai-nan-bi-le-fei-er-de-ying-yong-ke-xue-daxue,海南比勒费尔德应用科学大学,Hainan Bielefeld University of Applied Sciences,海南,儋州市,中外合作,理工,合作高校,10,,false,false,false,false,true,false,false
RC04427,hainan-police-college,海南警察学院,Hainan Police College,海南,海口市,地方公办,政法,地方公办,10,,false,false,false,false,false,false,false
RC02833,hainan-college-of-economics-and-business,海南经贸职业大学,Hainan College of Economics and Business,海南,海口市,地方公办,财经,地方公办,15,,false,false,false,false,false,false,false
RC01303,hainan-vocational-university-of-science-and-technology,海南科技职业大学,Hainan Vocational University of Science and Technology,海南,海口市,民办高校,理工,民办高校,15,,false,false,false,false,false,true,false
RC04425,hainan-lausanne-tourism-university,海南洛桑旅游大学,Hainan Lausanne Tourism University,海南,三亚市,中外合作,综合,合作高校,10,,false,false,false,false,true,false,false
RC01053,hangzhou-dianzi-university-information-engineering-school,杭州电子科技大学信息工程学院,Hangzhou Dianzi University Information Engineering School,浙江,杭州市,独立学院,理工,独立学院,10,,false,false,false,false,false,false,true
RC01059,hangzhou-normal-university-qianjiang-college,杭州师范大学钱江学院,Hangzhou Normal University Qianjiang College,浙江,杭州市,独立学院,师范,独立学院,10,,false,false,false,false,false,false,true
RC02154,hangzhou-vocational-technical-college,杭州职业技术大学,Hangzhou Polytechnic University,浙江,杭州市,地方公办,综合,地方公办,15,,false,false,false,false,false,false,false
RC00979,industrial-and-commercial-college-hebei-university,河北大学工商学院,"Industrial and Commercial College, Hebei University",河北,保定市,独立学院,综合,独立学院,10,,false,false,false,false,false,false,true
RC00986,huaxin-college-of-hebei-geo-university,河北地质大学华信学院,Huaxin College of Hebei Geo University,河北,石家庄市,独立学院,财经,独立学院,10,,false,false,false,false,false,false,true
RC00976,kexin-college-hebei-university-of-engineering,河北工程大学科信学院,"Kexin college, Hebei University of Engineering",河北,邯郸市,独立学院,理工,独立学院,10,,false,false,false,false,false,false,true
RC03194,polytechnic-college-of-hebei-university-of-science-and-technology,河北工业职业技术大学,Hebei Vocational University of Industry and Technology,河北,石家庄市,地方公办,理工,地方公办,15,,false,false,false,false,false,false,false
RC00982,college-of-economics-and-management-hebei-university-of-economics-and-business,河北经贸大学经济管理学院,College of Economics & Management Hebei University of Economics & Business,河北,石家庄市,独立学院,财经,独立学院,10,,false,false,false,false,false,false,true
RC03187,north-china-electric-power-university-science-and-technology-college,河北科技工程职业技术大学,Hebei Vocational University of Technology And Engineering,河北,邢台市,地方公办,理工,地方公办,15,,false,false,false,false,false,false,false
RC00987,hebei-agriculture-university-college-of-modern-science-and-technology,河北农业大学现代科技学院,College of Modern Science and Technology Hebei Agricultural University,河北,保定市,独立学院,农业,独立学院,10,,false,false,false,false,false,false,true
RC00980,huihua-college-of-hebei-normal-university,河北师范大学汇华学院,Huihua College of Hebei Normal University,河北,石家庄市,独立学院,师范,独立学院,10,,false,false,false,false,false,false,true
RC03195,hebei-university-of-technology-city-college,河北石油职业技术大学,Hebei Petroleum University of Technology,河北,承德市,地方公办,理工,地方公办,15,,false,false,false,false,false,false,false
RC00981,clinical-college-of-hebei-medical-university,河北医科大学临床学院,Clinical College of Hebei Medical University,河北,石家庄市,独立学院,医药,独立学院,10,,false,false,false,false,false,false,true
RC01020,kunlun-tourism-college-of-heilongjiang-institute-of-technology,黑龙江工程学院昆仑旅游学院,"Kunlun Tourism College, Heilongjiang University of Engineering",黑龙江,哈尔滨市,独立学院,理工,独立学院,10,,false,false,false,false,false,false,true
RC01988,heilongjiang-agricultural-engineering-vocational-college,黑龙江农业工程职业技术大学,Heilongjiang Agricultural Engineering Vocational and Technical University,黑龙江,哈尔滨市,地方公办,农林,地方公办,15,,false,false,false,false,false,false,false
RC02469,henan-polytechnic-institute,河南工业职业技术大学,Henan University of Industry Technology,河南,南阳市,地方公办,理工,地方公办,15,,false,false,false,false,false,false,false
RC01299,henan-vocational-university-of-science-and-technology,河南科技职业大学,Henan Vocational University of Science and Technology,河南,周口市,民办高校,理工,民办高校,15,,false,false,false,false,false,true,false
RC01309,he-nan-xin-xi-ke-ji-xue-yuan,河南信息科技学院,,河南,鹤壁市,地方公办,理工,地方公办,10,,false,false,false,false,false,false,false
RC01160,nanyue-college-of-hengyang-normal-university,衡阳师范学院南岳学院,Nanyue College of Hengyang Normal University,湖南,衡阳市,独立学院,师范,独立学院,10,,false,false,false,false,false,false,true
RC00988,jitang-college-north-china-university-of-science-and-technology,华北理工大学冀唐学院,Jitang College Of North China University of Science and Technology,河北,唐山市,独立学院,医药,独立学院,10,,false,false,false,false,false,false,true
RC00975,qinggong-college-north-china-university-of-science-and-technology,华北理工大学轻工学院,"Qing Gong college, North China University of Science and Technology",河北,唐山市,独立学院,理工,独立学院,10,,false,false,false,false,false,false,true
RC01169,zhujiang-college-south-china-agriculture-university,华南农业大学珠江学院,"Zhujiang College, South China Agriculture University",广东,广州市,独立学院,综合,独立学院,10,,false,false,false,false,false,false,true
RC02551,huanggang-polytechnic-college,黄冈职业技术大学,Huanggang Polytechnic University,湖北,黄冈市,地方公办,理工,地方公办,15,,false,false,false,false,false,false,false
RC02459,yellow-river-conservancy-technical-institute,黄河水利职业技术大学,Yellow River Conservancy Technical University,河南,开封市,地方公办,理工,地方公办,15,,false,false,false,false,false,false,false
RC01125,zhixing-college-of-hubei-university,湖北大学知行学院,Zhixing College of Hubei University,湖北,武汉市,独立学院,理工,独立学院,10,,false,false,false,false,false,false,true
RC01137,college-of-technology-hubei-engineering-university,湖北工程学院新技术学院,"College of Technology, Hubei Engineering University",湖北,孝感市,独立学院,理工,独立学院,10,,false,false,false,false,false,false,true
RC01128,hubei-university-of-technology-engineering-and-technology-college,湖北工业大学工程技术学院,Hubei University of Technology Engineering and Technology College,湖北,武汉市,独立学院,理工,独立学院,10,,false,false,false,false,false,false,true
RC01134,law-business-college-of-hubei-university-of-economics,湖北经济学院法商学院,Law & Business College of Hubei University of Economics,湖北,武汉市,独立学院,财经,独立学院,10,,false,false,false,false,false,false,true
RC01133,science-and-technology-college-of-hubei-university-of-automotive-technology,湖北汽车工业学院科技学院,Science and Technology College of Hubei University of Automotive Technology,湖北,十堰市,独立学院,理工,独立学院,10,,false,false,false,false,false,false,true
RC04388,hubei-three-gorges-aviation-institute,湖北三峡航空学院,Hubei Three Gorges Aviation Institute,湖北,宜昌市,民办高校,理工,民办高校,10,,false,false,false,false,false,true,false
RC02571,hubei-three-gorges-polytechnic,湖北三峡职业技术大学,Hubei Three Gorges Technical University,湖北,宜昌市,地方公办,理工,地方公办,15,,false,false,false,false,false,false,false
RC01136,college-of-arts-and-science-of-hubei-normal-university,湖北师范大学文理学院,College of Arts and Science of Hubei Normal University,湖北,黄石市,独立学院,师范,独立学院,10,,false,false,false,false,false,false,true
RC01140,science-and-technology-college-of-hubei-university-of-arts-and-science,湖北文理学院理工学院,Science and Technology College of Hubei University of Arts and Science,湖北,襄阳市,独立学院,理工,独立学院,10,,false,false,false,false,false,false,true
RC01139,institute-of-medicine-and-nursing-hubei-university-of-medicine,湖北医药学院药护学院,"Institute of Medicine and Nursing, Hubei University of Medicine",湖北,十堰市,独立学院,医药,独立学院,10,,false,false,false,false,false,false,true
RC01866,hohhot-vocational-college,呼和浩特职业技术大学,Hohhot Polytechnic University,内蒙古,呼和浩特市,地方公办,综合,地方公办,15,,false,false,false,false,false,false,false
RC01158,applied-technical-school-hunan-institute-of-engineering,湖南工程学院应用技术学院,"Applied Technical School, Hunan Institute of Engineering",湖南,湘潭市,独立学院,理工,独立学院,10,,false,false,false,false,false,false,true
RC01152,college-of-science-and-technology-hnut,湖南工业大学科技学院,College of Science and Technology HNUT,湖南,株洲市,独立学院,理工,独立学院,10,,false,false,false,false,false,false,true
RC02658,hunan-arts-and-crafts-vocational-college,湖南工艺美术职业大学,Hunan Arts and Crafts Vocational University,湖南,益阳市,地方公办,文艺,地方公办,15,,false,false,false,false,false,false,false
RC02650,hunan-chemical-vocational-technology-college,湖南化工职业技术大学,Hunan Chemical Technical University,湖南,株洲市,地方公办,理工,地方公办,15,,false,false,false,false,false,false,false
RC01151,xiaoxiang-college-hunan-university-of-science-and-technology,湖南科技大学潇湘学院,"Xiaoxiang College, Hunan University of Science and Technology",湖南,湘潭市,独立学院,综合,独立学院,10,,false,false,false,false,false,false,true
RC01149,orient-science-technology-college-of-hunan-agriculture-university,湖南农业大学东方科技学院,Orient Science & Technology College of Hunan Agriculture University,湖南,长沙市,独立学院,农业,独立学院,10,,false,false,false,false,false,false,true
RC02661,hu-nan-qi-che-gong-cheng-zhi-ye-da-xue,湖南汽车工程职业大学,Hunan Automotive Engineering Vocational University,湖南,株洲市,地方公办,理工,地方公办,15,,false,false,false,false,false,false,false
RC01560,hunan-software-vocational-institute,湖南软件职业技术大学,Hunan Software Vocational and Technical University,湖南,湘潭市,民办高校,理工,民办高校,15,,false,false,false,false,false,true,false
RC01159,xiangxing-college-of-hunan-university-of-chinese-medicine,湖南中医药大学湘杏学院,Xiangxing College of Hunan University of TCM,湖南,长沙市,独立学院,医药,独立学院,10,,false,false,false,false,false,false,true
RC01039,jiangsu-university-jingjiang-college,江苏大学京江学院,Jiangsu University Jingjiang College,江苏,镇江市,独立学院,综合,独立学院,10,,false,false,false,false,false,false,true
RC02048,jiangsu-jianzhu-institute,江苏建筑职业技术大学,Jiangsu University of Architectural Technology,江苏,徐州市,地方公办,理工,地方公办,15,,false,false,false,false,false,false,false
RC01044,suzhou-institute-of-technology-jiangsu-university-of-science-and-technology,江苏科技大学苏州理工学院,"Suzhou Institute of Technology, Jiangsu University of Science and Technology",江苏,苏州市,独立学院,综合,独立学院,10,,false,false,false,false,false,false,true
RC01041,jiangsu-normal-university-kewen-college,江苏师范大学科文学院,Jiangsu Normal University Kewen College,江苏,徐州市,独立学院,综合,独立学院,10,,false,false,false,false,false,false,true
RC01098,college-of-modern-economics-management-jufe,江西财经大学现代经济管理学院,College of Modern Economics & Management JUFE,江西,南昌市,独立学院,财经,独立学院,10,,false,false,false,false,false,false,true
RC04337,jiang-xi-fei-xing-xue-yuan,江西飞行学院,Jiangxi Flight University,江西,南昌市,地方公办,综合,地方公办,10,,false,false,false,false,false,false,false
RC01091,nanchang-business-college-of-jxau,江西农业大学南昌商学院,Nanchang Business College of JXAU,江西,南昌市,独立学院,综合,独立学院,10,,false,false,false,false,false,false,true
RC01295,jiangxi-university-of-software-professional-technology,江西软件职业技术大学,Jiangxi University of Software Professional Technology,江西,南昌市,民办高校,理工,民办高校,15,,false,false,false,false,false,true,false
RC01092,jiangxi-normal-university-science-and-technology-college,江西师范大学科学技术学院,Jiangxi Normal University Science and Technology College,江西,南昌市,独立学院,综合,独立学院,10,,false,false,false,false,false,false,true
RC02328,jiangxi-college-of-foreign-studies,江西外语外贸职业大学,Jiangxi Vocational University of Foreign Studies,江西,南昌市,地方公办,财经,地方公办,15,,false,false,false,false,false,false,false
RC02312,jiang-xi-zhi-ye-ji-shu-da-xue,江西职业技术大学,Jiangxi Polytechnic University,江西,九江市,地方公办,综合,地方公办,15,,false,false,false,false,false,false,false
RC01017,boda-college-of-jilin-normal-university,吉林师范大学博达学院,Boda College of Jilin Normal University,吉林,四平市,独立学院,师范,独立学院,10,,false,false,false,false,false,false,true
RC01966,jilin-railway-technology-college,吉林铁道职业技术大学,Jilin Tiedao University,吉林,吉林市,地方公办,理工,地方公办,15,,false,false,false,false,false,false,false
RC01087,chengyi-university-college-jimei-university,集美大学诚毅学院,"Chengyi College, Jimei University",福建,厦门市,独立学院,综合,独立学院,10,,false,false,false,false,false,false,true
RC01100,college-of-technology-and-art-jindezhen-ceramic-institute,景德镇艺术职业大学,Jingdezhen Vocational University of Art,江西,景德镇市,民办高校,文艺,民办高校,15,,false,false,false,false,false,true,false
RC02136,jin-hua-zhi-ye-ji-shu-da-xue,金华职业技术大学,Jinhua University of Vocational Technology,浙江,金华市,地方公办,综合,地方公办,15,,false,false,false,false,false,false,false
RC01009,medical-college-of-jinzhou-medical-university,锦州医科大学医疗学院,Medical College of Jinzhou Medical University,辽宁,锦州市,独立学院,医药,独立学院,10,,false,false,false,false,false,false,true
RC02353,jiujiang-polytechnic-university-of-science-and-technology,九江科技职业大学,Jiujiang Polytechnic University of Science and Technology,江西,九江市,民办高校,理工,民办高校,15,,false,false,false,false,false,true,false
RC03107,jiuquan-vocational-and-technical-college,酒泉职业技术大学,Jiuquan Vocational Technical University,甘肃,酒泉市,地方公办,理工,地方公办,15,,false,false,false,false,false,false,false
RC04340,kang-fu-da-xue,康复大学,University of Health and Rehabilitation Sciences,山东,青岛市,地方公办,综合,地方公办,10,,false,false,false,false,false,false,false
RC03036,yunnan-economics-trade-and-foreign-affairs-college,昆明科技职业大学,Kunming Vocational University of Science and Technology,云南,昆明市,民办高校,财经,民办高校,15,,false,false,false,false,false,true,false
RC01216,kunming-university-of-science-and-technology-oxbridge-college,昆明理工大学津桥学院,Kunming University of Science and Technology Oxbridge College,云南,昆明市,独立学院,理工,独立学院,10,,false,false,false,false,false,false,true
RC03011,kunming-metallurgy-college,昆明冶金职业大学,Kunming Metallurgy University,云南,昆明市,地方公办,理工,地方公办,15,,false,false,false,false,false,false,false
RC01213,kunming-medical-university-hai-yuan-college,昆明医科大学海源学院,Kunming Medical University Hai Yuan College,云南,昆明市,独立学院,医药,独立学院,10,,false,false,false,false,false,false,true
RC03192,zhixing-college-of-northwest-normal-university-3,兰州石化职业技术大学,Lanzhou Petrochemical University of Vocational Technology,甘肃,兰州市,地方公办,理工,地方公办,15,,false,false,false,false,false,false,false
RC03193,changqing-college-of-lanzhou-university-of-finance-and-economics-2,兰州资源环境职业技术大学,Lanzhou Resource & Environment Voc-Tech University,甘肃,兰州市,地方公办,理工,地方公办,15,,false,false,false,false,false,false,false
RC03062,lhasa-teachers-college,拉萨师范学院,Lasa Normal University,西藏,拉萨市,地方公办,师范,地方公办,10,,false,false,false,false,false,false,false
RC02057,lianyungang-normal-university,连云港师范学院,Lianyungang Normal University,江苏,连云港市,地方公办,师范,地方公办,10,,false,false,false,false,false,false,false
RC01111,liaocheng-university-dongchang-college,聊城大学东昌学院,Liaocheng University Dongchang College,山东,聊城市,独立学院,综合,独立学院,10,,false,false,false,false,false,false,true
RC01556,liaoning-vocational-university-of-technology,辽宁理工职业大学,Liaoning Vocational University of Technology,辽宁,锦州市,民办高校,理工,民办高校,15,,false,false,false,false,false,true,false
RC01007,liaoning-normal-university-haihua-college,辽宁师范大学海华学院,"Haihua College, Liaoning Normal University",辽宁,大连市,独立学院,师范,独立学院,10,,false,false,false,false,false,false,true
RC01008,liaoning-university-of-traditional-chinese-medicine-xinglin-college,辽宁中医药大学杏林学院,Liaoning University of Traditional Chinese Medicine Xinglin College,辽宁,沈阳市,独立学院,医药,独立学院,10,,false,false,false,false,false,false,true
RC03032,li-jiang-shi-fan-xue-yuan,丽江师范学院,Lijiang Normal University,云南,丽江市,地方公办,师范,地方公办,10,,false,false,false,false,false,false,false
RC02260,liming-vocational-university,黎明职业大学,Liming Vocational University,福建,泉州市,地方公办,综合,地方公办,15,,false,false,false,false,false,false,false
RC02788,liu-zhou-zhi-ye-ji-shu-da-xue,柳州职业技术大学,Liuzhou Polytechnic University,广西,柳州市,地方公办,综合,地方公办,15,,false,false,false,false,false,false,false
RC03104,long-nan-shi-fan-xue-yuan,陇南师范学院,Longnan Normal University,甘肃,陇南市,地方公办,师范,地方公办,10,,false,false,false,false,false,false,false
RC01279,lu-jun-jun-shi-jiao-tong-xue-yuan-1,陆军军事交通学院,Army Military Transportation University,天津,,军事院校,军事,军事院校,10,,false,false,false,false,false,false,false
RC02493,ta-he-shi-pin-gong-cheng-zhi-ye-da-xue,漯河食品工程职业大学,Luohe Food Engineering Vocational University,河南,漯河市,民办高校,理工,民办高校,15,,false,false,false,false,false,true,false
RC01720,min-zheng-zhi-ye-da-xue,民政职业大学,China Civil Affairs University,北京,北京市,中央部属,政法,中央部属,15,,false,false,false,false,false,false,false
RC01102,gongqing-college-of-nanchang-university,南昌大学共青学院,Gongqing College of Nanchang University,江西,九江市,独立学院,综合,独立学院,10,,false,false,false,false,false,false,true
RC01090,nanchang-university-college-of-science-and-technology,南昌大学科学技术学院,Nanchang University College of Science and Technology,江西,南昌市,独立学院,综合,独立学院,10,,false,false,false,false,false,false,true
RC01096,science-and-technology-college-of-nchu,南昌航空大学科技学院,Science and Technology College of NCHU,江西,南昌市,独立学院,理工,独立学院,10,,false,false,false,false,false,false,true
RC02347,jiangxi-tellhow-animation-college,南昌科技职业大学,Nanchang Polytechnic University,江西,南昌市,民办高校,文艺,民办高校,15,,false,false,false,false,false,true,false
RC01294,nanchang-vocational-university,南昌职业大学,Nanchang Vocational University,江西,南昌市,民办高校,综合,民办高校,15,,false,false,false,false,false,true,false
RC01154,chuanshan-college-university-of-south-china,南华大学船山学院,Chuanshan College University of South China,湖南,衡阳市,独立学院,理工,独立学院,10,,false,false,false,false,false,false,true
RC01043,nanjing-university-of-finance-and-economics-hongshan-college,南京财经大学红山学院,Nanjing University of Finance & Economics Hongshan College,江苏,南京市,独立学院,综合,独立学院,10,,false,false,false,false,false,false,true
RC01025,nanjing-university-jinling-college,南京大学金陵学院,Nanjing University Jinling College,江苏,南京市,独立学院,综合,独立学院,10,,false,false,false,false,false,false,true
RC01031,nanjing-tech-university-pujiang-institute,南京工业大学浦江学院,Nanjing Tech University Pujiang Institute,江苏,南京市,独立学院,综合,独立学院,10,,false,false,false,false,false,false,true
RC01558,nanjing-vocational-university-of-industry-technology,南京工业职业技术大学,Nanjing University of Industry Technology,江苏,南京市,地方公办,理工,地方公办,15,,false,false,false,false,false,false,false
RC01027,nanhang-jincheng-college,南京航空航天大学金城学院,Nanhang Jincheng College,江苏,南京市,独立学院,理工,独立学院,10,,false,false,false,false,false,false,true
RC01029,taizhou-institute-of-sci-tech-njust,南京理工大学泰州科技学院,"Taizhou Institute of Sci.&Tech., NJUST.",江苏,泰州市,独立学院,理工,独立学院,10,,false,false,false,false,false,false,true
RC01026,nanjing-university-of-science-and-technology-zijin-college,南京理工大学紫金学院,Nanjing University of Science and Technology ZiJin College,江苏,南京市,独立学院,理工,独立学院,10,,false,false,false,false,false,false,true
RC01047,nanjing-audit-university-jinshen-college,南京审计大学金审学院,Nanjing Audit University Jinshen College,江苏,南京市,独立学院,综合,独立学院,10,,false,false,false,false,false,false,true
RC01030,nanjing-normal-university-taizhou-college,南京师范大学泰州学院,Nanjing Normal University Taizhou College,江苏,泰州市,独立学院,师范,独立学院,10,,false,false,false,false,false,false,true
RC01032,nanjing-normal-university-zhongbei-college,南京师范大学中北学院,Nanjing Normal University Zhongbei College,江苏,镇江市,独立学院,综合,独立学院,10,,false,false,false,false,false,false,true
RC01033,kangda-college-of-nanjing-medical-university,南京医科大学康达学院,Kangda College of Nanjing Medical University,江苏,连云港市,独立学院,综合,独立学院,10,,false,false,false,false,false,false,true
RC01042,tongda-college-of-nanjing-university-of-posts-and-telecommunications,南京邮电大学通达学院,Tongda College of Nanjing University of Posts & Telecommunications,江苏,扬州市,独立学院,综合,独立学院,10,,false,false,false,false,false,false,true
RC01034,nanjing-university-of-chinese-medicine-hanlin-college,南京中医药大学翰林学院,Nanjing University of Chinese Medicine Hanlin College,江苏,泰州市,独立学院,综合,独立学院,10,,false,false,false,false,false,false,true
RC00965,nankai-university-binhai-college,南开大学滨海学院,Nankai University Binhai College,天津,天津市,独立学院,综合,独立学院,10,,false,false,false,false,false,false,true
RC01181,shiyuan-college-of-nanning-normal-university,南宁师范大学师园学院,Shiyuan College of Nanning Normal University,广西,南宁市,独立学院,综合,独立学院,10,,false,false,false,false,false,false,true
RC02784,nan-ning-zhi-ye-ji-shu-da-xue,南宁职业技术大学,NANNING VOCATIONAL AND TECHNICAL UNIVERSITY,广西,南宁市,地方公办,综合,地方公办,15,,false,false,false,false,false,false,false
RC01046,nantong-university-xinglin-college,南通大学杏林学院,Nantong University Xinglin College,江苏,南通市,独立学院,综合,独立学院,10,,false,false,false,false,false,false,true
RC01000,pioneer-college-inner-mongolia-university,内蒙古大学创业学院,"Pioneer College, Inner Mongolia University",内蒙古,呼和浩特市,独立学院,综合,独立学院,10,,false,false,false,false,false,false,true
RC01862,inner-mongola-techical-college-of-construction,内蒙古建筑职业技术大学,Inner Mongolia Technical University of Construction,内蒙古,呼和浩特市,地方公办,理工,地方公办,15,,false,false,false,false,false,false,false
RC01873,inner-mongolia-police-college,内蒙古警察学院,Inner Mongolia Police College,内蒙古,呼和浩特市,地方公办,政法,地方公办,10,,false,false,false,false,false,false,false
RC01052,college-of-science-and-technology-ningbo-university,宁波大学科学技术学院,College of Science & Technology Ningbo University,浙江,宁波市,独立学院,综合,独立学院,10,,false,false,false,false,false,false,true
RC04390,eastern-insititute-of-technology-ningbo,宁波东方理工大学,"Eastern Institute of Technology, Ningbo",浙江,宁波市,民办高校,理工,民办高校,10,,false,false,false,false,false,true,false
RC02133,ningbo-polytechnic,宁波职业技术大学,Ningbo Polytechnic University,浙江,宁波市,地方公办,综合,地方公办,15,,false,false,false,false,false,false,false
RC01234,xinhua-college-of-ningxia-university,宁夏大学新华学院,Xinhua College of Ningxia University,宁夏,银川市,独立学院,综合,独立学院,10,,false,false,false,false,false,false,true
RC03142,ningxia-vocational-technical-college-of-industry-and-commerce,宁夏工商职业技术大学,Ningxia Polytechnic University of Business and Technology,宁夏,银川市,地方公办,财经,地方公办,15,,false,false,false,false,false,false,false
RC03141,ningxia-polytechnic,宁夏职业技术大学,Ningxia Vocational and Technical University,宁夏,银川市,地方公办,综合,地方公办,15,,false,false,false,false,false,false,false
RC01108,haidu-college-qingdao-agricultural-university,青岛农业大学海都学院,Haidu College Qingdao Agricultural University,山东,烟台市,独立学院,综合,独立学院,10,,false,false,false,false,false,false,true
RC01236,kunlun-college-of-qinghai-university,青海大学昆仑学院,Kunlun College of Qinghai University,青海,西宁市,独立学院,综合,独立学院,10,,false,false,false,false,false,false,true
RC04372,qing-hai-li-gong-xue-yuan,青海理工学院,Qinghai Institute of Technology,青海,西宁市,地方公办,理工,地方公办,10,,false,false,false,false,false,false,false
RC03134,qing-hai-zhi-ye-ji-shu-da-xue,青海职业技术大学,Qinghai Polytechnic University,青海,西宁市,地方公办,理工,地方公办,15,,false,false,false,false,false,false,false
RC01293,quanzhou-vocational-and-technical-university,泉州职业技术大学,Quanzhou Vocational and Technical University,福建,泉州市,民办高校,综合,民办高校,15,,false,false,false,false,false,true,false
RC03029,qujing-medical-college,曲靖健康医学院,Qujing University of Medcine & Health Sciences,云南,曲靖市,地方公办,医药,地方公办,10,,false,false,false,false,false,false,false
RC02372,rizhao-polytechnic,日照职业技术大学,Rizhao Polytechnic University,山东,日照市,地方公办,综合,地方公办,15,,false,false,false,false,false,false,false
RC01126,college-of-science-and-technology-of-china-three-gorges-university,三峡大学科技学院,College of Science and Technology of China Three Gorges University,湖北,宜昌市,独立学院,理工,独立学院,10,,false,false,false,false,false,false,true
RC01109,dongfang-college-shandong-university-of-finance-and-economics,山东财经大学东方学院,"Dongfang College, ShanDong University of Finance and Economics",山东,泰安市,独立学院,综合,独立学院,10,,false,false,false,false,false,false,true
RC01107,yanshan-college-shandong-university-of-finance-and-economics,山东财经大学燕山学院,Yanshan college Shandong University of Finance and Economics,山东,济南市,独立学院,财经,独立学院,10,,false,false,false,false,false,false,true
RC01296,shandong-university-of-engineering-and-vocational-technology,山东工程职业技术大学,Shandong University of Engineering and Vocational Technology,山东,济南市,民办高校,理工,民办高校,15,,false,false,false,false,false,true,false
RC02385,shandong-vocational-college-of-science-and-technology,山东科技职业大学,Shandong Vocational College of Science And Technology,山东,潍坊市,地方公办,理工,地方公办,15,,false,false,false,false,false,false,false
RC02370,shandong-institute-of-commerce-and-technology,山东商业职业技术大学,Shandong University of Commerce and Technology,山东,济南市,地方公办,财经,地方公办,15,,false,false,false,false,false,false,false
RC01297,shandong-vocational-and-technical-university-of-international-studies,山东外国语职业技术大学,Shandong Vocational and Technical University of International Studies,山东,日照市,民办高校,师范,民办高校,15,,false,false,false,false,false,true,false
RC01298,shandong-vocational-university-of-foreign-affairs,山东外事职业大学,Shandong Vocational University of Foreign Affairs,山东,威海市,民办高校,综合,民办高校,15,,false,false,false,false,false,true,false
RC01069,shanghai-university-of-finance-and-economics-zhejiang-college,上海财经大学浙江学院,Shanghai University of Finance and Economics Zhejiang College,浙江,金华市,独立学院,财经,独立学院,10,,false,false,false,false,false,false,true
RC01022,shanghai-normal-university-tianhua-college,上海师范大学天华学院,Shanghai Normal University TIANHUA College,上海,上海市,独立学院,综合,独立学院,10,,false,false,false,false,false,false,true
RC01021,xianda-college-of-economics-humanities-shanghai-international-studies-university,上海外国语大学贤达经济人文学院,Xianda College of Economics & Humanities Shanghai International Studies University,上海,上海市,独立学院,财经,独立学院,10,,false,false,false,false,false,false,true
RC00858,xingwei-college,上海兴伟学院,Xing Wei College,上海,上海市,民办高校,理工,民办高校,10,,false,false,false,false,false,true,false
RC01557,shanghai-zhongqiao-vocational-and-technical-university,上海中侨职业技术大学,Shanghai Zhongqiao Vocational And Technical University,上海,上海市,民办高校,综合,民办高校,15,,false,false,false,false,false,true,false
RC00999,shanxi-university-of-finance-and-economics-huashang-college,山西财经大学华商学院,Shanxi University of Finance and Economics Huashang College,山西,太原市,独立学院,财经,独立学院,10,,false,false,false,false,false,false,true
RC03188,shan-xi-gong-cheng-ke-ji-zhi-ye-da-xue,山西工程科技职业大学,Shanxi Vocational University of Engineering Science and Technology,山西,太原市,地方公办,理工,地方公办,15,,false,false,false,false,false,false,false
RC03064,shaanxi-polytechnic-institute,陕西工业职业技术大学,Shaanxi Polytechnic University,陕西,咸阳市,地方公办,理工,地方公办,15,,false,false,false,false,false,false,false
RC03082,shan-xi-jing-cha-xue-yuan,陕西警察学院,Shaanxi Police College,陕西,西安市,地方公办,政法,地方公办,10,,false,false,false,false,false,false,false
RC01221,hao-jing-college-of-shaanxi-university-of-science-and-technology,陕西科技大学镐京学院,Haojing College of Shaanxi University of Science & Technology,陕西,咸阳市,独立学院,理工,独立学院,10,,false,false,false,false,false,false,true
RC03065,yangling-vocational-technical-college,陕西农林职业技术大学,Shaanxi Vocational and Technical University of A&F,陕西,咸阳市,地方公办,农林,地方公办,15,,false,false,false,false,false,false,false
RC01834,taiyuan-tourism-college,山西文化旅游职业大学,Shanxi Vocational University of Culture and Tourism,山西,太原市,地方公办,综合,地方公办,15,,false,false,false,false,false,false,false
RC01011,shen-yang-gong-ye-da-xue-gong-cheng-xue-yuan,沈阳工业大学工程学院,Engineering College of Shenyang University of Technology,辽宁,辽阳市,独立学院,理工,独立学院,10,,false,false,false,false,false,false,true
RC01003,shen-yang-hang-kong-hang-tian-da-xue-bei-fang-ke-ji-xue-yuan,沈阳航空航天大学北方科技学院,North Science and Technology College of Shenyang Aerospace University,辽宁,沈阳市,独立学院,理工,独立学院,10,,false,false,false,false,false,false,true
RC04355,shen-zhen-li-gong-da-xue,深圳理工大学,Shenzhen University of Advanced Technology,广东,深圳市,地方公办,理工,地方公办,10,,false,false,false,false,false,false,false
RC02720,shenzhen-institute-of-information-technology,深圳信息职业技术大学,Shenzhen University of Information Technology,广东,深圳市,地方公办,理工,地方公办,15,,false,false,false,false,false,false,false
RC02693,shenzhen-polytechnic,深圳职业技术大学,Shenzhen Polytechnic University,广东,深圳市,地方公办,综合,地方公办,15,,false,false,false,false,false,false,false
RC03166,xinjiang-shihezi-vocational-technical-college,石河子职业技术大学,Xinjiang Shihezi Vocational Technical College,新疆,石河子市,地方公办,理工,地方公办,15,,false,false,false,false,false,false,false
RC00985,shijiazhuang-tiedao-university-sifang-college,石家庄铁道大学四方学院,Shijiazhuang Tiedao University Sifang College,河北,石家庄市,独立学院,理工,独立学院,10,,false,false,false,false,false,false,true
RC00960,kede-college-of-capital-normal-university,首都师范大学科德学院,Kede College of Capital Normal University,北京,北京市,独立学院,语言,独立学院,10,,false,false,false,false,false,false,true
RC00160,shougang-institute-of-technology,首钢工学院,Shougang Institute of Technology,北京,北京市,地方公办,理工,地方公办,10,,false,false,false,false,false,false,false
RC02688,shunde-polytechnic,顺德职业技术大学,Shunde Polytechnic University,广东,佛山市,地方公办,综合,地方公办,15,,false,false,false,false,false,false,false
RC01199,sichuan-university-jinjiang-college,四川大学锦江学院,Sichuan University Jinjiang College,四川,眉山市,独立学院,综合,独立学院,10,,false,false,false,false,false,false,true
RC02899,si-chuan-gong-cheng-zhi-ye-ji-shu-da-xue,四川工程职业技术大学,Sichuan Polytechnic University,四川,德阳市,地方公办,理工,地方公办,15,,false,false,false,false,false,false,false
RC02900,sichuan-college-of-architectural-technology,四川建筑职业技术大学,Sichuan University of Architectural Technology,四川,德阳市,地方公办,理工,地方公办,15,,false,false,false,false,false,false,false
RC02897,sichuan-vocational-and-technical-college-of-communications,四川交通职业技术大学,Sichuan Vocational and Technical College of Communications,四川,成都市,地方公办,理工,地方公办,15,,false,false,false,false,false,false,false
RC01037,applied-technology-college-of-soochow-university,苏州大学应用技术学院,Applied Technology College of Soochow University,江苏,苏州市,独立学院,综合,独立学院,10,,false,false,false,false,false,false,true
RC01038,tianping-college-of-suzhou-university-of-science-and-technology,苏州科技大学天平学院,Tianping College of Suzhou University of Science and Technology,江苏,南京市,独立学院,综合,独立学院,10,,false,false,false,false,false,false,true
RC02054,suzhou-vocational-university,苏州职业技术大学,Suzhou Vocational University,江苏,苏州市,地方公办,理工,地方公办,15,,false,false,false,false,false,false,false
RC04429,tarim-institute-of-technology,塔里木理工学院,Tarim Institute of Technology,新疆,阿拉尔市,民办高校,理工,民办高校,10,,false,false,false,false,false,true,false
RC01768,tang-shan-gong-ye-zhi-ye-ji-shu-da-xue,唐山工业职业技术大学,Tangshan Polytechnic University,河北,唐山市,地方公办,理工,地方公办,15,,false,false,false,false,false,false,false
RC00974,tianjin-university-of-finance-and-economics-pearl-river-college,天津财经大学珠江学院,Tianjin University of Finance and Economics Pearl River College,天津,天津市,独立学院,综合,独立学院,10,,false,false,false,false,false,false,true
RC01733,tianjin-police-institute,天津警察学院,Tianjin Police Institute,天津,天津市,地方公办,政法,地方公办,10,,false,false,false,false,false,false,false
RC00972,zhonghuan-information-college-tianjin-university-of-technology,天津理工大学中环信息学院,Zhonghuan information College Tianjin University of Technology,天津,天津市,独立学院,综合,独立学院,10,,false,false,false,false,false,false,true
RC00968,tianjin-university-of-commerce-boustead-of-college,天津商业大学宝德学院,Tianjin University of Commerce Boustead College,天津,天津市,独立学院,财经,独立学院,10,,false,false,false,false,false,false,true
RC00971,tianjin-normal-university-jingu-college,天津师范大学津沽学院,Tianjin Normal University Jingu College,天津,天津市,独立学院,综合,独立学院,10,,false,false,false,false,false,false,true
RC00966,binhai-school-of-foreign-affairs-of-tianjin-foreign-studies-university,天津外国语大学滨海外事学院,BinHai School of Foreign Affairs of Tianjin Foreign Studies University,天津,天津市,独立学院,语言,独立学院,10,,false,false,false,false,false,false,true
RC00969,clinical-medical-college-of-tianjin-medical-university,天津医科大学临床医学院,Clinical Medical College of Tianjin Medical University,天津,天津市,独立学院,医药,独立学院,10,,false,false,false,false,false,false,true
RC01726,tianjin-vocational-institute,天津职业大学,Tianjin Vocational University,天津,天津市,地方公办,综合,地方公办,15,,false,false,false,false,false,false,false
RC01068,tongji-zhejiang-college,同济大学浙江学院,TongJi ZheJiang College,浙江,嘉兴市,独立学院,综合,独立学院,10,,false,false,false,false,false,false,true
RC02977,tongren-polytechnic-college,铜仁职业技术大学,Tongren Polytechnic University,贵州,铜仁市,地方公办,综合,地方公办,15,,false,false,false,false,false,false,false
RC01308,cyberspace-security-university-of-china,网络空间安全学院,Cyberspace Security University of China,湖北,武汉市,地方公办,理工,地方公办,10,,false,false,false,false,false,false,false
RC01057,wenzhou-medical-university-renji-college,温州医科大学仁济学院,Wenzhou Medical University RenJi College,浙江,温州市,独立学院,医药,独立学院,10,,false,false,false,false,false,false,true
RC02134,wenzhou-polytechnic,温州职业技术大学,Wenzhou Polytechnic,浙江,温州市,地方公办,综合,地方公办,15,,false,false,false,false,false,false,false
RC01131,college-of-international-business-and-economics-wtu,武汉纺织大学外经贸学院,"College of International Business and Economics, WTU",湖北,武汉市,独立学院,财经,独立学院,10,,false,false,false,false,false,false,true
RC01130,the-college-of-post-and-telecommunication-of-wit,武汉工程大学邮电与信息工程学院,College of Post and Telecommunication of WIT,湖北,武汉市,独立学院,理工,独立学院,10,,false,false,false,false,false,false,true
RC01135,wu-han-ti-yu-xue-yuan-ti-yu-ke-ji-xue-yuan,武汉体育学院体育科技学院,The College of Sports Science and Technology of Wuhan Sports University,湖北,武汉市,独立学院,体育,独立学院,10,,false,false,false,false,false,false,true
RC02550,wuhan-polytechnic,武汉职业技术大学,Wuhan Technical University,湖北,武汉市,地方公办,综合,地方公办,15,,false,false,false,false,false,false,false
RC02184,wuhu-institute-of-technology,芜湖职业技术大学,Wuhu Vocational Technical University,安徽,芜湖市,地方公办,理工,地方公办,15,,false,false,false,false,false,false,false
RC03153,urumqi-vocational-university,乌鲁木齐职业大学,Urumqi Vocational University,新疆,乌鲁木齐市,地方公办,综合,地方公办,15,,false,false,false,false,false,false,false
RC03113,wuwei-vocational-college,武威职业技术大学,Wuwei Vocational and Technical University,甘肃,武威市,地方公办,综合,地方公办,15,,false,false,false,false,false,false,false
RC02047,wuxi-institute-of-technology,无锡职业技术大学,Wuxi University of Technology,江苏,无锡市,地方公办,理工,地方公办,15,,false,false,false,false,false,false,false
RC01081,xiamen-university-tan-kah-kee-college,厦门大学嘉庚学院,Xiamen University Tan Kah Kee College,福建,漳州市,独立学院,综合,独立学院,10,,false,false,false,false,false,false,true
RC01220,xing-zhi-college-of-xian-university-of-finance-and-economics,西安财经大学行知学院,Xing Zhi College of Xi'an University of Finance and Economics,陕西,西安市,独立学院,财经,独立学院,10,,false,false,false,false,false,false,true
RC01224,xi-an-dian-zi-ke-ji-da-xue-chang-an-xue-yuan,西安电子科技大学长安学院,Chang'an College Of Xidian University,陕西,西安市,独立学院,理工,独立学院,10,,false,false,false,false,false,false,true
RC04354,xiang-gang-cheng-shi-da-xue-dong-guan,香港城市大学（东莞）,City University of Hong Kong (Dongguan),广东,东莞市,中外合作,综合,合作高校,10,,false,false,false,false,true,false,false
RC04266,xiang-gang-ke-ji-da-wue-gz,香港科技大学（广州）,The Hong Kong University of Science and Technology (Guangzhou),广东,广州市,中外合作,综合,合作高校,10,,false,false,false,false,true,false,false
RC01153,xingxiang-college-of-xiangtan-university,湘潭大学兴湘学院,Xingxiang College of Xiangtan University,湖南,湘潭市,独立学院,综合,独立学院,10,,false,false,false,false,false,false,true
RC02560,xiangyang-vocational-and-technical-college,襄阳职业技术大学,Xiangyang Polytechnic University,湖北,襄阳市,地方公办,综合,地方公办,15,,false,false,false,false,false,false,false
RC01219,xian-university-of-architecture-and-technology-huaqing-college,西安建筑科技大学华清学院,Xi'an University of Architecture and Technology Huaqing College,陕西,西安市,独立学院,理工,独立学院,10,,false,false,false,false,false,false,true
RC01217,xian-jiaotong-university-city-college,西安交通大学城市学院,Xi'an Jiaotong University City College,陕西,西安市,独立学院,理工,独立学院,10,,false,false,false,false,false,false,true
RC01226,xian-kedagaoxin-university,西安科技大学高新学院,Xi'an Kedagaoxin University,陕西,西安市,独立学院,理工,独立学院,10,,false,false,false,false,false,false,true
RC01228,the-hi-tech-college-of-xian-university-of-technology,西安理工大学高科学院,The Hi-Tech College of Xi'an University of Technology,陕西,西安市,独立学院,理工,独立学院,10,,false,false,false,false,false,false,true
RC01306,xian-vocational-university-of-automobile,西安汽车职业大学,Xi'an Vocational University of Automobile,陕西,西安市,民办高校,理工,民办高校,15,,false,false,false,false,false,true,false
RC04428,xian-academy-of-drama,西安戏剧学院,Xi'an Academy of Drama,陕西,西安市,地方公办,艺术,地方公办,10,,false,false,false,false,false,false,false
RC01307,xian-vocational-university-of-information,西安信息职业大学,Xi'an Vocational University of Information,陕西,西安市,民办高校,理工,民办高校,15,,false,false,false,false,false,true,false
RC01218,modern-college-of-northwest-university,西北大学现代学院,Modern College of Northwest University,陕西,西安市,独立学院,理工,独立学院,10,,false,false,false,false,false,false,true
RC01551,westlake-university,西湖大学,Westlake University,浙江,杭州市,民办高校,理工,民办高校,10,,false,false,false,false,false,true,false
RC01200,tianfu-college-of-swufe,西南财经大学天府学院,Tianfu College of Swufe,四川,绵阳市,独立学院,财经,独立学院,10,,false,false,false,false,false,false,true
RC01201,southwest-jiaotong-university-hope-college,西南交通大学希望学院,Southwest Jiaotong University Hope College,四川,南充市,独立学院,综合,独立学院,10,,false,false,false,false,false,false,true
RC01865,xing-an-vocational-and-technical-college,兴安职业技术大学,Xing'an Polytechnic University,内蒙古,兴安盟,地方公办,综合,地方公办,15,,false,false,false,false,false,false,false
RC01769,xing-tai-yi-xue-yuan,邢台医学院,Xingtai Medical College,河北,邢台市,地方公办,医药,地方公办,10,,false,false,false,false,false,false,false
RC03172,bingtuan-xingxin-vocational-and-technical-college,新疆工程职业大学,Bingtuan Xingxin Vocational and Technical College,新疆,铁门关市,地方公办,理工,地方公办,15,,false,false,false,false,false,false,false
RC04385,xin-jiang-gong-ye-xue-yuan,新疆工业学院,Xinjiang University of Technology,新疆,和田地区,地方公办,理工,地方公办,10,,false,false,false,false,false,false,false
RC04446,xin-jiang-gong-ye-zhi-ye-ji-shu-da-xue,新疆工业职业技术大学,,新疆,乌鲁木齐市,地方公办,理工,地方公办,15,,false,false,false,false,false,false,false
RC03151,xin-jiang-he-tian-xue-yuan,新疆和田学院,Hetian Normal College,新疆,和田地区,地方公办,师范,地方公办,10,,false,false,false,false,false,false,false
RC03165,xinjiang-vocational-technical-college-of-communications,新疆交通职业技术大学,Xinjiang Communications Polytechnic University,新疆,乌鲁木齐市,地方公办,理工,地方公办,15,,false,false,false,false,false,false,false
RC04430,xinjiang-vocational-university-of-technology,新疆理工职业大学,Xinjiang Vocational University of Technology,新疆,喀什地区,地方公办,理工,地方公办,15,,false,false,false,false,false,false,false
RC04447,xin-jiang-neng-yuan-tie-dao-zhi-ye-ji-shu-da-xue,新疆能源铁道职业技术大学,,新疆,哈密市,地方公办,理工,地方公办,15,,false,false,false,false,false,false,false
RC03152,xin-jiang-nong-ye-zhi-ye-ji-shu-da-xue,新疆农业职业技术大学,Xinjiang Agricultural Vocational and Technical University,新疆,昌吉回族自治州,地方公办,农林,地方公办,15,,false,false,false,false,false,false,false
RC01561,xinjiang-tianshan-university-vocational-technical-college,新疆天山职业技术大学,Xinjiang Tianshan Vocational and Technical University,新疆,乌鲁木齐市,民办高校,综合,民办高校,15,,false,false,false,false,false,true,false
RC01223,xian-innovation-college-of-yanan-university,延安大学西安创新学院,Xi'an Innovation College of Yan'an University,陕西,西安市,独立学院,综合,独立学院,10,,false,false,false,false,false,false,true
RC01040,guangling-college-of-yangzhou-university,扬州大学广陵学院,Guangling College of Yangzhou University,江苏,扬州市,独立学院,综合,独立学院,10,,false,false,false,false,false,false,true
RC02056,yangzhou-polytechnic-college,扬州职业技术大学,Yangzhou Polytechnic University,江苏,扬州市,地方公办,综合,地方公办,15,,false,false,false,false,false,false,false
RC00984,liren-college-yanshan-university,燕山大学里仁学院,"LiRen College, Yanshan University",河北,秦皇岛市,独立学院,理工,独立学院,10,,false,false,false,false,false,false,true
RC01310,university-of-emergency-management,应急管理大学,University of Emergency Management,河北,廊坊市,中央部属,理工,中央部属,10,,false,false,false,false,false,false,false
RC01555,yuncheng-vocational-and-technical-university,运城职业技术大学,YUNCHENG VOCATIONAL AND TECHNICAL UNIVERSITY,山西,运城市,民办高校,综合,民办高校,15,,false,false,false,false,false,true,false
RC04445,yun-nan-jiao-tong-zhi-ye-ji-shu-da-xue,云南交通职业技术大学,Yunnan Jiaotong Polytechnic University,云南,昆明市,地方公办,理工,地方公办,15,,false,false,false,false,false,false,false
RC02736,zhao-qing-yi-xue-yuan,肇庆医学院,Zhaoqing Medical College,广东,肇庆市,地方公办,医药,地方公办,10,,false,false,false,false,false,false,false
RC01065,zhejiang-university-of-finance-and-economics-dongfang-college,浙江财经大学东方学院,Zhejiang University of Finance and Economics Dongfang College,浙江,嘉兴市,独立学院,财经,独立学院,10,,false,false,false,false,false,false,true
RC01063,zhejiang-gongshang-university-hangzhou-college-of-commerce,浙江工商大学杭州商学院,Zhejiang Gongshang University Hangzhou College of Commerce,浙江,杭州市,独立学院,财经,独立学院,10,,false,false,false,false,false,false,true
RC01050,zhijiang-college-of-zhejiang-university-of-technology,浙江工业大学之江学院,Zhijiang College of Zhejiang University of Technology,浙江,杭州市,独立学院,理工,独立学院,10,,false,false,false,false,false,false,true
RC01559,zhejiang-guangsha-college-of-appled-construction-technology,浙江广厦建设职业技术大学,Zhejiang Guangsha Vocational and Technical University of Construction,浙江,金华市,民办高校,理工,民办高校,15,,false,false,false,false,false,true,false
RC02143,zhe-jiang-ji-dian-zhi-ye-ji-shu-da-xue,浙江机电职业技术大学,Zhejiang Polytechnic University of Mechanical and Electrical Engineering,浙江,杭州市,地方公办,理工,地方公办,15,,false,false,false,false,false,false,false
RC01054,keyi-college-of-zhejiang-sci-tech-university,浙江理工大学科技与艺术学院,Keyi College of Zhejiang Sci-Tech University,浙江,杭州市,独立学院,理工,独立学院,10,,false,false,false,false,false,false,true
RC01056,jiyang-college-of-zhejiang-a-f-university,浙江农林大学暨阳学院,Jiyang College of Zhejiang A&F University,浙江,绍兴市,独立学院,林业,独立学院,10,,false,false,false,false,false,false,true
RC01051,xingzhi-college-zhejiang-normal-university,浙江师范大学行知学院,Xingzhi College Zhejiang Normal University,浙江,金华市,独立学院,综合,独立学院,10,,false,false,false,false,false,false,true
RC03189,zhejiang-ocean-university-donghai-science-and-technology-college-2,浙江药科职业大学,Zhejiang Pharmaceutical University,浙江,宁波市,地方公办,医药,地方公办,15,,false,false,false,false,false,false,false
RC01058,zhejiang-chinese-medicine-university-binjiang-college,浙江中医药大学滨江学院,ZheJiang Chinese Medicine University BinJiang College,浙江,杭州市,独立学院,医药,独立学院,10,,false,false,false,false,false,false,true
RC02470,zhengzhou-shuqing-medical-college,郑州健康学院,Zhengzhou Health College,河南,郑州市,民办高校,医药,民办高校,10,,false,false,false,false,false,true,false
RC04265,zhengzhou-academy-of-fine-arts,郑州美术学院,Zhengzhou Academy of Fine Arts,河南,郑州市,民办高校,艺术,民办高校,10,,false,false,false,false,false,true,false
RC02454,zhengzhou-railway-vocational-technical-college,郑州铁路职业技术大学,Zhengzhou Railway Vocational & Technical College,河南,郑州市,地方公办,理工,地方公办,15,,false,false,false,false,false,false,false
RC01064,china-jiliang-university-college-of-modern-science-and-technology,中国计量大学现代科技学院,China Jiliang University College of Modern Science and Technology,浙江,杭州市,独立学院,理工,独立学院,10,,false,false,false,false,false,false,true
RC00163,university-of-chinese-academy-of-sciences,中国科学院大学,University of Chinese Academy of Sciences,北京,北京市,中央部属,综合,双一流,10,,false,true,false,false,false,false,false
RC01024,xuhai-college-china-university-of-mining-and-technology,中国矿业大学徐海学院,"Xuhai College, China University of Mining and Technology",江苏,徐州市,独立学院,理工,独立学院,10,,false,false,false,false,false,false,true
RC00159,china-youth-university-of-political-studies,中国青年政治学院,China Youth University of Political Studies,北京,北京市,中央部属,政法,中央部属,10,,false,false,false,false,false,false,false
RC01288,national-defence-university-pla-china,中国人民解放军国防大学,PLA National Defence University,北京,北京市,军事院校,军事,军事院校,10,,false,false,false,false,false,false,false
RC00084,national-university-of-defense-technology,中国人民解放军国防科技大学,National University of Defense Technology,湖南,长沙市,军事院校,军事,双一流,10,,false,true,true,true,false,false,false
RC01259,dalian-naval-academy,中国人民解放军海军大连舰艇学院,Dalian Naval Academy,辽宁,大连市,军事院校,军事,军事院校,10,,false,false,false,false,false,false,false
RC01260,naval-university-of-engineering,中国人民解放军海军工程大学,Naval University of Engineering,湖北,武汉市,军事院校,军事,军事院校,10,,false,false,false,false,false,false,false
RC01280,naval-aeronautical-university,中国人民解放军海军航空大学,Naval Aviation University,山东,烟台市,军事院校,军事,军事院校,10,,false,false,false,false,false,false,false
RC00082,the-second-military-medical-university,中国人民解放军海军军医大学,Naval Medical University,上海,上海市,军事院校,军事,双一流,10,,false,true,false,true,false,false,false
RC01261,naval-submarine-academy,中国人民解放军海军潜艇学院,PLA Naval Submarine Academy,山东,青岛市,军事院校,军事,军事院校,10,,false,false,false,false,false,false,false
RC01291,hai-jun-qin-wu-xue-yuan,中国人民解放军海军勤务学院,Naval Logistics Academy,天津,天津市,军事院校,军事,军事院校,10,,false,false,false,false,false,false,false
RC04262,zhong-guo-ren-min-jief-fang-jun-hai-jun-shi-guan-xue-yuan,中国人民解放军海军士官学校,Chinese People's Liberation Army Naval Non commissioned Officer School,安徽,蚌埠市,军事院校,军事,军事院校,10,,false,false,false,false,false,false,false
RC01290,hai-jun-zhi-hui-xue-yuan,中国人民解放军海军指挥学院,Naval Command College,江苏,南京市,军事院校,军事,军事院校,10,,false,false,false,false,false,false,false
RC01257,the-second-artillery-engineering-university,中国人民解放军火箭军工程大学,Rocket Force University of Engineering,陕西,西安市,军事院校,军事,军事院校,10,,false,false,false,false,false,false,false
RC04264,zhong-guo-ren-min-jie-fang-jun-huo-jian-jun,中国人民解放军火箭军士官学校,Chinese People's Liberation Army Rocket Sergeant School,山东,潍坊市,军事院校,军事,军事院校,10,,false,false,false,false,false,false,false
RC01258,smf-command-college-of-pla,中国人民解放军火箭军指挥学院,The PLA Rocket Force Command College,湖北,武汉市,军事院校,军事,军事院校,10,,false,false,false,false,false,false,false
RC01281,zhan-lve-zhi-yuan-bu-dui-hang-tian-gong-cheng-da-xue,中国人民解放军军事航天部队航天工程大学,PLA Space Engineering University,北京,北京市,军事院校,军事,军事院校,10,,false,false,false,false,false,false,false
RC01262,air-force-engineering-university,中国人民解放军空军工程大学,Air Force Engineering University,陕西,西安市,军事院校,军事,军事院校,10,,false,false,false,false,false,false,false
RC01263,peoples-liberation-army-air-force-harbin-flight-academy,中国人民解放军空军哈尔滨飞行学院,Air Force Harbin Flying College,黑龙江,哈尔滨市,军事院校,军事,军事院校,10,,false,false,false,false,false,false,false
RC01264,aviation-university-air-force,中国人民解放军空军航空大学,Aviation University of Air Force,吉林,长春市,军事院校,军事,军事院校,10,,false,false,false,false,false,false,false
RC00099,air-force-medical-university,中国人民解放军空军军医大学,Air Force Medical University,陕西,西安市,军事院校,军事,双一流,10,,false,true,false,true,false,false,false
RC01265,air-force-logistics-university,中国人民解放军空军勤务学院,Air Force Logistics Academy,江苏,徐州市,军事院校,军事,军事院校,10,,false,false,false,false,false,false,false
RC01266,kong-jun-shi-jia-zhuang-fei-xing-xue-yuan,中国人民解放军空军石家庄飞行学院,Shijiazhuang Flying College of PLA Air Force,河北,石家庄市,军事院校,军事,军事院校,10,,false,false,false,false,false,false,false
RC04263,zhong-guo-ren-min-jie-fang-jun-kong-jun-ton-xi-shi-guan-xue-yuan,中国人民解放军空军通信士官学校,Air Force Communication NCO Academy,辽宁,大连市,军事院校,军事,军事院校,10,,false,false,false,false,false,false,false
RC01256,xian-flying-college-of-pla-air-force,中国人民解放军空军西安飞行学院,PLA Air Force Xi'an Flying College,陕西,西安市,军事院校,军事,军事院校,10,,false,false,false,false,false,false,false
RC01267,air-force-early-warning-academy,中国人民解放军空军预警学院,Air Force Early Warning Academy,湖北,武汉市,军事院校,军事,军事院校,10,,false,false,false,false,false,false,false
RC01268,afcc-pla,中国人民解放军空军指挥学院,Chinese people's Liberation Army Air Force Command College,北京,北京市,军事院校,军事,军事院校,10,,false,false,false,false,false,false,false
RC04433,zhong-guo-ren-min-jie-fang-jun-lian-qin-bao-zhang-bu-dui-gong-cheng-da-xue,中国人民解放军联勤保障部队工程大学,,重庆,重庆市,军事院校,军事,军事院校,10,,false,false,false,false,false,false,false
RC01269,army-academy-of-border-and-coastal-defence,中国人民解放军陆军边海防学院,Army Academy of Border and Coastal Defense,陕西,西安市,军事院校,军事,军事院校,10,,false,false,false,false,false,false,false
RC04431,zhong-guo-ren-min-jie-fang-jun-lu-jun-bing-zhong-da-xue,中国人民解放军陆军兵种大学,,安徽,合肥市,军事院校,军事,军事院校,10,,false,false,false,false,false,false,false
RC01270,lu-jun-bu-bing-xue-yuan,中国人民解放军陆军步兵学院,The Army Infantry Academy of PLA,江西,南昌市,军事院校,军事,军事院校,10,,false,false,false,false,false,false,false
RC01271,lu-jun-fang-hua-xue-yuan,中国人民解放军陆军防化学院,"Institute of NBC Defence, PLA Army",北京,北京市,军事院校,军事,军事院校,10,,false,false,false,false,false,false,false
RC01272,pla-university-of-science-and-technology,中国人民解放军陆军工程大学,Army Engineering University of PLA,江苏,南京市,军事院校,军事,军事院校,10,,false,false,false,false,false,false,false
RC01273,chinese-peoples-liberation-army-aviation-school,中国人民解放军陆军航空兵学院,Chinese people's Liberation Army Aviation School,北京,北京市,军事院校,军事,军事院校,10,,false,false,false,false,false,false,false
RC00061,army-medical-university,中国人民解放军陆军军医大学,Army Medical University,重庆,重庆市,军事院校,军事,军事院校,10,,false,false,false,false,false,false,false
RC01275,lu-jun-te-zhong-zuo-zhan-xue-yuan,中国人民解放军陆军特种作战学院,Special Operation College of PLA,广东,广州市,军事院校,军事,军事院校,10,,false,false,false,false,false,false,false
RC01274,lu-jun-zhi-hui-xue-yuan,中国人民解放军陆军指挥学院,Army Command College,江苏,南京市,军事院校,军事,军事院校,10,,false,false,false,false,false,false,false
RC01276,the-pla-information-engineering-university,中国人民解放军网络空间部队信息工程大学,The PLA Information Engineering University,河南,郑州市,军事院校,军事,军事院校,10,,false,false,false,false,false,false,false
RC04432,zhong-guo-ren-min-jie-fang-jun-xin-xi-zhi-yuan-bu-dui-gong-cheng-da-xue,中国人民解放军信息支援部队工程大学,,湖北,武汉市,军事院校,军事,军事院校,10,,false,false,false,false,false,false,false
RC01284,engineering-university-of-pap,中国人民武装警察部队工程大学,Engineering University of PAP,陕西,西安市,军事院校,军事,军事院校,10,,false,false,false,false,false,false,false
RC00390,china-maritime-police-academy,中国人民武装警察部队海警学院,China Coast Guard Academy,浙江,宁波市,军事院校,军事,军事院校,10,,false,false,false,false,false,false,false
RC01282,logistics-university-of-peoples-armed-police-force,中国人民武装警察部队后勤学院,Logistics University of People's Armed Police Force,天津,天津市,军事院校,军事,军事院校,10,,false,false,false,false,false,false,false
RC01285,armed-police-college-of-capf,中国人民武装警察部队警官学院,Officers College of PAP,四川,成都市,军事院校,军事,军事院校,10,,false,false,false,false,false,false,false
RC01283,wu-jing-shi-guan-xue-xiao,中国人民武装警察部队士官学校,Noncommissioned Officer Academy of PAP,浙江,杭州市,军事院校,军事,军事院校,10,,false,false,false,false,false,false,false
RC01286,special-police-of-china,中国人民武装警察部队特种警察学院,Special Police of China,北京,北京市,军事院校,军事,军事院校,10,,false,false,false,false,false,false,false
RC01287,the-peoples-armed-police-command-college,中国人民武装警察部队指挥学院,PAP Command College,天津,天津市,军事院校,军事,军事院校,10,,false,false,false,false,false,false,false
RC00812,university-of-chinese-academy-of-social-sciences,中国社会科学院大学,University of Chinese Academy of Social Sciences,北京,北京市,中央部属,综合,中央部属,10,,false,false,false,false,false,false,false
RC01553,china-fire-and-rescue-institute,中国消防救援学院,China Fire and Rescue Institute,北京,北京市,中央部属,综合,中央部属,10,,false,false,false,false,false,false,false
RC01148,swan-college-central-south-university-of-forestry-and-technology,中南林业科技大学涉外学院,"Swan college, Central South University of Forestry and Technology",湖南,长沙市,独立学院,综合,独立学院,10,,false,false,false,false,false,false,true
RC02395,zibo-vocational-institute,淄博职业技术大学,Zibo Polytechnic University,山东,淄博市,地方公办,综合,地方公办,15,,false,false,false,false,false,false,false
RC01205,medicine-technology-school-of-zunyi-medical-university,遵义医科大学医学与科技学院,Medicine & Technology College of Zunyi Medical University,贵州,遵义市,独立学院,医药,独立学院,10,,false,false,false,false,false,false,true
RC0170100,beijing-polytechnic-college,北京工业职业技术学院,Beijing Polytechnic College,北京,北京市,地方公办,理工,专科,20,,true,false,false,false,false,false,false
RC0170200,beijing-information-technology-college,北京信息职业技术学院,Beijing information Technology College,北京,北京市,地方公办,理工,专科,20,,true,false,false,false,false,false,false
RC0170400,northern-beijing-vocational-education-institute,北京京北职业技术学院,Northern Beijing Vocational Education Institute,北京,北京市,地方公办,理工,专科,20,,true,false,false,false,false,false,false
RC0170500,beijing-jiaotong-vocational-technical-college,北京交通职业技术学院,Beijing Jiaotong Vocational Technical College,北京,北京市,地方公办,理工,专科,20,,true,false,false,false,false,false,false
RC0170600,beijing-youth-politics-college,北京青年政治学院,Beijing Youth Politics College,北京,北京市,地方公办,师范,专科,20,,true,false,false,false,false,false,false
RC0170700,beijing-vocational-college-of-agriculture,北京农业职业学院,Beijing Vocational College of Agriculture,北京,北京市,地方公办,农林,专科,20,,true,false,false,false,false,false,false
RC0170800,beijing-college-of-politics-and-law,北京政法职业学院,Beijing College of Politics and Law,北京,北京市,地方公办,政法,专科,20,,true,false,false,false,false,false,false
RC0170900,beijing-college-of-finance-and-commerce,北京财贸职业学院,Beijing College of Finance And Commerce,北京,北京市,地方公办,财经,专科,20,,true,false,false,false,false,false,false
RC0171000,peking-university-founder-technology-college,北京北大方正软件职业技术学院,Peking University Founder Technology College,北京,北京市,民办高校,理工,专科,20,,true,false,false,false,false,true,false
RC0171100,beijing-professional-business-institute,北京经贸职业学院,Beijing Professional Business Institute,北京,北京市,民办高校,财经,专科,20,,true,false,false,false,false,true,false
RC0171200,beijing-institute-of-business-and-technology,北京经济技术职业学院,Beijing Institute of Business and Technology,北京,北京市,民办高校,财经,专科,20,,true,false,false,false,false,true,false
RC0171300,beijing-opera-and-arts-college,北京戏曲艺术职业学院,Beijing Opera and Arts College,北京,北京市,地方公办,文艺,专科,20,,true,false,false,false,false,false,false
RC0171400,beijing-huijia-vocational-college,北京汇佳职业学院,Beijing Huijia Vocational College,北京,北京市,民办高校,综合,专科,20,,true,false,false,false,false,true,false
RC0171500,beijing-science-technology-and-management-college,北京科技经营管理学院,Beijing Science Technology and Management College,北京,北京市,民办高校,财经,专科,20,,true,false,false,false,false,true,false
RC0171600,university-for-science-technology-beijing,北京科技职业学院,"University For Science & Technology,Beijing",北京,北京市,民办高校,综合,专科,20,,true,false,false,false,false,true,false
RC0171700,beijing-bailie-university,北京培黎职业学院,Beijing Bailie University,北京,北京市,民办高校,综合,专科,20,,true,false,false,false,false,true,false
RC0171800,beijing-institute-of-economics-and-management,北京经济管理职业学院,Beijing Institute of Economics and Management,北京,北京市,地方公办,财经,专科,20,,true,false,false,false,false,false,false
RC0171900,beijing-vocational-college-of-labour-and-social-security,北京劳动保障职业学院,Beijing Vocational College of Labour And Social Security,北京,北京市,地方公办,财经,专科,20,,true,false,false,false,false,false,false
RC0172100,beijing-arts-and-media-vocational-college,北京艺术传媒职业学院,Beijing Arts and Media Vocational College,北京,北京市,民办高校,文艺,专科,20,,true,false,false,false,false,true,false
RC0172200,beijing-college-of-sports,北京体育职业学院,Beijing College Of Sports,北京,北京市,地方公办,体育,专科,20,,true,false,false,false,false,false,false
RC0172300,beijing-vocational-transportation-college,北京交通运输职业学院,Beijing Vocational Transportation College,北京,北京市,地方公办,理工,专科,20,,true,false,false,false,false,false,false
RC0172400,beijing-health-vacational-college,北京卫生职业学院,Beijing Health Vacational College,北京,北京市,地方公办,医药,专科,20,,true,false,false,false,false,false,false
RC0172500,beijing-college-of-internet-engineering,北京网络职业学院,Beijing College Of Internet Engineering,北京,北京市,民办高校,理工,专科,20,,true,false,false,false,false,true,false
RC0172700,tianjin-coastal-polytechnic,天津滨海职业学院,Tianjin Coastal Polytechnic,天津,天津市,地方公办,综合,专科,20,,true,false,false,false,false,false,false
RC0172800,tianjin-engineering-technical-institute,天津工程职业技术学院,Tianjin Engineering Technical Institute,天津,天津市,地方公办,,专科,20,,true,false,false,false,false,false,false
RC0172900,tianjin-bohai-vocational-technology-college,天津渤海职业技术学院,Tianjin Bohai Vocational Technology College,天津,天津市,地方公办,综合,专科,20,,true,false,false,false,false,false,false
RC0173000,tianjin-electronic-information-college,天津电子信息职业技术学院,Tianjin Electronic Information College,天津,天津市,地方公办,理工,专科,20,,true,false,false,false,false,false,false
RC0173100,tianjin-vocational-college-of-mechanics-and-electricity,天津机电职业技术学院,Tianjin Vocational College Of Mechanics And Electricity,天津,天津市,地方公办,理工,专科,20,,true,false,false,false,false,false,false
RC0173200,tianjin-modern-vocational-technology-college,天津现代职业技术学院,Tianjin Modern Vocational Technology College,天津,天津市,地方公办,综合,专科,20,,true,false,false,false,false,false,false
RC0173400,tianjin-light-industry-vocational-technical-college,天津轻工职业技术学院,Tianjin Light Industry Vocational Technical College,天津,天津市,地方公办,理工,专科,20,,true,false,false,false,false,false,false
RC0173500,tianjin-college-of-commerce,天津商务职业学院,Tianjin College Of Commerce,天津,天津市,地方公办,财经,专科,20,,true,false,false,false,false,false,false
RC0173600,tianjin-land-resources-and-house-vocational-college,天津国土资源和房屋职业学院,Tianjin Land Resources And House Vocational College,天津,天津市,地方公办,综合,专科,20,,true,false,false,false,false,false,false
RC0173700,tianjin-medical-college,天津医学高等专科学校,Tianjin Medical College,天津,天津市,地方公办,医药,专科,20,,true,false,false,false,false,false,false
RC0173800,teda-polytechnic,天津开发区职业技术学院,Teda Polytechnic,天津,天津市,地方公办,,专科,20,,true,false,false,false,false,false,false
RC0173900,tianjin-art-vocational-college,天津艺术职业学院,Tianjin Art Vocational College,天津,天津市,地方公办,文艺,专科,20,,true,false,false,false,false,false,false
RC0174000,tianjin-transportation-technical-college,天津交通职业学院,Tianjin Transportation Technical College,天津,天津市,地方公办,理工,专科,20,,true,false,false,false,false,false,false
RC0174100,tianjin-polytechnic-college,天津工业职业学院,Tianjin Polytechnic College,天津,天津市,地方公办,理工,专科,20,,true,false,false,false,false,false,false
RC0174200,tianjin-petroleum-vocational-and-technical-college,天津石油职业技术学院,Tianjin Petroleum Vocational And Technical College,天津,天津市,地方公办,理工,专科,20,,true,false,false,false,false,false,false
RC0174300,tianjin-city-vocational-college,天津城市职业学院,Tianjin City Vocational College,天津,天津市,地方公办,综合,专科,20,,true,false,false,false,false,false,false
RC0174400,tianjin-railway-technical-and-vocational-college,天津铁道职业技术学院,Tianjin Railway Technical And Vocational College,天津,天津市,地方公办,理工,专科,20,,true,false,false,false,false,false,false
RC0174500,tianjin-arts-and-crafts-vocational-college,天津工艺美术职业学院,Tianjin Arts And Crafts Vocational College,天津,天津市,地方公办,文艺,专科,20,,true,false,false,false,false,false,false
RC0174600,tianjin-urban-construction-management-vocation,天津城市建设管理职业技术学院,Tianjin Urban Construction Management & Vocation,天津,天津市,地方公办,综合,专科,20,,true,false,false,false,false,false,false
RC0174700,tianjin-vocational-college-of-bioengineering,天津生物工程职业技术学院,Tianjin Vocational College Of Bioengineering,天津,天津市,地方公办,医药,专科,20,,true,false,false,false,false,false,false
RC0174800,tianjin-maritime-college,天津海运职业学院,Tianjin Maritime College,天津,天津市,地方公办,综合,专科,20,,true,false,false,false,false,false,false
RC0174900,tianjin-broadcasting-tv-and-film-institute,天津广播影视职业学院,Tianjin Broadcasting Tv And Film Institute,天津,天津市,地方公办,文艺,专科,20,,true,false,false,false,false,false,false
RC0175000,tianjin-vocational-college-of-sports,天津体育职业学院,Tianjin Vocational College Of Sports,天津,天津市,地方公办,体育,专科,20,,true,false,false,false,false,false,false
RC0175100,tianjin-binhai-vocational-institute-of-automotive-engineering,天津滨海汽车工程职业学院,Tianjin Binhai Vocational Institute Of Automotive Engineering,天津,天津市,民办高校,理工,专科,20,,true,false,false,false,false,true,false
RC0175200,handan-polytechnic-college,邯郸职业技术学院,Handan Polytechnic College,河北,邯郸市,地方公办,理工,专科,20,,true,false,false,false,false,false,false
RC0175300,shijiazhuang-university-of-applied-technology,石家庄职业技术学院,Shijiazhuang University Of Applied Technology,河北,石家庄市,地方公办,综合,专科,20,,true,false,false,false,false,false,false
RC0175400,zhangjiakou-vocational-and-technical-college,张家口职业技术学院,Zhangjiakou Vocational And Technical College,河北,张家口市,地方公办,理工,专科,20,,true,false,false,false,false,false,false
RC0175500,hebei-software-institute,河北软件职业技术学院,Hebei Software Institute,河北,保定市,地方公办,理工,专科,20,,true,false,false,false,false,false,false
RC0175600,hebei-technical-college-of-petroleum-profession,河北石油职业技术学院,Hebei Technical College Of Petroleum Profession,河北,廊坊市,地方公办,,专科,20,,true,false,false,false,false,false,false
RC0175700,hebei-polytechnic-of-building-materials,河北建材职业技术学院,Hebei Polytechnic Of Building Materials,河北,秦皇岛市,地方公办,理工,专科,20,,true,false,false,false,false,false,false
RC0175800,hebei-vocational-college-of-politics-and-law,河北政法职业学院,Hebei Vocational College Of Politics And Law,河北,石家庄市,地方公办,政法,专科,20,,true,false,false,false,false,false,false
RC0175900,cangzhou-technical-college,沧州职业技术学院,Cangzhou Technical College,河北,沧州市,地方公办,综合,专科,20,,true,false,false,false,false,false,false
RC0176000,hebei-energy-college-of-vocation-and-technology,河北能源职业技术学院,Hebei Energy College Of Vocation And Technology,河北,唐山市,地方公办,理工,专科,20,,true,false,false,false,false,false,false
RC0176100,shijiazhuang-institute-of-railway-technology,石家庄铁路职业技术学院,Shijiazhuang Institute Of Railway Technology,河北,石家庄市,地方公办,理工,专科,20,,true,false,false,false,false,false,false
RC0176200,baoding-vocational-and-technical-college,保定职业技术学院,Baoding Vocational and Technical College,河北,保定市,地方公办,综合,专科,20,,true,false,false,false,false,false,false
RC0176300,qinhuangdao-vocational-and-technical-college,秦皇岛职业技术学院,Qinhuangdao Vocational And Technical College,河北,秦皇岛市,地方公办,理工,专科,20,,true,false,false,false,false,false,false
RC0176400,shijiazhuang-engineering-vocational-college,石家庄工程职业学院,Shijiazhuang Engineering Vocational College,河北,石家庄市,民办高校,理工,专科,20,,true,false,false,false,false,true,false
RC0176500,shijiazhuang-vocational-college-of-city-economy,石家庄城市经济职业学院,Shijiazhuang Vocational College Of City Economy,河北,石家庄市,民办高校,综合,专科,20,,true,false,false,false,false,true,false
RC0176600,tangshan-vocational-technical-college,唐山职业技术学院,Tangshan Vocational & Technical College,河北,唐山市,地方公办,综合,专科,20,,true,false,false,false,false,false,false
RC0176700,hengshui-college-of-vocational-and-technology,衡水职业技术学院,Hengshui College Of Vocational And Technology,河北,衡水市,地方公办,综合,专科,20,,true,false,false,false,false,false,false
RC0177000,hebei-vocational-art-college,河北艺术职业学院,Hebei Vocational Art College,河北,石家庄市,地方公办,文艺,专科,20,,true,false,false,false,false,false,false
RC0177100,hebei-tourism-college,河北旅游职业学院,Hebei Tourism College,河北,承德市,地方公办,综合,专科,20,,true,false,false,false,false,false,false
RC0177200,shijiazhuang-vocational-college-of-finance-economics,石家庄财经职业学院,Shijiazhuang Vocational College Of Finance & Economics,河北,石家庄市,民办高校,财经,专科,20,,true,false,false,false,false,true,false
RC0177300,hebei-jiaotong-vocational-and-technical-college,河北交通职业技术学院,Hebei Jiaotong Vocational And Technical College,河北,石家庄市,地方公办,理工,专科,20,,true,false,false,false,false,false,false
RC0177400,hebei-chemical-pharmaceutical-college,河北化工医药职业技术学院,Hebei Chemical & Pharmaceutical College,河北,石家庄市,地方公办,理工,专科,20,,true,false,false,false,false,false,false
RC0177500,shijiazhuang-information-engineering-vocational-college,石家庄信息工程职业学院,Shijiazhuang Information Engineering Vocational College,河北,石家庄市,地方公办,理工,专科,20,,true,false,false,false,false,false,false
RC0177600,hebei-institute-of-international-business-and-economics,河北对外经贸职业学院,Hebei Institute Of International Business And Economics,河北,秦皇岛市,地方公办,师范,专科,20,,true,false,false,false,false,false,false
RC0177700,baoding-technical-college-of-electric-power,保定电力职业技术学院,Baoding Technical College Of Electric Power,河北,保定市,地方公办,理工,专科,20,,true,false,false,false,false,false,false
RC0177800,hebei-institute-of-mechanical-and-electroninc-technology,河北机电职业技术学院,Hebei Institute Of Mechanical And Electroninc Technology,河北,邢台市,地方公办,理工,专科,20,,true,false,false,false,false,false,false
RC0177900,bohai-petroleum-vocational-college,渤海石油职业学院,Bohai Petroleum Vocational College,河北,沧州市,地方公办,,专科,20,,true,false,false,false,false,false,false
RC0178000,langfang-polytechnic-institute,廊坊职业技术学院,Langfang Polytechnic Institute,河北,廊坊市,地方公办,理工,专科,20,,true,false,false,false,false,false,false
RC0178100,tangshan-vocational-college-of-science-technology,唐山科技职业技术学院,Tangshan Vocational College Of Science & Technology,河北,唐山市,地方公办,理工,专科,20,,true,false,false,false,false,false,false
RC0178200,shijiazhuang-post-and-telecommunications-technical-college,石家庄邮电职业技术学院,Shijiazhuang Post And Telecommunications Technical College,河北,石家庄市,地方公办,理工,专科,20,,true,false,false,false,false,false,false
RC0178300,hebei-public-security-police-vocational-college,河北公安警察职业学院,Hebei Public Security Police Vocational College,河北,石家庄市,地方公办,政法,专科,20,,true,false,false,false,false,false,false
RC0178400,shijiazhuang-vocational-college-of-industry-and-commerce,石家庄工商职业学院,Shijiazhuang Vocational College Of Industry And Commerce,河北,石家庄市,民办高校,财经,专科,20,,true,false,false,false,false,true,false
RC0178500,shijiazhuang-institute-of-technology,石家庄理工职业学院,Shijiazhuang Institute Of Technology,河北,石家庄市,民办高校,理工,专科,20,,true,false,false,false,false,true,false
RC0178600,shijiazhuang-vocational-college-of-technology-information,石家庄科技信息职业学院,Shijiazhuang Vocational College Of Technology & Information,河北,石家庄市,民办高校,理工,专科,20,,true,false,false,false,false,true,false
RC0178700,hebei-vocational-college-for-correctional-police,河北司法警官职业学院,Hebei Vocational College For Correctional Police,河北,邯郸市,地方公办,政法,专科,20,,true,false,false,false,false,false,false
RC0178800,cangzhou-medical-college,沧州医学高等专科学校,Cangzhou Medical College,河北,沧州市,地方公办,医药,专科,20,,true,false,false,false,false,false,false
RC0178900,hebei-womens-vocational-college,河北女子职业技术学院,Hebei Women's Vocational College,河北,石家庄市,地方公办,师范,专科,20,,true,false,false,false,false,false,false
RC0179000,shijiazhuang-medical-college,石家庄医学高等专科学校,Shijiazhuang Medical College,河北,石家庄市,民办高校,医药,专科,20,,true,false,false,false,false,true,false
RC0179100,shijiazhuang-vocational-college-of-economics,石家庄经济职业学院,Shijiazhuang Vocational College Of Economics,河北,石家庄市,民办高校,财经,专科,20,,true,false,false,false,false,true,false
RC0179200,jizhong-vocational-college,冀中职业学院,Jizhong Vocational College,河北,保定市,地方公办,综合,专科,20,,true,false,false,false,false,false,false
RC0179300,shijiazhuang-peoples-medical-college,石家庄人民医学高等专科学校,Shijiazhuang People's Medical College,河北,石家庄市,民办高校,医药,专科,20,,true,false,false,false,false,true,false
RC0179400,zhengding-advanced-normal-college-of-hebei,河北正定师范高等专科学校,Zhengding Advanced Normal College Of Hebei,河北,石家庄市,地方公办,师范,专科,20,,true,false,false,false,false,false,false
RC0179500,hebei-vocational-college-of-labour-relations,河北劳动关系职业学院,Hebei Vocational College Of Labour Relations,河北,石家庄市,地方公办,综合,专科,20,,true,false,false,false,false,false,false
RC0179600,shijiazhuang-science-and-technology-career-academy,石家庄科技职业学院,Shijiazhuang Science And Technology Career Academy,河北,石家庄市,民办高校,理工,专科,20,,true,false,false,false,false,true,false
RC0179700,cangzhou-kindergarten-teachers-college,沧州幼儿师范高等专科学校,Cangzhou Kindergarten Teachers College,河北,沧州市,地方公办,师范,专科,20,,true,false,false,false,false,false,false
RC0179800,xuanhua-vocational-college-of-science-technology,宣化科技职业学院,Xuanhua Vocational College Of Science & Technology,河北,张家口市,地方公办,综合,专科,20,,true,false,false,false,false,false,false
RC0179900,langfang-yanjing-vocational-technical-college,廊坊燕京职业技术学院,Langfang Yanjing Vocational Technical College,河北,廊坊市,地方公办,理工,专科,20,,true,false,false,false,false,false,false
RC0180000,chengde-nursing-vocational-college,承德护理职业学院,Chengde Nursing Vocational College,河北,承德市,地方公办,医药,专科,20,,true,false,false,false,false,false,false
RC0180100,shijiazhuang-preschool-teachers-college,石家庄幼儿师范高等专科学校,Shijiazhuang Preschool Teachers College,河北,石家庄市,地方公办,师范,专科,20,,true,false,false,false,false,false,false
RC0180200,langfang-health-vocational-college,廊坊卫生职业学院,Langfang Health Vocational College,河北,廊坊市,地方公办,医药,专科,20,,true,false,false,false,false,false,false
RC0180300,hebei-vocational-college-of-rail-transportation,河北轨道运输职业技术学院,Hebei Vocational College Of Rail Transportation,河北,石家庄市,地方公办,理工,专科,20,,true,false,false,false,false,false,false
RC0180400,baoding-preschool-teachers-college,保定幼儿师范高等专科学校,Baoding Preschool Teachers College,河北,保定市,地方公办,师范,专科,20,,true,false,false,false,false,false,false
RC0180500,hebei-art-design-academy,河北工艺美术职业学院,Hebei Art&Design Academy,河北,保定市,地方公办,文艺,专科,20,,true,false,false,false,false,false,false
RC0180600,bohai-polytechnic-vocational-college,渤海理工职业学院,Bohai Polytechnic Vocational College,河北,沧州市,民办高校,理工,专科,20,,true,false,false,false,false,true,false
RC0180700,tangshan-preschool-teachers-college,唐山幼儿师范高等专科学校,Tangshan Preschool Teachers College,河北,唐山市,地方公办,师范,专科,20,,true,false,false,false,false,false,false
RC0180800,caofeidian-college-of-technology,曹妃甸职业技术学院,Caofeidian College Of Technology,河北,唐山市,民办高校,综合,专科,20,,true,false,false,false,false,true,false
RC0180900,chengde-college-of-applied-technology,承德应用技术职业学院,Chengde College Of Applied Technology,河北,承德市,地方公办,理工,专科,20,,true,false,false,false,false,false,false
RC0181000,handan-preschool-teachers-college,邯郸幼儿师范高等专科学校,Handan Preschool Teachers College,河北,邯郸市,地方公办,师范,专科,20,,true,false,false,false,false,false,false
RC0181100,handan-vocational-college-of-science-and-technology,邯郸科技职业学院,Handan Vocational College Of Science And Technology,河北,邯郸市,地方公办,综合,专科,20,,true,false,false,false,false,false,false
RC0181200,tangshan-maritime-institute,唐山海运职业学院,Tangshan Maritime Institute,河北,唐山市,民办高校,理工,专科,20,,true,false,false,false,false,true,false
RC0181300,xingtai-vocational-college-of-applied-technology,邢台应用技术职业学院,Xingtai Vocational College Of Applied Technology,河北,邢台市,民办高校,综合,专科,20,,true,false,false,false,false,true,false
RC0181400,shanxi-finance-taxation-college,山西省财政税务专科学校,Shanxi Finance & Taxation College,山西,太原市,地方公办,财经,专科,20,,true,false,false,false,false,false,false
RC0181500,changzhi-vocational-and-technical-college,长治职业技术学院,Changzhi Vocational and Technical College,山西,长治市,地方公办,理工,专科,20,,true,false,false,false,false,false,false
RC0181600,shanxi-art-vocational-college,山西艺术职业学院,,山西,太原市,,,专科,20,,true,false,false,false,false,false,false
RC0181700,jincheng-institute-of-technology,晋城职业技术学院,Jincheng Institute Of Technology,山西,晋城市,地方公办,理工,专科,20,,true,false,false,false,false,false,false
RC0181800,shanxi-pharmaceutical-vocational-college,山西药科职业学院,Shanxi Pharmaceutical Vocational College,山西,太原市,地方公办,医药,专科,20,,true,false,false,false,false,false,false
RC0181900,datong-vocational-and-technical-college-of-coal,大同煤炭职业技术学院,Datong Vocational And Technical College Of Coal,山西,大同市,地方公办,理工,专科,20,,true,false,false,false,false,false,false
RC0182000,shanxi-institute-of-mechanical-and-electrical-engineering,山西机电职业技术学院,Shanxi Institute Of Mechanical And Electrical Engineering,山西,长治市,地方公办,理工,专科,20,,true,false,false,false,false,false,false
RC0182100,shanxi-vocational-technical-college-of-finance-trade,山西财贸职业技术学院,Shanxi Vocational & Technical College Of Finance & Trade,山西,太原市,地方公办,财经,专科,20,,true,false,false,false,false,false,false
RC0182200,shanxi-forestry-vocational-technical-college,山西林业职业技术学院,Shanxi Forestry Vocational Technical College,山西,太原市,地方公办,农林,专科,20,,true,false,false,false,false,false,false
RC0182300,shanxi-conservancy-technical-institute,山西水利职业技术学院,Shanxi Conservancy Technical Institute,山西,运城市,地方公办,理工,专科,20,,true,false,false,false,false,false,false
RC0182400,yangquan-vocational-and-technical-college,阳泉职业技术学院,Yangquan Vocational And Technical College,山西,阳泉市,地方公办,综合,专科,20,,true,false,false,false,false,false,false
RC0182500,linfen-vocational-and-technical-college,临汾职业技术学院,Linfen Vocational And Technical College,山西,临汾市,地方公办,综合,专科,20,,true,false,false,false,false,false,false
RC0182600,shanxi-polytechnic-college,山西职业技术学院,Shanxi Polytechnic College,山西,太原市,地方公办,理工,专科,20,,true,false,false,false,false,false,false
RC0182700,shanxi-professional-college-of-finance,山西金融职业学院,Shanxi Professional College Of Finance,山西,太原市,地方公办,财经,专科,20,,true,false,false,false,false,false,false
RC0182800,taiyuan-city-vocational-college,太原城市职业技术学院,Taiyuan City Vocational College,山西,太原市,地方公办,理工,专科,20,,true,false,false,false,false,false,false
RC0182900,shanxi-vocational-college-of-information-technology,山西信息职业技术学院,Shanxi Vocational College Of Information Technology,山西,临汾市,民办高校,理工,专科,20,,true,false,false,false,false,true,false
RC0183000,shanxi-sports-vocational-school,山西体育职业学院,Shanxi Sports Vocational School,山西,太原市,地方公办,体育,专科,20,,true,false,false,false,false,false,false
RC0183100,shanxi-jing-guan-zhi-ye-xue-yuan,山西警官职业学院,Shanxi Jing Guan Zhi Ye Xue Yuan,山西,太原市,地方公办,政法,专科,20,,true,false,false,false,false,false,false
RC0183200,shanxi-international-business-vocational-college,山西国际商务职业学院,Shanxi International Business Vocational College,山西,太原市,地方公办,财经,专科,20,,true,false,false,false,false,false,false
RC0183300,luan-vocational-and-technical-college,潞安职业技术学院,Lu'an Vocational And Technical College,山西,长治市,地方公办,理工,专科,20,,true,false,false,false,false,false,false
RC0183500,shanxi-vocational-college-of-tourism,山西旅游职业学院,,山西,太原市,,,专科,20,,true,false,false,false,false,false,false
RC0183600,shanxi-management-vocational-college,山西管理职业学院,Shanxi Management Vocational College,山西,临汾市,地方公办,财经,专科,20,,true,false,false,false,false,false,false
RC0183700,electric-power-occupational-institude-of-sepc,山西电力职业技术学院,Shanxi Electric Power Technical College,山西,太原市,地方公办,理工,专科,20,,true,false,false,false,false,false,false
RC0183800,xinzhou-vocational-and-technical-college,忻州职业技术学院,Xinzhou Vocational And Technical College,山西,忻州市,地方公办,综合,专科,20,,true,false,false,false,false,false,false
RC0183900,shanxi-tongwen-vocational-and-technical-college,山西同文职业技术学院,Shanxi Tongwen Vocational And Technical College,山西,晋中市,民办高校,综合,专科,20,,true,false,false,false,false,true,false
RC0184000,jinzhong-vocational-and-technical-college,晋中职业技术学院,Jinzhong Vocational And Technical College,山西,晋中市,地方公办,综合,专科,20,,true,false,false,false,false,false,false
RC0184100,china-australia-business-college-of-shanxi,山西华澳商贸职业学院,China Australia Business College Of Shanxi,山西,晋中市,民办高校,财经,专科,20,,true,false,false,false,false,true,false
RC0184200,shanxi-yuncheng-vocational-and-technology-college-of-agricultural,山西运城农业职业技术学院,Shanxi Yuncheng Vocational And Technology College Of Agricultural,山西,运城市,地方公办,农林,专科,20,,true,false,false,false,false,false,false
RC0184300,yuncheng-preschool-education-college,运城幼儿师范高等专科学校,Yuncheng Preschool Education College,山西,运城市,地方公办,师范,专科,20,,true,false,false,false,false,false,false
RC0184400,shanxi-laoqu-zhiye-jishu-xueyuan,山西老区职业技术学院,Shanxi Laoqu Zhiye Jishu Xueyuan,山西,太原市,民办高校,综合,专科,20,,true,false,false,false,false,true,false
RC0184500,shanxi-institute-of-economics-and-business,山西经贸职业学院,Shanxi Institute Of Economics And Business,山西,太原市,地方公办,财经,专科,20,,true,false,false,false,false,false,false
RC0184600,shuozhou-vocational-technical,朔州职业技术学院,Shuozhou Vocational Technical,山西,朔州市,地方公办,综合,专科,20,,true,false,false,false,false,false,false
RC0184700,shanxi-railway-vocational-and-technical-college,山西铁道职业技术学院,Shanxi Railway Vocational And Technical College,山西,太原市,地方公办,理工,专科,20,,true,false,false,false,false,false,false
RC0184800,jinzhong-normal-junior-college,晋中师范高等专科学校,Jinzhong Normal Junior College,山西,晋中市,地方公办,师范,专科,20,,true,false,false,false,false,false,false
RC0184900,yangquan-teachers-college,阳泉师范高等专科学校,Yangquan Teachers College,山西,阳泉市,地方公办,师范,专科,20,,true,false,false,false,false,false,false
RC0185000,shanxi-youth-vocational-college,山西青年职业学院,,山西,太原市,,,专科,20,,true,false,false,false,false,false,false
RC0185100,yuncheng-vocational-nursing-college,运城护理职业学院,Yuncheng Vocational Nursing College,山西,运城市,地方公办,医药,专科,20,,true,false,false,false,false,false,false
RC0185200,yuncheng-advanced-normal-college,运城师范高等专科学校,Yuncheng Advanced Normal College,山西,运城市,地方公办,师范,专科,20,,true,false,false,false,false,false,false
RC0185300,shuozhou-normal-technical-college,朔州师范高等专科学校,Shuozhou Normal Technical College,山西,朔州市,地方公办,师范,专科,20,,true,false,false,false,false,false,false
RC0185400,lvliang-vocational-and-technical-college,吕梁职业技术学院,Lvliang Vocational And Technical College,山西,吕梁市,地方公办,理工,专科,20,,true,false,false,false,false,false,false
RC0185500,datong-normal-college,大同师范高等专科学校,Datong Normal College,山西,大同市,地方公办,师范,专科,20,,true,false,false,false,false,false,false
RC0185600,taiyuan-preschool-teachers-college,太原幼儿师范高等专科学校,Taiyuan Preschool Teachers College,山西,太原市,地方公办,师范,专科,20,,true,false,false,false,false,false,false
RC0185700,shanxi-engineering-vocational-college,山西工程职业学院,Shanxi Engineering Vocational College,山西,太原市,地方公办,理工,专科,20,,true,false,false,false,false,false,false
RC0185800,changzhi-preschool-education-college,长治幼儿师范高等专科学校,Changzhi Preschool Education College,山西,长治市,地方公办,师范,专科,20,,true,false,false,false,false,false,false
RC0185900,shanxi-general-aviation-polytechnic,山西通用航空职业技术学院,Shanxi General Aviation Polytechnic,山西,大同市,地方公办,理工,专科,20,,true,false,false,false,false,false,false
RC0186000,shuozhou-ceramic-vocational-technical-college,朔州陶瓷职业技术学院,Shuozhou Ceramic Vocational Technical College,山西,朔州市,地方公办,理工,专科,20,,true,false,false,false,false,false,false
RC0186100,shanxi-health-vocational-college,山西卫生健康职业学院,Shanxi Health Vocational College,山西,太原市,地方公办,医药,专科,20,,true,false,false,false,false,false,false
RC0186300,inner-mongolia-fengzhou-vocational-college,内蒙古丰州职业学院,Inner Mongolia Fengzhou Vocational College,内蒙古,呼和浩特市,民办高校,综合,专科,20,,true,false,false,false,false,true,false
RC0186400,baotou-vocational-technical-college,包头职业技术学院,Baotou Vocational & Technical College,内蒙古,包头市,地方公办,理工,专科,20,,true,false,false,false,false,false,false
RC0186700,baotou-light-industry-vocational-technical-college,包头轻工职业技术学院,Baotou Light Industry Vocational Technical College,内蒙古,包头市,地方公办,理工,专科,20,,true,false,false,false,false,false,false
RC0186800,inner-mongolia-electronic-information-vocational-technical-college,内蒙古电子信息职业技术学院,Inner Mongolia Electronic Information Vocational Technical College,内蒙古,呼和浩特市,地方公办,理工,专科,20,,true,false,false,false,false,false,false
RC0186900,inner-mongolia-technical-college-of-mechanics-electrics,内蒙古机电职业技术学院,Inner Mongolia Technical College Of Mechanics & Electrics,内蒙古,呼和浩特市,地方公办,理工,专科,20,,true,false,false,false,false,false,false
RC0187000,inner-mongolia-vocational-college-of-chemical-engineering,内蒙古化工职业学院,Inner Mongolia Vocational College Of Chemical Engineering,内蒙古,呼和浩特市,地方公办,理工,专科,20,,true,false,false,false,false,false,false
RC0187100,inner-mongolia-business-vocational-college,内蒙古商贸职业学院,Inner Mongolia Business Vocational College,内蒙古,呼和浩特市,地方公办,财经,专科,20,,true,false,false,false,false,false,false
RC0187200,xilingol-vocational-college,锡林郭勒职业学院,Xilingol Vocational College,内蒙古,锡林郭勒盟,地方公办,综合,专科,20,,true,false,false,false,false,false,false
RC0187400,inner-mongolia-vocational-college-of-physical-education,内蒙古体育职业学院,Inner Mongolia Vocational College Of Physical Education,内蒙古,呼和浩特市,地方公办,体育,专科,20,,true,false,false,false,false,false,false
RC0187500,ulanqab-vocational-college,乌兰察布职业学院,Ulanqab Vocational College,内蒙古,乌兰察布市,地方公办,综合,专科,20,,true,false,false,false,false,false,false
RC0187600,tongliao-vocational-college,通辽职业学院,Tongliao Vocational College,内蒙古,通辽市,地方公办,综合,专科,20,,true,false,false,false,false,false,false
RC0187700,horqin-vocational-college-of-art,科尔沁艺术职业学院,Horqin Vocational College Of Art,内蒙古,通辽市,地方公办,文艺,专科,20,,true,false,false,false,false,false,false
RC0187800,inner-mongolia-jiaotong-vocational-and-technical-college-of-communication,内蒙古交通职业技术学院,Inner Mongolia Jiaotong Vocational And Technical College Of Communication,内蒙古,赤峰市,地方公办,理工,专科,20,,true,false,false,false,false,false,false
RC0187900,baotou-iron-and-steel-vocational-technical-college,包头钢铁职业技术学院,Baotou Iron and Steel Vocational Technical College,内蒙古,包头市,地方公办,理工,专科,20,,true,false,false,false,false,false,false
RC0188000,wuhai-vocational-and-technical-college,乌海职业技术学院,Wuhai Vocational And Technical College,内蒙古,乌海市,地方公办,理工,专科,20,,true,false,false,false,false,false,false
RC0188100,inner-mongolia-technical-and-vocational-college,内蒙古科技职业学院,Inner Mongolia Technical And Vocational College,内蒙古,呼和浩特市,民办高校,理工,专科,20,,true,false,false,false,false,true,false
RC0188200,inner-mongolia-northern-occupation-technique-college,内蒙古北方职业技术学院,Inner Mongolia Northern Occupation Technique College,内蒙古,呼和浩特市,民办高校,综合,专科,20,,true,false,false,false,false,true,false
RC0188300,chifeng-college-of-vocation-and-technology,赤峰职业技术学院,Chifeng College Of Vocation And Technology,内蒙古,赤峰市,民办高校,,专科,20,,true,false,false,false,false,true,false
RC0188400,inner-mongolia-vocational-institute-of-economy-trade-foreign-languages,内蒙古经贸外语职业学院,"Inner Mongolia Vocational Institute Of Economy, Trade & Foreign Languages",内蒙古,呼和浩特市,民办高校,,专科,20,,true,false,false,false,false,true,false
RC0188500,baotou-railway-vocational-technical-college,包头铁道职业技术学院,Baotou Railway Vocational & Technical College,内蒙古,包头市,地方公办,理工,专科,20,,true,false,false,false,false,false,false
RC0188600,wulanchabu-medical-college,乌兰察布医学高等专科学校,Wulanchabu Medical College,内蒙古,乌兰察布市,地方公办,医药,专科,20,,true,false,false,false,false,false,false
RC0188700,ordos-vocational-college,鄂尔多斯职业学院,Ordos Vocational College,内蒙古,鄂尔多斯市,地方公办,理工,专科,20,,true,false,false,false,false,false,false
RC0188800,inner-mongolia-industrial-college,内蒙古工业职业学院,Inner Mongolia Industrial College,内蒙古,呼和浩特市,民办高校,,专科,20,,true,false,false,false,false,true,false
RC0188900,hulunbeier-vocational-technical-college,呼伦贝尔职业技术学院,Hulunbuir Vocational Technical College,内蒙古,呼伦贝尔市,地方公办,综合,专科,20,,true,false,false,false,false,false,false
RC0189000,manzhouli-russian-language-vocational-institute,满洲里俄语职业学院,Manzhouli International Vocational Institute,内蒙古,呼伦贝尔市,地方公办,综合,专科,20,,true,false,false,false,false,false,false
RC0189100,inner-mongolia-energy-vocational-college,内蒙古能源职业学院,Inner Mongolia Energy Vocational College,内蒙古,呼和浩特市,民办高校,理工,专科,20,,true,false,false,false,false,true,false
RC0189200,chifeng-industrial-vocational-technical-college,赤峰工业职业技术学院,Chifeng Industrial Vocational Technical College,内蒙古,赤峰市,地方公办,理工,专科,20,,true,false,false,false,false,false,false
RC0189300,alashan-vocational-college,阿拉善职业技术学院,Alashan Vocational College,内蒙古,阿拉善盟,地方公办,综合,专科,20,,true,false,false,false,false,false,false
RC0189400,inner-mongolia-art-vocational-college,内蒙古美术职业学院,Inner Mongolia Art Vocational College,内蒙古,巴彦淖尔市,民办高校,文艺,专科,20,,true,false,false,false,false,true,false
RC0189500,inner-mongolia-preschool-normal-college,内蒙古民族幼儿师范高等专科学校,Inner Mongolia Preschool Normal College,内蒙古,鄂尔多斯市,地方公办,师范,专科,20,,true,false,false,false,false,false,false
RC0189600,ordos-vocational-college-of-eco-environment,鄂尔多斯生态环境职业学院,Ordos Vocational College Of Eco-Environment,内蒙古,鄂尔多斯市,地方公办,农林,专科,20,,true,false,false,false,false,false,false
RC0189700,zhalantun-vocational-college,扎兰屯职业学院,Zhalantun Vocational College,内蒙古,呼伦贝尔市,地方公办,综合,专科,20,,true,false,false,false,false,false,false
RC0189800,chifeng-vocational-institute-of-applied-technology,赤峰应用技术职业学院,Chifeng Vocational Institute Of Applied Technology,内蒙古,赤峰市,地方公办,农林,专科,20,,true,false,false,false,false,false,false
RC0190000,fushun-teachers-college,抚顺师范高等专科学校,Fushun Teachers College,辽宁,抚顺市,地方公办,师范,专科,20,,true,false,false,false,false,false,false
RC0190100,jinzhou-normal-college,锦州师范高等专科学校,Jinzhou Normal College,辽宁,锦州市,地方公办,师范,专科,20,,true,false,false,false,false,false,false
RC0190200,yingkou-vocational-andtechnical-college,营口职业技术学院,Yingkou Vocational Andtechnical College,辽宁,营口市,地方公办,综合,专科,20,,true,false,false,false,false,false,false
RC0190300,tieling-normal-college,铁岭师范高等专科学校,Tieling Normal College,辽宁,铁岭市,地方公办,师范,专科,20,,true,false,false,false,false,false,false
RC0190400,dalian-vocational-technical-college,大连职业技术学院,Dalian Vocational Technical College,辽宁,大连市,地方公办,综合,专科,20,,true,false,false,false,false,false,false
RC0190500,liaoning-agricultural-college,辽宁农业职业技术学院,Liaoning Agricultural College,辽宁,营口市,地方公办,农林,专科,20,,true,false,false,false,false,false,false
RC0190600,fushun-vocational-technology-institute,抚顺职业技术学院,Fushun Vocational Technology Institute,辽宁,抚顺市,地方公办,综合,专科,20,,true,false,false,false,false,false,false
RC0190700,liaoyang-vocational-college-of-technology,辽阳职业技术学院,Liaoyang Vocational College Of Technology,辽宁,辽阳市,地方公办,综合,专科,20,,true,false,false,false,false,false,false
RC0190800,fuxin-higher-training-college,阜新高等专科学校,Fuxin Higher Training College,辽宁,阜新市,地方公办,综合,专科,20,,true,false,false,false,false,false,false
RC0190900,liaoning-provincial-college-of-communications,辽宁省交通高等专科学校,Liaoning Provincial College Of Communications,辽宁,沈阳市,地方公办,理工,专科,20,,true,false,false,false,false,false,false
RC0191000,liaoning-college-of-taxation,辽宁税务高等专科学校,Liaoning College Of Taxation,辽宁,大连市,地方公办,综合,专科,20,,true,false,false,false,false,false,false
RC0191100,panjin-vocational-and-technical-college,盘锦职业技术学院,Panjin Vocational And Technical College,辽宁,盘锦市,地方公办,综合,专科,20,,true,false,false,false,false,false,false
RC0191200,shenyang-aviation-professional-technology-institute,沈阳航空职业技术学院,Shenyang Aviation Professional Technology Institute,辽宁,沈阳市,地方公办,,专科,20,,true,false,false,false,false,false,false
RC0191300,liaoning-vocational-and-technical-college-of-sports,辽宁体育运动职业技术学院,Liaoning Vocational And Technical College Of Sports,辽宁,沈阳市,地方公办,,专科,20,,true,false,false,false,false,false,false
RC0191400,liaoning-vocational-college,辽宁职业学院,Liaoning Vocational College,辽宁,铁岭市,地方公办,农林,专科,20,,true,false,false,false,false,false,false
RC0191500,liaoning-vocational-college-of-ecological-engineering,辽宁生态工程职业学院,Liaoning Vocational College Of Ecological Engineering,辽宁,沈阳市,地方公办,农林,专科,20,,true,false,false,false,false,false,false
RC0191600,shenyang-polytechnic-college,沈阳职业技术学院,Shenyang Polytechnic College,辽宁,沈阳市,地方公办,综合,专科,20,,true,false,false,false,false,false,false
RC0191700,dalian-business-vocational-college,大连商务职业学院,Dalian Business Vocational College,辽宁,大连市,民办高校,,专科,20,,true,false,false,false,false,true,false
RC0191800,liaoning-finance-vocational-college,辽宁金融职业学院,Liaoning Finance Vocational College,辽宁,沈阳市,地方公办,财经,专科,20,,true,false,false,false,false,false,false
RC0191900,guidao-jiaotong-polytechnic-institute,辽宁轨道交通职业学院,Guidao Jiaotong Polytechnic Institute,辽宁,沈阳市,地方公办,理工,专科,20,,true,false,false,false,false,false,false
RC0192000,liaoning-advertising-vocational-college,辽宁广告职业学院,Liaoning Advertising Vocational College,辽宁,沈阳市,民办高校,文艺,专科,20,,true,false,false,false,false,true,false
RC0192100,liaoning-mechatronics-college,辽宁机电职业技术学院,Liaoning Mechatronics College,辽宁,丹东市,地方公办,理工,专科,20,,true,false,false,false,false,false,false
RC0192200,liaoning-economy-vocational-and-technical-college,辽宁经济职业技术学院,Liaoning Economy Vocational And Technical College,辽宁,沈阳市,地方公办,财经,专科,20,,true,false,false,false,false,false,false
RC0192300,liaoning-petrochemical-college,辽宁石化职业技术学院,Liaoning Petrochemical College,辽宁,锦州市,地方公办,理工,专科,20,,true,false,false,false,false,false,false
RC0192400,bohai-shipbuilding-vocational-college,渤海船舶职业学院,Bohai Shipbuilding Vocational College,辽宁,葫芦岛市,地方公办,理工,专科,20,,true,false,false,false,false,false,false
RC0192500,dalian-software-vocational-university,大连软件职业学院,Dalian Software Vocational University,辽宁,大连市,民办高校,理工,专科,20,,true,false,false,false,false,true,false
RC0192600,dalian-translation-and-interpretation-college,大连翻译职业学院,Dalian Translation And Interpretation College,辽宁,大连市,民办高校,,专科,20,,true,false,false,false,false,true,false
RC0192700,liaoning-vocational-college-of-business,辽宁商贸职业学院,Liaoning Vocational College Of Business,辽宁,沈阳市,地方公办,,专科,20,,true,false,false,false,false,false,false
RC0192800,dalian-maple-leaf-college-of-technology,大连枫叶职业技术学院,Dalian Maple Leaf College Of Technology,辽宁,大连市,民办高校,综合,专科,20,,true,false,false,false,false,true,false
RC0192900,liaoning-equipment-manufacturing-vocational-and-technical-college,辽宁装备制造职业技术学院,Liaoning Equipment Manufacturing Vocational And Technical College,辽宁,沈阳市,地方公办,理工,专科,20,,true,false,false,false,false,false,false
RC0193000,liaohe-petroleum-career-technical-college,辽河石油职业技术学院,Liaohe Petroleum Career Technical College,辽宁,盘锦市,地方公办,理工,专科,20,,true,false,false,false,false,false,false
RC0193100,liaoning-geology-engineering-vocational-college,辽宁地质工程职业学院,Liaoning Geology Engineering Vocational College,辽宁,丹东市,地方公办,理工,专科,20,,true,false,false,false,false,false,false
RC0193200,liaoning-railway-vocational-and-technical-college,辽宁铁道职业技术学院,Liaoning Railway Vocational And Technical College,辽宁,锦州市,地方公办,理工,专科,20,,true,false,false,false,false,false,false
RC0193300,liaoning-jianzhu-vocational-college,辽宁建筑职业学院,Liaoning Jianzhu Vocational College,辽宁,辽阳市,地方公办,理工,专科,20,,true,false,false,false,false,false,false
RC0193400,dalian-shipping-college,大连航运职业技术学院,Dalian Shipping College,辽宁,大连市,民办高校,理工,专科,20,,true,false,false,false,false,true,false
RC0193500,dalian-equipment-technical-college,大连装备制造职业技术学院,Dalian Equipment Technical College,辽宁,大连市,民办高校,理工,专科,20,,true,false,false,false,false,true,false
RC0193600,dalian-autovocational-technical-institute,大连汽车职业技术学院,Dalian Autovocational Technical Institute,辽宁,大连市,民办高校,理工,专科,20,,true,false,false,false,false,true,false
RC0193700,liaoning-vocational-and-technical-college-of-modern-service,辽宁现代服务职业技术学院,Liaoning Vocational And Technical College Of Modern Service,辽宁,沈阳市,地方公办,财经,专科,20,,true,false,false,false,false,false,false
RC0193800,liaoning-metallurgical-vocational-technical-college,辽宁冶金职业技术学院,Liaoning Metallurgical Vocational Technical College,辽宁,本溪市,地方公办,理工,专科,20,,true,false,false,false,false,false,false
RC0193900,liaoning-engineering-vocational-college,辽宁工程职业学院,Liaoning Engineering Vocational College,辽宁,铁岭市,地方公办,理工,专科,20,,true,false,false,false,false,false,false
RC0194000,liaoning-urban-construction-technical-college,辽宁城市建设职业技术学院,Liaoning Urban Construction Technical College,辽宁,沈阳市,地方公办,理工,专科,20,,true,false,false,false,false,false,false
RC0194100,liaoning-vocational-college-of-medicine,辽宁医药职业学院,Liaoning Vocational College Of Medicine,辽宁,沈阳市,地方公办,医药,专科,20,,true,false,false,false,false,false,false
RC0194200,tieling-health-vocational-college,铁岭卫生职业学院,Tieling Health Vocational College,辽宁,铁岭市,地方公办,医药,专科,20,,true,false,false,false,false,false,false
RC0194300,shenyang-northern-software-college-of-information-technology,沈阳北软信息职业技术学院,Shenyang Northern Software College Of Information Technology,辽宁,沈阳市,民办高校,理工,专科,20,,true,false,false,false,false,true,false
RC0194400,liaoning-administraters-college-of-police-and-justice,辽宁政法职业学院,Liaoning Administraters College Of Police And Justice,辽宁,沈阳市,地方公办,,专科,20,,true,false,false,false,false,false,false
RC0194500,liaoning-national-normal-college,辽宁民族师范高等专科学校,Liaoning National Normal College,辽宁,沈阳市,地方公办,师范,专科,20,,true,false,false,false,false,false,false
RC0194600,liaoning-vocational-college-of-light-industry,辽宁轻工职业学院,Liaoning Vocational College Of Light Industry,辽宁,大连市,地方公办,理工,专科,20,,true,false,false,false,false,false,false
RC0194700,liaoning-special-education-teachers-college,辽宁特殊教育师范高等专科学校,Liaoning Special Education Teachers College,辽宁,沈阳市,地方公办,师范,专科,20,,true,false,false,false,false,false,false
RC0194800,liaoning-normal-college,辽宁师范高等专科学校,Liaoning Normal College,辽宁,沈阳市,地方公办,师范,专科,20,,true,false,false,false,false,false,false
RC0194900,anshan-vocational-and-technical-college,鞍山职业技术学院,Anshan Vocational and Technical College,辽宁,鞍山市,地方公办,理工,专科,20,,true,false,false,false,false,false,false
RC0195000,changchun-normal-college,长春师范高等专科学校,Changchun Normal College,吉林,长春市,地方公办,师范,专科,20,,true,false,false,false,false,false,false
RC0195100,liao-yuan-vocational-technical-college,辽源职业技术学院,Liao Yuan Vocational Technical College,吉林,辽源市,地方公办,理工,专科,20,,true,false,false,false,false,false,false
RC0195200,siping-professional-college,四平职业大学,Siping Professional College,吉林,四平市,地方公办,理工,专科,20,,true,false,false,false,false,false,false
RC0195400,changchun-finance-college,长春金融高等专科学校,Changchun Finance College,吉林,长春市,地方公办,财经,专科,20,,true,false,false,false,false,false,false
RC0195500,changchun-medical-college,长春医学高等专科学校,Changchun Medical College,吉林,长春市,地方公办,医药,专科,20,,true,false,false,false,false,false,false
RC0195600,jilin-communications-polytechnic,吉林交通职业技术学院,Jilin Communications Polytechnic,吉林,长春市,地方公办,理工,专科,20,,true,false,false,false,false,false,false
RC0195700,changchun-dongfang-professional-college,长春医药职业学院,Changchun Medical Vocational College,吉林,长春市,民办高校,医药,专科,20,,true,false,false,false,false,true,false
RC0195800,the-judicial-jilin-police-college,吉林司法警官职业学院,The Judicial Jilin Police College,吉林,长春市,地方公办,政法,专科,20,,true,false,false,false,false,false,false
RC0195900,jilin-college-of-electronic-information,吉林电子信息职业技术学院,Jilin College Of Electronic Information,吉林,吉林市,地方公办,理工,专科,20,,true,false,false,false,false,false,false
RC0196000,jilin-vocational-college-of-industry-and-technology,吉林工业职业技术学院,Jilin Vocational College Of Industry And Technology,吉林,吉林市,地方公办,理工,专科,20,,true,false,false,false,false,false,false
RC0196100,jilin-engineering-vocational-college,吉林工程职业学院,Jilin Engineering Vocational College,吉林,四平市,地方公办,理工,专科,20,,true,false,false,false,false,false,false
RC0196300,baicheng-medical-college,白城医学高等专科学校,Baicheng Medical College,吉林,白城市,地方公办,医药,专科,20,,true,false,false,false,false,false,false
RC0196400,changchun-information-technology-college,长春信息技术职业学院,Changchun Information Technology College,吉林,长春市,民办高校,理工,专科,20,,true,false,false,false,false,true,false
RC0196500,songyuan-vocational-technical-college,松原职业技术学院,Songyuan Vocational Technical College,吉林,松原市,地方公办,理工,专科,20,,true,false,false,false,false,false,false
RC0196700,baicheng-vocational-and-technical-college,白城职业技术学院,Baicheng Vocational and Technical College,吉林,白城市,地方公办,理工,专科,20,,true,false,false,false,false,false,false
RC0196800,changbaishan-vocational-technical-college,长白山职业技术学院,Changbaishan Vocational Technical College,吉林,白山市,地方公办,理工,专科,20,,true,false,false,false,false,false,false
RC0196900,jilin-science-and-technology-vocational-college,吉林科技职业技术学院,Jilin Science And Technology Vocational College,吉林,长春市,民办高校,理工,专科,20,,true,false,false,false,false,true,false
RC0197000,yanbian-vocational-technical-college,延边职业技术学院,Yanbian Vocational & Technical College,吉林,延边朝鲜族自治州,地方公办,理工,专科,20,,true,false,false,false,false,false,false
RC0197100,jilin-institute-of-urban-vocational-technology,吉林城市职业技术学院,Jilin Institute Of Urban Vocational Technology,吉林,长春市,民办高校,理工,专科,20,,true,false,false,false,false,true,false
RC0197200,jilin-vocational-and-technical-college,吉林职业技术学院,Jilin Vocational And Technical College,吉林,延边朝鲜族自治州,民办高校,综合,专科,20,,true,false,false,false,false,true,false
RC0197300,jilin-polytechnic-of-water-resources-and-electric-engineering,吉林水利电力职业学院,Jilin Polytechnic Of Water Resources And Electric Engineering,吉林,长春市,地方公办,理工,专科,20,,true,false,false,false,false,false,false
RC0197400,changchun-vocational-college-of-health,长春健康职业学院,Changchun Vocational College Of Health,吉林,长春市,民办高校,综合,专科,20,,true,false,false,false,false,true,false
RC0197500,changchun-early-education-vocational-institute,长春早期教育职业学院,Changchun Early Education Vocational Institute,吉林,长春市,民办高校,师范,专科,20,,true,false,false,false,false,true,false
RC0197600,meihekou-kangmei-vocational-and-technical-college,梅河口康美职业技术学院,Meihekou Kangmei Vocational And Technical College,吉林,通化市,民办高校,医药,专科,20,,true,false,false,false,false,true,false
RC0197700,jilin-general-aviation-vocational-and-technical-college,吉林通用航空职业技术学院,Jilin General Aviation Vocational And Technical College,吉林,吉林市,地方公办,综合,专科,20,,true,false,false,false,false,false,false
RC0197800,tong-hua-yi-yao-jian-kang-zhi-ye-xue-yuan,通化医药健康职业学院,Tong Hua Yi Yao Jian Kang Zhi Ye Xue Yuan,吉林,通化市,地方公办,医药,专科,20,,true,false,false,false,false,false,false
RC0197900,qiqihar-teachers-college,齐齐哈尔高等师范专科学校,Qiqihar Teachers College,黑龙江,齐齐哈尔市,地方公办,师范,专科,20,,true,false,false,false,false,false,false
RC0198000,yichun-vocational-college,伊春职业学院,Yichun Vocational College,黑龙江,伊春市,地方公办,综合,专科,20,,true,false,false,false,false,false,false
RC0198100,mudanjiang-university,牡丹江大学,Mudanjiang University,黑龙江,牡丹江市,地方公办,综合,专科,20,,true,false,false,false,false,false,false
RC0198200,heilongjiang-polytechnic,黑龙江职业学院,Heilongjiang Polytechnic,黑龙江,哈尔滨市,地方公办,综合,专科,20,,true,false,false,false,false,false,false
RC0198400,heilongjiang-vocational-college-of-art,黑龙江艺术职业学院,Heilongjiang Vocational College Of Art,黑龙江,哈尔滨市,地方公办,文艺,专科,20,,true,false,false,false,false,false,false
RC0198500,daqing-vocational-college,大庆职业学院,Daqing Vocational College,黑龙江,大庆市,地方公办,理工,专科,20,,true,false,false,false,false,false,false
RC0198600,heilongjiang-forestry-vocational-technical-college,黑龙江林业职业技术学院,Heilongjiang Forestry Vocational-Technical College,黑龙江,牡丹江市,地方公办,农林,专科,20,,true,false,false,false,false,false,false
RC0198700,heilongjiang-vocational-college-of-agricultural-and-technology,黑龙江农业职业技术学院,Heilongjiang Vocational College Of Agricultural And Technology,黑龙江,佳木斯市,地方公办,农林,专科,20,,true,false,false,false,false,false,false
RC0198900,heilongjiang-agricultural-reclamation-vocational-college-arvc,黑龙江农垦职业学院,Heilongjiang Agricultural Reclamation Vocational College，Arvc,黑龙江,哈尔滨市,地方公办,综合,专科,20,,true,false,false,false,false,false,false
RC0199000,the-professional-judicial-police-college-of-heilongjiang,黑龙江司法警官职业学院,The Professional Judicial Police College Of Heilongjiang,黑龙江,哈尔滨市,地方公办,政法,专科,20,,true,false,false,false,false,false,false
RC0199100,hegang-teachers-college,鹤岗师范高等专科学校,Hegang Teachers College,黑龙江,鹤岗市,地方公办,师范,专科,20,,true,false,false,false,false,false,false
RC0199200,harbin-electric-power-vocational-technology-college,哈尔滨电力职业技术学院,Harbin Electric Power Vocational Technology College,黑龙江,哈尔滨市,地方公办,理工,专科,20,,true,false,false,false,false,false,false
RC0199300,harbin-railway-technical-college,哈尔滨铁道职业技术学院,Harbin Railway Technical College,黑龙江,哈尔滨市,地方公办,理工,专科,20,,true,false,false,false,false,false,false
RC0199400,vocational-college-daxingan-mountains,大兴安岭职业学院,Vocational College Daxing'An Mountains,黑龙江,大兴安岭地区,地方公办,综合,专科,20,,true,false,false,false,false,false,false
RC0199500,heilongjiang-agricultural-economyvocational-college,黑龙江农业经济职业学院,Heilongjiang Agricultural Economyvocational College,黑龙江,牡丹江市,地方公办,农林,专科,20,,true,false,false,false,false,false,false
RC0199700,media-professional-college-of-harbin,哈尔滨传媒职业学院,Media Professional College Of Harbin,黑龙江,哈尔滨市,民办高校,文艺,专科,20,,true,false,false,false,false,true,false
RC0199900,heilongjiang-vocational-college-of-commerce,黑龙江商业职业学院,Heilongjiang Vocational College Of Commerce,黑龙江,牡丹江市,地方公办,财经,专科,20,,true,false,false,false,false,false,false
RC0200000,heilongjiang-police-college,黑龙江公安警官职业学院,Heilongjiang Police College,黑龙江,哈尔滨市,地方公办,政法,专科,20,,true,false,false,false,false,false,false
RC0200100,harbin-city-vocational-college,哈尔滨城市职业学院,Harbin City Vocational College,黑龙江,哈尔滨市,民办高校,综合,专科,20,,true,false,false,false,false,true,false
RC0200300,heilongjiang-vocational-college-of-tourism,黑龙江旅游职业技术学院,Heilongjiang Vocational College Of Tourism,黑龙江,哈尔滨市,地方公办,财经,专科,20,,true,false,false,false,false,false,false
RC0200400,heilongjiang-sanjiang-vocational-college-of-fine-arts,黑龙江三江美术职业学院,Heilongjiang Sanjiang Vocational College Of Fine Arts,黑龙江,佳木斯市,民办高校,文艺,专科,20,,true,false,false,false,false,true,false
RC0200500,heilongjiang-vocational-institute-ecological-engineering,黑龙江生态工程职业学院,Heilongjiang Vocational Institute Ecological Engineering,黑龙江,哈尔滨市,地方公办,农林,专科,20,,true,false,false,false,false,false,false
RC0200600,heilongjiang-energy-career-academy,黑龙江能源职业学院,Heilongjiang Energy Career Academy,黑龙江,双鸭山市,地方公办,理工,专科,20,,true,false,false,false,false,false,false
RC0200700,qitaihe-vocational-college,七台河职业学院,Qitaihe Vocational College,黑龙江,七台河市,地方公办,综合,专科,20,,true,false,false,false,false,false,false
RC0200800,heilongjiang-vocational-college-for-nationalities,黑龙江民族职业学院,Heilongjiang Vocational College For Nationalities,黑龙江,哈尔滨市,地方公办,综合,专科,20,,true,false,false,false,false,false,false
RC0200900,daqing-medical-college,大庆医学高等专科学校,Daqing Medical College,黑龙江,大庆市,地方公办,医药,专科,20,,true,false,false,false,false,false,false
RC0201000,heilongjiang-communications-polytechnic,黑龙江交通职业技术学院,Heilongjiang Communications Polytechnic,黑龙江,哈尔滨市,地方公办,理工,专科,20,,true,false,false,false,false,false,false
RC0201100,harbin-applied-vocational-and-technical-college,哈尔滨应用职业技术学院,Harbin Applied Vocational And Technical College,黑龙江,哈尔滨市,民办高校,理工,专科,20,,true,false,false,false,false,true,false
RC0201200,heilongjiang-preschool-education-college,黑龙江幼儿师范高等专科学校,Heilongjiang Preschool Education College,黑龙江,牡丹江市,地方公办,师范,专科,20,,true,false,false,false,false,false,false
RC0201300,harbin-vocational-college-of-science-and-technology,哈尔滨科学技术职业学院,Harbin Vocational College Of Science And Technology,黑龙江,哈尔滨市,地方公办,综合,专科,20,,true,false,false,false,false,false,false
RC0201400,jiamusi-vocational-college,佳木斯职业学院,Jiamusi Vocational College,黑龙江,佳木斯市,地方公办,综合,专科,20,,true,false,false,false,false,false,false
RC0201500,heilongjiang-nursing-college,黑龙江护理高等专科学校,Heilongjiang Nursing College,黑龙江,哈尔滨市,地方公办,医药,专科,20,,true,false,false,false,false,false,false
RC0201600,qiqihar-polytechnic-college,齐齐哈尔理工职业学院,Qiqihar Polytechnic College,黑龙江,齐齐哈尔市,民办高校,理工,专科,20,,true,false,false,false,false,true,false
RC0201700,harbin-preschool-teachers-college,哈尔滨幼儿师范高等专科学校,Harbin Preschool Teachers College,黑龙江,哈尔滨市,地方公办,师范,专科,20,,true,false,false,false,false,false,false
RC0201800,heilongjiang-vocational-college-of-winter-sport,黑龙江冰雪体育职业学院,Heilongjiang Vocational College Of Winter Sport,黑龙江,哈尔滨市,地方公办,体育,专科,20,,true,false,false,false,false,false,false
RC0201900,harbin-northern-vocational-institute-of-aviation,哈尔滨北方航空职业技术学院,Harbin Northern Vocational Institute Of Aviation,黑龙江,哈尔滨市,民办高校,理工,专科,20,,true,false,false,false,false,true,false
RC0202000,shanghai-institute-of-tourism,上海旅游高等专科学校,Shanghai Institute Of Tourism,上海,上海市,地方公办,财经,专科,20,,true,false,false,false,false,false,false
RC0202100,shanghai-donghai-vocational-and-technical-college,上海东海职业技术学院,Shanghai Donghai Vocational And Technical College,上海,上海市,民办高校,综合,专科,20,,true,false,false,false,false,true,false
RC0202200,shanghai-industrial-and-commercial-polytechnic,上海工商职业技术学院,Shanghai Industrial And Commercial Polytechnic,上海,上海市,民办高校,综合,专科,20,,true,false,false,false,false,true,false
RC0202300,shanghai-publishing-and-printing-college,上海出版印刷高等专科学校,Shanghai Publishing And Printing College,上海,上海市,地方公办,综合,专科,20,,true,false,false,false,false,false,false
RC0202400,shanghai-xingjian-college,上海行健职业学院,Shanghai Xingjian College,上海,上海市,地方公办,财经,专科,20,,true,false,false,false,false,false,false
RC0202500,shanghai-urban-construction-vocational-college,上海城建职业学院,Shanghai Urban Construction Vocational College,上海,上海市,地方公办,理工,专科,20,,true,false,false,false,false,false,false
RC0202600,shanghai-communications-polytechnic,上海交通职业技术学院,Shanghai Communications Polytechnic,上海,上海市,地方公办,理工,专科,20,,true,false,false,false,false,false,false
RC0202700,shanghai-maritime-academy,上海海事职业技术学院,Shanghai Maritime Academy,上海,上海市,地方公办,理工,专科,20,,true,false,false,false,false,false,false
RC0202800,shanghai-technical-institute-of-electronics-information,上海电子信息职业技术学院,Shanghai Technical Institute Of Electronics Information,上海,上海市,地方公办,理工,专科,20,,true,false,false,false,false,false,false
RC0202900,shanghai-aurora-college,上海震旦职业学院,Shanghai Aurora College,上海,上海市,民办高校,综合,专科,20,,true,false,false,false,false,true,false
RC0203000,shanghai-minyuan-vocational-college,上海民远职业技术学院,Shanghai Minyuan Vocational College,上海,上海市,民办高校,财经,专科,20,,true,false,false,false,false,true,false
RC0203100,shanghai-ouhua-college,上海欧华职业技术学院,Shanghai Ouhua College,上海,上海市,民办高校,,专科,20,,true,false,false,false,false,true,false
RC0203200,shanghai-si-po-polytechnic,上海思博职业技术学院,Shanghai SiPo Polytechnic,上海,上海市,民办高校,财经,专科,20,,true,false,false,false,false,true,false
RC0203300,shanghai-art-design-academy,上海工艺美术职业学院,Shanghai Art & Design Academy,上海,上海市,地方公办,文艺,专科,20,,true,false,false,false,false,false,false
RC0203400,shanghai-jiguang-polytechnic-college,上海济光职业技术学院,Shanghai Jiguang Polytechnic College,上海,上海市,民办高校,综合,专科,20,,true,false,false,false,false,true,false
RC0203500,shanghai-institute-of-commerce-foreign-languages,上海工商外国语职业学院,Shanghai Institute Of Commerce & Foreign Languages,上海,上海市,民办高校,师范,专科,20,,true,false,false,false,false,true,false
RC0203600,shanghai-vocational-college-of-science-and-technology,上海科学技术职业学院,Shanghai Vocational College Of Science And Technology,上海,上海市,地方公办,理工,专科,20,,true,false,false,false,false,false,false
RC0203700,shanghai-vocational-college-of-agriculture-and-forestry,上海农林职业技术学院,Shanghai Vocational College Of Agriculture And Forestry,上海,上海市,地方公办,农林,专科,20,,true,false,false,false,false,false,false
RC0203800,shanghai-bangde-college,上海邦德职业技术学院,Shanghai Bangde College,上海,上海市,民办高校,综合,专科,20,,true,false,false,false,false,true,false
RC0203900,shanghai-film-art-academy,上海电影艺术职业学院,Shanghai Film Art Academy,上海,上海市,民办高校,文艺,专科,20,,true,false,false,false,false,true,false
RC0204000,shanghai-zhonghua-college,上海中华职业技术学院,Shanghai Zhonghua College,上海,上海市,民办高校,,专科,20,,true,false,false,false,false,true,false
RC0204100,shanghai-vocational-college-of-trade-union,上海工会管理职业学院,Shanghai Vocational College Of Trade Union,上海,上海市,地方公办,,专科,20,,true,false,false,false,false,false,false
RC0204200,shanghai-civil-aviation-college,上海民航职业技术学院,Shanghai Civil Aviation College,上海,上海市,中央部属,理工,专科,20,,true,false,false,false,false,false,false
RC0204300,shanghai-nanhu-vocational-and-technical-college,上海南湖职业技术学院,Shanghai Nanhu Vocational And Technical College,上海,上海市,地方公办,综合,专科,20,,true,false,false,false,false,false,false
RC0204400,yancheng-kindergarten-teachers-college,盐城幼儿师范高等专科学校,Yancheng Kindergarten Teachers College,江苏,盐城市,地方公办,师范,专科,20,,true,false,false,false,false,false,false
RC0204500,suzhou-early-childhood-education-college,苏州幼儿师范高等专科学校,Suzhou Early Childhood Education College,江苏,苏州市,地方公办,师范,专科,20,,true,false,false,false,false,false,false
RC0204600,minda-polytechnic-institute,明达职业技术学院,Minda Polytechnic Institute,江苏,盐城市,民办高校,理工,专科,20,,true,false,false,false,false,true,false
RC0204900,jiangsu-college-of-engineering-and-technology,江苏工程职业技术学院,Jiangsu College Of Engineering And Technology,江苏,南通市,地方公办,理工,专科,20,,true,false,false,false,false,false,false
RC0205000,suzhou-art-design-technology-institute,苏州工艺美术职业技术学院,Suzhou Art&Design Technology Institute,江苏,苏州市,地方公办,文艺,专科,20,,true,false,false,false,false,false,false
RC0205100,lianyungang-technical-college,连云港职业技术学院,Lianyungang Technical College,江苏,连云港市,地方公办,理工,专科,20,,true,false,false,false,false,false,false
RC0205200,zhenjiang-college,镇江市高等专科学校,Zhenjiang College,江苏,镇江市,地方公办,综合,专科,20,,true,false,false,false,false,false,false
RC0205300,nantong-vocational-university,南通职业大学,Nantong Vocational University,江苏,南通市,地方公办,理工,专科,20,,true,false,false,false,false,false,false
RC0205500,shazhou-professional-institute-of-technology,沙洲职业工学院,Shazhou Professional Institute Of Technology,江苏,苏州市,地方公办,理工,专科,20,,true,false,false,false,false,false,false
RC0205800,jiangsu-vocational-institute-of-commerce,江苏经贸职业技术学院,Jiangsu Vocational Institute Of Commerce,江苏,南京市,地方公办,财经,专科,20,,true,false,false,false,false,false,false
RC0205900,jiuzhou-polytechnic,九州职业技术学院,Jiuzhou Polytechnic,江苏,徐州市,民办高校,理工,专科,20,,true,false,false,false,false,true,false
RC0206000,silicon-lake-college,硅湖职业技术学院,Silicon Lake College,江苏,苏州市,民办高校,理工,专科,20,,true,false,false,false,false,true,false
RC0206100,taizhou-polytechinc-college,泰州职业技术学院,Taizhou Polytechinc College,江苏,泰州市,地方公办,理工,专科,20,,true,false,false,false,false,false,false
RC0206300,jiangsu-union-technical-institute,江苏联合职业技术学院,Jiangsu Union Technical Institute,江苏,南京市,地方公办,,专科,20,,true,false,false,false,false,false,false
RC0206400,jiangsu-maritime-institute,江苏海事职业技术学院,Jiangsu Maritime Institute,江苏,南京市,地方公办,理工,专科,20,,true,false,false,false,false,false,false
RC0206500,yingtian-college,应天职业技术学院,Yingtian College,江苏,南京市,民办高校,理工,专科,20,,true,false,false,false,false,true,false
RC0206600,wuxi-vocational-college-of-science-and-technology,无锡科技职业学院,Wuxi Vocational College Of Science And Technology,江苏,无锡市,地方公办,理工,专科,20,,true,false,false,false,false,false,false
RC0206700,jiangsu-vocational-college-of-medicine,江苏医药职业学院,Jiangsu Vocational College Of Medicine,江苏,盐城市,地方公办,医药,专科,20,,true,false,false,false,false,false,false
RC0206900,nantong-college-of-science-and-technology,南通科技职业学院,Nantong College Of Science And Technology,江苏,南通市,地方公办,农林,专科,20,,true,false,false,false,false,false,false
RC0207000,suzhou-institute-of-trade-commerce,苏州经贸职业技术学院,Suzhou Institute Of Trade&Commerce,江苏,苏州市,地方公办,财经,专科,20,,true,false,false,false,false,false,false
RC0207100,suzhou-vocational-institute-of-industrial-technology,苏州工业职业技术学院,Suzhou Vocational Institute Of Industrial Technology,江苏,苏州市,地方公办,理工,专科,20,,true,false,false,false,false,false,false
RC0207200,suzhou-top-institute-of-information-technology,苏州托普信息职业技术学院,Suzhou Top Institute Of Information Technology,江苏,苏州市,民办高校,理工,专科,20,,true,false,false,false,false,true,false
RC0207300,suzhou-vocational-health-college,苏州卫生职业技术学院,Suzhou Vocational Health College,江苏,苏州市,地方公办,医药,专科,20,,true,false,false,false,false,false,false
RC0207400,wuxi-vocational-institute-of-commerce,无锡商业职业技术学院,Wuxi Vocational Institute Of Commerce,江苏,无锡市,地方公办,财经,专科,20,,true,false,false,false,false,false,false
RC0207500,jiangsu-shipping-college,江苏航运职业技术学院,Jiangsu Shipping College,江苏,南通市,地方公办,理工,专科,20,,true,false,false,false,false,false,false
RC0207600,nanjing-communications-institute-of-technology,南京交通职业技术学院,Nanjing Communications Institute Of Technology,江苏,南京市,地方公办,理工,专科,20,,true,false,false,false,false,false,false
RC0207700,jiangsu-vocational-college-of-electronics-and-information-jsei,江苏电子信息职业学院,Jiangsu Vocational College Of Electronics And Information，Jsei,江苏,淮安市,地方公办,理工,专科,20,,true,false,false,false,false,false,false
RC0207800,jiangsu-agri-animal-husbandry-vocational-college,江苏农牧科技职业学院,Jiangsu Agri-Animal Husbandry Vocational College,江苏,泰州市,地方公办,农林,专科,20,,true,false,false,false,false,false,false
RC0207900,changzhou-vocational-institute-of-textile-and-garment,常州纺织服装职业技术学院,Changzhou Vocational Institute Of Textile And Garment,江苏,常州市,地方公办,理工,专科,20,,true,false,false,false,false,false,false
RC0208000,suzhou-polytechnic-institute-of-agriculture,苏州农业职业技术学院,Suzhou Polytechnic Institute Of Agriculture,江苏,苏州市,地方公办,农林,专科,20,,true,false,false,false,false,false,false
RC0208100,suzhou-industrial-park-institute-of-vocational-technology,苏州工业园区职业技术学院,Suzhou Industrial Park Institute Of Vocational Technology,江苏,苏州市,地方公办,理工,专科,20,,true,false,false,false,false,false,false
RC0208200,taihu-vocational-and-technical-college-of-originality,太湖创意职业技术学院,Taihu Vocational And Technical College Of Originality,江苏,无锡市,民办高校,理工,专科,20,,true,false,false,false,false,true,false
RC0208300,yanhuang-technological-college,炎黄职业技术学院,Yanhuang Technological College,江苏,淮安市,民办高校,理工,专科,20,,true,false,false,false,false,true,false
RC0208400,nanjing-polytechnic-institute,南京科技职业学院,Nanjing Polytechnic Institute,江苏,南京市,地方公办,理工,专科,20,,true,false,false,false,false,false,false
RC0208500,zhengde-polytechnic,正德职业技术学院,Zhengde Polytechnic,江苏,南京市,民办高校,理工,专科,20,,true,false,false,false,false,true,false
RC0208600,zhongshang-vocational-college,钟山职业技术学院,Zhongshan Vocational College,江苏,南京市,民办高校,理工,专科,20,,true,false,false,false,false,true,false
RC0208700,wuxi-south-ocean-college,无锡南洋职业技术学院,Wuxi South Ocean College,江苏,无锡市,民办高校,理工,专科,20,,true,false,false,false,false,true,false
RC0208800,jiangnan-vocational-college-of-media-arts,江南影视艺术职业学院,Jiangnan Vocational College Of Media Arts,江苏,无锡市,民办高校,文艺,专科,20,,true,false,false,false,false,true,false
RC0208900,jinken-college-of-technology,金肯职业技术学院,Jinken College Of Technology,江苏,南京市,民办高校,理工,专科,20,,true,false,false,false,false,true,false
RC0209000,changzhou-institute-of-industry-technology,常州工业职业技术学院,Changzhou Institute Of Industry Technology,江苏,常州市,地方公办,理工,专科,20,,true,false,false,false,false,false,false
RC0209100,changzhou-vocational-institute-of-engineering,常州工程职业技术学院,Changzhou Vocational Institute Of Engineering,江苏,常州市,地方公办,理工,专科,20,,true,false,false,false,false,false,false
RC0209200,jiangsu-vocational-college-of-agriculture-and-forestry,江苏农林职业技术学院,Jiangsu Vocational College Of Agriculture And Forestry,江苏,镇江市,地方公办,农林,专科,20,,true,false,false,false,false,false,false
RC0209300,jiangsu-food-pharmaceutical-science-college,江苏食品药品职业技术学院,Jiangsu Food & Pharmaceutical Science College,江苏,淮安市,地方公办,综合,专科,20,,true,false,false,false,false,false,false
RC0209400,jiandong-vocational-and-technical-college,建东职业技术学院,Jiandong Vocational And Technical College,江苏,常州市,民办高校,理工,专科,20,,true,false,false,false,false,true,false
RC0209500,nanjing-vocational-institute-of-railway-technology,南京铁道职业技术学院,Nanjing Vocational Institute Of Railway Technology,江苏,南京市,地方公办,理工,专科,20,,true,false,false,false,false,false,false
RC0209600,xuzhou-college-of-industrial-technology,徐州工业职业技术学院,Xuzhou College Of Industrial Technology,江苏,徐州市,地方公办,理工,专科,20,,true,false,false,false,false,false,false
RC0209700,jiangsu-vocational-college-of-information-technology,江苏信息职业技术学院,Jiangsu Vocational College Of Information Technology,江苏,无锡市,地方公办,理工,专科,20,,true,false,false,false,false,false,false
RC0209800,suqian-vocational-tecchnical-college,宿迁职业技术学院,Suqian Vocational &Tecchnical College,江苏,宿迁市,民办高校,理工,专科,20,,true,false,false,false,false,true,false
RC0209900,nanjing-vocational-college-of-information-technology,南京信息职业技术学院,Nanjing Vocational College Of Information Technology,江苏,南京市,地方公办,理工,专科,20,,true,false,false,false,false,false,false
RC0210000,jianghai-college,江海职业技术学院,Jianghai College,江苏,扬州市,民办高校,理工,专科,20,,true,false,false,false,false,true,false
RC0210100,changzhou-vocational-institute-of-mechatronic-technology,常州机电职业技术学院,Changzhou Vocational Institute Of Mechatronic Technology,江苏,常州市,地方公办,理工,专科,20,,true,false,false,false,false,false,false
RC0210200,jiangyin-polytechnic-college,江阴职业技术学院,Jiangyin Polytechnic College,江苏,无锡市,地方公办,理工,专科,20,,true,false,false,false,false,false,false
RC0210300,wuxi-city-college-of-vocational-technology,无锡城市职业技术学院,Wuxi City College Of Vocational Technology,江苏,无锡市,地方公办,财经,专科,20,,true,false,false,false,false,false,false
RC0210400,wuxi-vocational-institute-of-arts-technology,无锡工艺职业技术学院,Wuxi Vocational Institute Of Arts & Technology,江苏,无锡市,地方公办,文艺,专科,20,,true,false,false,false,false,false,false
RC0210500,jinshan-vocational-technical-college,金山职业技术学院,Jinshan Vocational Technical College,江苏,镇江市,民办高校,理工,专科,20,,true,false,false,false,false,true,false
RC0210600,suzhou-chien-shiung-institute-of-technology,苏州健雄职业技术学院,Suzhou Chien-Shiung Institute Of Technology,江苏,苏州市,地方公办,理工,专科,20,,true,false,false,false,false,false,false
RC0210700,yancheng-polytechnic-college,盐城工业职业技术学院,Yancheng Polytechnic College,江苏,盐城市,地方公办,理工,专科,20,,true,false,false,false,false,false,false
RC0210800,jiangsu-vocational-college-of-finance-and-economics,江苏财经职业技术学院,Jiangsu Vocational College Of Finance And Economics,江苏,淮安市,地方公办,财经,专科,20,,true,false,false,false,false,false,false
RC0210900,yangzhou-polytechnic-institute,扬州工业职业技术学院,Yangzhou Polytechnic Institute,江苏,扬州市,地方公办,理工,专科,20,,true,false,false,false,false,false,false
RC0211000,suzhou-centennial-college,苏州百年职业学院,Suzhou Centennial College,江苏,苏州市,中外合作,综合,专科,20,,true,false,false,false,true,false,false
RC0211100,kunshan-dengyun-college-of-science-and-technology,昆山登云科技职业学院,Kunshan Dengyun College Of Science And Technology,江苏,苏州市,民办高校,理工,专科,20,,true,false,false,false,false,true,false
RC0211200,nanjing-institute-of-visual-arts,南京视觉艺术职业学院,Nanjing Institute Of Visual Arts,江苏,南京市,民办高校,文艺,专科,20,,true,false,false,false,false,true,false
RC0211300,the-city-vocational-college-of-jiangsu,江苏城市职业学院,The City Vocational College Of Jiangsu,江苏,南京市,地方公办,理工,专科,20,,true,false,false,false,false,false,false
RC0211400,nanjing-city-vocational-college,南京城市职业学院,Nanjing City Vocational College,江苏,南京市,地方公办,综合,专科,20,,true,false,false,false,false,false,false
RC0211500,nanjing-vocational-institute-of-mechatronic-technology,南京机电职业技术学院,Nanjing Vocational Institute Of Mechatronic Technology,江苏,南京市,地方公办,理工,专科,20,,true,false,false,false,false,false,false
RC0211600,global-institute-of-software-technology-1,苏州高博职业学院,Suzhou Global institute,江苏,苏州市,民办高校,理工,专科,20,,true,false,false,false,false,true,false
RC0211700,nanjing-institute-of-tourism-hospitality,南京旅游职业学院,Nanjing Institute Of Tourism & Hospitality,江苏,南京市,地方公办,财经,专科,20,,true,false,false,false,false,false,false
RC0211800,jiangsu-health-vocational-college,江苏卫生健康职业学院,Jiangsu Health Vocational College,江苏,南京市,地方公办,医药,专科,20,,true,false,false,false,false,false,false
RC0211900,suzhou-college-of-information-technology,苏州信息职业技术学院,Suzhou College Of Information Technology,江苏,苏州市,地方公办,理工,专科,20,,true,false,false,false,false,false,false
RC0212000,suqian-zeda-vocational-technical-college,宿迁泽达职业技术学院,Suqian Zeda Vocational&Technical College,江苏,宿迁市,民办高校,理工,专科,20,,true,false,false,false,false,true,false
RC0212100,suzhou-industrial-park-institute-of-service-outsourcing,苏州工业园区服务外包职业学院,Suzhou Industrial Park Institute Of Service Outsourcing,江苏,苏州市,地方公办,理工,专科,20,,true,false,false,false,false,false,false
RC0212200,xuzhou-kindergarten-teachers-college,徐州幼儿师范高等专科学校,Xuzhou Kindergarten Teachers College,江苏,徐州市,地方公办,师范,专科,20,,true,false,false,false,false,false,false
RC0212300,xuzhou-vocational-college-of-bioengineering,徐州生物工程职业技术学院,Xuzhou Vocational College Of Bioengineering,江苏,徐州市,地方公办,理工,专科,20,,true,false,false,false,false,false,false
RC0212400,jiangsu-vocational-college-of-business,江苏商贸职业学院,Jiangsu Vocational College Of Business,江苏,南通市,地方公办,财经,专科,20,,true,false,false,false,false,false,false
RC0212500,nantong-normal-college,南通师范高等专科学校,Nantong Normal College,江苏,南通市,地方公办,师范,专科,20,,true,false,false,false,false,false,false
RC0212600,yangzhou-hospitality-institute,扬州中瑞酒店职业学院,Yangzhou Hospitality Institute,江苏,扬州市,民办高校,财经,专科,20,,true,false,false,false,false,true,false
RC0212700,jiangsu-collge-of-nursing,江苏护理职业学院,Jiangsu Collge Of Nursing,江苏,淮安市,地方公办,医药,专科,20,,true,false,false,false,false,false,false
RC0212800,jiangsu-college-of-finance-accounting,江苏财会职业学院,Jiangsu College Of Finance & Accounting,江苏,连云港市,地方公办,财经,专科,20,,true,false,false,false,false,false,false
RC0212900,jiangsu-urban-and-rural-construction-college,江苏城乡建设职业学院,Jiangsu Urban And Rural Construction College,江苏,常州市,地方公办,理工,专科,20,,true,false,false,false,false,false,false
RC0213000,jiangsu-aviation-technical-college,江苏航空职业技术学院,Jiangsu Aviation Technical College,江苏,镇江市,地方公办,理工,专科,20,,true,false,false,false,false,false,false
RC0213100,jiangsu-college-of-safety-technology,江苏安全技术职业学院,Jiangsu College Of Safety Technology,江苏,徐州市,地方公办,理工,专科,20,,true,false,false,false,false,false,false
RC0213200,jiangsu-vocational-college-of-tourism,江苏旅游职业学院,Jiangsu Vocational College Of Tourism,江苏,扬州市,地方公办,财经,专科,20,,true,false,false,false,false,false,false
RC0213500,zhejiang-institute-of-communications,浙江交通职业技术学院,Zhejiang Institute Of Communications,浙江,杭州市,地方公办,理工,专科,20,,true,false,false,false,false,false,false
RC0213700,ningbo-city-college-of-vocational-technology,宁波城市职业技术学院,Ningbo City College Of Vocational Technology,浙江,宁波市,地方公办,综合,专科,20,,true,false,false,false,false,false,false
RC0213800,zhejiang-electric-power-vocational-and-technical-college,浙江电力职业技术学院,Zhejiang Electric Power Vocational And Technical College,浙江,杭州市,地方公办,,专科,20,,true,false,false,false,false,false,false
RC0213900,zhejiang-tongji-vocational-college-of-science-and-technology,浙江同济科技职业学院,Zhejiang Tongji Vocational College Of Science And Technology,浙江,杭州市,地方公办,理工,专科,20,,true,false,false,false,false,false,false
RC0214000,zhejiang-business-technology-institute,浙江工商职业技术学院,Zhejiang Business Technology Institute,浙江,宁波市,地方公办,财经,专科,20,,true,false,false,false,false,false,false
RC0214100,taizhou-vocational-and-technical-college,台州职业技术学院,Taizhou Vocational And Technical College,浙江,台州市,地方公办,综合,专科,20,,true,false,false,false,false,false,false
RC0214200,zhejiang-industry-trade-vocational-college,浙江工贸职业技术学院,Zhejiang Industry & Trade Vocational College,浙江,温州市,地方公办,综合,专科,20,,true,false,false,false,false,false,false
RC0214400,zhejiang-college-of-construction,浙江建设职业技术学院,Zhejiang College Of Construction,浙江,杭州市,地方公办,理工,专科,20,,true,false,false,false,false,false,false
RC0214500,zhejiang-vocational-academy-of-art,浙江艺术职业学院,Zhejiang Vocational Academy Of Art,浙江,杭州市,地方公办,文艺,专科,20,,true,false,false,false,false,false,false
RC0214600,zhejiang-institute-of-economics-and-trade,浙江经贸职业技术学院,Zhejiang Institute Of Economics And Trade,浙江,杭州市,地方公办,财经,专科,20,,true,false,false,false,false,false,false
RC0214700,zhejiang-business-college,浙江商业职业技术学院,Zhejiang Business College,浙江,杭州市,地方公办,财经,专科,20,,true,false,false,false,false,false,false
RC0214800,zhejiang-technical-institute-of-economics,浙江经济职业技术学院,Zhejiang Technical Institute Of Economics,浙江,杭州市,地方公办,财经,专科,20,,true,false,false,false,false,false,false
RC0214900,tourism-college-of-zhejiang-china,浙江旅游职业学院,Tourism College Of Zhejiang China,浙江,杭州市,地方公办,财经,专科,20,,true,false,false,false,false,false,false
RC0215000,zhejiang-yuying-college-of-vocational-technology,浙江育英职业技术学院,Zhejiang Yuying College Of Vocational Technology,浙江,杭州市,民办高校,财经,专科,20,,true,false,false,false,false,true,false
RC0215100,zhejiang-police-vocational-academy,浙江警官职业学院,Zhejiang Police Vocational Academy,浙江,杭州市,地方公办,政法,专科,20,,true,false,false,false,false,false,false
RC0215200,zhejiang-financial-college,浙江金融职业学院,Zhejiang Financial College,浙江,杭州市,地方公办,财经,专科,20,,true,false,false,false,false,false,false
RC0215300,zhejiang-industry-polytechnic-college,浙江工业职业技术学院,Zhejiang Industry Polytechnic College,浙江,绍兴市,地方公办,综合,专科,20,,true,false,false,false,false,false,false
RC0215500,jiaxing-vocational-technical-college,嘉兴职业技术学院,Jiaxing Vocational & Technical College,浙江,嘉兴市,地方公办,综合,专科,20,,true,false,false,false,false,false,false
RC0215600,huzhou-vocational-technical-college,湖州职业技术学院,Huzhou Vocational & Technical College,浙江,湖州市,地方公办,综合,专科,20,,true,false,false,false,false,false,false
RC0215700,shaoxing-vocational-technical-college,绍兴职业技术学院,Shaoxing Vocational & Technical College,浙江,绍兴市,民办高校,理工,专科,20,,true,false,false,false,false,true,false
RC0215800,quzhou-college-of-technology,衢州职业技术学院,Quzhou College Of Technology,浙江,衢州市,地方公办,综合,专科,20,,true,false,false,false,false,false,false
RC0215900,lishui-vocational-and-technical-college,丽水职业技术学院,Lishui Vocational And Technical College,浙江,丽水市,地方公办,综合,专科,20,,true,false,false,false,false,false,false
RC0216000,zhejiang-dongfang-polytechnic,浙江东方职业技术学院,Zhejiang Dongfang Polytechnic,浙江,温州市,民办高校,综合,专科,20,,true,false,false,false,false,true,false
RC0216100,yiwu-industrial-commercial-college,义乌工商职业技术学院,Yiwu Industrial & Commercial College,浙江,金华市,地方公办,财经,专科,20,,true,false,false,false,false,false,false
RC0216200,zhejiang-fashion-institute-of-technology,浙江纺织服装职业技术学院,Zhejiang Fashion Institute Of Technology,浙江,宁波市,地方公办,理工,专科,20,,true,false,false,false,false,false,false
RC0216300,hangzhou-polytechnic,杭州科技职业技术学院,Hangzhou Polytechnic,浙江,杭州市,地方公办,理工,专科,20,,true,false,false,false,false,false,false
RC0216400,zhejiang-changzheng-vocational-technical-college,浙江长征职业技术学院,Zhejiang Changzheng Vocational&Technical College,浙江,杭州市,民办高校,综合,专科,20,,true,false,false,false,false,true,false
RC0216500,jiaxing-nanyang-polytechnic-institute,嘉兴南洋职业技术学院,Jiaxing Nanyang Polytechnic Institute,浙江,嘉兴市,民办高校,理工,专科,20,,true,false,false,false,false,true,false
RC0216600,hangzhou-wanxiang-polytechnic,杭州万向职业技术学院,Hangzhou Wanxiang Polytechnic,浙江,杭州市,民办高校,综合,专科,20,,true,false,false,false,false,true,false
RC0216700,zhejiang-post-and-telecommunication-college,浙江邮电职业技术学院,Zhejiang Post And Telecommunication College,浙江,绍兴市,地方公办,理工,专科,20,,true,false,false,false,false,false,false
RC0216800,ningbo-college-of-health-sciences,宁波卫生职业技术学院,Ningbo College Of Health Sciences,浙江,宁波市,地方公办,医药,专科,20,,true,false,false,false,false,false,false
RC0216900,taizhou-vocational-college-of-science-technology,台州科技职业学院,Taizhou Vocational College Of Science & Technology,浙江,台州市,地方公办,综合,专科,20,,true,false,false,false,false,false,false
RC0217000,zhejiang-international-maritime-college,浙江国际海运职业技术学院,Zhejiang International Maritime College,浙江,舟山市,地方公办,理工,专科,20,,true,false,false,false,false,false,false
RC0217100,zhejiang-college-of-sports,浙江体育职业技术学院,Zhejiang College Of Sports,浙江,杭州市,地方公办,体育,专科,20,,true,false,false,false,false,false,false
RC0217200,wenzhou-vocational-college-of-science-and-technology,温州科技职业学院,Wenzhou Vocational College Of Science And Technology,浙江,温州市,地方公办,农林,专科,20,,true,false,false,false,false,false,false
RC0217300,zhejiang-automotive-vocational-and-technical-college,浙江汽车职业技术学院,Zhejiang Automotive Vocational And Technical College,浙江,台州市,民办高校,理工,专科,20,,true,false,false,false,false,true,false
RC0217400,hengdian-college-of-film-television,浙江横店影视职业学院,Hengdian College Of Film & Television,浙江,金华市,民办高校,文艺,专科,20,,true,false,false,false,false,true,false
RC0217500,zhejiang-agricultural-business-college,浙江农业商贸职业学院,Zhejiang Agricultural Business College,浙江,绍兴市,地方公办,财经,专科,20,,true,false,false,false,false,false,false
RC0217600,zhejiang-vocational-college-of-special-education,浙江特殊教育职业学院,Zhejiang Vocational College Of Special Education,浙江,杭州市,地方公办,师范,专科,20,,true,false,false,false,false,false,false
RC0217700,zhejiang-college-of-security-technology,浙江安防职业技术学院,Zhejiang College Of Security Technology,浙江,温州市,地方公办,理工,专科,20,,true,false,false,false,false,false,false
RC0217800,zhejiang-yuxiang-vocational-technical-college,浙江宇翔职业技术学院,Zhejiang Yuxiang Vocational & Technical College,浙江,湖州市,民办高校,综合,专科,20,,true,false,false,false,false,true,false
RC0217900,zhejiang-jinhua-technology-and-trade-polytechnic,浙江金华科贸职业技术学院,Zhejiang Jinhua Technology And Trade Polytechnic,浙江,金华市,民办高校,综合,专科,20,,true,false,false,false,false,true,false
RC0218000,zhejiang-tourism-and-health-college,浙江舟山群岛新区旅游与健康职业学院,Zhejiang Tourism And Health College,浙江,舟山市,地方公办,财经,专科,20,,true,false,false,false,false,false,false
RC0218100,ningbo-childhood-education-college,宁波幼儿师范高等专科学校,Ningbo Childhood Education College,浙江,宁波市,地方公办,师范,专科,20,,true,false,false,false,false,false,false
RC0218300,huaibei-vocational-and-technical-college,淮北职业技术学院,Huaibei Vocational And Technical College,安徽,淮北市,地方公办,综合,专科,20,,true,false,false,false,false,false,false
RC0218500,huainan-union-university,淮南联合大学,Huainan Union University,安徽,淮南市,地方公办,综合,专科,20,,true,false,false,false,false,false,false
RC0218600,anhui-business-college-of-vocational-technology,安徽商贸职业技术学院,Anhui Business College Of Vocational Technology,安徽,芜湖市,地方公办,财经,专科,20,,true,false,false,false,false,false,false
RC0218700,anhui-water-conservancy-technical-college,安徽水利水电职业技术学院,Anhui Water Conservancy Technical College,安徽,合肥市,地方公办,理工,专科,20,,true,false,false,false,false,false,false
RC0218800,fuyang-vocational-technical-college,阜阳职业技术学院,Fuyang Vocational Technical College,安徽,阜阳市,地方公办,理工,专科,20,,true,false,false,false,false,false,false
RC0218900,tongling-polytechnic,铜陵职业技术学院,Tongling Polytechnic,安徽,铜陵市,地方公办,综合,专科,20,,true,false,false,false,false,false,false
RC0219000,wanbo-institute-of-science-technology,民办万博科技职业学院,Wanbo Institute Of Science & Technology,安徽,合肥市,民办高校,综合,专科,20,,true,false,false,false,false,true,false
RC0219100,anhui-vocational-college-of-police-officers,安徽警官职业学院,Anhui Vocational College Of Police Officers,安徽,合肥市,地方公办,政法,专科,20,,true,false,false,false,false,false,false
RC0219200,huainan-vocational-technical-college,淮南职业技术学院,Huainan Vocational Technical College,安徽,淮南市,地方公办,理工,专科,20,,true,false,false,false,false,false,false
RC0219300,anhui-technical-college-of-industry-and-economy,安徽工业经济职业技术学院,Anhui Technical College of Industry And Economy,安徽,合肥市,地方公办,财经,专科,20,,true,false,false,false,false,false,false
RC0219400,hefei-institute-of-general-professional-technology,合肥通用职业技术学院,Hefei Institute Of General Professional Technology,安徽,合肥市,地方公办,理工,专科,20,,true,false,false,false,false,false,false
RC0219500,anhui-vocational-and-technical-college-of-industry-and-trade,安徽工贸职业技术学院,Anhui Vocational And Technical College Of Industry and Trade,安徽,淮南市,地方公办,理工,专科,20,,true,false,false,false,false,false,false
RC0219600,suzhou-vocational-technical-college,宿州职业技术学院,Suzhou Vocational Technical College,安徽,宿州市,地方公办,综合,专科,20,,true,false,false,false,false,false,false
RC0219700,lu-an-vocational-technical-college,六安职业技术学院,Lu'an Vocational Technical College,安徽,六安市,地方公办,理工,专科,20,,true,false,false,false,false,false,false
RC0219800,anhui-vocational-college-of-electronics-information-technology,安徽电子信息职业技术学院,Anhui Vocational College Of Electronics & Information Technology,安徽,蚌埠市,地方公办,理工,专科,20,,true,false,false,false,false,false,false
RC0219900,hefei-professional-college-of-economics-and-technology,民办合肥经济技术职业学院,Hefei Professional College Of Economics And Technology,安徽,合肥市,民办高校,财经,专科,20,,true,false,false,false,false,true,false
RC0220000,anhui-communications-vocational-technical-college,安徽交通职业技术学院,Anhui Communications Vocational & Technical College,安徽,合肥市,地方公办,理工,专科,20,,true,false,false,false,false,false,false
RC0220100,anhui-professional-technical-institute-of-athletics,安徽体育运动职业技术学院,Anhui Professional & Technical Institute Of Athletics,安徽,合肥市,地方公办,体育,专科,20,,true,false,false,false,false,false,false
RC0220200,anhui-college-of-traditional-chinese-medicine,安徽中医药高等专科学校,Anhui College of Traditional Chinese Medicine,安徽,芜湖市,地方公办,医药,专科,20,,true,false,false,false,false,false,false
RC0220400,hefei-technology-college,合肥职业技术学院,Hefei Technology College,安徽,合肥市,地方公办,综合,专科,20,,true,false,false,false,false,false,false
RC0220500,chuzhou-polytechnic,滁州职业技术学院,Chuzhou Polytechnic,安徽,滁州市,地方公办,理工,专科,20,,true,false,false,false,false,false,false
RC0220600,chizhou-vocational-and-technical-college,池州职业技术学院,Chizhou Vocational And Technical College,安徽,池州市,地方公办,理工,专科,20,,true,false,false,false,false,false,false
RC0220700,xuancheng-vocational-technical-college,宣城职业技术学院,Xuancheng Vocational & Technical College,安徽,宣城市,地方公办,理工,专科,20,,true,false,false,false,false,false,false
RC0220800,anhui-broadcasting-movie-and-television-college,安徽广播影视职业技术学院,Anhui Broadcasting Movie and Television College,安徽,合肥市,地方公办,文艺,专科,20,,true,false,false,false,false,false,false
RC0220900,hefei-binhu-vocational-technical-college,民办合肥滨湖职业技术学院,Hefei Binhu Vocational & Technical College,安徽,合肥市,民办高校,理工,专科,20,,true,false,false,false,false,true,false
RC0221000,anhui-electrical-engineering-professional-technique-college,安徽电气工程职业技术学院,Anhui Electrical Engineering Professional Technique College,安徽,合肥市,地方公办,理工,专科,20,,true,false,false,false,false,false,false
RC0221100,anhui-vocational-college-of-metallurgy-and-technology,安徽冶金科技职业学院,Anhui Vocational College of Metallurgy and Technology,安徽,马鞍山市,地方公办,理工,专科,20,,true,false,false,false,false,false,false
RC0221200,anhui-vocational-college-of-city-management,安徽城市管理职业学院,Anhui Vocational College Of City Management,安徽,合肥市,地方公办,财经,专科,20,,true,false,false,false,false,false,false
RC0221300,anhui-technical-college-of-mechanical-and-electrical-engineering,安徽机电职业技术学院,Anhui Technical College Of Mechanical And Electrical Engineering,安徽,芜湖市,地方公办,理工,专科,20,,true,false,false,false,false,false,false
RC0221400,anhui-business-vocational-college,安徽工商职业学院,Anhui Business Vocational College,安徽,合肥市,地方公办,财经,专科,20,,true,false,false,false,false,false,false
RC0221500,anhui-zhongao-institute-of-technology,安徽中澳科技职业学院,Anhui Zhongao Institute Of Technology,安徽,合肥市,地方公办,理工,专科,20,,true,false,false,false,false,false,false
RC0221600,fuyang-vocational-college-of-science-and-technology,阜阳科技职业学院,Fuyang Vocational College Of Science And Technology,安徽,阜阳市,民办高校,理工,专科,20,,true,false,false,false,false,true,false
RC0221700,bozhou-vocational-and-technical-college,亳州职业技术学院,Bozhou Vocational and Technical College,安徽,亳州市,地方公办,理工,专科,20,,true,false,false,false,false,false,false
RC0221800,anhui-vocational-college-of-defense-technology,安徽国防科技职业学院,Anhui Vocational College Of Defense Technology,安徽,六安市,地方公办,理工,专科,20,,true,false,false,false,false,false,false
RC0221900,anqing-vocational-and-technical-college,安庆职业技术学院,Anqing Vocational and Technical College,安徽,安庆市,地方公办,理工,专科,20,,true,false,false,false,false,false,false
RC0222000,anhui-professional-college-of-art,安徽艺术职业学院,Anhui Professional College Of Art,安徽,合肥市,地方公办,文艺,专科,20,,true,false,false,false,false,false,false
RC0222100,maanshan-teachers-college,马鞍山师范高等专科学校,Maanshan Teacher'S College,安徽,马鞍山市,地方公办,师范,专科,20,,true,false,false,false,false,false,false
RC0222200,anhui-finance-trade-vocational-college,安徽财贸职业学院,Anhui Finance & Trade Vocational College,安徽,合肥市,地方公办,财经,专科,20,,true,false,false,false,false,false,false
RC0222300,anhui-institute-of-international-business,安徽国际商务职业学院,Anhui Institute Of International Business,安徽,合肥市,地方公办,财经,专科,20,,true,false,false,false,false,false,false
RC0222400,anhui-public-security-college,安徽公安职业学院,Anhui Public Security College,安徽,合肥市,地方公办,政法,专科,20,,true,false,false,false,false,false,false
RC0222500,anhui-vocational-technical-college-of-forestry,安徽林业职业技术学院,Anhui Vocational & Technical College Of Forestry,安徽,合肥市,地方公办,农林,专科,20,,true,false,false,false,false,false,false
RC0222600,anhui-audit-college,安徽审计职业学院,Anhui Audit College,安徽,合肥市,地方公办,财经,专科,20,,true,false,false,false,false,false,false
RC0222700,anhui-vocational-college-of-press-and-publishing,安徽新闻出版职业技术学院,Anhui Vocational College of Press and Publishing,安徽,合肥市,地方公办,综合,专科,20,,true,false,false,false,false,false,false
RC0222800,anhui-post-and-telecommunication-college,安徽邮电职业技术学院,Anhui Post and Telecommunication College,安徽,合肥市,地方公办,理工,专科,20,,true,false,false,false,false,false,false
RC0222900,anhui-industry-polytechnic,安徽工业职业技术学院,Anhui Industry Polytechnic,安徽,铜陵市,地方公办,理工,专科,20,,true,false,false,false,false,false,false
RC0223000,hefei-college-of-finance-economics,民办合肥财经职业学院,Hefei College Of Finance & Economics,安徽,合肥市,民办高校,财经,专科,20,,true,false,false,false,false,true,false
RC0223100,anqing-medical-college,安庆医药高等专科学校,Anqing Medical College,安徽,安庆市,地方公办,医药,专科,20,,true,false,false,false,false,false,false
RC0223200,anhui-international-economy-college,安徽涉外经济职业学院,Anhui International Economy College,安徽,合肥市,民办高校,,专科,20,,true,false,false,false,false,true,false
RC0223300,anhui-lvhai-vocational-college-of-business,安徽绿海商务职业学院,Anhui Lvhai Vocational College Of Business,安徽,合肥市,民办高校,财经,专科,20,,true,false,false,false,false,true,false
RC0223400,hefei-gongda-vocational-and-technical-college,合肥共达职业技术学院,Hefei Gongda Vocational And Technical College,安徽,合肥市,民办高校,理工,专科,20,,true,false,false,false,false,true,false
RC0223500,bengbu-institute-of-business-and-technology,蚌埠经济技术职业学院,Bengbu Institute Of Business and Technology,安徽,蚌埠市,民办高校,财经,专科,20,,true,false,false,false,false,true,false
RC0223600,tourism-college-of-anhui,民办安徽旅游职业学院,Tourism College Of Anhui,安徽,阜阳市,民办高校,综合,专科,20,,true,false,false,false,false,true,false
RC0223700,huishang-vocational-college,徽商职业学院,Huishang Vocational College,安徽,合肥市,地方公办,财经,专科,20,,true,false,false,false,false,false,false
RC0223800,maanshan-technical-college,马鞍山职业技术学院,Maanshan Technical College,安徽,马鞍山市,地方公办,理工,专科,20,,true,false,false,false,false,false,false
RC0223900,anhui-modern-info-engineering-vocational-college,安徽现代信息工程职业学院,Anhui Modern Info-Engineering Vocational College,安徽,淮南市,民办高校,理工,专科,20,,true,false,false,false,false,true,false
RC0224000,anhui-college-of-mining-and-technology,安徽矿业职业技术学院,Anhui College of Mining and Technology,安徽,淮北市,民办高校,理工,专科,20,,true,false,false,false,false,true,false
RC0224100,hefei-information-technology-university,合肥信息技术职业学院,Hefei Information Technology University,安徽,合肥市,民办高校,理工,专科,20,,true,false,false,false,false,true,false
RC0224200,tongcheng-teachers-college,桐城师范高等专科学校,Tongcheng Teachers College,安徽,安庆市,地方公办,师范,专科,20,,true,false,false,false,false,false,false
RC0224300,huangshan-vocational-technical-college,黄山职业技术学院,Huangshan Vocational Technical College,安徽,黄山市,地方公办,综合,专科,20,,true,false,false,false,false,false,false
RC0224400,chuzhou-city-vocation-academy,滁州城市职业学院,Chuzhou City Vocation Academy,安徽,滁州市,地方公办,综合,专科,20,,true,false,false,false,false,false,false
RC0224500,anhui-automobile-vocational-and-technical-college,安徽汽车职业技术学院,Anhui Automobile Vocational and Technical College,安徽,合肥市,地方公办,理工,专科,20,,true,false,false,false,false,false,false
RC0224600,west-anhui-health-vocational-college,皖西卫生职业学院,West Anhui Health Vocational College,安徽,六安市,地方公办,医药,专科,20,,true,false,false,false,false,false,false
RC0224700,hefei-preschool-education-college,合肥幼儿师范高等专科学校,Hefei Preschool Education College,安徽,合肥市,地方公办,师范,专科,20,,true,false,false,false,false,false,false
RC0224800,anhui-yangtse-vocational-technical-college,安徽扬子职业技术学院,Anhui Yangtse Vocational & Technical College,安徽,芜湖市,民办高校,理工,专科,20,,true,false,false,false,false,true,false
RC0224900,anhui-huangmei-opera-art-vocational-college,安徽黄梅戏艺术职业学院,Anhui Huangmei Opera Art Vocational College,安徽,安庆市,地方公办,文艺,专科,20,,true,false,false,false,false,false,false
RC0225000,anhui-vocational-college-of-grain-engineering,安徽粮食工程职业学院,Anhui Vocational College Of Grain Engineering,安徽,合肥市,地方公办,理工,专科,20,,true,false,false,false,false,false,false
RC0225100,anhui-health-college,安徽卫生健康职业学院,Anhui Health College,安徽,池州市,地方公办,医药,专科,20,,true,false,false,false,false,false,false
RC0225200,hefei-science-and-technology-college,合肥科技职业学院,Hefei Science And Technology College,安徽,合肥市,民办高校,理工,专科,20,,true,false,false,false,false,true,false
RC0225300,north-anhui-health-vocational-college,皖北卫生职业学院,North Anhui Health Vocational College,安徽,宿州市,地方公办,医药,专科,20,,true,false,false,false,false,false,false
RC0225400,fuyang-preschool-teachers-college,阜阳幼儿师范高等专科学校,Fuyang Preschool Teachers College,安徽,阜阳市,地方公办,师范,专科,20,,true,false,false,false,false,false,false
RC0225500,huangshan-health-vocational-college,黄山健康职业学院,Huangshan Health Vocational College,安徽,黄山市,民办高校,医药,专科,20,,true,false,false,false,false,true,false
RC0225600,suzhou-vocational-college-of-civil-avuation,宿州航空职业学院,Suzhou Vocational College Of Civil Avuation,安徽,宿州市,民办高校,理工,专科,20,,true,false,false,false,false,true,false
RC0225700,fujian-chuanzheng-communications-college,福建船政交通职业学院,Fujian Chuanzheng Communications College,福建,福州市,地方公办,理工,专科,20,,true,false,false,false,false,false,false
RC0225800,zhangzhou-institute-of-technology,漳州职业技术学院,Zhangzhou Institute Of Technology,福建,漳州市,地方公办,理工,专科,20,,true,false,false,false,false,false,false
RC0225900,minxi-vocational-technical-college,闽西职业技术学院,Minxi Vocational & Technical College,福建,龙岩市,地方公办,综合,专科,20,,true,false,false,false,false,false,false
RC0226100,fujian-hwa-nan-womens-college,福建华南女子职业学院,Fujian Hwa Nan Women's College,福建,福州市,民办高校,综合,专科,20,,true,false,false,false,false,true,false
RC0226300,fujian-forestry-vocational-technical-college,福建林业职业技术学院,Fujian Forestry Vocational Technical College,福建,南平市,地方公办,农林,专科,20,,true,false,false,false,false,false,false
RC0226400,fujian-polytechnic-of-information-technology,福建信息职业技术学院,Fujian Polytechnic Of Information Technology,福建,福州市,地方公办,理工,专科,20,,true,false,false,false,false,false,false
RC0226500,fujian-college-of-water-conservancy-and-electric-power,福建水利电力职业技术学院,Fujian College Of Water Conservancy And Electric Power,福建,三明市,地方公办,理工,专科,20,,true,false,false,false,false,false,false
RC0226600,fujian-electric-power-technical-college,福建电力职业技术学院,Fujian Electric Power Technical College,福建,泉州市,地方公办,理工,专科,20,,true,false,false,false,false,false,false
RC0226700,xiamen-ocean-vocational-college,厦门海洋职业技术学院,Xiamen Ocean Vocational College,福建,厦门市,地方公办,农林,专科,20,,true,false,false,false,false,false,false
RC0226800,fujian-vocational-college-of-agriculture,福建农业职业技术学院,Fujian Vocational College Of Agriculture,福建,福州市,地方公办,农林,专科,20,,true,false,false,false,false,false,false
RC0226900,fujian-health-college,福建卫生职业技术学院,Fujian Health College,福建,福州市,地方公办,医药,专科,20,,true,false,false,false,false,false,false
RC0227000,quanzhou-medical-college,泉州医学高等专科学校,Quanzhou Medical College,福建,泉州市,地方公办,医药,专科,20,,true,false,false,false,false,false,false
RC0227100,anglo-chinese-college,福州英华职业学院,Anglo-Chinese College,福建,福州市,民办高校,师范,专科,20,,true,false,false,false,false,true,false
RC0227200,quanzhou-textile-garment-vocational-institute,泉州纺织服装职业学院,Quanzhou Textile Garment Vocational Institute,福建,泉州市,民办高校,综合,专科,20,,true,false,false,false,false,true,false
RC0227300,quanzhou-huaguang-vocational-college,泉州华光职业学院,Quanzhou Huaguang Vocational College,福建,泉州市,民办高校,综合,专科,20,,true,false,false,false,false,true,false
RC0227400,minbei-vocational-and-technical-college,闽北职业技术学院,MinBei Vocational and Technical College,福建,南平市,地方公办,综合,专科,20,,true,false,false,false,false,false,false
RC0227500,fujian-liming-vocational-technical-college,福州黎明职业技术学院,Fujian Liming Vocational ＆ Technical College,福建,福州市,民办高校,综合,专科,20,,true,false,false,false,false,true,false
RC0227600,the-xiamen-academy-for-performing-arts,厦门演艺职业学院,The Xiamen Academy For Performing Arts,福建,厦门市,民办高校,文艺,专科,20,,true,false,false,false,false,true,false
RC0227700,xiamen-huatian-international-vocation-institute,厦门华天涉外职业技术学院,Xiamen Huatian International Vocation Institute,福建,厦门市,民办高校,综合,专科,20,,true,false,false,false,false,true,false
RC0227800,fuzhou-science-and-technology-college,福州科技职业技术学院,Fuzhou Science And Technology College,福建,福州市,民办高校,理工,专科,20,,true,false,false,false,false,true,false
RC0227900,quanzhou-vocational-college-of-economics-and-business,泉州经贸职业技术学院,Quanzhou Vocational College Of Economics And Business,福建,泉州市,地方公办,财经,专科,20,,true,false,false,false,false,false,false
RC0228100,meizhouwan-vocational-technology-college,湄洲湾职业技术学院,Meizhouwan Vocational Technology College,福建,莆田市,地方公办,理工,专科,20,,true,false,false,false,false,false,false
RC0228200,fujian-vocational-college-of-bio-engineering,福建生物工程职业技术学院,Fujian Vocational College Of Bio-Engineering,福建,福州市,地方公办,医药,专科,20,,true,false,false,false,false,false,false
RC0228300,fujian-art-vocational-college,福建艺术职业学院,Fujian Art Vocational College,福建,福州市,地方公办,文艺,专科,20,,true,false,false,false,false,false,false
RC0228400,fujian-preschool-education-college,福建幼儿师范高等专科学校,Fujian Preschool Education College,福建,福州市,地方公办,师范,专科,20,,true,false,false,false,false,false,false
RC0228500,xiamen-city-university,厦门城市职业学院,Xiamen City University,福建,厦门市,地方公办,综合,专科,20,,true,false,false,false,false,false,false
RC0228600,quanzhou-arts-and-crafts-vocational-college,泉州工艺美术职业学院,Quanzhou Arts And Crafts Vocational College,福建,泉州市,地方公办,文艺,专科,20,,true,false,false,false,false,false,false
RC0228700,sanming-medical-and-polytechnic-vocational-college,三明医学科技职业学院,Sanming Medical And Polytechnic Vocational College,福建,三明市,地方公办,综合,专科,20,,true,false,false,false,false,false,false
RC0228800,ningde-vocational-and-technical-college,宁德职业技术学院,Ningde Vocational And Technical College,福建,宁德市,地方公办,综合,专科,20,,true,false,false,false,false,false,false
RC0228900,fuzhou-software-technology-vocational-college,福州软件职业技术学院,Fuzhou Software Technology Vocational College,福建,福州市,民办高校,理工,专科,20,,true,false,false,false,false,true,false
RC0229000,xiamen-xingcai-vocational-technical-college,厦门兴才职业技术学院,Xiamen Xingcai Vocational&Technical College,福建,厦门市,民办高校,综合,专科,20,,true,false,false,false,false,true,false
RC0229100,xiamen-institute-of-software-technology,厦门软件职业技术学院,Xiamen Institute Of Software Technology,福建,厦门市,民办高校,理工,专科,20,,true,false,false,false,false,true,false
RC0229200,fujian-sports-vocational-education-and-technical-college,福建体育职业技术学院,Fujian Sports Vocational Education And Technical College,福建,福州市,地方公办,体育,专科,20,,true,false,false,false,false,false,false
RC0229300,zhangzhou-city-college,漳州城市职业学院,Zhangzhou City College,福建,漳州市,地方公办,综合,专科,20,,true,false,false,false,false,false,false
RC0229400,xiamen-nanyang-university,厦门南洋职业学院,Xiamen Nanyang University,福建,厦门市,民办高校,综合,专科,20,,true,false,false,false,false,true,false
RC0229500,xiamen-donghai-institute,厦门东海职业技术学院,Xiamen Donghai Institute,福建,厦门市,民办高校,综合,专科,20,,true,false,false,false,false,true,false
RC0229600,zhangzhou-college-of-science-technology,漳州科技职业学院,Zhangzhou College Of Science ＆ Technology,福建,漳州市,民办高校,综合,专科,20,,true,false,false,false,false,true,false
RC0229700,zhangzhou-institute-of-science-technology,漳州理工职业学院,Zhangzhou Institute Of Science & Technology,福建,漳州市,民办高校,理工,专科,20,,true,false,false,false,false,true,false
RC0229800,wuyishan-vocational-college,武夷山职业学院,Wuyishan Vocational College,福建,南平市,民办高校,综合,专科,20,,true,false,false,false,false,true,false
RC0229900,zhangzhou-health-vocational-college,漳州卫生职业学院,Zhangzhou Health Vocational College,福建,漳州市,地方公办,医药,专科,20,,true,false,false,false,false,false,false
RC0230000,quanzhou-ocean-institute,泉州海洋职业学院,Quanzhou Ocean Institute,福建,泉州市,民办高校,理工,专科,20,,true,false,false,false,false,true,false
RC0230100,quanzhou-college-of-technology,泉州轻工职业学院,Quanzhou College Of Technology,福建,泉州市,民办高校,综合,专科,20,,true,false,false,false,false,true,false
RC0230200,xiamen-security-science-and-technology-college,厦门安防科技职业学院,Xiamen Security Science And Technology College,福建,厦门市,民办高校,综合,专科,20,,true,false,false,false,false,true,false
RC0230300,quanzhou-preschool-education-college,泉州幼儿师范高等专科学校,Quanzhou Preschool Education College,福建,泉州市,地方公办,师范,专科,20,,true,false,false,false,false,false,false
RC0230400,minjiang-teachers-college,闽江师范高等专科学校,Minjiang Teachers College,福建,福州市,地方公办,师范,专科,20,,true,false,false,false,false,false,false
RC0230500,quanzhou-engineering-vocational-and-technical-college,泉州工程职业技术学院,Quanzhou Engineering Vocational And Technical College,福建,泉州市,民办高校,理工,专科,20,,true,false,false,false,false,true,false
RC0230600,fuzhou-melbourne-polytechnic,福州墨尔本理工职业学院,Fuzhou Melbourne Polytechnic,福建,福州市,中外合作,综合,专科,20,,true,false,false,false,true,false,false
RC0230700,shangrao-preschool-education-college,上饶幼儿师范高等专科学校,Shangrao Preschool Education College,江西,上饶市,地方公办,师范,专科,20,,true,false,false,false,false,false,false
RC0230800,fuzhou-preschool-education-college,抚州幼儿师范高等专科学校,Fuzhou Preschool Education College,江西,抚州市,地方公办,师范,专科,20,,true,false,false,false,false,false,false
RC0230900,jiangxi-industry-polytechnic-college,江西工业职业技术学院,Jiangxi Industry Polytechnic College,江西,南昌市,地方公办,理工,专科,20,,true,false,false,false,false,false,false
RC0231000,jiangxi-medical-college,江西医学高等专科学校,Jiangxi Medical College,江西,上饶市,地方公办,医药,专科,20,,true,false,false,false,false,false,false
RC0231100,jiujiang-vocational-university,九江职业大学,Jiujiang Vocational University,江西,九江市,地方公办,综合,专科,20,,true,false,false,false,false,false,false
RC0231300,jiangxi-justice-police-vocational-college,江西司法警官职业学院,Jiangxi Justice Police Vocational College,江西,南昌市,地方公办,政法,专科,20,,true,false,false,false,false,false,false
RC0231400,jiangxi-arts-ceramics-technology-institute,江西陶瓷工艺美术职业技术学院,Jiangxi Arts & Ceramics Technology Institute,江西,景德镇市,地方公办,文艺,专科,20,,true,false,false,false,false,false,false
RC0231500,jiangxi-tourism-and-commerce-vocational-college,江西旅游商贸职业学院,Jiangxi Tourism And Commerce Vocational College,江西,南昌市,地方公办,财经,专科,20,,true,false,false,false,false,false,false
RC0231600,jiangxi-vocational-technical-college-of-electricity,江西电力职业技术学院,Jiangxi Vocational & Technical College Of Electricity,江西,南昌市,地方公办,理工,专科,20,,true,false,false,false,false,false,false
RC0231700,jiangxi-environmental-engineering-vocational-college,江西环境工程职业学院,Jiangxi Environmental Engineering Vocational College,江西,赣州市,地方公办,农林,专科,20,,true,false,false,false,false,false,false
RC0231800,jiangxi-vocational-academy-of-art,江西艺术职业学院,Jiangxi Vocational Academy Of Art,江西,南昌市,地方公办,文艺,专科,20,,true,false,false,false,false,false,false
RC0231900,yingtan-vocational-and-technical-college,鹰潭职业技术学院,Yingtan Vocational And Technical College,江西,鹰潭市,地方公办,综合,专科,20,,true,false,false,false,false,false,false
RC0232000,jiangxi-vocational-and-technical-college-of-information-application,江西信息应用职业技术学院,Jiangxi Vocational And Technical College Of Information Application,江西,南昌市,地方公办,理工,专科,20,,true,false,false,false,false,false,false
RC0232100,jiangxi-v-t-college-of-communications,江西交通职业技术学院,Jiangxi V&T College Of Communications,江西,南昌市,地方公办,理工,专科,20,,true,false,false,false,false,false,false
RC0232200,jiangxi-vocational-college-of-finance-and-economis,江西财经职业学院,Jiangxi Vocational College Of Finance And Economis,江西,九江市,地方公办,财经,专科,20,,true,false,false,false,false,false,false
RC0232300,jiangxi-college-of-applied-technology,江西应用技术职业学院,Jiangxi College Of Applied Technology,江西,赣州市,地方公办,理工,专科,20,,true,false,false,false,false,false,false
RC0232400,jiangxi-modern-polytechnic-college,江西现代职业技术学院,Jiangxi Modern Polytechnic College,江西,南昌市,地方公办,理工,专科,20,,true,false,false,false,false,false,false
RC0232500,jiangxi-vocational-college-of-industry-engineering,江西工业工程职业技术学院,Jiangxi Vocational College Of Industry & Engineering,江西,萍乡市,地方公办,理工,专科,20,,true,false,false,false,false,false,false
RC0232600,jiangxi-vocational-college-of-mechanical-electrical-technology,江西机电职业技术学院,Jiangxi Vocational College Of Mechanical & Electrical Technology,江西,南昌市,地方公办,理工,专科,20,,true,false,false,false,false,false,false
RC0232700,jiangxi-vocational-college-of-technology,江西科技职业学院,Jiangxi Vocational College Of Technology,江西,南昌市,民办高校,综合,专科,20,,true,false,false,false,false,true,false
RC0232900,jiangxi-vocational-technical-college-of-lndustry-trade,江西工业贸易职业技术学院,Jiangxi Vocational Technical College Of Lndustry & Trade,江西,南昌市,地方公办,综合,专科,20,,true,false,false,false,false,false,false
RC0233000,yichun-vocational-technical-college,宜春职业技术学院,Yichun Vocational Technical College,江西,宜春市,地方公办,综合,专科,20,,true,false,false,false,false,false,false
RC0233100,jiangxi-application-engineering-vocational-college,江西应用工程职业学院,Jiangxi Application Engineering Vocational College,江西,萍乡市,地方公办,理工,专科,20,,true,false,false,false,false,false,false
RC0233200,jiangxi-biotech-vocational-college,江西生物科技职业学院,Jiangxi Biotech Vocational College,江西,南昌市,地方公办,农林,专科,20,,true,false,false,false,false,false,false
RC0233300,jiangxi-college-of-construction,江西建设职业技术学院,Jiangxi College Of Construction,江西,南昌市,地方公办,理工,专科,20,,true,false,false,false,false,false,false
RC0233400,fuzhou-vocational-and-technical-college,抚州职业技术学院,Fuzhou Vocational And Technical College,江西,抚州市,地方公办,综合,专科,20,,true,false,false,false,false,false,false
RC0233600,jiangxi-institute-of-economic-administrators,江西经济管理职业学院,Jiangxi Institute Of Economic Administrators,江西,南昌市,地方公办,,专科,20,,true,false,false,false,false,false,false
RC0233700,jiangxi-technical-college-of-manufacturing,江西制造职业技术学院,Jiangxi Technical College of Manufacturing,江西,南昌市,地方公办,理工,专科,20,,true,false,false,false,false,false,false
RC0233800,jiangxi-engineering-vocational-college,江西工程职业学院,Jiangxi Engineering Vocational College,江西,南昌市,地方公办,综合,专科,20,,true,false,false,false,false,false,false
RC0233900,jiangxi-youth-vocational-college,江西青年职业学院,Jiangxi Youth Vocational College,江西,南昌市,地方公办,综合,专科,20,,true,false,false,false,false,false,false
RC0234000,shangrao-vocational-technical-college,上饶职业技术学院,Shangrao Vocational Technical College,江西,上饶市,地方公办,理工,专科,20,,true,false,false,false,false,false,false
RC0234100,jiangxi-aviation-vocational-and-technical-college,江西航空职业技术学院,Jiangxi Aviation Vocational And Technical College,江西,南昌市,民办高校,理工,专科,20,,true,false,false,false,false,true,false
RC0234200,jiangxi-agricultural-engineering-college,江西农业工程职业学院,Jiangxi Agricultural Engineering College,江西,宜春市,地方公办,农林,专科,20,,true,false,false,false,false,false,false
RC0234300,ganxi-vocational-institue-of-science-technology,赣西科技职业学院,Ganxi Vocational Institue Of Science & Technology,江西,新余市,民办高校,综合,专科,20,,true,false,false,false,false,true,false
RC0234400,jiangxi-health-vocational-college,江西卫生职业学院,Jiangxi Health Vocational College,江西,南昌市,地方公办,医药,专科,20,,true,false,false,false,false,false,false
RC0234500,jiangxi-new-energy-technology-institute,江西新能源科技职业学院,Jiangxi New Energy Technology Institute,江西,新余市,民办高校,理工,专科,20,,true,false,false,false,false,true,false
RC0234600,jiangxi-fenglin-college-of-foreign-economy-trade,江西枫林涉外经贸职业学院,Jiangxi Fenglin College Of Foreign Economy & Trade,江西,九江市,民办高校,财经,专科,20,,true,false,false,false,false,true,false
RC0234800,jiangxi-metallurgical-vocational-and-technical-college,江西冶金职业技术学院,Jiangxi Metallurgical Vocational And Technical College,江西,新余市,地方公办,理工,专科,20,,true,false,false,false,false,false,false
RC0234900,jiangxi-administrative-vocational-college,江西管理职业学院,Jiangxi Management Vocational College,江西,南昌市,地方公办,医药,专科,20,,true,false,false,false,false,false,false
RC0235000,jiangxi-media-vocational-college,江西传媒职业学院,Jiangxi Media Vocational College,江西,南昌市,地方公办,文艺,专科,20,,true,false,false,false,false,false,false
RC0235100,jiangxi-technology-business-polytechnic,江西工商职业技术学院,Jiangxi Technology Business Polytechnic,江西,南昌市,民办高校,综合,专科,20,,true,false,false,false,false,true,false
RC0235200,jingdezhen-ceramic-vocational-technical-college,景德镇陶瓷职业技术学院,Jingdezhen Ceramic Vocational Technical College,江西,景德镇市,民办高校,文艺,专科,20,,true,false,false,false,false,true,false
RC0235400,ganzhou-teachers-college,赣州师范高等专科学校,Ganzhou Teachers College,江西,赣州市,地方公办,师范,专科,20,,true,false,false,false,false,false,false
RC0235500,jiangxi-water-resources-institute,江西水利职业学院,Jiangxi Water Resources Institute,江西,南昌市,地方公办,理工,专科,20,,true,false,false,false,false,false,false
RC0235600,yichun-early-childhood-teachers-college,宜春幼儿师范高等专科学校,Yichun Early Childhood Teachers College,江西,宜春市,地方公办,师范,专科,20,,true,false,false,false,false,false,false
RC0235700,jian-college,吉安职业技术学院,Ji'an College,江西,吉安市,地方公办,综合,专科,20,,true,false,false,false,false,false,false
RC0235800,jiangxi-hongzhou-vocational-college,江西洪州职业学院,Jiangxi Hongzhou Vocational College,江西,宜春市,民办高校,综合,专科,20,,true,false,false,false,false,true,false
RC0235900,jiangxi-teachers-college,江西师范高等专科学校,Jiangxi Teachers College,江西,鹰潭市,地方公办,师范,专科,20,,true,false,false,false,false,false,false
RC0236000,nanchang-vocational-instttute-of-film-and-televsion-covmunication,南昌影视传播职业学院,Nanchang Vocational Instttute Of Film And Televsion Covmunication,江西,南昌市,民办高校,综合,专科,20,,true,false,false,false,false,true,false
RC0236100,gannan-health-vocational-college,赣南卫生健康职业学院,Gannan Health Vocational College,江西,赣州市,地方公办,医药,专科,20,,true,false,false,false,false,false,false
RC0236200,pingxiang-health-vocational-college,萍乡卫生职业学院,Pingxiang Health Vocational College,江西,萍乡市,地方公办,医药,专科,20,,true,false,false,false,false,false,false
RC0236300,jiangxi-wuyuan-tea-vocational-college,江西婺源茶业职业学院,Jiangxi Wuyuan Tea Vocational College,江西,上饶市,地方公办,综合,专科,20,,true,false,false,false,false,false,false
RC0236400,ganzhou-polytechnic,赣州职业技术学院,Ganzhou Polytechnic,江西,赣州市,地方公办,综合,专科,20,,true,false,false,false,false,false,false
RC0236500,nanchang-academy-of-health-sciences,南昌健康职业技术学院,Nanchang Academy Of Health Sciences,江西,南昌市,地方公办,医药,专科,20,,true,false,false,false,false,false,false
RC0236600,jiujiang-insititute-of-technology,九江理工职业学院,Jiujiang Insititute Of Technology,江西,九江市,民办高校,综合,专科,20,,true,false,false,false,false,true,false
RC0236700,hejun-college,和君职业学院,Hejun College,江西,赣州市,民办高校,综合,专科,20,,true,false,false,false,false,true,false
RC0236800,shandong-medical-college,山东医学高等专科学校,Shandong Medical College,山东,临沂市,地方公办,医药,专科,20,,true,false,false,false,false,false,false
RC0236900,heze-medical-college,菏泽医学专科学校,Heze Medical College,山东,菏泽市,地方公办,医药,专科,20,,true,false,false,false,false,false,false
RC0237100,shandong-electric-power-college,山东电力高等专科学校,Shandong Electric Power College,山东,济南市,地方公办,理工,专科,20,,true,false,false,false,false,false,false
RC0237300,qufu-fareast-vocational-and-technical-college,曲阜远东职业技术学院,Qufu Fareast Vocational And Technical College,山东,济宁市,民办高校,综合,专科,20,,true,false,false,false,false,true,false
RC0237400,qingdao-technical-college,青岛职业技术学院,Qingdao Technical College,山东,青岛市,地方公办,综合,专科,20,,true,false,false,false,false,false,false
RC0237500,weihai-vocational-college,威海职业学院,Weihai Vocational College,山东,威海市,地方公办,综合,专科,20,,true,false,false,false,false,false,false
RC0237600,shandong-polytechnic,山东职业学院,Shandong Polytechnic,山东,济南市,地方公办,理工,专科,20,,true,false,false,false,false,false,false
RC0237700,shandong-labor-vocational-and-techncal-college,山东劳动职业技术学院,Shandong Labor Vocational And Techncal College,山东,济南市,地方公办,理工,专科,20,,true,false,false,false,false,false,false
RC0237800,laiwu-vocational-and-technical-college,莱芜职业技术学院,Laiwu Vocational And Technical College,山东,济南市,地方公办,综合,专科,20,,true,false,false,false,false,false,false
RC0237900,jining-polytechnic,济宁职业技术学院,Jining Polytechnic,山东,济宁市,地方公办,综合,专科,20,,true,false,false,false,false,false,false
RC0238000,weifang-vocational-college,潍坊职业学院,Weifang Vocational College,山东,潍坊市,地方公办,综合,专科,20,,true,false,false,false,false,false,false
RC0238100,yantai-vocational-college,烟台职业学院,Yantai Vocational College,山东,烟台市,地方公办,综合,专科,20,,true,false,false,false,false,false,false
RC0238200,dongying-vocational-institute,东营职业学院,Dongying Vocational Institute,山东,东营市,地方公办,综合,专科,20,,true,false,false,false,false,false,false
RC0238300,liaocheng-vocational-and-technical-college,聊城职业技术学院,Liaocheng Vocational And Technical College,山东,聊城市,地方公办,综合,专科,20,,true,false,false,false,false,false,false
RC0238600,shandong-vocational-institute-of-clothing-technology,山东服装职业学院,Shandong Vocational Institute Of Clothing Technology,山东,泰安市,地方公办,综合,专科,20,,true,false,false,false,false,false,false
RC0238700,technological-vocational-college-of-dezhou,德州科技职业学院,Technological Vocational College Of Dezhou,山东,德州市,民办高校,综合,专科,20,,true,false,false,false,false,true,false
RC0238800,shandong-liming-polytechnic-vocational-college,山东力明科技职业学院,Shandong Liming Polytechnic Vocational College,山东,泰安市,民办高校,医药,专科,20,,true,false,false,false,false,true,false
RC0238900,shandong-shenghan-finance-and-trade-vocational-college,山东圣翰财贸职业学院,Shandong Shenghan Finance And Trade Vocational College,山东,济南市,民办高校,综合,专科,20,,true,false,false,false,false,true,false
RC0239000,shandong-water-conservancy-vocational-college,山东水利职业学院,Shandong Water Conservancy Vocational College,山东,日照市,地方公办,理工,专科,20,,true,false,false,false,false,false,false
RC0239100,shandong-vocational-animal-science-and-veterinary-college,山东畜牧兽医职业学院,Shandong Vocational Animal Science And Veterinary College,山东,潍坊市,地方公办,农林,专科,20,,true,false,false,false,false,false,false
RC0239200,qingdao-feiyang-vocational-tehnical-college,青岛飞洋职业技术学院,Qingdao Feiyang Vocational&Tehnical College,山东,青岛市,民办高校,,专科,20,,true,false,false,false,false,true,false
RC0239300,dongying-vocational-college-of-science-technology,东营科技职业学院,Dongying Vocational College Of Science＆Technology,山东,东营市,地方公办,综合,专科,20,,true,false,false,false,false,false,false
RC0239400,shandong-transport-vocational-college,山东交通职业学院,Shandong Transport Vocational College,山东,潍坊市,地方公办,理工,专科,20,,true,false,false,false,false,false,false
RC0239600,shandong-foreign-trade-vocational-college,山东外贸职业学院,Shandong Foreign Trade Vocational College,山东,青岛市,地方公办,财经,专科,20,,true,false,false,false,false,false,false
RC0239700,qingdao-vocational-and-technical-college-of-hotel-management,青岛酒店管理职业技术学院,Qingdao Vocational And Technical College Of Hotel Management,山东,青岛市,地方公办,财经,专科,20,,true,false,false,false,false,false,false
RC0239800,shandong-vocational-college-of-information-technology,山东信息职业技术学院,Shandong Vocational College Of Information Technology,山东,潍坊市,地方公办,理工,专科,20,,true,false,false,false,false,false,false
RC0239900,qingdao-harbour-vocational-technical-college,青岛港湾职业技术学院,Qingdao Harbour Vocational & Technical College,山东,青岛市,地方公办,理工,专科,20,,true,false,false,false,false,false,false
RC0240000,shandong-shengli-vocational-college,山东胜利职业学院,Shandong Shengli Vocational College,山东,东营市,地方公办,理工,专科,20,,true,false,false,false,false,false,false
RC0240100,shandong-college-of-economics-and-business,山东经贸职业学院,Shandong College Of Economics And Business,山东,潍坊市,地方公办,财经,专科,20,,true,false,false,false,false,false,false
RC0240200,shandong-vocational-college-of-industry,山东工业职业学院,Shandong Vocational College Of Industry,山东,淄博市,地方公办,理工,专科,20,,true,false,false,false,false,false,false
RC0240300,shandong-chemical-engineering-vocational-college,山东化工职业学院,Shandong Chemical Engineering & Vocational College,山东,淄博市,地方公办,理工,专科,20,,true,false,false,false,false,false,false
RC0240400,qingdao-qiushi-college,青岛求实职业技术学院,Qingdao Qiushi College,山东,青岛市,民办高校,综合,专科,20,,true,false,false,false,false,true,false
RC0240500,jinan-vocational-college,济南职业学院,Jinan Vocational College,山东,济南市,地方公办,综合,专科,20,,true,false,false,false,false,false,false
RC0240600,yantai-engineering-technology-college,烟台工程职业技术学院,Yantai Engineering & Technology College,山东,烟台市,地方公办,理工,专科,20,,true,false,false,false,false,false,false
RC0240700,weifang-business-vocational-college,潍坊工商职业学院,Weifang Business Vocational College,山东,潍坊市,民办高校,综合,专科,20,,true,false,false,false,false,true,false
RC0240800,dezhou-vocational-and-technical-college,德州职业技术学院,Dezhou Vocational And Technical College,山东,德州市,地方公办,综合,专科,20,,true,false,false,false,false,false,false
RC0240900,zaozhuang-vocational-college-of-science-and-technology,枣庄科技职业学院,Zaozhuang Vocational College Of Science And Technology,山东,枣庄市,地方公办,理工,专科,20,,true,false,false,false,false,false,false
RC0241000,zibo-normal-college,淄博师范高等专科学校,Zibo Normal College,山东,淄博市,地方公办,师范,专科,20,,true,false,false,false,false,false,false
RC0241100,shandong-college-of-traditional-chinese-medicine,山东中医药高等专科学校,Shandong College Of Traditional Chinese Medicine,山东,烟台市,地方公办,医药,专科,20,,true,false,false,false,false,false,false
RC0241200,jinan-engineering-vocational-technical-college,济南工程职业技术学院,Jinan Engineering Vocational Technical College,山东,济南市,地方公办,理工,专科,20,,true,false,false,false,false,false,false
RC0241300,shandong-college-of-electronic-technology,山东电子职业技术学院,Shandong College Of Electronic Technology,山东,济南市,地方公办,理工,专科,20,,true,false,false,false,false,false,false
RC0241400,shandong-college-of-tourism-and-hospitality,山东旅游职业学院,Shandong College Of Tourism And Hospitality,山东,济南市,地方公办,财经,专科,20,,true,false,false,false,false,false,false
RC0241500,shandong-aluminum-vocational-college,山东铝业职业学院,Shandong Aluminum Vocational College,山东,淄博市,地方公办,理工,专科,20,,true,false,false,false,false,false,false
RC0241700,taishan-polytechnic,泰山职业技术学院,Taishan Polytechnic,山东,泰安市,地方公办,综合,专科,20,,true,false,false,false,false,false,false
RC0241800,shandong-drug-and-food-vocational-college,山东药品食品职业学院,Shandong Drug And Food Vocational College,山东,威海市,地方公办,医药,专科,20,,true,false,false,false,false,false,false
RC0241900,shandong-business-institute,山东商务职业学院,Shandong Business Institute,山东,烟台市,地方公办,综合,专科,20,,true,false,false,false,false,false,false
RC0242000,shandong-vocational-college-of-light-industry,山东轻工职业学院,Shandong Vocational College Of Light Industry,山东,淄博市,地方公办,理工,专科,20,,true,false,false,false,false,false,false
RC0242100,shandong-urban-construction-vocational-college,山东城市建设职业学院,Shandong Urban Construction Vocational College,山东,济南市,地方公办,理工,专科,20,,true,false,false,false,false,false,false
RC0242200,yantai-automobile-engineering-professional-college,烟台汽车工程职业学院,Yantai Automobile Engineering Professional College,山东,烟台市,地方公办,理工,专科,20,,true,false,false,false,false,false,false
RC0242300,shandong-judicial-police-vocational-college,山东司法警官职业学院,Shandong Judicial Police Vocational College,山东,济南市,地方公办,政法,专科,20,,true,false,false,false,false,false,false
RC0242400,heze-jia-zheng-vocational-college,菏泽家政职业学院,Heze Jia Zheng Vocational College,山东,菏泽市,地方公办,综合,专科,20,,true,false,false,false,false,false,false
RC0242500,shandong-communication-media-college,山东传媒职业学院,Shandong Communication & Media College,山东,济南市,地方公办,文艺,专科,20,,true,false,false,false,false,false,false
RC0242600,linyi-vocational-college,临沂职业学院,Linyi Vocational College,山东,临沂市,地方公办,综合,专科,20,,true,false,false,false,false,false,false
RC0242700,zaozhuang-vocational-college,枣庄职业学院,Zaozhuang Vocational College,山东,枣庄市,地方公办,理工,专科,20,,true,false,false,false,false,false,false
RC0242800,shandong-polytechnic-college,山东理工职业学院,Shandong Polytechnic College,山东,济宁市,地方公办,综合,专科,20,,true,false,false,false,false,false,false
RC0242900,shandong-cultural-industry-vocational-college,山东文化产业职业学院,Shandong Cultural Industry Vocational College,山东,青岛市,民办高校,综合,专科,20,,true,false,false,false,false,true,false
RC0243000,qingdao-ocean-shipping-mariners-college,青岛远洋船员职业学院,Qingdao Ocean Shipping Mariners College,山东,青岛市,地方公办,理工,专科,20,,true,false,false,false,false,false,false
RC0243100,jinan-preschool-education-college,济南幼儿师范高等专科学校,Jinan Preschool Education College,山东,济南市,地方公办,师范,专科,20,,true,false,false,false,false,false,false
RC0243200,jinan-vocational-college-of-nursing,济南护理职业学院,Jinan Vocational College Of Nursing,山东,济南市,地方公办,医药,专科,20,,true,false,false,false,false,false,false
RC0243300,taishan-vocational-college-of-nursing,泰山护理职业学院,Taishan Vocational College Of Nursing,山东,泰安市,地方公办,医药,专科,20,,true,false,false,false,false,false,false
RC0243400,shandong-maritime-vocation-college,山东海事职业学院,Shandong Maritime Vocation College,山东,潍坊市,民办高校,理工,专科,20,,true,false,false,false,false,true,false
RC0243500,weifang-nursing-vocational-college,潍坊护理职业学院,Weifang Nursing Vocational College,山东,潍坊市,地方公办,医药,专科,20,,true,false,false,false,false,false,false
RC0243600,weifang-engineering-vocational-college,潍坊工程职业学院,Weifang Engineering Vocational College,山东,潍坊市,地方公办,理工,专科,20,,true,false,false,false,false,false,false
RC0243700,heze-vocational-college,菏泽职业学院,Heze Vocational College,山东,菏泽市,地方公办,综合,专科,20,,true,false,false,false,false,false,false
RC0243800,shandong-vocational-college-of-art-and-design,山东艺术设计职业学院,Shandong Vocational College Of Art And Design,山东,济南市,民办高校,文艺,专科,20,,true,false,false,false,false,true,false
RC0243900,weihai-ocean-vocational-college,威海海洋职业学院,Weihai Ocean Vocational College,山东,威海市,地方公办,农林,专科,20,,true,false,false,false,false,false,false
RC0244000,shandong-vocational-college-of-special-education,山东特殊教育职业学院,Shandong Vocational College Of Special Education,山东,济南市,地方公办,师范,专科,20,,true,false,false,false,false,false,false
RC0244100,yantai-gold-college,烟台黄金职业学院,Yantai Gold College,山东,烟台市,民办高校,理工,专科,20,,true,false,false,false,false,true,false
RC0244200,rizhao-marine-engineering-vocational-college,日照航海工程职业学院,Rizhao Marine Engineering Vocational College,山东,日照市,民办高校,理工,专科,20,,true,false,false,false,false,true,false
RC0244300,qingdao-engineering-vocational-college,青岛工程职业学院,Qingdao Engineering Vocational College,山东,青岛市,地方公办,理工,专科,20,,true,false,false,false,false,false,false
RC0244400,qingdao-preschool-education-college,青岛幼儿师范高等专科学校,Qingdao Preschool Education College,山东,青岛市,地方公办,师范,专科,20,,true,false,false,false,false,false,false
RC0244500,yantai-preschool-education-college,烟台幼儿师范高等专科学校,Yantai Preschool Education College,山东,烟台市,地方公办,师范,专科,20,,true,false,false,false,false,false,false
RC0244600,yantai-vocational-college-of-culture-and-tourism,烟台文化旅游职业学院,Yantai Vocational College Of Culture And Tourism,山东,烟台市,地方公办,综合,专科,20,,true,false,false,false,false,false,false
RC0244700,linyi-vocational-university-of-science-and-technology,临沂科技职业学院,Linyi Vocational University Of Science And Technology,山东,临沂市,地方公办,综合,专科,20,,true,false,false,false,false,false,false
RC0244800,qingdao-vocational-college-of-aeronautical-science-and-technology,青岛航空科技职业学院,Qingdao Vocational College Of Aeronautical Science And Technology,山东,青岛市,民办高校,理工,专科,20,,true,false,false,false,false,true,false
RC0244900,weifang-environmental-engineering-vocational-college,潍坊环境工程职业学院,Weifang Environmental Engineering Vocational College,山东,潍坊市,民办高校,理工,专科,20,,true,false,false,false,false,true,false
RC0245000,binzhou-college-of-science-and-technology,滨州科技职业学院,Binzhou College Of Science and Technology,山东,滨州市,民办高校,理工,专科,20,,true,false,false,false,false,true,false
RC0245100,henan-vocational-technical-college,河南职业技术学院,Henan Vocational & Technical College,河南,郑州市,地方公办,理工,专科,20,,true,false,false,false,false,false,false
RC0245200,luohe-vocational-technology-college,漯河职业技术学院,Luohe Vocational Technology College,河南,漯河市,地方公办,综合,专科,20,,true,false,false,false,false,false,false
RC0245300,sanmenxia-polytechnic,三门峡职业技术学院,Sanmenxia Polytechnic,河南,三门峡市,地方公办,理工,专科,20,,true,false,false,false,false,false,false
RC0245500,kaifeng-university,开封大学,Kaifeng University,河南,开封市,地方公办,综合,专科,20,,true,false,false,false,false,false,false
RC0245600,jiaozuo-university,焦作大学,Jiaozuo University,河南,焦作市,地方公办,理工,专科,20,,true,false,false,false,false,false,false
RC0245700,puyang-vocational-and-technical-college,濮阳职业技术学院,Puyang Vocational And Technical College,河南,濮阳市,地方公办,理工,专科,20,,true,false,false,false,false,false,false
RC0245800,zhengzhou-electric-power-college,郑州电力高等专科学校,Zhengzhou Electric Power College,河南,郑州市,地方公办,理工,专科,20,,true,false,false,false,false,false,false
RC0246000,xuchang-vocational-technical-college,许昌职业技术学院,Xuchang Vocational Technical College,河南,许昌市,地方公办,综合,专科,20,,true,false,false,false,false,false,false
RC0246100,henan-college-of-industry-information-technology,河南工业和信息化职业学院,Henan College Of Industry&Information Technology,河南,焦作市,地方公办,理工,专科,20,,true,false,false,false,false,false,false
RC0246200,henan-vocational-college-of-water-conservancy-and-environment,河南水利与环境职业学院,Henan Vocational College Of Water Conservancy And Environment,河南,郑州市,地方公办,理工,专科,20,,true,false,false,false,false,false,false
RC0246300,shangqiu-polytechnic,商丘职业技术学院,Shangqiu Polytechnic,河南,商丘市,地方公办,综合,专科,20,,true,false,false,false,false,false,false
RC0246400,pingdingshan-polytenchnic-college,平顶山工业职业技术学院,Pingdingshan Polytenchnic College,河南,平顶山市,地方公办,理工,专科,20,,true,false,false,false,false,false,false
RC0246500,zhoukou-vocational-and-technical-college,周口职业技术学院,Zhoukou Vocational And Technical College,河南,周口市,地方公办,理工,专科,20,,true,false,false,false,false,false,false
RC0246600,jiyuan-vocational-and-technical-college,济源职业技术学院,Jiyuan Vocational And Technical College,河南,济源市,地方公办,综合,专科,20,,true,false,false,false,false,false,false
RC0246700,henan-justice-police-vocational-college,河南司法警官职业学院,Henan Justice Police Vocational College,河南,郑州市,地方公办,政法,专科,20,,true,false,false,false,false,false,false
RC0246800,hebi-polytechnic,鹤壁职业技术学院,Hebi Polytechnic,河南,鹤壁市,地方公办,理工,专科,20,,true,false,false,false,false,false,false
RC0247100,jiaozuo-teachers-college,焦作师范高等专科学校,Jiaozuo Teachers College,河南,焦作市,地方公办,师范,专科,20,,true,false,false,false,false,false,false
RC0247200,the-college-of-henan-procuratorial-profession,河南检察职业学院,The College Of Henan Procuratorial Profession,河南,郑州市,地方公办,政法,专科,20,,true,false,false,false,false,false,false
RC0247300,henan-quality-polytechnic,河南质量工程职业学院,Henan Quality Polytechnic,河南,平顶山市,地方公办,理工,专科,20,,true,false,false,false,false,false,false
RC0247400,zhengzhou-vocational-university-of-information-and-technology,郑州信息科技职业学院,Zhengzhou Vocational University Of Information And Technology,河南,郑州市,地方公办,理工,专科,20,,true,false,false,false,false,false,false
RC0247500,luohe-medical-college,漯河医学高等专科学校,Luohe Medical College,河南,漯河市,地方公办,医药,专科,20,,true,false,false,false,false,false,false
RC0247600,nanyang-medical-college,南阳医学高等专科学校,Nanyang Medical College,河南,南阳市,地方公办,医药,专科,20,,true,false,false,false,false,false,false
RC0247700,shangqiu-medical-college,商丘医学高等专科学校,Shangqiu Medical College,河南,商丘市,地方公办,医药,专科,20,,true,false,false,false,false,false,false
RC0247800,zhengzhou-professional-technical-institute-of-electronic-information,郑州电子信息职业技术学院,Zhengzhou Professional Technical Institute Of Electronic & Information,河南,郑州市,民办高校,理工,专科,20,,true,false,false,false,false,true,false
RC0247900,xinyang-vocational-and-technical-college,信阳职业技术学院,Xinyang Vocational And Technical College,河南,信阳市,地方公办,综合,专科,20,,true,false,false,false,false,false,false
RC0248000,songshan-shaolin-wushu-college,嵩山少林武术职业学院,Songshan Shaolin Wushu College,河南,郑州市,民办高校,体育,专科,20,,true,false,false,false,false,true,false
RC0248100,zhengzhou-vocational-college-of-industrial-safety,郑州工业安全职业学院,Zhengzhou Vocational College Of Industrial Safety,河南,郑州市,地方公办,理工,专科,20,,true,false,false,false,false,false,false
RC0248200,yongcheng-vocational-college,永城职业学院,Yongcheng Vocational College,河南,商丘市,地方公办,综合,专科,20,,true,false,false,false,false,false,false
RC0248300,henan-institute-of-economics-and-trade,河南经贸职业学院,Henan Institute Of Economics And Trade,河南,郑州市,地方公办,财经,专科,20,,true,false,false,false,false,false,false
RC0248400,henan-college-of-transportation,河南交通职业技术学院,Henan College Of Transportation,河南,郑州市,地方公办,理工,专科,20,,true,false,false,false,false,false,false
RC0248500,henan-vocational-college-of-agriculture,河南农业职业学院,Henan Vocational College Of Agriculture,河南,郑州市,地方公办,农林,专科,20,,true,false,false,false,false,false,false
RC0248600,zhengzhou-tourism-college,郑州旅游职业学院,Zhengzhou Tourism College,河南,郑州市,地方公办,财经,专科,20,,true,false,false,false,false,false,false
RC0248700,zhengzhou-technical-college,郑州职业技术学院,Zhengzhou Technical College,河南,郑州市,地方公办,理工,专科,20,,true,false,false,false,false,false,false
RC0248800,henan-vocational-college-of-information-and-statistics,河南信息统计职业学院,Henan Vocational College Of Information And Statistics,河南,郑州市,地方公办,财经,专科,20,,true,false,false,false,false,false,false
RC0248900,henan-forestry-vocational-college,河南林业职业学院,Henan Forestry Vocational College,河南,洛阳市,地方公办,农林,专科,20,,true,false,false,false,false,false,false
RC0249000,henan-industry-and-trade-vocational-college,河南工业贸易职业学院,Henan Industry And Trade Vocational College,河南,郑州市,地方公办,财经,专科,20,,true,false,false,false,false,false,false
RC0249100,zhengzhou-electric-power-technology-college,郑州电力职业技术学院,Zhengzhou Electric Power Technology College,河南,郑州市,民办高校,理工,专科,20,,true,false,false,false,false,true,false
RC0249200,henan-technical-college-of-construction,河南建筑职业技术学院,Henan Technical College Of Construction,河南,郑州市,地方公办,理工,专科,20,,true,false,false,false,false,false,false
RC0249400,city-university-of-zhengzhou,郑州城市职业学院,City University of Zhengzhou,河南,郑州市,民办高校,综合,专科,20,,true,false,false,false,false,true,false
RC0249500,anyang-vocational-and-technical-college,安阳职业技术学院,Anyang Vocational and Technical College,河南,安阳市,地方公办,理工,专科,20,,true,false,false,false,false,false,false
RC0249600,xinxiang-vocational-and-technical-college,新乡职业技术学院,Xinxiang Vocational And Technical College,河南,新乡市,地方公办,理工,专科,20,,true,false,false,false,false,false,false
RC0249700,zhumadian-vocational-and-technical-college,驻马店职业技术学院,Zhumadian Vocational And Technical College,河南,驻马店市,地方公办,理工,专科,20,,true,false,false,false,false,false,false
RC0249800,jiaozuo-college-of-industry-and-trade,焦作工贸职业学院,Jiaozuo College of Industry and Trade,河南,焦作市,民办高校,理工,专科,20,,true,false,false,false,false,true,false
RC0249900,xuchang-vocational-college-of-ceramic,许昌陶瓷职业学院,Xuchang Vocational College Of Ceramic,河南,许昌市,民办高校,综合,专科,20,,true,false,false,false,false,true,false
RC0250000,zhengzhou-institute-of-technology-2,郑州理工职业学院,Zhengzhou Institute of Technology,河南,郑州市,民办高校,理工,专科,20,,true,false,false,false,false,true,false
RC0250100,zhengzhou-information-engineering-vocational-college,郑州信息工程职业学院,Zhengzhou Information Engineering Vocational College,河南,郑州市,民办高校,理工,专科,20,,true,false,false,false,false,true,false
RC0250200,changyuan-pengren-zhiye-jishu-xueyuan,长垣烹饪职业技术学院,Changyuan Pengren Zhiye Jishu Xueyuan,河南,新乡市,民办高校,理工,专科,20,,true,false,false,false,false,true,false
RC0250300,kaifeng-vocational-college-of-culture-and-arts,开封文化艺术职业学院,Kaifeng Vocational College Of Culture And Arts,河南,开封市,地方公办,文艺,专科,20,,true,false,false,false,false,false,false
RC0250400,henan-vocational-college-of-applied-technology,河南应用技术职业学院,Henan Vocational College Of Applied Technology,河南,郑州市,地方公办,理工,专科,20,,true,false,false,false,false,false,false
RC0250500,henan-vocational-institute-of-arts,河南艺术职业学院,Henan Vocational Institute Of Arts,河南,郑州市,地方公办,文艺,专科,20,,true,false,false,false,false,false,false
RC0250600,henan-mechanical-and-electrical-vocational-college,河南机电职业学院,Henan Mechanical And Electrical Vocational College,河南,郑州市,地方公办,理工,专科,20,,true,false,false,false,false,false,false
RC0250700,henan-vocational-college-of-nursing,河南护理职业学院,Henan Vocational College Of Nursing,河南,安阳市,地方公办,医药,专科,20,,true,false,false,false,false,false,false
RC0250800,xuchang-electric-vocational-college,许昌电气职业学院,Xuchang Electric Vocational College,河南,许昌市,地方公办,理工,专科,20,,true,false,false,false,false,false,false
RC0250900,xinyang-international-vocation-institute,信阳涉外职业技术学院,Xinyang International Vocation Institute,河南,信阳市,民办高校,综合,专科,20,,true,false,false,false,false,true,false
RC0251000,hebi-automobile-engineering-professional-college,鹤壁汽车工程职业学院,Hebi Automobile Engineering Professional College,河南,鹤壁市,民办高校,理工,专科,20,,true,false,false,false,false,true,false
RC0251100,nanyang-vocational-college,南阳职业学院,Nanyang Vocational College,河南,南阳市,民办高校,综合,专科,20,,true,false,false,false,false,true,false
RC0251200,zhengzhou-vocational-college-of-commerce-tourism,郑州商贸旅游职业学院,Zhengzhou Vocational College Of Commerce&Tourism,河南,郑州市,民办高校,综合,专科,20,,true,false,false,false,false,true,false
RC0251300,henan-vocational-college-of-tuina,河南推拿职业学院,Henan Vocational College Of Tuina,河南,洛阳市,地方公办,医药,专科,20,,true,false,false,false,false,false,false
RC0251400,luoyang-polytechnic,洛阳职业技术学院,Luoyang Polytechnic,河南,洛阳市,地方公办,综合,专科,20,,true,false,false,false,false,false,false
RC0251500,zhengzhou-preschool-education-college,郑州幼儿师范高等专科学校,Zhengzhou Preschool Education College,河南,郑州市,地方公办,师范,专科,20,,true,false,false,false,false,false,false
RC0251600,anyang-preschool-education-college,安阳幼儿师范高等专科学校,Anyang Preschool Education College,河南,安阳市,地方公办,师范,专科,20,,true,false,false,false,false,false,false
RC0251700,zhengzhou-yellow-river-nursing-vocational-college,郑州黄河护理职业学院,Zhengzhou Yellow River Nursing Vocational College,河南,郑州市,民办高校,医药,专科,20,,true,false,false,false,false,true,false
RC0251800,henan-medical-college,河南医学高等专科学校,Henan Medical College,河南,郑州市,地方公办,医药,专科,20,,true,false,false,false,false,false,false
RC0251900,zhengzhou-vocational-college-of-finance-and-taxation,郑州财税金融职业学院,Zhengzhou Vocational College Of Finance And Taxation,河南,郑州市,地方公办,财经,专科,20,,true,false,false,false,false,false,false
RC0252000,nanyang-vocational-college-of-agriculture,南阳农业职业学院,Nanyang Vocational College Of Agriculture,河南,南阳市,地方公办,农林,专科,20,,true,false,false,false,false,false,false
RC0252100,luoyang-vocational-college-of-science-and-technology,洛阳科技职业学院,Luoyang Vocational College Of Science And Technology,河南,洛阳市,民办高校,理工,专科,20,,true,false,false,false,false,true,false
RC0252200,hebi-vocational-college-of-energy-and-chemistry,鹤壁能源化工职业学院,Hebi Vocational College Of Energy And Chemistry,河南,鹤壁市,地方公办,理工,专科,20,,true,false,false,false,false,false,false
RC0252300,ping-ding-shan-wen-hua-yi-shu-zhi-ye-xue-yuan,平顶山文化艺术职业学院,Pingdingshan Vocational College of Culture&Arts,河南,平顶山市,民办高校,文艺,专科,20,,true,false,false,false,false,true,false
RC0252400,puyang-medicai-college,濮阳医学高等专科学校,Puyang Medicai College,河南,濮阳市,地方公办,医药,专科,20,,true,false,false,false,false,false,false
RC0252500,zhumadian-preschool-education-college,驻马店幼儿师范高等专科学校,Zhumadian Preschool Education College,河南,驻马店市,地方公办,师范,专科,20,,true,false,false,false,false,false,false
RC0252600,sanmenxia-vocational-college-of-social-management,三门峡社会管理职业学院,Sanmenxia Vocational College Of Social Management,河南,三门峡市,地方公办,财经,专科,20,,true,false,false,false,false,false,false
RC0252700,henan-light-industry-vocational-college,河南轻工职业学院,Henan Light Industry Vocational College,河南,郑州市,地方公办,理工,专科,20,,true,false,false,false,false,false,false
RC0252800,henan-college-of-surveying-and-mapping,河南测绘职业学院,Henan College Of Surveying And Mapping,河南,郑州市,地方公办,理工,专科,20,,true,false,false,false,false,false,false
RC0252900,xinyang-aviation-vocational-college,信阳航空职业学院,Xinyang Aviation Vocational College,河南,信阳市,民办高校,综合,专科,20,,true,false,false,false,false,true,false
RC0253000,zhengzhou-health-vocational-college,郑州卫生健康职业学院,Zhengzhou Health Vocational College,河南,郑州市,地方公办,医药,专科,20,,true,false,false,false,false,false,false
RC0253100,henan-logistics-vocational-college,河南物流职业学院,Henan Logistics Vocational College,河南,新乡市,地方公办,理工,专科,20,,true,false,false,false,false,false,false
RC0253200,henan-geology-mineral-college,河南地矿职业学院,Henan Geology Mineral College,河南,郑州市,地方公办,理工,专科,20,,true,false,false,false,false,false,false
RC0253300,zheng-zhou-ya-ou-jiao-tong-zhi-ye-xue-yuan,郑州亚欧交通职业学院,Zhengzhou Asia-Europe Vocational College of Transportation,河南,郑州市,中外合作,理工,专科,20,,true,false,false,false,true,false,false
RC0253400,henan-womens-vocational-college,河南女子职业学院,Henan Women's Vocational College,河南,新乡市,地方公办,综合,专科,20,,true,false,false,false,false,false,false
RC0253500,henan-institute-of-foreign-economic-relations-and-trade,河南对外经济贸易职业学院,Henan Institute Of Foreign Economic Relations And Trade,河南,开封市,地方公办,综合,专科,20,,true,false,false,false,false,false,false
RC0253600,puyang-petrochemical-vocational-and-technical-college,濮阳石油化工职业技术学院,Puyang Petrochemical Vocational And Technical College,河南,濮阳市,地方公办,理工,专科,20,,true,false,false,false,false,false,false
RC0253700,nanyang-vocational-college-of-science-and-technology,南阳科技职业学院,Nanyang Vocational College Of Science And Technology,河南,南阳市,地方公办,理工,专科,20,,true,false,false,false,false,false,false
RC0253800,lankao-vocational-college-of-san-nong,兰考三农职业学院,Lankao Vocational College Of San Nong,河南,开封市,地方公办,综合,专科,20,,true,false,false,false,false,false,false
RC0253900,ruzhou-vocational-and-technical-college,汝州职业技术学院,Ruzhou Vocational And Technical College,河南,平顶山市,地方公办,综合,专科,20,,true,false,false,false,false,false,false
RC0254000,linzhou-college-of-architectural-technology,林州建筑职业技术学院,Linzhou College Of Architectural Technology,河南,安阳市,民办高校,理工,专科,20,,true,false,false,false,false,true,false
RC0254100,zhengzhou-e-commerce-vocational-college,郑州电子商务职业学院,Zhengzhou E- Commerce Vocational College,河南,郑州市,民办高校,综合,专科,20,,true,false,false,false,false,true,false
RC0254200,zhengzhou-university-of-railway-engineering,郑州轨道工程职业学院,Zhengzhou University Of Railway Engineering,河南,郑州市,民办高校,理工,专科,20,,true,false,false,false,false,true,false
RC0254300,zhengzhou-physical-education-vocational-college,郑州体育职业学院,Zhengzhou Physical Education Vocational College,河南,郑州市,民办高校,体育,专科,20,,true,false,false,false,false,true,false
RC0254400,luoyang-vocational-college-of-culture-and-tourism,洛阳文化旅游职业学院,Luoyang Vocational College Of Culture And Tourism,河南,洛阳市,地方公办,综合,专科,20,,true,false,false,false,false,false,false
RC0254500,zhoukou-vocational-college-of-arts-and-science,周口文理职业学院,Zhoukou Vocational College Of Arts And Science,河南,周口市,地方公办,综合,专科,20,,true,false,false,false,false,false,false
RC0254600,xinyang-vocational-college-of-art,信阳艺术职业学院,Xinyang Vocational College Of Art,河南,信阳市,地方公办,文艺,专科,20,,true,false,false,false,false,false,false
RC0254700,zhengzhou-urban-construction-vocational-college,郑州城建职业学院,Zhengzhou Urban Construction Vocational College,河南,郑州市,民办高校,理工,专科,20,,true,false,false,false,false,true,false
RC0254800,zhengzhou-medicine-college,郑州医药健康职业学院,Zhengzhou Medicine College,河南,郑州市,民办高校,医药,专科,20,,true,false,false,false,false,true,false
RC0254900,pingdingshan-vocational-and-technical-college,平顶山职业技术学院,Pingdingshan Vocational And Technical College,河南,平顶山市,地方公办,综合,专科,20,,true,false,false,false,false,false,false
RC0255200,changjiang-polytechnic,长江职业学院,Changjiang Polytechnic,湖北,武汉市,地方公办,理工,专科,20,,true,false,false,false,false,false,false
RC0255300,jingzhou-vocational-college-of-technology,荆州理工职业学院,Jingzhou Vocational College Of Technology,湖北,荆州市,地方公办,理工,专科,20,,true,false,false,false,false,false,false
RC0255400,hubei-industrial-polytechnic,湖北工业职业技术学院,Hubei Industrial Polytechnic,湖北,十堰市,地方公办,理工,专科,20,,true,false,false,false,false,false,false
RC0255500,ezhou-polytechnic,鄂州职业大学,Ezhou Vocational University,湖北,鄂州市,地方公办,综合,专科,20,,true,false,false,false,false,false,false
RC0255600,wuhan-city-polytechnic,武汉城市职业学院,Wuhan City Polytechnic,湖北,武汉市,地方公办,综合,专科,20,,true,false,false,false,false,false,false
RC0255700,hubei-polytechnic-institute,湖北职业技术学院,Hubei Polytechnic Institute,湖北,孝感市,地方公办,综合,专科,20,,true,false,false,false,false,false,false
RC0255800,wuhan-institute-of-shipbuilding-technology,武汉船舶职业技术学院,Wuhan Institute Of Shipbuilding Technology,湖北,武汉市,地方公办,理工,专科,20,,true,false,false,false,false,false,false
RC0255900,enshi-polytechnic,恩施职业技术学院,Enshi Polytechnic,湖北,恩施土家族苗族自治州,地方公办,综合,专科,20,,true,false,false,false,false,false,false
RC0256100,wuhan-vocational-college-of-industry-and-trade,武汉工贸职业学院,Wuhan Vocational College Of Industry And Trade,湖北,武汉市,民办高校,理工,专科,20,,true,false,false,false,false,true,false
RC0256200,jingzhou-institute-of-technology,荆州职业技术学院,Jingzhou Institute Of Technology,湖北,荆州市,地方公办,理工,专科,20,,true,false,false,false,false,false,false
RC0256300,wuhan-engineering-institute,武汉工程职业技术学院,Wuhan Engineering Institute,湖北,武汉市,地方公办,理工,专科,20,,true,false,false,false,false,false,false
RC0256400,xiantao-vocational-college,仙桃职业学院,Xiantao Vocational College,湖北,仙桃市,地方公办,理工,专科,20,,true,false,false,false,false,false,false
RC0256500,hubei-light-industry-technology-institute,湖北轻工职业技术学院,Hubei Light Industry Technology Institute,湖北,武汉市,地方公办,理工,专科,20,,true,false,false,false,false,false,false
RC0256600,hubei-communications-technical-college,湖北交通职业技术学院,Hubei Communications Technical College,湖北,武汉市,地方公办,理工,专科,20,,true,false,false,false,false,false,false
RC0256700,hubei-college-of-chinese-medicine,湖北中医药高等专科学校,Hubei College Of Chinese Medicine,湖北,荆州市,地方公办,医药,专科,20,,true,false,false,false,false,false,false
RC0256800,wuhan-marine-college,武汉航海职业技术学院,Wuhan Marine College,湖北,武汉市,地方公办,理工,专科,20,,true,false,false,false,false,false,false
RC0256900,wuhan-railway-vocational-college-of-technology,武汉铁路职业技术学院,Wuhan Railway Vocational College Of Technology,湖北,武汉市,地方公办,理工,专科,20,,true,false,false,false,false,false,false
RC0257000,wuhan-vocational-college-of-software-and-engineering,武汉软件工程职业学院,Wuhan Vocational College Of Software And Engineering,湖北,武汉市,地方公办,理工,专科,20,,true,false,false,false,false,false,false
RC0257200,suizhou-vocational-technical-college,随州职业技术学院,Suizhou Vocational & Technical College,湖北,随州市,地方公办,综合,专科,20,,true,false,false,false,false,false,false
RC0257300,wuhan-electric-power-technical-college,武汉电力职业技术学院,Wuhan Electric Power Technical College,湖北,武汉市,地方公办,理工,专科,20,,true,false,false,false,false,false,false
RC0257400,hubei-water-resource-technical-college,湖北水利水电职业技术学院,Hubei Water Resource Technical College,湖北,武汉市,地方公办,理工,专科,20,,true,false,false,false,false,false,false
RC0257500,hubei-urban-construction-vocational-and-technological-college,湖北城市建设职业技术学院,Hubei Urban Construction Vocational And Technological College,湖北,武汉市,地方公办,理工,专科,20,,true,false,false,false,false,false,false
RC0257600,wuhan-police-vocational-college,武汉警官职业学院,Wuhan Police Vocational College,湖北,武汉市,地方公办,政法,专科,20,,true,false,false,false,false,false,false
RC0257700,hubei-vocational-college-of-bio-technology,湖北生物科技职业学院,Hubei Vocational College Of Bio-Technology,湖北,武汉市,地方公办,理工,专科,20,,true,false,false,false,false,false,false
RC0257800,hubei-open-university,湖北开放职业学院,Hubei Open Vocational University,湖北,武汉市,民办高校,综合,专科,20,,true,false,false,false,false,true,false
RC0257900,wuhan-vocational-college-of-science-and-technology,武汉科技职业学院,Wuhan Vocational College Of Science And Technology,湖北,武汉市,民办高校,理工,专科,20,,true,false,false,false,false,true,false
RC0258000,wuhan-college-of-foreign-languages-and-foreign-affairs,武汉外语外事职业学院,Wuhan College Of Foreign Languages And Foreign Affairs,湖北,武汉市,民办高校,综合,专科,20,,true,false,false,false,false,true,false
RC0258100,wuhan-vocational-college-communications-and-publishing,武汉信息传播职业技术学院,Wuhan Vocational College Communications And Publishing,湖北,武汉市,民办高校,理工,专科,20,,true,false,false,false,false,true,false
RC0258200,wuchang-polytechnic-college,武昌职业学院,Wuchang Polytechnic College,湖北,武汉市,民办高校,理工,专科,20,,true,false,false,false,false,true,false
RC0258300,wuhan-international-trade-university,武汉商贸职业学院,Wuhan International Trade University,湖北,武汉市,民办高校,财经,专科,20,,true,false,false,false,false,true,false
RC0258400,hubei-college-of-the-art,湖北艺术职业学院,Hubei College Of The Art,湖北,武汉市,地方公办,文艺,专科,20,,true,false,false,false,false,false,false
RC0258500,wuhan-technical-college-of-communications,武汉交通职业学院,Wuhan Technical College Of Communications,湖北,武汉市,地方公办,理工,专科,20,,true,false,false,false,false,false,false
RC0258600,xianning-vocational-technical-college,咸宁职业技术学院,Xianning Vocational Technical College,湖北,咸宁市,地方公办,综合,专科,20,,true,false,false,false,false,false,false
RC0258700,changjiang-institute-of-technology,长江工程职业技术学院,Changjiang Institute Of Technology,湖北,武汉市,地方公办,理工,专科,20,,true,false,false,false,false,false,false
RC0258800,jianghan-art-vocational-college,江汉艺术职业学院,Jianghan Art Vocational College,湖北,潜江市,地方公办,文艺,专科,20,,true,false,false,false,false,false,false
RC0258900,wuhan-social-work-polytechnic,武汉民政职业学院,Wuhan Social Work Polytechnic,湖北,武汉市,地方公办,综合,专科,20,,true,false,false,false,false,false,false
RC0259000,hubei-polytechnic-of-emergency-management,湖北黄冈应急管理职业技术学院,Hubei Polytechnic Of Emergency Management,湖北,黄冈市,地方公办,理工,专科,20,,true,false,false,false,false,false,false
RC0259100,hubei-finace-taxation-college,湖北财税职业学院,Hubei Finace & Taxation College,湖北,武汉市,地方公办,财经,专科,20,,true,false,false,false,false,false,false
RC0259200,huanggang-college-of-science-and-technology,黄冈科技职业学院,Huanggang College Of Science And Technology,湖北,黄冈市,民办高校,理工,专科,20,,true,false,false,false,false,true,false
RC0259300,hubei-land-resources-vocational-college,湖北国土资源职业学院,Hubei Land Resources Vocational College,湖北,武汉市,地方公办,理工,专科,20,,true,false,false,false,false,false,false
RC0259400,hubei-ecology-polytechnic-college,湖北生态工程职业技术学院,Hubei Ecology Polytechnic College,湖北,武汉市,地方公办,农林,专科,20,,true,false,false,false,false,false,false
RC0259500,three-gorges-vocational-college-of-electric-power,三峡电力职业学院,Three Gorges Vocational College Of Electric Power,湖北,宜昌市,地方公办,理工,专科,20,,true,false,false,false,false,false,false
RC0259600,hubei-science-and-technology-college,湖北科技职业学院,Hubei Science And Technology College,湖北,武汉市,地方公办,理工,专科,20,,true,false,false,false,false,false,false
RC0259800,hubei-engineering-institute,湖北工程职业学院,Hubei Engineering Institute,湖北,黄石市,地方公办,理工,专科,20,,true,false,false,false,false,false,false
RC0259900,three-gorges-tourism-polytechnic-college,三峡旅游职业技术学院,Three Gorges Tourism Polytechnic College,湖北,宜昌市,地方公办,财经,专科,20,,true,false,false,false,false,false,false
RC0260000,tianmen-vocational-college,天门职业学院,Tianmen Vocational College,湖北,天门市,地方公办,综合,专科,20,,true,false,false,false,false,false,false
RC0260100,hubei-sports-vocational-college,湖北体育职业学院,Hubei Sports Vocational College,湖北,武汉市,地方公办,体育,专科,20,,true,false,false,false,false,false,false
RC0260200,xiangyang-auto-vocational-technical-college,襄阳汽车职业技术学院,Xiangyang Auto Vocational Technical College,湖北,襄阳市,地方公办,理工,专科,20,,true,false,false,false,false,false,false
RC0260300,hubei-preschool-teachers-college,湖北幼儿师范高等专科学校,Hubei Preschool Teachers College,湖北,武汉市,地方公办,师范,专科,20,,true,false,false,false,false,false,false
RC0260400,hubei-vocational-college-of-railway-transportation,湖北铁道运输职业学院,Hubei Vocational College Of Railway Transportation,湖北,武汉市,地方公办,理工,专科,20,,true,false,false,false,false,false,false
RC0260500,wuhan-maritime-vocational-college,武汉海事职业学院,Wuhan Maritime Vocational College,湖北,武汉市,地方公办,综合,专科,20,,true,false,false,false,false,false,false
RC0260600,changjiang-polytechnic-of-art-and-engineering,长江艺术工程职业学院,Changjiang Polytechnic of Art And Engineering,湖北,荆州市,民办高校,文艺,专科,20,,true,false,false,false,false,true,false
RC0260700,jingmen-vocational-college,荆门职业学院,Jingmen Vocational College,湖北,荆门市,地方公办,综合,专科,20,,true,false,false,false,false,false,false
RC0260800,wuhan-railway-bridge-vocational-college,武汉铁路桥梁职业学院,Wuhan Railway Bridge Vocational College,湖北,武汉市,地方公办,理工,专科,20,,true,false,false,false,false,false,false
RC0260900,wuhan-guanggu-vocational-college,武汉光谷职业学院,Wuhan Guanggu Vocational College,湖北,武汉市,民办高校,综合,专科,20,,true,false,false,false,false,true,false
RC0261000,hubei-health-vocational-college,湖北健康职业学院,Hubei Health Vocational College,湖北,咸宁市,民办高校,医药,专科,20,,true,false,false,false,false,true,false
RC0261100,meiga-polytechnic-institute-of-hubei,湖北孝感美珈职业学院,Meiga Polytechnic Institute Of Hubei,湖北,孝感市,民办高校,理工,专科,20,,true,false,false,false,false,true,false
RC0261200,xiangzhong-normal-college-for-preschool-education,湘中幼儿师范高等专科学校,Xiangzhong Normal College For Preschool Education,湖南,邵阳市,地方公办,师范,专科,20,,true,false,false,false,false,false,false
RC0261300,changsha-social-work-college,长沙民政职业技术学院,Changsha Social Work College,湖南,长沙市,地方公办,综合,专科,20,,true,false,false,false,false,false,false
RC0261400,hunan-industry-polytechnic,湖南工业职业技术学院,Hunan Industry Polytechnic,湖南,长沙市,地方公办,理工,专科,20,,true,false,false,false,false,false,false
RC0261500,zhuzhou-teachers-college,株洲师范高等专科学校,Zhuzhou Teachers College,湖南,株洲市,地方公办,师范,专科,20,,true,false,false,false,false,false,false
RC0261600,hunan-college-of-information,湖南信息职业技术学院,Hunan College Of Information,湖南,长沙市,地方公办,理工,专科,20,,true,false,false,false,false,false,false
RC0261700,hu-nan-shui-wu-gao-deng-zhuan-ke-xue-xiao,湖南税务高等专科学校,Tax Academy of STA (CHANGSHA),湖南,长沙市,地方公办,,专科,20,,true,false,false,false,false,false,false
RC0261900,changsha-aeronautical-vocational-and-technical-college,长沙航空职业技术学院,Changsha Aeronautical Vocational and Technical College,湖南,长沙市,军事院校,理工,专科,20,,true,false,false,false,false,false,false
RC0262000,hunan-mass-media-vocational-and-technical-college,湖南大众传媒职业技术学院,Hunan Mass Media Vocational And Technical College,湖南,长沙市,地方公办,文艺,专科,20,,true,false,false,false,false,false,false
RC0262100,yongzhou-vocational-technical-college,永州职业技术学院,Yongzhou Vocational Technical College,湖南,永州市,地方公办,综合,专科,20,,true,false,false,false,false,false,false
RC0262200,hunan-railway-professional-technology-college,湖南铁道职业技术学院,Hunan Railway Professional Technology College,湖南,株洲市,地方公办,理工,专科,20,,true,false,false,false,false,false,false
RC0262300,hunan-vocational-college-of-technology,湖南科技职业学院,Hunan Vocational College Of Technology,湖南,长沙市,地方公办,综合,专科,20,,true,false,false,false,false,false,false
RC0262400,hunan-biological-electromechanical-vocational-technical-college,湖南生物机电职业技术学院,Hunan Biological Electromechanical Vocational Technical College,湖南,长沙市,地方公办,农林,专科,20,,true,false,false,false,false,false,false
RC0262500,hunan-communication-engineering-polytechnic,湖南交通职业技术学院,Hunan Communication Engineering Polytechnic,湖南,长沙市,地方公办,理工,专科,20,,true,false,false,false,false,false,false
RC0262600,hunan-vocational-college-of-commerce,湖南商务职业技术学院,Hunan Vocational College Of Commerce,湖南,长沙市,地方公办,财经,专科,20,,true,false,false,false,false,false,false
RC0262700,hunan-sports-vocational-college,湖南体育职业学院,Hunan Sports Vocational College,湖南,长沙市,地方公办,体育,专科,20,,true,false,false,false,false,false,false
RC0262800,hunan-vocational-college-of-engineering,湖南工程职业技术学院,Hunan Vocational College Of Engineering,湖南,长沙市,地方公办,理工,专科,20,,true,false,false,false,false,false,false
RC0262900,insurance-professional-college,保险职业学院,Insurance Professional College,湖南,长沙市,地方公办,财经,专科,20,,true,false,false,false,false,false,false
RC0263000,hunan-international-business-vocational-college,湖南外贸职业学院,Hunan International Business Vocational College,湖南,长沙市,地方公办,财经,专科,20,,true,false,false,false,false,false,false
RC0263100,hunan-network-engineering-vocational-college,湖南网络工程职业学院,Hunan Network Engineering Vocational College,湖南,长沙市,地方公办,综合,专科,20,,true,false,false,false,false,false,false
RC0263200,shaoyang-polytechnic,邵阳职业技术学院,Shaoyang Polytechnic,湖南,邵阳市,地方公办,综合,专科,20,,true,false,false,false,false,false,false
RC0263300,hunan-judicial-police-vocational-college,湖南司法警官职业学院,Hunan Judicial Police Vocational College,湖南,长沙市,地方公办,政法,专科,20,,true,false,false,false,false,false,false
RC0263400,changsha-commerce-tourism-college,长沙商贸旅游职业技术学院,Changsha Commerce＆Tourism College,湖南,长沙市,地方公办,财经,专科,20,,true,false,false,false,false,false,false
RC0263500,hunan-university-of-environment-and-biology,湖南环境生物职业技术学院,Hunan University Of Environment And Biology,湖南,衡阳市,地方公办,农林,专科,20,,true,false,false,false,false,false,false
RC0263600,hunan-post-and-telecommunication-college,湖南邮电职业技术学院,Hunan Post And Telecommunication College,湖南,长沙市,地方公办,理工,专科,20,,true,false,false,false,false,false,false
RC0263700,xiangtan-medicine-health-vocational-college,湘潭医卫职业技术学院,Xiangtan Medicine&Health Vocational College,湖南,湘潭市,地方公办,医药,专科,20,,true,false,false,false,false,false,false
RC0263800,chenzhou-vocational-technical-college,郴州职业技术学院,Chenzhou Vocational Technical College,湖南,郴州市,地方公办,综合,专科,20,,true,false,false,false,false,false,false
RC0263900,loudi-vocational-and-technical-college,娄底职业技术学院,Loudi Vocational And Technical College,湖南,娄底市,地方公办,综合,专科,20,,true,false,false,false,false,false,false
RC0264000,zhangjiajie-institute-of-aeronautical-engineering,张家界航空工业职业技术学院,Zhangjiajie Institute of Aeronautical Engineering,湖南,张家界市,地方公办,理工,专科,20,,true,false,false,false,false,false,false
RC0264100,changsha-environmental-protection-college,长沙环境保护职业技术学院,Changsha Environmental Protection College,湖南,长沙市,地方公办,理工,专科,20,,true,false,false,false,false,false,false
RC0264200,hunan-vocational-college-of-art,湖南艺术职业学院,Hunan Vocational College Of Art,湖南,长沙市,地方公办,文艺,专科,20,,true,false,false,false,false,false,false
RC0264300,hunan-mechanical-electrical-polytechnic,湖南机电职业技术学院,Hunan Mechanical Electrical Polytechnic,湖南,长沙市,地方公办,理工,专科,20,,true,false,false,false,false,false,false
RC0264400,changsha-vocational-technical-college,长沙职业技术学院,Changsha Vocational & Technical College,湖南,长沙市,地方公办,综合,专科,20,,true,false,false,false,false,false,false
RC0264500,huaihua-polytechnic-college,怀化职业技术学院,Huaihua Polytechnic College,湖南,怀化市,地方公办,综合,专科,20,,true,false,false,false,false,false,false
RC0264600,yueyang-vocational-technical-college,岳阳职业技术学院,Yueyang Vocational Technical College,湖南,岳阳市,地方公办,综合,专科,20,,true,false,false,false,false,false,false
RC0264700,changde-vocational-technical-college,常德职业技术学院,Changde Vocational Technical College,湖南,常德市,地方公办,综合,专科,20,,true,false,false,false,false,false,false
RC0264800,changsha-nanfang-professional-college,长沙南方职业学院,Changsha Nanfang Professional College,湖南,长沙市,民办高校,综合,专科,20,,true,false,false,false,false,true,false
RC0264900,loudi-xiaoxiang-vocational-college,潇湘职业学院,Loudi Xiaoxiang Vocational College,湖南,娄底市,民办高校,综合,专科,20,,true,false,false,false,false,true,false
RC0265100,hunan-urban-construction-college,湖南城建职业技术学院,Hunan Urban Construction College,湖南,湘潭市,地方公办,理工,专科,20,,true,false,false,false,false,false,false
RC0265200,hunan-petrochemical-vocational-and-technical-college,湖南石油化工职业技术学院,Hunan Petrochemical Vocational And Technical College,湖南,岳阳市,地方公办,理工,专科,20,,true,false,false,false,false,false,false
RC0265300,hunan-traditional-chinese-medical-college,湖南中医药高等专科学校,Hunan Traditional Chinese Medical College,湖南,株洲市,地方公办,医药,专科,20,,true,false,false,false,false,false,false
RC0265400,hunan-vocational-college-for-nationalities,湖南民族职业学院,Hunan Vocational College For Nationalities,湖南,岳阳市,地方公办,师范,专科,20,,true,false,false,false,false,false,false
RC0265500,xiangxi-vocational-and-technical-college-for-nationalities,湘西民族职业技术学院,Xiangxi Vocational And Technical College For Nationalities,湖南,湘西土家族苗族自治州,地方公办,师范,专科,20,,true,false,false,false,false,false,false
RC0265600,hunan-financial-industrial-vocational-technical-college,湖南财经工业职业技术学院,Hunan Financial & Industrial Vocational-Technical College,湖南,衡阳市,地方公办,财经,专科,20,,true,false,false,false,false,false,false
RC0265700,yiyang-vocational-technical-college,益阳职业技术学院,Yiyang Vocational & Technical College,湖南,益阳市,地方公办,综合,专科,20,,true,false,false,false,false,false,false
RC0265900,hunan-jiuyi-technical-college,湖南九嶷职业技术学院,Hunan Jiuyi Technical College,湖南,永州市,地方公办,理工,专科,20,,true,false,false,false,false,false,false
RC0266000,hunan-vocational-institute-of-technicalogy,湖南理工职业技术学院,Hunan Vocational Institute Of Technicalogy,湖南,湘潭市,地方公办,理工,专科,20,,true,false,false,false,false,false,false
RC0266200,changsha-electric-power-technical-college,长沙电力职业技术学院,Changsha Electric Power Technical College,湖南,长沙市,地方公办,理工,专科,20,,true,false,false,false,false,false,false
RC0266300,hunan-polytechnic-of-water-resources-and-electric-power,湖南水利水电职业技术学院,Hunan Polytechnic Of Water Resources And Electric Power,湖南,长沙市,地方公办,理工,专科,20,,true,false,false,false,false,false,false
RC0266400,hunan-modern-logistics-college,湖南现代物流职业技术学院,Hunan Modern Logistics College,湖南,长沙市,地方公办,综合,专科,20,,true,false,false,false,false,false,false
RC0266500,hunan-technical-college-of-railway-high-speed,湖南高速铁路职业技术学院,Hunan Technical College Of Railway High-Speed,湖南,衡阳市,地方公办,理工,专科,20,,true,false,false,false,false,false,false
RC0266600,hunan-vocational-college-of-railway-technology,湖南铁路科技职业技术学院,Hunan Vocational College Of Railway Technology,湖南,株洲市,地方公办,理工,专科,20,,true,false,false,false,false,false,false
RC0266700,hunan-vocational-insitute-of-safety-technology,湖南安全技术职业学院,Hunan Vocational Insitute Of Safety Technology,湖南,长沙市,地方公办,理工,专科,20,,true,false,false,false,false,false,false
RC0266800,hunan-electrical-college-of-technology,湖南电气职业技术学院,Hunan Electrical College Of Technology,湖南,湘潭市,地方公办,理工,专科,20,,true,false,false,false,false,false,false
RC0266900,hunan-college-of-foreign-studies,湖南外国语职业学院,Hunan College Of Foreign Studies,湖南,长沙市,民办高校,师范,专科,20,,true,false,false,false,false,true,false
RC0267000,yiyang-medical-college,益阳医学高等专科学校,Yiyang Medical College,湖南,益阳市,地方公办,医药,专科,20,,true,false,false,false,false,false,false
RC0267100,hunan-urban-professional-college,湖南都市职业学院,Hunan Urban Professional College,湖南,长沙市,民办高校,理工,专科,20,,true,false,false,false,false,true,false
RC0267200,hunan-vocational-college-of-electronic-and-technology,湖南电子科技职业学院,Hunan Vocational College Of Electronic And Technology,湖南,长沙市,民办高校,理工,专科,20,,true,false,false,false,false,true,false
RC0267300,hunan-defense-industry-polytechnic,湖南国防工业职业技术学院,Hunan Defense Industry Polytechnic,湖南,湘潭市,地方公办,理工,专科,20,,true,false,false,false,false,false,false
RC0267400,hunan-golf-and-tourism-college,湖南高尔夫旅游职业学院,Hunan Golf And Tourism College,湖南,常德市,民办高校,综合,专科,20,,true,false,false,false,false,true,false
RC0267500,hunan-technology-and-commerca-college,湖南工商职业学院,Hunan Technology And Commerca College,湖南,衡阳市,民办高校,理工,专科,20,,true,false,false,false,false,true,false
RC0267600,hunan-trinity-industrial-vocational-and-technical-college,湖南三一工业职业技术学院,Hunan Trinity Industrial Vocational And Technical College,湖南,长沙市,民办高校,理工,专科,20,,true,false,false,false,false,true,false
RC0267700,changsha-health-vocational-college,长沙卫生职业学院,Changsha Health Vocational College,湖南,长沙市,地方公办,医药,专科,20,,true,false,false,false,false,false,false
RC0267800,hunan-food-and-drug-vocational-college,湖南食品药品职业学院,Hunan Food And Drug Vocational College,湖南,长沙市,地方公办,医药,专科,20,,true,false,false,false,false,false,false
RC0267900,hunan-nonferrous-metals-vocational-and-technical-college,湖南有色金属职业技术学院,Hunan Nonferrous Metals Vocational And Technical College,湖南,株洲市,地方公办,理工,专科,20,,true,false,false,false,false,false,false
RC0268000,hunan-geely-automobile-college,湖南吉利汽车职业技术学院,Hunan Geely Automobile College,湖南,湘潭市,民办高校,理工,专科,20,,true,false,false,false,false,true,false
RC0268100,hunan-college-for-preschool-education,湖南幼儿师范高等专科学校,Hunan College For Preschool Education,湖南,常德市,地方公办,师范,专科,20,,true,false,false,false,false,false,false
RC0268200,xiangnan-preschool-education-college,湘南幼儿师范高等专科学校,Xiangnan Preschool Education College,湖南,郴州市,地方公办,师范,专科,20,,true,false,false,false,false,false,false
RC0268300,hunan-labor-and-human-resources-vocational-college,湖南劳动人事职业学院,Hunan Labor And Human Resources Vocational College,湖南,长沙市,地方公办,综合,专科,20,,true,false,false,false,false,false,false
RC0268400,huaihua-normal-college,怀化师范高等专科学校,Huaihua Normal College,湖南,怀化市,地方公办,师范,专科,20,,true,false,false,false,false,false,false
RC0268500,yongzhou-normal-college,永州师范高等专科学校,Yongzhou Normal College,湖南,永州市,地方公办,师范,专科,20,,true,false,false,false,false,false,false
RC0268600,hengyang-preschool-normal-college,衡阳幼儿师范高等专科学校,Hengyang Preschool Normal College,湖南,衡阳市,地方公办,师范,专科,20,,true,false,false,false,false,false,false
RC0268700,changsha-preschool-education-college,长沙幼儿师范高等专科学校,Changsha Preschool Education College,湖南,长沙市,地方公办,师范,专科,20,,true,false,false,false,false,false,false
RC0269000,guangdong-communication-polytechnic,广东交通职业技术学院,Guangdong Communication Polytechnic,广东,广州市,地方公办,理工,专科,20,,true,false,false,false,false,false,false
RC0269100,guangdong-polytechnic-of-water-resources-and-electric-engineering,广东水利电力职业技术学院,Guangdong Polytechnic Of Water Resources And Electric Engineering,广东,广州市,地方公办,理工,专科,20,,true,false,false,false,false,false,false
RC0269200,chaoshan-vocational-and-technical-college,潮汕职业技术学院,Chaoshan Vocational and Technical College,广东,揭阳市,民办高校,综合,专科,20,,true,false,false,false,false,true,false
RC0269400,guangdong-nanhua-vocational-college-of-industry-and-commerce,广东南华工商职业学院,Guangdong Nanhua Vocational College Of Industry And Commerce,广东,广州市,地方公办,财经,专科,20,,true,false,false,false,false,false,false
RC0269500,private-hualian-college,私立华联学院,Private Hualian College,广东,广州市,民办高校,综合,专科,20,,true,false,false,false,false,true,false
RC0269600,guangzhou-civil-aviation-college,广州民航职业技术学院,Guangzhou Civil Aviation College,广东,广州市,中央部属,理工,专科,20,,true,false,false,false,false,false,false
RC0269800,guangdong-songshan-polytechnic-college,广东松山职业技术学院,Guangdong Songshan Polytechnic College,广东,韶关市,地方公办,理工,专科,20,,true,false,false,false,false,false,false
RC0269900,guangdong-aib-polytechnic,广东农工商职业技术学院,Guangdong Aib Polytechnic,广东,广州市,地方公办,综合,专科,20,,true,false,false,false,false,false,false
RC0270000,guangdong-xinan-vocational-technical-college,广东新安职业技术学院,Guangdong Xin'an Polytechnic,广东,深圳市,民办高校,综合,专科,20,,true,false,false,false,false,true,false
RC0270100,foshan-polytechnic,佛山职业技术学院,Foshan Polytechnic,广东,佛山市,地方公办,综合,专科,20,,true,false,false,false,false,false,false
RC0270200,guangdong-polytechnic-of-science-and-technology,广东科学技术职业学院,Guangdong Polytechnic Of Science And Technology,广东,广州市,地方公办,理工,专科,20,,true,false,false,false,false,false,false
RC0270300,guangdong-food-and-drug-vocational-college,广东食品药品职业学院,Guangdong Food And Drug Vocational College,广东,广州市,地方公办,理工,专科,20,,true,false,false,false,false,false,false
RC0270400,guangzhou-kangda-vocational-technical-college,广州康大职业技术学院,Guangzhou Kangda Vocational Technical College,广东,广州市,民办高校,医药,专科,20,,true,false,false,false,false,true,false
RC0270500,zhuhai-art-college,珠海艺术职业学院,Zhuhai Art College,广东,珠海市,民办高校,文艺,专科,20,,true,false,false,false,false,true,false
RC0270600,guangdong-vocational-institute-of-public-administration,广东行政职业学院,Guangdong Vocational Institute Of Public Administration,广东,广州市,地方公办,综合,专科,20,,true,false,false,false,false,false,false
RC0270700,guangdong-vocational-institute-of-sports,广东体育职业技术学院,Guangdong Vocational Institute Of Sports,广东,广州市,地方公办,体育,专科,20,,true,false,false,false,false,false,false
RC0270800,guangdong-polytechnic,广东职业技术学院,Guangdong Polytechnic,广东,佛山市,地方公办,理工,专科,20,,true,false,false,false,false,false,false
RC0270900,guangdong-construction-polytechnic,广东建设职业技术学院,Guangdong Construction Polytechnic,广东,广州市,地方公办,理工,专科,20,,true,false,false,false,false,false,false
RC0271000,guangdong-womens-polytechnic-college,广东女子职业技术学院,Guangdong Women's Polytechnic College,广东,广州市,地方公办,综合,专科,20,,true,false,false,false,false,false,false
RC0271100,guangdong-mechanical-electronical-polytechnic,广东机电职业技术学院,Guangdong Mechanical & Electronical Polytechnic,广东,广州市,地方公办,理工,专科,20,,true,false,false,false,false,false,false
RC0271200,guangdong-lingnan-institute-of-technology,广东岭南职业技术学院,Guangdong Lingnan Institute Of Technology,广东,广州市,民办高校,综合,专科,20,,true,false,false,false,false,true,false
RC0271300,shanwei-polytechnic,汕尾职业技术学院,Shanwei Polytechnic,广东,汕尾市,地方公办,综合,专科,20,,true,false,false,false,false,false,false
RC0271400,luoding-polytechnic,罗定职业技术学院,Luoding Polytechnic,广东,云浮市,地方公办,综合,专科,20,,true,false,false,false,false,false,false
RC0271500,yangjiang-polytechnic,阳江职业技术学院,Yangjiang Polytechnic,广东,阳江市,地方公办,综合,专科,20,,true,false,false,false,false,false,false
RC0271600,heyuan-polytechnic,河源职业技术学院,Heyuan Polytechnic,广东,河源市,地方公办,综合,专科,20,,true,false,false,false,false,false,false
RC0271700,guangdong-vocational-college-of-post-and-telecom,广东邮电职业技术学院,Guangdong Vocational College Of Post And Telecom,广东,广州市,地方公办,理工,专科,20,,true,false,false,false,false,false,false
RC0271800,shantou-polytechnic,汕头职业技术学院,Shantou Polytechnic,广东,汕头市,地方公办,综合,专科,20,,true,false,false,false,false,false,false
RC0271900,jieyang-polytechnic,揭阳职业技术学院,Jieyang Polytechnic,广东,揭阳市,地方公办,综合,专科,20,,true,false,false,false,false,false,false
RC0272100,qingyuan-polytechnic,清远职业技术学院,Qingyuan Polytechnic,广东,清远市,地方公办,综合,专科,20,,true,false,false,false,false,false,false
RC0272200,guangdong-polytechnic-of-industry-and-commerce,广东工贸职业技术学院,Guangdong Polytechnic Of Industry And Commerce,广东,广州市,地方公办,理工,专科,20,,true,false,false,false,false,false,false
RC0272300,guangdong-justice-police-vocational-college,广东司法警官职业学院,Guangdong Justice Police Vocational College,广东,广州市,地方公办,政法,专科,20,,true,false,false,false,false,false,false
RC0272400,guangdong-atv-college-of-performing-arts,广东亚视演艺职业学院,Guangdong Atv College Of Performing Arts,广东,肇庆市,民办高校,文艺,专科,20,,true,false,false,false,false,true,false
RC0272500,guangdong-teachers-college-of-foreign-language-and-arts,广东省外语艺术职业学院,Guangdong Teachers College Of Foreign Language And Arts,广东,广州市,地方公办,文艺,专科,20,,true,false,false,false,false,false,false
RC0272600,guangdong-literary-art-vocational-college,广东文艺职业学院,Guangdong Literary & Art Vocational College,广东,广州市,地方公办,文艺,专科,20,,true,false,false,false,false,false,false
RC0272700,guangzhou-sports-polytechnic,广州体育职业技术学院,Guangzhou Sports Polytechnic,广东,广州市,地方公办,体育,专科,20,,true,false,false,false,false,false,false
RC0272800,guangzhou-institute-of-technology,广州工程技术职业学院,Guangzhou Institute Of Technology,广东,广州市,地方公办,综合,专科,20,,true,false,false,false,false,false,false
RC0272900,zhongshan-torch-polytechnic,中山火炬职业技术学院,Zhongshan Torch Polytechnic,广东,中山市,地方公办,理工,专科,20,,true,false,false,false,false,false,false
RC0273000,jiangmen-vocational-and-polytechnic-college,江门职业技术学院,Jiangmen Vocational And Polytechnic College,广东,江门市,地方公办,综合,专科,20,,true,false,false,false,false,false,false
RC0273100,maoming-polytechnic,茂名职业技术学院,Maoming Polytechnic,广东,茂名市,地方公办,理工,专科,20,,true,false,false,false,false,false,false
RC0273200,zhuhai-city-polytechnic,珠海城市职业技术学院,Zhuhai City Polytechnic,广东,珠海市,地方公办,综合,专科,20,,true,false,false,false,false,false,false
RC0273300,guangzhou-international-economics-college,广州涉外经济职业技术学院,Guangzhou International Economics College,广东,广州市,民办高校,财经,专科,20,,true,false,false,false,false,true,false
RC0273400,guangzhou-nanyang-polytechnic-college,广州南洋理工职业学院,Guangzhou Nanyang Polytechnic College,广东,广州市,民办高校,综合,专科,20,,true,false,false,false,false,true,false
RC0273500,huizhou-economics-and-polytechnic-college,惠州经济职业技术学院,Huizhou Economics And Polytechnic College,广东,惠州市,民办高校,财经,专科,20,,true,false,false,false,false,true,false
RC0273700,guangzhou-modern-information-engineering-college,广州现代信息工程职业技术学院,Guangzhou Modern Information Engineering College,广东,广州市,民办高校,理工,专科,20,,true,false,false,false,false,true,false
RC0273800,guangdong-polytechnic-institute,广东理工职业学院,Guangdong Polytechnic Institute,广东,广州市,地方公办,理工,专科,20,,true,false,false,false,false,false,false
RC0273900,guangzhou-huanan-business-college,广州华南商贸职业学院,Guangzhou Huanan Business College,广东,广州市,民办高校,财经,专科,20,,true,false,false,false,false,true,false
RC0274000,guangzhou-huali-science-and-technology-vocational-college,广州华立科技职业学院,Guangzhou Huali Science And Technology Vocational College,广东,广州市,民办高校,综合,专科,20,,true,false,false,false,false,true,false
RC0274100,guangzhou-city-polytechnic,广州城市职业学院,Guangzhou City Polytechnic,广东,广州市,地方公办,综合,专科,20,,true,false,false,false,false,false,false
RC0274200,guangdong-engineering-polytechnic,广东工程职业技术学院,Guangdong Engineering Polytechnic,广东,广州市,地方公办,理工,专科,20,,true,false,false,false,false,false,false
RC0274300,guangzhou-railway-polytechnic,广州铁路职业技术学院,Guangzhou Railway Polytechnic,广东,广州市,地方公办,理工,专科,20,,true,false,false,false,false,false,false
RC0274400,guangdong-polytechnic-of-science-and-trade,广东科贸职业学院,Guangdong Polytechnic Of Science And Trade,广东,广州市,地方公办,农林,专科,20,,true,false,false,false,false,false,false
RC0274500,guangzhou-vocational-college-of-technology-business,广州科技贸易职业学院,Guangzhou Vocational College Of Technology & Business,广东,广州市,地方公办,综合,专科,20,,true,false,false,false,false,false,false
RC0274600,zhongshan-polytechnic,中山职业技术学院,Zhongshan Polytechnic,广东,中山市,地方公办,综合,专科,20,,true,false,false,false,false,false,false
RC0274700,guangzhou-pearl-river-vocational-college-of-technology,广州珠江职业技术学院,Guangzhou Pearl-River Vocational College Of Technology,广东,广州市,民办高校,综合,专科,20,,true,false,false,false,false,true,false
RC0274800,guangzhou-sontan-polytechnic-college,广州松田职业学院,Guangzhou Sontan Polytechnic College,广东,广州市,民办高校,综合,专科,20,,true,false,false,false,false,true,false
RC0274900,guangdong-institute-of-arts-and-sciences,广东文理职业学院,Guangdong Institute Of Arts And Sciences,广东,湛江市,民办高校,综合,专科,20,,true,false,false,false,false,true,false
RC0275000,guangzhou-city-construction-college,广州城建职业学院,Guangzhou City Construction College,广东,广州市,民办高校,理工,专科,20,,true,false,false,false,false,true,false
RC0275100,dongguan-polytechnic,东莞职业技术学院,Dongguan Polytechnic,广东,东莞市,地方公办,理工,专科,20,,true,false,false,false,false,false,false
RC0275200,guangdong-nanfang-institute-of-technology,广东南方职业学院,Guangdong Nanfang Institute Of Technology,广东,江门市,民办高校,综合,专科,20,,true,false,false,false,false,true,false
RC0275300,guangzhou-huaxia-vocational-college,广州华商职业学院,Guangzhou Huashang Vocational College,广东,广州市,民办高校,综合,专科,20,,true,false,false,false,false,true,false
RC0275400,guangzhou-huashang-vocational-college,广州华夏职业学院,Guangzhou Huaxia Vocational College,广东,广州市,民办高校,综合,专科,20,,true,false,false,false,false,true,false
RC0275500,guangdong-polytechnic-of-environmental-protection-engineering,广东环境保护工程职业学院,Guangdong Polytechnic Of Environmental Protection Engineering,广东,佛山市,地方公办,理工,专科,20,,true,false,false,false,false,false,false
RC0275600,guangdong-youth-vocational-college,广东青年职业学院,Guangdong Youth Vocational College,广东,广州市,地方公办,综合,专科,20,,true,false,false,false,false,false,false
RC0275700,guangzhou-donghua-vocation-college,广州东华职业学院,Guangzhou Donghua Vocation College,广东,广州市,民办高校,综合,专科,20,,true,false,false,false,false,true,false
RC0275800,guangdong-innovative-technical-college,广东创新科技职业学院,Guangdong Innovative Technical College,广东,东莞市,民办高校,综合,专科,20,,true,false,false,false,false,true,false
RC0275900,guangdong-dance-and-drama-college,广东艺术职业学院,Guangdong Vocational Academy of Arts,广东,广州市,地方公办,文艺,专科,20,,true,false,false,false,false,false,false
RC0276000,huizhou-health-sciences-polytechnic,惠州卫生职业技术学院,Huizhou Health Sciences Polytechnic,广东,惠州市,地方公办,医药,专科,20,,true,false,false,false,false,false,false
RC0276100,guangdong-information-engineering-institute,广东信息工程职业学院,Guangdong Information Engineering Institute,广东,肇庆市,民办高校,理工,专科,20,,true,false,false,false,false,true,false
RC0276200,guangdong-eco-engineering-polytechnic,广东生态工程职业学院,Guangdong Eco-Engineering Polytechnic,广东,广州市,地方公办,农林,专科,20,,true,false,false,false,false,false,false
RC0276300,city-college-of-huizhou,惠州城市职业学院,City College of Huizhou,广东,惠州市,地方公办,理工,专科,20,,true,false,false,false,false,false,false
RC0276400,guangdong-country-garden-polytechnic,广东碧桂园职业学院,Guangdong Country Garden Polytechnic,广东,清远市,民办高校,理工,专科,20,,true,false,false,false,false,true,false
RC0276500,guangdong-maoming-health-vocational-college,广东茂名健康职业学院,Guangdong Maoming Health Vocational College,广东,茂名市,地方公办,医药,专科,20,,true,false,false,false,false,false,false
RC0276600,guangdong-vocational-college-of-hotel-management,广东酒店管理职业技术学院,Guangdong Vocational College Of Hotel Management,广东,东莞市,民办高校,综合,专科,20,,true,false,false,false,false,true,false
RC0276700,guangdong-preschool-normal-college-in-maoming,广东茂名幼儿师范专科学校,Guangdong Preschool Normal College In Maoming,广东,茂名市,地方公办,师范,专科,20,,true,false,false,false,false,false,false
RC0276800,guangzhou-health-science-college,广州卫生职业技术学院,Guangzhou Health Science College,广东,广州市,地方公办,医药,专科,20,,true,false,false,false,false,false,false
RC0276900,huizhou-engineering-vocational-college,惠州工程职业学院,Huizhou Engineering Vocational College,广东,惠州市,地方公办,理工,专科,20,,true,false,false,false,false,false,false
RC0277000,guangdong-jiangmen-chinese-medicine-college,广东江门中医药职业学院,Guangdong Jiangmen Chinese Medicine College,广东,江门市,地方公办,医药,专科,20,,true,false,false,false,false,false,false
RC0277100,guangdong-maoming-agriculture-forestry-techical-college,广东茂名农林科技职业学院,Guangdong Maoming Agriculture & Forestry Techical College,广东,茂名市,地方公办,农林,专科,20,,true,false,false,false,false,false,false
RC0277200,jiangmen-normal-college-for-preschool-education-in-guangdong,广东江门幼儿师范高等专科学校,Jiangmen Normal College For Preschool Education In Guangdong,广东,江门市,地方公办,师范,专科,20,,true,false,false,false,false,false,false
RC0277300,guangdong-finance-trade-vocational-college,广东财贸职业学院,Guangdong Finance ＆ Trade Vocational College,广东,清远市,地方公办,财经,专科,20,,true,false,false,false,false,false,false
RC0277400,guangzhou-preschool-teachers-college,广州幼儿师范高等专科学校,Guangzhou Preschool Teachers College,广东,广州市,地方公办,师范,专科,20,,true,false,false,false,false,false,false
RC0277500,shantou-preschool-education-college-in-guangdong,广东汕头幼儿师范高等专科学校,Shantou Preschool Education College In Guangdong,广东,汕头市,地方公办,师范,专科,20,,true,false,false,false,false,false,false
RC0277600,guangdong-meizhou-vocational-and-technical-college,广东梅州职业技术学院,Guangdong Meizhou Vocational And Technical College,广东,梅州市,地方公办,综合,专科,20,,true,false,false,false,false,false,false
RC0277700,guangdongsheng-chaozhou-weisheng-xuexiao,广东潮州卫生健康职业学院,Guangdongsheng Chaozhou Weisheng Xuexiao,广东,潮州市,地方公办,医药,专科,20,,true,false,false,false,false,false,false
RC0277800,guangdong-yunfu-vocational-college-of-traditional-chinese-medicine,广东云浮中医药职业学院,Guangdong Yunfu Vocational College Of Traditional Chinese Medicine,广东,云浮市,地方公办,医药,专科,20,,true,false,false,false,false,false,false
RC0277900,guangdong-zhaoqing-aviation-vocational-college,广东肇庆航空职业学院,Guangdong Zhaoqing Aviation Vocational College,广东,肇庆市,民办高校,综合,专科,20,,true,false,false,false,false,true,false
RC0278000,zhanjiang-preschool-education-college,湛江幼儿师范专科学校,Zhanjiang Preschool Education College,广东,湛江市,地方公办,师范,专科,20,,true,false,false,false,false,false,false
RC0278100,guilin-life-and-health-career-technical-college,桂林生命与健康职业技术学院,Guilin Life And Health Career Technical College,广西,桂林市,民办高校,医药,专科,20,,true,false,false,false,false,true,false
RC0278200,guangxi-technological-college-of-machinery-and-electricity,广西机电职业技术学院,Guangxi Technological College Of Machinery And Electricity,广西,南宁市,地方公办,理工,专科,20,,true,false,false,false,false,false,false
RC0278300,guangxi-college-of-physical-education,广西体育高等专科学校,Guangxi College Of Physical Education,广西,南宁市,地方公办,体育,专科,20,,true,false,false,false,false,false,false
RC0278500,guangxi-college-of-water-resources-and-electric-power,广西水利电力职业技术学院,Guangxi College Of Water Resources And Electric Power,广西,南宁市,地方公办,理工,专科,20,,true,false,false,false,false,false,false
RC0278900,guangxi-eco-engineering-vocational-and-technical-college,广西生态工程职业技术学院,Guangxi Eco-Engineering Vocational And Technical College,广西,柳州市,地方公办,农林,专科,20,,true,false,false,false,false,false,false
RC0279000,guangxi-vocational-and-technical-college-of-communications,广西交通职业技术学院,Guangxi Vocational And Technical College Of Communications,广西,南宁市,地方公办,理工,专科,20,,true,false,false,false,false,false,false
RC0279100,guangxi-vocational-technical-institute-of-industry,广西工业职业技术学院,Guangxi Vocational&Technical Institute Of Industry,广西,南宁市,地方公办,理工,专科,20,,true,false,false,false,false,false,false
RC0279200,guangxi-international-business-vocational-college,广西国际商务职业技术学院,Guangxi International Business Vocational College,广西,南宁市,地方公办,财经,专科,20,,true,false,false,false,false,false,false
RC0279300,liuzhou-railway-vocationa-technica-college,柳州铁道职业技术学院,Liuzhou Railway Vocationa Technica College,广西,柳州市,地方公办,理工,专科,20,,true,false,false,false,false,false,false
RC0279400,guangxi-polytechnic-of-construction,广西建设职业技术学院,Guangxi Polytechnic Of Construction,广西,南宁市,地方公办,理工,专科,20,,true,false,false,false,false,false,false
RC0279500,guangxi-modern-polytechnic-college,广西现代职业技术学院,Guangxi Modern Polytechnic College,广西,河池市,地方公办,综合,专科,20,,true,false,false,false,false,false,false
RC0279600,beihai-vocational-college,北海职业学院,Beihai Vocational College,广西,北海市,地方公办,综合,专科,20,,true,false,false,false,false,false,false
RC0279700,guilin-shanshui-vocational-college,桂林山水职业学院,Guilin Shanshui Vocational College,广西,桂林市,民办高校,综合,专科,20,,true,false,false,false,false,true,false
RC0279800,guangxi-economic-and-trade-vocational-institute,广西经贸职业技术学院,Guangxi Economic And Trade Vocational Institute,广西,南宁市,地方公办,财经,专科,20,,true,false,false,false,false,false,false
RC0279900,guangxi-vocational-college-of-technology-and-business,广西工商职业技术学院,Guangxi Vocational College Of Technology And Business,广西,南宁市,地方公办,财经,专科,20,,true,false,false,false,false,false,false
RC0280000,guangxi-vocational-college-of-performing-arts,广西演艺职业学院,Guangxi Vocational College Of Performing Arts,广西,南宁市,民办高校,文艺,专科,20,,true,false,false,false,false,true,false
RC0280100,guangxi-electrical-polytechnic-institute,广西电力职业技术学院,Guangxi Electrical Polytechnic Institute,广西,南宁市,地方公办,理工,专科,20,,true,false,false,false,false,false,false
RC0280200,guangxi-talent-international-college,广西英华国际职业学院,Guangxi Talent International College,广西,钦州市,民办高校,综合,专科,20,,true,false,false,false,false,true,false
RC0280300,liuzhou-city-vocational-college,柳州城市职业学院,Liuzhou City Vocational College,广西,柳州市,地方公办,综合,专科,20,,true,false,false,false,false,false,false
RC0280400,baise-vocational-college,百色职业学院,Baise Vocational College,广西,百色市,地方公办,理工,专科,20,,true,false,false,false,false,false,false
RC0280500,guangxi-engineering-vocational-college,广西工程职业学院,Guangxi Engineering Vocational College,广西,百色市,民办高校,理工,专科,20,,true,false,false,false,false,true,false
RC0280600,guangxi-polytechnic-vocational-school-of-technology,广西理工职业技术学院,Guangxi Polytechnic Vocational School Of Technology,广西,崇左市,民办高校,理工,专科,20,,true,false,false,false,false,true,false
RC0280700,wuzhou-vocational-college,梧州职业学院,Wuzhou Vocational College,广西,梧州市,地方公办,综合,专科,20,,true,false,false,false,false,false,false
RC0280800,guangxi-economic-vocational-college,广西经济职业学院,Guangxi Economic Vocational College,广西,南宁市,民办高校,财经,专科,20,,true,false,false,false,false,true,false
RC0280900,guangxi-college-for-preschool-education,广西幼儿师范高等专科学校,Guangxi College For Preschool Education,广西,南宁市,地方公办,师范,专科,20,,true,false,false,false,false,false,false
RC0281000,guangxi-vocational-university-of-science-technology,广西科技职业学院,Guangxi Vocational University Of Science & Technology,广西,崇左市,民办高校,综合,专科,20,,true,false,false,false,false,true,false
RC0281100,guangxi-medical-college,广西卫生职业技术学院,Guangxi Medical College,广西,南宁市,地方公办,医药,专科,20,,true,false,false,false,false,false,false
RC0281200,guangxi-peixian-international-college,广西培贤国际职业学院,Guangxi Peixian International College,广西,百色市,民办高校,综合,专科,20,,true,false,false,false,false,true,false
RC0281300,guangxi-financial-vocational-college,广西金融职业技术学院,Guangxi Financial Vocational College,广西,南宁市,地方公办,财经,专科,20,,true,false,false,false,false,false,false
RC0281400,guang-xi-zhong-yuan-zhi-ye-xue-yuan,广西中远职业学院,Guangxi COSCO Vocational College,广西,崇左市,民办高校,,专科,20,,true,false,false,false,false,true,false
RC0281500,yuchai-vocational-technical-college,玉柴职业技术学院,Yuchai Vocational & Technical College,广西,玉林市,民办高校,,专科,20,,true,false,false,false,false,true,false
RC0281600,guangxi-lantian-aviation-technical-college,广西蓝天航空职业学院,Guangxi Lantian Aviation Technical College,广西,来宾市,民办高校,综合,专科,20,,true,false,false,false,false,true,false
RC0281700,guangxi-vocational-college-of-safety-engineering,广西安全工程职业技术学院,Guangxi Vocational College Of Safety Engineering,广西,南宁市,地方公办,理工,专科,20,,true,false,false,false,false,false,false
RC0281800,guangxi-natural-resources-vocational-and-technical-college,广西自然资源职业技术学院,Guangxi Natural Resources Vocational And Technical College,广西,崇左市,地方公办,理工,专科,20,,true,false,false,false,false,false,false
RC0281900,qinzhou-kindergarten-teachers-college,钦州幼儿师范高等专科学校,Qinzhou Kindergarten Teachers College,广西,钦州市,地方公办,师范,专科,20,,true,false,false,false,false,false,false
RC0282000,wuzhou-medical-college,梧州医学高等专科学校,Wuzhou Medical College,广西,梧州市,民办高校,医药,专科,20,,true,false,false,false,false,true,false
RC0282100,guangxi-vocational-technical-college-of-manufacturing-and-engineering,广西制造工程职业技术学院,Guangxi Vocational & Technical College Of Manufacturing And Engineering,广西,南宁市,地方公办,理工,专科,20,,true,false,false,false,false,false,false
RC0282200,guangxi-logistics-vocational-and-technical-college,广西物流职业技术学院,Guangxi Logistics Vocational And Technical College,广西,贵港市,地方公办,财经,专科,20,,true,false,false,false,false,false,false
RC0282300,fangchenggang-vocational-and-technical-college,防城港职业技术学院,Fangchenggang Vocational And Technical College,广西,防城港市,地方公办,综合,专科,20,,true,false,false,false,false,false,false
RC0282400,guangxi-university-of-information-engineering,广西信息职业技术学院,Guangxi University Of Information Engineering,广西,南宁市,地方公办,理工,专科,20,,true,false,false,false,false,false,false
RC0282500,guangxi-agricultural-engineering-vocational-technical-college,广西农业工程职业技术学院,Guangxi Agricultural Engineering Vocational Technical College,广西,崇左市,地方公办,农林,专科,20,,true,false,false,false,false,false,false
RC0282600,beihai-vocational-of-wellness,北海康养职业学院,Beihai Vocational Of Wellness,广西,北海市,民办高校,医药,专科,20,,true,false,false,false,false,true,false
RC0282700,chongzuo-preschool-education-college,崇左幼儿师范高等专科学校,Chongzuo Preschool Education College,广西,崇左市,地方公办,师范,专科,20,,true,false,false,false,false,false,false
RC0282800,hainan-college-of-vocation-and-technique,海南职业技术学院,Hainan College Of Vocation And Technique,海南,海口市,地方公办,综合,专科,20,,true,false,false,false,false,false,false
RC0282900,sanya-city-college,三亚城市职业学院,Sanya City College,海南,三亚市,民办高校,综合,专科,20,,true,false,false,false,false,true,false
RC0283000,hainan-college-of-software-technology,海南软件职业技术学院,Hainan College Of Software Technology,海南,琼海市,地方公办,理工,专科,20,,true,false,false,false,false,false,false
RC0283100,hainan-vocational-college-of-political-science-and-law,海南政法职业学院,Hainan Vocational College Of Political Science And Law,海南,海口市,地方公办,政法,专科,20,,true,false,false,false,false,false,false
RC0283200,hainan-college-of-foreign-studies,海南外国语职业学院,Hainan College Of Foreign Studies,海南,文昌市,地方公办,师范,专科,20,,true,false,false,false,false,false,false
RC0283400,hainan-technology-and-business-college,海南工商职业学院,Hainan Technology And Business College,海南,海口市,民办高校,综合,专科,20,,true,false,false,false,false,true,false
RC0283500,sanya-aviation-and-tourism-college,三亚航空旅游职业学院,Sanya Aviation And Tourism College,海南,三亚市,民办高校,理工,专科,20,,true,false,false,false,false,true,false
RC0283600,sanya-institute-of-technology,三亚理工职业学院,Sanya Institute Of Technology,海南,三亚市,民办高校,理工,专科,20,,true,false,false,false,false,true,false
RC0283700,hainan-provinclal-sports-academy,海南体育职业技术学院,Hainan Provinclal Sports Academy,海南,海口市,地方公办,体育,专科,20,,true,false,false,false,false,false,false
RC0283800,hospitality-institute-of-sanya,三亚中瑞酒店管理职业学院,Hospitality Institute Of Sanya,海南,三亚市,民办高校,财经,专科,20,,true,false,false,false,false,true,false
RC0283900,hainan-health-management-college,海南健康管理职业技术学院,Hainan Health Management College,海南,澄迈县,民办高校,医药,专科,20,,true,false,false,false,false,true,false
RC0284000,hainan-health-vocational-college,海南卫生健康职业学院,Hainan Health Vocational College,海南,海口市,地方公办,医药,专科,20,,true,false,false,false,false,false,false
RC0284100,chongqing-aerospace-polytechnic-college,重庆航天职业技术学院,Chongqing Aerospace Polytechnic College,重庆,重庆市,地方公办,理工,专科,20,,true,false,false,false,false,false,false
RC0284200,chongqing-electric-power-college,重庆电力高等专科学校,Chongqing Electric Power College,重庆,重庆市,地方公办,理工,专科,20,,true,false,false,false,false,false,false
RC0284400,chongqing-three-gorges-vocational-college,重庆三峡职业学院,Chongqing Three Gorges Vocational College,重庆,重庆市,地方公办,综合,专科,20,,true,false,false,false,false,false,false
RC0284500,chongqing-industry-trade-polytechnic,重庆工贸职业技术学院,Chongqing Industry & Trade Polytechnic,重庆,重庆市,地方公办,理工,专科,20,,true,false,false,false,false,false,false
RC0284700,chongqing-hailian-vocational-technical-college,重庆海联职业技术学院,Chongqing Hailian Vocational Technical College,重庆,重庆市,民办高校,综合,专科,20,,true,false,false,false,false,true,false
RC0284800,chongqing-information-technology-college,重庆信息技术职业学院,Chongqing Information Technology College,重庆,重庆市,民办高校,理工,专科,20,,true,false,false,false,false,true,false
RC0284900,chongqing-vocational-college-of-media,重庆传媒职业学院,Chongqing Vocational College Of Media,重庆,重庆市,民办高校,文艺,专科,20,,true,false,false,false,false,true,false
RC0285200,chongqing-college-of-architecture-and-technology,重庆建筑科技职业学院,Chongqing College Of Architecture And Technology,重庆,重庆市,民办高校,综合,专科,20,,true,false,false,false,false,true,false
RC0285300,chongqing-city-vocational-college,重庆城市职业学院,Chongqing City Vocational College,重庆,重庆市,地方公办,综合,专科,20,,true,false,false,false,false,false,false
RC0285400,chongqing-water-resources-and-electeic-engineering-college,重庆水利电力职业技术学院,Chongqing Water Resources And Electeic Engineering College,重庆,重庆市,地方公办,理工,专科,20,,true,false,false,false,false,false,false
RC0285500,chongqing-technology-and-business-institute,重庆工商职业学院,Chongqing Technology And Business Institute,重庆,重庆市,地方公办,综合,专科,20,,true,false,false,false,false,false,false
RC0285600,chongqing-vocational-college-of-applied-technology,重庆应用技术职业学院,Chongqing Vocational College Of Applied Technology,重庆,重庆市,民办高校,综合,专科,20,,true,false,false,false,false,true,false
RC0285700,chongqing-three-gorges-medical-college,重庆三峡医药高等专科学校,Chongqing Three Gorges Medical College,重庆,重庆市,地方公办,医药,专科,20,,true,false,false,false,false,false,false
RC0285800,chongqing-medical-and-pharmaceutical-college,重庆医药高等专科学校,Chongqing Medical And Pharmaceutical College,重庆,重庆市,地方公办,医药,专科,20,,true,false,false,false,false,false,false
RC0285900,chongqing-youth-vocational-technical-college,重庆青年职业技术学院,Chongqing Youth Vocational & Technical College,重庆,重庆市,地方公办,综合,专科,20,,true,false,false,false,false,false,false
RC0286000,chongqing-college-of-finance-and-economics,重庆财经职业学院,Chongqing College Of Finance And Economics,重庆,重庆市,地方公办,财经,专科,20,,true,false,false,false,false,false,false
RC0286100,chongqing-creation-vocational-college,重庆科创职业学院,Chongqing Creation Vocational College,重庆,重庆市,民办高校,理工,专科,20,,true,false,false,false,false,true,false
RC0286200,chongqing-jianzhu-college,重庆建筑工程职业学院,Chongqing Jianzhu College,重庆,重庆市,地方公办,理工,专科,20,,true,false,false,false,false,false,false
RC0286300,chongqing-telecommunication-polytechnic-college,重庆电讯职业学院,Chongqing Telecommunication Polytechnic College,重庆,重庆市,民办高校,理工,专科,20,,true,false,false,false,false,true,false
RC0286400,chongqing-energy-college,重庆能源职业学院,Chongqing Energy College,重庆,重庆市,民办高校,理工,专科,20,,true,false,false,false,false,true,false
RC0286500,chongqing-business-vocational-college,重庆商务职业学院,Chongqing Business Vocational College,重庆,重庆市,地方公办,财经,专科,20,,true,false,false,false,false,false,false
RC0286600,chongqing-vocational-college-of-transportation,重庆交通职业学院,Chongqing Vocational College Of Transportation,重庆,重庆市,民办高校,理工,专科,20,,true,false,false,false,false,true,false
RC0286700,chongqing-chemical-industry-vocational-college,重庆化工职业学院,Chongqing Chemical Industry Vocational College,重庆,重庆市,地方公办,理工,专科,20,,true,false,false,false,false,false,false
RC0286800,chongqing-vocational-institute-of-tourism,重庆旅游职业学院,Chongqing Vocational Institute Of Tourism,重庆,重庆市,地方公办,财经,专科,20,,true,false,false,false,false,false,false
RC0286900,chongqing-vocational-insitute-of-safety-technology,重庆安全技术职业学院,Chongqing Vocational Insitute Of Safety & Technology,重庆,重庆市,地方公办,理工,专科,20,,true,false,false,false,false,false,false
RC0287000,chongqing-vocational-college-of-public-transportation,重庆公共运输职业学院,Chongqing Vocational College Of Public Transportation,重庆,重庆市,民办高校,理工,专科,20,,true,false,false,false,false,true,false
RC0287100,chongqing-vocational-college-of-art-and-engineering,重庆艺术工程职业学院,Chongqing Vocational College Of Art And Engineering,重庆,重庆市,民办高校,文艺,专科,20,,true,false,false,false,false,true,false
RC0287200,chongqing-vocational-college-of-light-industry,重庆轻工职业学院,Chongqing Vocational College Of Light Industry,重庆,重庆市,民办高校,理工,专科,20,,true,false,false,false,false,true,false
RC0287300,chongqing-electronic-information-college,重庆电信职业学院,Chongqing Electronic Information College,重庆,重庆市,民办高校,理工,专科,20,,true,false,false,false,false,true,false
RC0287400,chongqing-vocational-college-of-economics-and-trade,重庆经贸职业学院,Chongqing Vocational College Of Economics And Trade,重庆,重庆市,民办高校,财经,专科,20,,true,false,false,false,false,true,false
RC0287500,chongqing-preschool-education-college,重庆幼儿师范高等专科学校,Chongqing Preschool Education College,重庆,重庆市,地方公办,师范,专科,20,,true,false,false,false,false,false,false
RC0287600,chongqing-vocational-college-of-culture-and-arts,重庆文化艺术职业学院,Chongqing Vocational College Of Culture And Arts,重庆,重庆市,地方公办,文艺,专科,20,,true,false,false,false,false,false,false
RC0287700,chongqing-vocational-college-of-science-and-technology,重庆科技职业学院,Chongqing Vocational College Of Science And Technology,重庆,重庆市,民办高校,理工,专科,20,,true,false,false,false,false,true,false
RC0287800,chongqing-recourses-and-environmental-protection-of-university,重庆资源与环境保护职业学院,Chongqing Recourses And Environmental Protection Of University,重庆,重庆市,民办高校,理工,专科,20,,true,false,false,false,false,true,false
RC0287900,chongqing-nursing-vocational-college,重庆护理职业学院,Chongqing Nursing Vocational College,重庆,重庆市,民办高校,医药,专科,20,,true,false,false,false,false,true,false
RC0288000,chongqing-polytechnic-institute,重庆理工职业学院,Chongqing Polytechnic Institute,重庆,重庆市,民办高校,理工,专科,20,,true,false,false,false,false,true,false
RC0288100,chongqing-vocational-college-of-intelligent-engineering,重庆智能工程职业学院,Chongqing Vocational College Of Intelligent Engineering,重庆,重庆市,民办高校,理工,专科,20,,true,false,false,false,false,true,false
RC0288200,chongqing-health-college,重庆健康职业学院,Chongqing Health College,重庆,重庆市,民办高校,医药,专科,20,,true,false,false,false,false,true,false
RC0288300,chongqing-industry-and-information-vocational-college,重庆工信职业学院,Chongqing Industry And Information Vocational College,重庆,重庆市,地方公办,理工,专科,20,,true,false,false,false,false,false,false
RC0288500,sichuan-tianyi-college,民办四川天一学院,Sichuan Tianyi College,四川,德阳市,民办高校,综合,专科,20,,true,false,false,false,false,true,false
RC0288700,sichuan-electric-vocational-and-technical-college,四川电力职业技术学院,Sichuan Electric Vocational And Technical College,四川,成都市,地方公办,理工,专科,20,,true,false,false,false,false,false,false
RC0288800,chengdu-polytechnic,成都职业技术学院,Chengdu Polytechnic,四川,成都市,地方公办,综合,专科,20,,true,false,false,false,false,false,false
RC0288900,sichuan-vocational-college-of-chemical-technology,四川化工职业技术学院,Sichuan Vocational College Of Chemical Technology,四川,泸州市,地方公办,理工,专科,20,,true,false,false,false,false,false,false
RC0289000,sichuan-water-conservancy-vocational-college,四川水利职业技术学院,Sichuan Water Conservancy Vocational College,四川,成都市,地方公办,理工,专科,20,,true,false,false,false,false,false,false
RC0289100,nanchong-vocational-and-technical-college,南充职业技术学院,Nanchong Vocational And Technical College,四川,南充市,地方公办,综合,专科,20,,true,false,false,false,false,false,false
RC0289200,neijiang-vocational-technical-college,内江职业技术学院,Neijiang Vocational&Technical College,四川,内江市,地方公办,综合,专科,20,,true,false,false,false,false,false,false
RC0289300,sichuan-aerospace-vocational-college,四川航天职业技术学院,Sichuan Aerospace Vocational College,四川,成都市,地方公办,理工,专科,20,,true,false,false,false,false,false,false
RC0289400,sichuan-post-and-telecommunication-college,四川邮电职业技术学院,Sichuan Post And Telecommunication College,四川,成都市,地方公办,理工,专科,20,,true,false,false,false,false,false,false
RC0289500,sichuan-electromechanical-institute-of-vocation-and-technology,四川机电职业技术学院,Sichuan Electromechanical Institute Of Vocation And Technology,四川,攀枝花市,地方公办,理工,专科,20,,true,false,false,false,false,false,false
RC0289600,mianyang-polytechnic,绵阳职业技术学院,Mianyang Polytechnic,四川,绵阳市,地方公办,综合,专科,20,,true,false,false,false,false,false,false
RC0289800,sichuan-technology-business-college,四川工商职业技术学院,Sichuan Technology & Business College,四川,成都市,地方公办,理工,专科,20,,true,false,false,false,false,false,false
RC0290100,dazhou-vocational-and-technial-college,达州职业技术学院,Dazhou Vocational And Technial College,四川,达州市,地方公办,综合,专科,20,,true,false,false,false,false,false,false
RC0290200,sichuan-top-it-vocational-institute,四川托普信息技术职业学院,Sichuan Top It Vocational Institute,四川,成都市,民办高校,理工,专科,20,,true,false,false,false,false,true,false
RC0290300,polus-international-college,四川国际标榜职业学院,Polus International College,四川,成都市,民办高校,文艺,专科,20,,true,false,false,false,false,true,false
RC0290400,chengdu-agricultural-college,成都农业科技职业学院,Chengdu Agricultural College,四川,成都市,地方公办,农林,专科,20,,true,false,false,false,false,false,false
RC0290500,yibin-vocational-and-technical-college,宜宾职业技术学院,Yibin Vocational And Technical College,四川,宜宾市,地方公办,综合,专科,20,,true,false,false,false,false,false,false
RC0290600,luzhou-vocational-and-technical-college,泸州职业技术学院,Luzhou Vocational And Technical College,四川,泸州市,地方公办,综合,专科,20,,true,false,false,false,false,false,false
RC0290700,meishan-vocational-and-technical-college,眉山职业技术学院,Meishan Vocational And Technical College,四川,眉山市,地方公办,综合,专科,20,,true,false,false,false,false,false,false
RC0290800,sichuan-vocational-and-technical-college,四川职业技术学院,Sichuan Vocational And Technical College,四川,遂宁市,地方公办,综合,专科,20,,true,false,false,false,false,false,false
RC0290900,leshan-vocational-and-technical-college,乐山职业技术学院,Leshan Vocational And Technical College,四川,乐山市,地方公办,综合,专科,20,,true,false,false,false,false,false,false
RC0291000,yaan-polytechnic-college,雅安职业技术学院,Ya'an Polytechnic College,四川,雅安市,地方公办,综合,专科,20,,true,false,false,false,false,false,false
RC0291100,sichuan-business-vocational-college,四川商务职业学院,Sichuan Business Vocational College,四川,成都市,地方公办,财经,专科,20,,true,false,false,false,false,false,false
RC0291200,sichuan-judicial-and-police-officers-professional-college,四川司法警官职业学院,Sichuan Judicial And Police Officers Professional College,四川,德阳市,地方公办,政法,专科,20,,true,false,false,false,false,false,false
RC0291300,guangan-vocational-technical-college,广安职业技术学院,Guang'an Vocational & Technical College,四川,广安市,地方公办,综合,专科,20,,true,false,false,false,false,false,false
RC0291400,sichuan-information-technology-college,四川信息职业技术学院,Sichuan Information Technology College,四川,广元市,地方公办,理工,专科,20,,true,false,false,false,false,false,false
RC0291500,sichuan-vocational-college-of-culture-communication,四川文化传媒职业学院,Sichuan Vocational College Of Culture & Communication,四川,成都市,民办高校,文艺,专科,20,,true,false,false,false,false,true,false
RC0291600,sichuan-huaxin-modern-vocational-college,四川华新现代职业学院,Sichuan Huaxin Modern Vocational College,四川,成都市,地方公办,综合,专科,20,,true,false,false,false,false,false,false
RC0291700,sichuan-railway-college,四川铁道职业学院,Sichuan Railway College,四川,成都市,地方公办,理工,专科,20,,true,false,false,false,false,false,false
RC0291800,sichuan-vocational-college-of-art,四川艺术职业学院,Sichuan Vocational College Of Art,四川,成都市,地方公办,文艺,专科,20,,true,false,false,false,false,false,false
RC0291900,sichuan-college-of-traditional-chinese-medicine,四川中医药高等专科学校,Sichuan College Of Traditional Chinese Medicine,四川,绵阳市,地方公办,医药,专科,20,,true,false,false,false,false,false,false
RC0292000,sichuan-university-of-science-and-technology,四川科技职业学院,Sichuan University Of Science And Technology,四川,成都市,民办高校,理工,专科,20,,true,false,false,false,false,true,false
RC0292100,sichuan-vocational-college-of-cultural-industries,四川文化产业职业学院,Sichuan Vocational College Of Cultural Industries,四川,成都市,地方公办,文艺,专科,20,,true,false,false,false,false,false,false
RC0292200,sichuan-vocational-college-of-finance-and-economics,四川财经职业学院,Sichuan Vocational College of Finance and Economics,四川,成都市,地方公办,财经,专科,20,,true,false,false,false,false,false,false
RC0292300,urban-vocational-college-of-sichuan,四川城市职业学院,Urban Vocational College Of Sichuan,四川,成都市,民办高校,综合,专科,20,,true,false,false,false,false,true,false
RC0292400,sichuan-modern-vocational-college,四川现代职业学院,Sichuan Modern Vocational College,四川,成都市,民办高校,理工,专科,20,,true,false,false,false,false,true,false
RC0292500,sichuan-preschool-educators-college,四川幼儿师范高等专科学校,Sichuan Preschool Educators College,四川,绵阳市,地方公办,师范,专科,20,,true,false,false,false,false,false,false
RC0292600,sichuan-changjiang-vocational-college,四川长江职业学院,Sichuan Changjiang Vocational College,四川,成都市,民办高校,综合,专科,20,,true,false,false,false,false,true,false
RC0292700,sichuan-sanhe-college-of-professionals,四川三河职业学院,Sichuan Sanhe College Of Professionals,四川,泸州市,民办高校,综合,专科,20,,true,false,false,false,false,true,false
RC0292800,north-sichuan-college-of-preschool-teacher-education,川北幼儿师范高等专科学校,North Sichuan College Of Preschool Teacher Education,四川,广元市,地方公办,师范,专科,20,,true,false,false,false,false,false,false
RC0292900,sichuan-vocational-college-of-health-and-rehabilitation,四川卫生康复职业学院,Sichuan Vocational College Of Health And Rehabilitation,四川,自贡市,地方公办,医药,专科,20,,true,false,false,false,false,false,false
RC0293000,sichuan-automotive-vocational-and-technical-college,四川汽车职业技术学院,Sichuan Automotive Vocational And Technical College,四川,绵阳市,民办高校,理工,专科,20,,true,false,false,false,false,true,false
RC0293100,bazhong-vocational-and-technical-college,巴中职业技术学院,Bazhong Vocational and Technical College,四川,巴中市,民办高校,综合,专科,20,,true,false,false,false,false,true,false
RC0293200,sichuan-hope-automobile-vocational-college,四川希望汽车职业学院,Sichuan Hope Automobile Vocational College,四川,资阳市,民办高校,理工,专科,20,,true,false,false,false,false,true,false
RC0293300,sichuan-elictronic-machinery-vocationai-and-technical-college,四川电子机械职业技术学院,Sichuan Elictronic Machinery Vocationai And Technical College,四川,绵阳市,民办高校,理工,专科,20,,true,false,false,false,false,true,false
RC0293400,sichuan-winshare-vocational-college,四川文轩职业学院,Sichuan Winshare Vocational College,四川,成都市,民办高校,综合,专科,20,,true,false,false,false,false,true,false
RC0293500,south-sichuan-preschool-education-college,川南幼儿师范高等专科学校,South Sichuan Preschool Education College,四川,内江市,地方公办,师范,专科,20,,true,false,false,false,false,false,false
RC0293600,sichuan-nursing-vocational-college,四川护理职业学院,Sichuan Nursing Vocational College,四川,德阳市,地方公办,医药,专科,20,,true,false,false,false,false,false,false
RC0293700,chengdu-vocational-technical-college-of-industry,成都工业职业技术学院,Chengdu Vocational& Technical College Of Industry,四川,成都市,地方公办,理工,专科,20,,true,false,false,false,false,false,false
RC0293800,sichuan-southwest-vocational-college-of-civil-aviation,四川西南航空职业学院,Sichuan Southwest Vocational College Of Civil Aviation,四川,成都市,民办高校,理工,专科,20,,true,false,false,false,false,true,false
RC0293900,chengdu-industry-and-trade-college,成都工贸职业技术学院,Chengdu Industry And Trade College,四川,成都市,地方公办,综合,专科,20,,true,false,false,false,false,false,false
RC0294000,sichuan-college-of-applied-sciences,四川应用技术职业学院,Sichuan College Of Applied Sciences,四川,凉山彝族自治州,民办高校,综合,专科,20,,true,false,false,false,false,true,false
RC0294100,xichang-minzu-preschool-normal-college,西昌民族幼儿师范高等专科学校,Xichang Minzu Preschool Normal College,四川,凉山彝族自治州,地方公办,师范,专科,20,,true,false,false,false,false,false,false
RC0294200,meishan-pharmaceutical-college,眉山药科职业学院,Meishan Pharmaceutical College,四川,眉山市,民办高校,医药,专科,20,,true,false,false,false,false,true,false
RC0294300,tianfu-information-vocational-college,天府新区信息职业学院,Tianfu Information Vocational College,四川,眉山市,民办高校,综合,专科,20,,true,false,false,false,false,true,false
RC0294400,deyang-college-of-urban-rail-transit,德阳城市轨道交通职业学院,Deyang College Of Urban Rail Transit,四川,德阳市,民办高校,理工,专科,20,,true,false,false,false,false,true,false
RC0294500,deyang-vocational-college-of-technology-and-trade,德阳科贸职业学院,Deyang Vocational College Of Technology And Trade,四川,德阳市,民办高校,财经,专科,20,,true,false,false,false,false,true,false
RC0294600,jiangyang-city-construction-college,江阳城建职业学院,Jiangyang City Construction College,四川,泸州市,民办高校,理工,专科,20,,true,false,false,false,false,true,false
RC0294700,tianfu-new-area-aviation-tourism-college,天府新区航空旅游职业学院,Tianfu New Area Aviation & Tourism College,四川,眉山市,民办高校,财经,专科,20,,true,false,false,false,false,true,false
RC0294800,tianfu-new-area-general-aviation-profession-academy,天府新区通用航空职业学院,Tianfu New Area General Aviation Profession Academy,四川,眉山市,民办高校,理工,专科,20,,true,false,false,false,false,true,false
RC0294900,aba-vocational-college,阿坝职业学院,Aba Vocational College,四川,阿坝藏族羌族自治州,地方公办,综合,专科,20,,true,false,false,false,false,false,false
RC0295000,dazhou-vocational-college-of-chinese-medicine,达州中医药职业学院,Dazhou Vocational College Of Chinese Medicine,四川,达州市,地方公办,医药,专科,20,,true,false,false,false,false,false,false
RC0295100,neijiang-health-vocational-college,内江卫生与健康职业学院,Neijiang Health Vocational College,四川,内江市,地方公办,医药,专科,20,,true,false,false,false,false,false,false
RC0295200,nanchong-vocational-college-of-science-and-technology,南充科技职业学院,Nanchong Vocational College Of Science And Technology,四川,南充市,民办高校,综合,专科,20,,true,false,false,false,false,true,false
RC0295300,panzhihua-panxi-vocational-college,攀枝花攀西职业学院,Panzhihua Panxi Vocational College,四川,攀枝花市,民办高校,综合,专科,20,,true,false,false,false,false,true,false
RC0295400,ziyang-college-of-dental-technology,资阳口腔职业学院,Ziyang College Of Dental Technology,四川,资阳市,民办高校,医药,专科,20,,true,false,false,false,false,true,false
RC0295500,ziyang-college-of-environmental-science-and-techology,资阳环境科技职业学院,Ziyang College Of Environmental Science And Techology,四川,资阳市,民办高校,理工,专科,20,,true,false,false,false,false,true,false
RC0295600,nanchong-vocational-college-of-culture-and-tourism,南充文化旅游职业学院,Nanchong Vocational College Of Culture And Tourism,四川,南充市,地方公办,财经,专科,20,,true,false,false,false,false,false,false
RC0295700,nanchong-film-industry-vocational-academy,南充电影工业职业学院,Nanchong Film Industry Vocational Academy,四川,南充市,民办高校,文艺,专科,20,,true,false,false,false,false,true,false
RC0295800,vocational-flight-college-of-mianyang,绵阳飞行职业学院,Vocational Flight College Of Mianyang,四川,绵阳市,民办高校,理工,专科,20,,true,false,false,false,false,true,false
RC0295900,deyang-agricultural-college,德阳农业科技职业学院,Deyang Agricultural College,四川,德阳市,民办高校,综合,专科,20,,true,false,false,false,false,true,false
RC0296000,luzhou-college-of-medical-devices,泸州医疗器械职业学院,Luzhou College Of Medical Devices,四川,泸州市,民办高校,医药,专科,20,,true,false,false,false,false,true,false
RC0296100,gan-zi-zhi-ye-xue-yuan,甘孜职业学院,Gan Zi Zhi Ye Xue Yuan,四川,甘孜藏族自治州,地方公办,综合,专科,20,,true,false,false,false,false,false,false
RC0296200,zigong-vocational-and-technical-college,自贡职业技术学院,Zigong Vocational And Technical College,四川,自贡市,民办高校,综合,专科,20,,true,false,false,false,false,true,false
RC0296300,guangyuan-china-nuclear-vocational-and-technical-college,广元中核职业技术学院,Guangyuan China Nuclear Vocational And Technical College,四川,广元市,民办高校,理工,专科,20,,true,false,false,false,false,true,false
RC0296400,sichuan-sports-college,四川体育职业学院,Sichuan Sports College,四川,成都市,地方公办,体育,专科,20,,true,false,false,false,false,false,false
RC0296500,qiannan-medical-college-for-nationalities,黔南民族医学高等专科学校,Qiannan Medical College For Nationalities,贵州,黔南布依族苗族自治州,地方公办,医药,专科,20,,true,false,false,false,false,false,false
RC0296700,guizhou-aerospace-vocational-and-technical-college,贵州航天职业技术学院,Guizhou Aerospace Vocational And Technical College,贵州,遵义市,地方公办,理工,专科,20,,true,false,false,false,false,false,false
RC0296800,guizhou-vocational-technology-college-of-electronics-information,贵州电子信息职业技术学院,Guizhou Vocational Technology College Of Electronics & Information,贵州,黔东南苗族侗族自治州,地方公办,理工,专科,20,,true,false,false,false,false,false,false
RC0296900,anshun-vocational-and-technical-college,安顺职业技术学院,Anshun Vocational and Technical College,贵州,安顺市,地方公办,综合,专科,20,,true,false,false,false,false,false,false
RC0297000,qiandongnan-national-polytechnic,黔东南民族职业技术学院,Qiandongnan National Polytechnic,贵州,黔东南苗族侗族自治州,地方公办,综合,专科,20,,true,false,false,false,false,false,false
RC0297100,qiannan-polytechnic-for-nationality,黔南民族职业技术学院,Qiannan Polytechnic For Nationality,贵州,黔南布依族苗族自治州,地方公办,综合,专科,20,,true,false,false,false,false,false,false
RC0297200,zunyi-vocational-and-technical-college,遵义职业技术学院,Zunyi Vocational And Technical College,贵州,遵义市,地方公办,综合,专科,20,,true,false,false,false,false,false,false
RC0297300,guizhou-city-vocational-college,贵州城市职业学院,Guizhou City Vocational College,贵州,贵阳市,民办高校,综合,专科,20,,true,false,false,false,false,true,false
RC0297500,guizhou-electric-power-vocational-and-technical-college,贵州电力职业技术学院,Guizhou Electric Power Vocational And Technical College,贵州,贵阳市,地方公办,,专科,20,,true,false,false,false,false,false,false
RC0297600,liupanshui-vocational-and-technical-college,六盘水职业技术学院,Liupanshui Vocational And Technical College,贵州,六盘水市,地方公办,综合,专科,20,,true,false,false,false,false,false,false
RC0297800,southwest-guizhou-vocational-and-technical-college,黔西南民族职业技术学院,Southwest Guizhou Vocational And Technical College,贵州,黔西南布依族苗族自治州,地方公办,综合,专科,20,,true,false,false,false,false,false,false
RC0298000,zunyi-medical-and-pharmaceutical-college,遵义医药高等专科学校,Zunyi Medical And Pharmaceutical College,贵州,遵义市,地方公办,医药,专科,20,,true,false,false,false,false,false,false
RC0298100,guiyang-vocational-and-technical-college,贵阳职业技术学院,Guiyang Vocational And Technical College,贵州,贵阳市,地方公办,理工,专科,20,,true,false,false,false,false,false,false
RC0298200,bijie-vocational-and-technical-college,毕节职业技术学院,Bijie Vocational and Technical College,贵州,毕节市,地方公办,综合,专科,20,,true,false,false,false,false,false,false
RC0298300,guizhou-vocational-technology-institute,贵州职业技术学院,Guizhou Vocational Technology Institute,贵州,贵阳市,地方公办,综合,专科,20,,true,false,false,false,false,false,false
RC0298400,guizhou-forerunner-college,贵州盛华职业学院,Guizhou Forerunner College,贵州,黔南布依族苗族自治州,民办高校,综合,专科,20,,true,false,false,false,false,true,false
RC0298600,guiyang-preschool-educatlon-college,贵阳幼儿师范高等专科学校,Guiyang Preschool Educatlon College,贵州,贵阳市,地方公办,师范,专科,20,,true,false,false,false,false,false,false
RC0298700,tongren-preschool-education-college,铜仁幼儿师范高等专科学校,Tongren Preschool Education College,贵州,铜仁市,地方公办,师范,专科,20,,true,false,false,false,false,false,false
RC0298800,qiannan-preschool-education-college-for-nationalities,黔南民族幼儿师范高等专科学校,Qiannan Preschool Education College For Nationalities,贵州,黔南布依族苗族自治州,地方公办,师范,专科,20,,true,false,false,false,false,false,false
RC0298900,bijie-medical-college,毕节医学高等专科学校,Bijie Medical College,贵州,毕节市,地方公办,医药,专科,20,,true,false,false,false,false,false,false
RC0299000,guizhou-polytechnic-of-construction,贵州建设职业技术学院,Guizhou Polytechnic Of Construction,贵州,贵阳市,地方公办,理工,专科,20,,true,false,false,false,false,false,false
RC0299100,bijie-preschool-education-college,毕节幼儿师范高等专科学校,Bijie Preschool Education College,贵州,毕节市,地方公办,师范,专科,20,,true,false,false,false,false,false,false
RC0299200,guizhou-vocational-college-of-agriculture,贵州农业职业学院,Guizhou Vocational College Of Agriculture,贵州,贵阳市,地方公办,农林,专科,20,,true,false,false,false,false,false,false
RC0299300,guizhou-engineering-vocational-college,贵州工程职业学院,Guizhou Engineering Vocational College,贵州,铜仁市,民办高校,综合,专科,20,,true,false,false,false,false,true,false
RC0299400,guizhou-vocational-college-of-industry-and-trade,贵州工贸职业学院,Guizhou Vocational College Of Industry And Trade,贵州,毕节市,民办高校,综合,专科,20,,true,false,false,false,false,true,false
RC0299500,guizhou-vocational-and-technical-college-of-water-resources-and-hydropower,贵州水利水电职业技术学院,Guizhou Vocational And Technical College Of Water Resources And Hydropower,贵州,贵阳市,地方公办,理工,专科,20,,true,false,false,false,false,false,false
RC0299600,guizhou-electronic-commerce-vocational-college,贵州电子商务职业技术学院,Guizhou Electronic Commerce Vocational College,贵州,贵阳市,地方公办,财经,专科,20,,true,false,false,false,false,false,false
RC0299700,guizhou-vocational-institute-of-technology,贵州应用技术职业学院,Guizhou Vocational Institute Of Technology,贵州,黔南布依族苗族自治州,民办高校,理工,专科,20,,true,false,false,false,false,true,false
RC0299800,guizhou-electronic-technology-college,贵州电子科技职业学院,Guizhou Electronic Technology College,贵州,贵阳市,地方公办,理工,专科,20,,true,false,false,false,false,false,false
RC0299900,guizhou-equipment-manufacturing-vocational-college,贵州装备制造职业学院,Guizhou Equipment Manufacturing Vocational College,贵州,贵阳市,地方公办,理工,专科,20,,true,false,false,false,false,false,false
RC0300000,guzhou-college-of-health-prodessions,贵州健康职业学院,Guzhou College Of Health Prodessions,贵州,铜仁市,地方公办,医药,专科,20,,true,false,false,false,false,false,false
RC0300100,guizhou-vocational-college-of-foodstuff-engineering,贵州食品工程职业学院,Guizhou Vocational College Of Foodstuff Engineering,贵州,贵阳市,地方公办,综合,专科,20,,true,false,false,false,false,false,false
RC0300200,guizhou-vocational-and-technical-college-of-economics-and-trade,贵州经贸职业技术学院,Guizhou Vocational And Technical College Of Economics And Trade,贵州,黔南布依族苗族自治州,地方公办,财经,专科,20,,true,false,false,false,false,false,false
RC0300300,guizhou-nursing-vocational-college,贵州护理职业技术学院,Guizhou Nursing Vocational College,贵州,黔南布依族苗族自治州,地方公办,医药,专科,20,,true,false,false,false,false,false,false
RC0300400,liupanshui-preschool-educatlon-college,六盘水幼儿师范高等专科学校,Liupanshui Preschool Educatlon College,贵州,六盘水市,地方公办,师范,专科,20,,true,false,false,false,false,false,false
RC0300500,bijie-industry-polytechnic-college,毕节工业职业技术学院,Bijie Industry Polytechnic College,贵州,毕节市,地方公办,理工,专科,20,,true,false,false,false,false,false,false
RC0300600,guizhou-technological-college-of-machinery-and-electricity,贵州机电职业技术学院,Guizhou Technological College Of Machinery And Electricity,贵州,黔南布依族苗族自治州,地方公办,综合,专科,20,,true,false,false,false,false,false,false
RC0300700,guizhou-vocational-college-of-finance-and-economics,贵州财经职业学院,Guizhou Vocational College Of Finance And Economics,贵州,贵阳市,地方公办,财经,专科,20,,true,false,false,false,false,false,false
RC0300800,guizhou-civil-aviation-vocational-college,贵州民用航空职业学院,Guizhou Civil Aviation Vocational College,贵州,安顺市,民办高校,理工,专科,20,,true,false,false,false,false,true,false
RC0300900,guizhou-vocational-college-of-culture-and-tourism,贵州文化旅游职业学院,Guizhou Vocational College Of Culture And Tourism,贵州,贵阳市,地方公办,财经,专科,20,,true,false,false,false,false,false,false
RC0301000,guizhou-aviation-vocational-and-technical-college,贵州航空职业技术学院,Guizhou Aviation Vocational And Technical College,贵州,贵阳市,地方公办,理工,专科,20,,true,false,false,false,false,false,false
RC0301200,yunnan-land-and-resourcesvocational-college,云南国土资源职业学院,Yunnan Land And Resourcesvocational College,云南,昆明市,地方公办,理工,专科,20,,true,false,false,false,false,false,false
RC0301300,yunnan-communications-vocational-and-technical-college,云南交通职业技术学院,Yunnan Communications Vocational And Technical College,云南,昆明市,地方公办,理工,专科,20,,true,false,false,false,false,false,false
RC0301400,kunming-vocational-and-technical-college-of-industry,昆明工业职业技术学院,Kunming Vocational And Technical College Of Industry,云南,昆明市,地方公办,理工,专科,20,,true,false,false,false,false,false,false
RC0301500,yunnan-vocational-and-technical-college-of-agriculture,云南农业职业技术学院,Yunnan Vocational And Technical College Of Agriculture,云南,昆明市,地方公办,农林,专科,20,,true,false,false,false,false,false,false
RC0301600,yunnan-vocational-college-of-judicial-police,云南司法警官职业学院,Yunnan Vocational College Of Judicial Police,云南,昆明市,地方公办,政法,专科,20,,true,false,false,false,false,false,false
RC0301700,yunnan-vocational-college-of-culture-art,云南文化艺术职业学院,Yunnan Vocational College Of Culture & Art,云南,昆明市,地方公办,文艺,专科,20,,true,false,false,false,false,false,false
RC0301800,yunnan-physical-science-and-sports-professional-college,云南体育运动职业技术学院,Yunnan Physical Science And Sports Professional College,云南,昆明市,地方公办,体育,专科,20,,true,false,false,false,false,false,false
RC0301900,yunnan-vocational-college-of-science-and-technology-information,云南科技信息职业学院,Yunnan Institute of Technology and Information,云南,昆明市,民办高校,综合,专科,20,,true,false,false,false,false,true,false
RC0302000,xishuangbanna-vocational-and-technical-college,西双版纳职业技术学院,Xishuangbanna Vocational And Technical College,云南,西双版纳傣族自治州,地方公办,综合,专科,20,,true,false,false,false,false,false,false
RC0302100,kunming-professional-college-of-arts,昆明艺术职业学院,Kunming Professional College Of Arts,云南,昆明市,民办高校,文艺,专科,20,,true,false,false,false,false,true,false
RC0302200,yuxi-agriculture-vocation-technical-college,玉溪农业职业技术学院,Yuxi Agriculture Vocation-Technical College,云南,玉溪市,地方公办,农林,专科,20,,true,false,false,false,false,false,false
RC0302300,yunnan-vocational-institute-of-energy-technology,云南能源职业技术学院,Yunnan Vocational Institute Of Energy Technology,云南,曲靖市,地方公办,理工,专科,20,,true,false,false,false,false,false,false
RC0302400,yunnan-national-defense-industry-vocational-and-technical-college,云南国防工业职业技术学院,Yunnan National Defense Industry Vocational And Technical College,云南,昆明市,地方公办,理工,专科,20,,true,false,false,false,false,false,false
RC0302500,yunnan-vocational-college-of-mechanical-and-electrical-technology,云南机电职业技术学院,Yunnan Vocational College Of Mechanical And Electrical Technology,云南,昆明市,地方公办,理工,专科,20,,true,false,false,false,false,false,false
RC0302600,yunnan-forestry-technological-college,云南林业职业技术学院,Yunnan Forestry Technological College,云南,昆明市,地方公办,农林,专科,20,,true,false,false,false,false,false,false
RC0302700,yunnan-urban-construction-vocational-college,云南城市建设职业学院,Yunnan Urban Construction Vocational College,云南,昆明市,民办高校,综合,专科,20,,true,false,false,false,false,true,false
RC0302800,yunnan-engineering-vocational-college,云南工程职业学院,Yunnan Engineering Vocational College,云南,昆明市,民办高校,理工,专科,20,,true,false,false,false,false,true,false
RC0303000,chuxiong-medical-college,楚雄医药高等专科学校,Chuxiong Medical College,云南,楚雄彝族自治州,地方公办,医药,专科,20,,true,false,false,false,false,false,false
RC0303100,baoshan-college-of-traditional-chinese-medicine,保山中医药高等专科学校,Baoshan College Of Traditional Chinese Medicine,云南,保山市,地方公办,医药,专科,20,,true,false,false,false,false,false,false
RC0303400,yunnan-xinxing-occupations-institute,云南新兴职业学院,Yunnan Xinxing Occupations Institute,云南,昆明市,民办高校,医药,专科,20,,true,false,false,false,false,true,false
RC0303500,yunnan-tin-vocation-technical-college,云南锡业职业技术学院,Yunnan Tin Vocation&Technical College,云南,红河哈尼族彝族自治州,地方公办,理工,专科,20,,true,false,false,false,false,false,false
RC0303700,yunnan-sanxin-vocational-and-technical-college,云南三鑫职业技术学院,Yunnan Sanxin Vocational And Technical College,云南,文山壮族苗族自治州,民办高校,理工,专科,20,,true,false,false,false,false,true,false
RC0303800,dehong-vocational-college,德宏职业学院,Dehong Vocational College,云南,德宏傣族景颇族自治州,地方公办,综合,专科,20,,true,false,false,false,false,false,false
RC0303900,yunnan-business-vocational-college,云南商务职业学院,Yunnan Business Vocational College,云南,昆明市,民办高校,财经,专科,20,,true,false,false,false,false,true,false
RC0304000,kunming-health-vocational-college,昆明卫生职业学院,Kunming Health Vocational College,云南,昆明市,民办高校,医药,专科,20,,true,false,false,false,false,true,false
RC0304100,yunnan-modern-vocational-technology-college,云南现代职业技术学院,Yunnan Modern Vocational Technology College,云南,楚雄彝族自治州,地方公办,理工,专科,20,,true,false,false,false,false,false,false
RC0304200,yunnan-college-of-tourism-vocation,云南旅游职业学院,Yunnan College Of Tourism Vocation,云南,昆明市,地方公办,财经,专科,20,,true,false,false,false,false,false,false
RC0304300,honghe-health-vocational-college,红河卫生职业学院,Honghe Health Vocational College,云南,红河哈尼族彝族自治州,地方公办,医药,专科,20,,true,false,false,false,false,false,false
RC0304400,yunnan-college-of-foreign-affairs-foreign-language,云南外事外语职业学院,Yunnan College Of Foreign Affairs & Foreign Language,云南,昆明市,民办高校,综合,专科,20,,true,false,false,false,false,true,false
RC0304500,dali-vocational-and-technical-college-of-agriculture-and-forestry,大理农林职业技术学院,Dali Vocational And Technical College Of Agriculture And Forestry,云南,大理白族自治州,地方公办,农林,专科,20,,true,false,false,false,false,false,false
RC0304600,public-security-fire-force-college,公安消防部队高等专科学校,Public Security Fire Force College,云南,昆明市,中央部属,,专科,20,,true,false,false,false,false,false,false
RC0304700,yunnan-college-of-finance-and-economics,云南财经职业学院,Yunnan College Of Finance And Economics,云南,昆明市,地方公办,财经,专科,20,,true,false,false,false,false,false,false
RC0304800,kunming-railway-vocational-technical-college,昆明铁道职业技术学院,Kunming Railway Vocational Technical College,云南,昆明市,地方公办,理工,专科,20,,true,false,false,false,false,false,false
RC0304900,zhaotong-health-vocational-college,昭通卫生职业学院,Zhaotong Health Vocational College,云南,昭通市,地方公办,医药,专科,20,,true,false,false,false,false,false,false
RC0305000,dali-nursing-vocational-college,大理护理职业学院,Dali Nursing Vocational College,云南,大理白族自治州,地方公办,医药,专科,20,,true,false,false,false,false,false,false
RC0305100,yunnan-waterresources-and-hydropower-vocational-college,云南水利水电职业学院,Yunnan Waterresources And Hydropower Vocational College,云南,昆明市,地方公办,理工,专科,20,,true,false,false,false,false,false,false
RC0305200,yunnan-light-and-textile-industry-vocationalcollege,云南轻纺职业学院,Yunnan Light And Textile Industry Vocationalcollege,云南,昆明市,地方公办,理工,专科,20,,true,false,false,false,false,false,false
RC0305300,yunnan-vocational-college-of-special-education,云南特殊教育职业学院,Yunnan Vocational College Of Special Education,云南,昆明市,地方公办,综合,专科,20,,true,false,false,false,false,false,false
RC0305400,yunnan-industry-trade-vocational-college,云南工贸职业技术学院,Yunnan Industry & Trade Vocational College,云南,昆明市,地方公办,综合,专科,20,,true,false,false,false,false,false,false
RC0305500,yunnan-vocational-college-of-transportation,云南交通运输职业学院,Yunnan Vocational College Of Transportation,云南,昆明市,地方公办,理工,专科,20,,true,false,false,false,false,false,false
RC0305600,kunming-preschool-teachers-college,昆明幼儿师范高等专科学校,Kunming Preschool Teachers College,云南,昆明市,地方公办,师范,专科,20,,true,false,false,false,false,false,false
RC0305700,yunnan-medical-health-college,云南医药健康职业学院,Yunnan Medical Health College,云南,昆明市,民办高校,医药,专科,20,,true,false,false,false,false,true,false
RC0305800,yunnan-polytechnic-college,云南理工职业学院,Yunnan Polytechnic College,云南,昆明市,民办高校,理工,专科,20,,true,false,false,false,false,true,false
RC0305900,qujing-vocational-and-technical-college,曲靖职业技术学院,Qujing Vocational And Technical College,云南,曲靖市,地方公办,综合,专科,20,,true,false,false,false,false,false,false
RC0306000,honghe-vocational-and-technical-college,红河职业技术学院,Honghe Vocational And Technical College,云南,红河哈尼族彝族自治州,地方公办,综合,专科,20,,true,false,false,false,false,false,false
RC0306100,tibet-police-college,西藏警官高等专科学校,Tibet Police College,西藏,拉萨市,地方公办,政法,专科,20,,true,false,false,false,false,false,false
RC0306300,tibet-vocational-technical-college,西藏职业技术学院,Xizang Vocational Technical College,西藏,拉萨市,地方公办,理工,专科,20,,true,false,false,false,false,false,false
RC0306600,xian-electric-power-college,西安电力高等专科学校,Xi'an Electric Power College,陕西,西安市,地方公办,理工,专科,20,,true,false,false,false,false,false,false
RC0306700,shaanxi-energy-institute,陕西能源职业技术学院,Shaanxi Energy Institute,陕西,咸阳市,地方公办,理工,专科,20,,true,false,false,false,false,false,false
RC0306800,shaanxi-institute-of-technology,陕西国防工业职业技术学院,Shaanxi Institute Of Technology,陕西,西安市,地方公办,理工,专科,20,,true,false,false,false,false,false,false
RC0306900,xian-aeronautical-polytechnic-institute,西安航空职业技术学院,XI'AN Aeronautical Polytechnic Institute,陕西,西安市,地方公办,理工,专科,20,,true,false,false,false,false,false,false
RC0307000,shanxi-vocational-college-of-finance-and-economics,陕西财经职业技术学院,Shaanxi Technical College of Finance & Economics,陕西,咸阳市,地方公办,财经,专科,20,,true,false,false,false,false,false,false
RC0307100,shanxi-college-of-communications-technology,陕西交通职业技术学院,Shaanxi College of Communications Technology,陕西,西安市,地方公办,理工,专科,20,,true,false,false,false,false,false,false
RC0307200,shaanxi-vocational-and-technical-college,陕西职业技术学院,Shaanxi Vocational And Technical College,陕西,西安市,地方公办,综合,专科,20,,true,false,false,false,false,false,false
RC0307300,xian-high-tech-university,西安高新科技职业学院,Xi'an High-Tech University,陕西,西安市,民办高校,理工,专科,20,,true,false,false,false,false,true,false
RC0307400,xian-urban-architectural-college,西安城市建设职业学院,Xi'An Urban Architectural College,陕西,西安市,民办高校,理工,专科,20,,true,false,false,false,false,true,false
RC0307500,shaanxi-railway-institute,陕西铁路工程职业技术学院,Shaanxi Railway Institute,陕西,渭南市,地方公办,理工,专科,20,,true,false,false,false,false,false,false
RC0307600,baoji-vocational-technical-college,宝鸡职业技术学院,Baoji Vocational & Technical College,陕西,宝鸡市,地方公办,师范,专科,20,,true,false,false,false,false,false,false
RC0307700,shaanxi-institute-of-technology-of-profession-of-aviation,陕西航空职业技术学院,Shaanxi Institute Of Technology Of Profession Of Aviation,陕西,汉中市,地方公办,理工,专科,20,,true,false,false,false,false,false,false
RC0307800,shaanxi-electronic-information-institute,陕西电子信息职业技术学院,Shaanxi Electronic Information Institute,陕西,西安市,民办高校,理工,专科,20,,true,false,false,false,false,true,false
RC0307900,shaanxi-post-vocational-and-technical-college,陕西邮电职业技术学院,Shaanxi Post Vocational And Technical College,陕西,咸阳市,地方公办,理工,专科,20,,true,false,false,false,false,false,false
RC0308000,xi-an-haitang-vocational-college,西安海棠职业学院,Xi'an Haitang Vocational College,陕西,西安市,民办高校,医药,专科,20,,true,false,false,false,false,true,false
RC0308100,xian-health-engineering-voctional-college,西安健康工程职业学院,Xi'An Health Engineering Voctional College,陕西,西安市,民办高校,综合,专科,20,,true,false,false,false,false,true,false
RC0308300,shanxi-vocational-technology-college-of-economic-management,陕西经济管理职业技术学院,Shanxi Vocational Technology College Of Economic Management,陕西,西安市,地方公办,,专科,20,,true,false,false,false,false,false,false
RC0308400,xian-railway-vocational-technical-institute,西安铁路职业技术学院,Xi'An Railway Vocational & Technical Institute,陕西,西安市,地方公办,理工,专科,20,,true,false,false,false,false,false,false
RC0308500,xianyang-vocational-technical-college,咸阳职业技术学院,Xianyang Vocational Technical College,陕西,咸阳市,地方公办,综合,专科,20,,true,false,false,false,false,false,false
RC0308600,xi-an-vocational-and-technical-college,西安职业技术学院,Xi'an Vocational And Technical College,陕西,西安市,地方公办,综合,专科,20,,true,false,false,false,false,false,false
RC0308700,shangluo-vocational-and-technical-college,商洛职业技术学院,Shangluo Vocational And Technical College,陕西,商洛市,地方公办,综合,专科,20,,true,false,false,false,false,false,false
RC0308800,hanzhong-vocational-and-technical-college,汉中职业技术学院,Hanzhong Vocational And Technical College,陕西,汉中市,地方公办,综合,专科,20,,true,false,false,false,false,false,false
RC0308900,yan-an-vocational-technical-college,延安职业技术学院,Yan'an Vocational & Technical College,陕西,延安市,地方公办,理工,专科,20,,true,false,false,false,false,false,false
RC0309000,weinan-vocational-and-technical-college,渭南职业技术学院,Weinan Vocational And Technical College,陕西,渭南市,地方公办,综合,专科,20,,true,false,false,false,false,false,false
RC0309100,ankang-vocational-technical-college,安康职业技术学院,Ankang Vocational Technical College,陕西,安康市,地方公办,综合,专科,20,,true,false,false,false,false,false,false
RC0309200,tongchuan-vocational-and-technical-college,铜川职业技术学院,Tongchuan Vocational And Technical College,陕西,铜川市,地方公办,综合,专科,20,,true,false,false,false,false,false,false
RC0309300,shaanxi-youth-vocational-college,陕西青年职业学院,Shaanxi Youth Vocational College,陕西,西安市,地方公办,综合,专科,20,,true,false,false,false,false,false,false
RC0309400,shaanxi-business-college,陕西工商职业学院,Shaanxi Business College,陕西,西安市,地方公办,综合,专科,20,,true,false,false,false,false,false,false
RC0309500,shaanxi-tourism-cuisine-professional-college,陕西旅游烹饪职业学院,Shaanxi Tourism Cuisine Professional College,陕西,西安市,民办高校,财经,专科,20,,true,false,false,false,false,true,false
RC0309600,xi-an-medical-college,西安医学高等专科学校,Xi'an Medical College,陕西,西安市,民办高校,医药,专科,20,,true,false,false,false,false,true,false
RC0309700,yulin-vocational-and-technical-college,榆林职业技术学院,Yulin Vocational And Technical College,陕西,榆林市,地方公办,综合,专科,20,,true,false,false,false,false,false,false
RC0309800,shanxi-vocational-academy-of-art,陕西艺术职业学院,Shaanxi Vocational Academy of Art,陕西,西安市,地方公办,文艺,专科,20,,true,false,false,false,false,false,false
RC0309900,shenmu-vocational-technical-college,神木职业技术学院,Shenmu Vocational & Technical College,陕西,榆林市,地方公办,综合,专科,20,,true,false,false,false,false,false,false
RC0310000,baoji-sanhe-vocational-college,宝鸡三和职业学院,Baoji Sanhe Vocational College,陕西,宝鸡市,民办高校,综合,专科,20,,true,false,false,false,false,true,false
RC0310100,yulin-energy-technology-vocational-college,榆林能源科技职业学院,Yulin Energy Technology Vocational College,陕西,榆林市,民办高校,综合,专科,20,,true,false,false,false,false,true,false
RC0310200,baoji-zhongbei-vocational-college,宝鸡中北职业学院,Baoji Zhongbei Vocational College,陕西,宝鸡市,民办高校,综合,专科,20,,true,false,false,false,false,true,false
RC0310300,shaanxi-institute-of-mechatronic-technology,陕西机电职业技术学院,Shaanxi Institute Of Mechatronic Technology,陕西,宝鸡市,地方公办,理工,专科,20,,true,false,false,false,false,false,false
RC0310500,dingxi-teachers-college,定西师范高等专科学校,Dingxi Teachers College,甘肃,定西市,地方公办,师范,专科,20,,true,false,false,false,false,false,false
RC0310600,gansu-vocational-college-of-architecture,甘肃建筑职业技术学院,Gansu Vocational College Of Architecture,甘肃,兰州市,地方公办,理工,专科,20,,true,false,false,false,false,false,false
RC0310800,lanzhou-college-of-foreign-studies,兰州外语职业学院,Lanzhou College of Foreign Studies,甘肃,兰州市,民办高校,师范,专科,20,,true,false,false,false,false,true,false
RC0310900,lanzhou-vocational-technical-college,兰州职业技术学院,Lanzhou Vocational Technical College,甘肃,兰州市,地方公办,综合,专科,20,,true,false,false,false,false,false,false
RC0311400,gansu-vocational-and-technical-college-of-communications,甘肃交通职业技术学院,Gansu Vocational And Technical College Of Communications,甘肃,兰州市,地方公办,理工,专科,20,,true,false,false,false,false,false,false
RC0311500,gansu-vocational-college-of-agricultural,甘肃农业职业技术学院,Gansu Vocational College Of Agricultural,甘肃,兰州市,地方公办,农林,专科,20,,true,false,false,false,false,false,false
RC0311600,gansu-polytechnic-college-of-animal-husbandry-engineering,甘肃畜牧工程职业技术学院,Gansu Polytechnic College of Animal Husbandry & Engineering,甘肃,武威市,地方公办,农林,专科,20,,true,false,false,false,false,false,false
RC0311700,gansu-iron-and-steel-vocational-technical-college,甘肃钢铁职业技术学院,Gansu Iron And Steel Vocational Technical College,甘肃,嘉峪关市,地方公办,理工,专科,20,,true,false,false,false,false,false,false
RC0311800,gansu-institute-of-mechanical-electrical-engineering,甘肃机电职业技术学院,,甘肃,天水市,,,专科,20,,true,false,false,false,false,false,false
RC0311900,gansu-vocational-technical-college-of-nonferrous-metallurgy,甘肃有色冶金职业技术学院,Gansu Vocational & Technical College Of Nonferrous Metallurgy,甘肃,金昌市,地方公办,理工,专科,20,,true,false,false,false,false,false,false
RC0312000,baiyin-vocational-college-of-mining-and-metalurgy,白银矿冶职业技术学院,Baiyin Vocational College of Mining And Metalurgy,甘肃,白银市,地方公办,理工,专科,20,,true,false,false,false,false,false,false
RC0312100,gansu-health-vocational-college,甘肃卫生职业学院,Gansu Health Vocational College,甘肃,兰州市,地方公办,医药,专科,20,,true,false,false,false,false,false,false
RC0312200,lanzhou-vocational-college-of-science-technology,兰州科技职业学院,Lanzhou Vocational College Of Science&Technology,甘肃,兰州市,民办高校,综合,专科,20,,true,false,false,false,false,true,false
RC0312300,qingyang-vocational-and-technical-college,庆阳职业技术学院,Qingyang Vocational And Technical College,甘肃,庆阳市,地方公办,理工,专科,20,,true,false,false,false,false,false,false
RC0312400,linxia-modern-vocational-college,临夏现代职业学院,Linxia Modern Vocational College,甘肃,临夏回族自治州,地方公办,综合,专科,20,,true,false,false,false,false,false,false
RC0312500,lanzhou-modern-vocational-college,兰州现代职业学院,Lanzhou Modern Vocational College,甘肃,兰州市,地方公办,综合,专科,20,,true,false,false,false,false,false,false
RC0312600,pingliang-vocational-technical-college,平凉职业技术学院,Pingliang Vocational &Technical College,甘肃,平凉市,地方公办,综合,专科,20,,true,false,false,false,false,false,false
RC0312700,peili-vocational-college,培黎职业学院,Peili Vocational College,甘肃,张掖市,地方公办,综合,专科,20,,true,false,false,false,false,false,false
RC0312800,lanzhou-aviation-technology-college,兰州航空职业技术学院,Lanzhou Aviation Technology College,甘肃,兰州市,地方公办,理工,专科,20,,true,false,false,false,false,false,false
RC0312900,baiyin-hope-vocational-and-technical-college,白银希望职业技术学院,Baiyin Hope Vocational and Technical College,甘肃,白银市,民办高校,综合,专科,20,,true,false,false,false,false,true,false
RC0313000,gansu-vocational-college-of-finance-and-trade,甘肃财贸职业学院,Gansu Vocational College Of Finance And Trade,甘肃,兰州市,地方公办,财经,专科,20,,true,false,false,false,false,false,false
RC0313100,qinghai-institute-of-health-sciences,青海卫生职业技术学院,Qinghai Institute Of Health Sciences,青海,西宁市,地方公办,医药,专科,20,,true,false,false,false,false,false,false
RC0313200,qinghai-vocational-college-of-police-officers,青海警官职业学院,Qinghai Vocational College Of Police Officers,青海,西宁市,地方公办,政法,专科,20,,true,false,false,false,false,false,false
RC0313300,qinghai-agri-animal-husbandry-vocational-college,青海农牧科技职业学院,Qinghai Agri-Animal Husbandry Vocational College,青海,西宁市,地方公办,农林,专科,20,,true,false,false,false,false,false,false
RC0313500,qinghai-college-of-architectural-technology,青海建筑职业技术学院,Qinghai College Of Architectural Technology,青海,西宁市,地方公办,理工,专科,20,,true,false,false,false,false,false,false
RC0313600,xining-urban-vocation-technical-college,西宁城市职业技术学院,Xining Urban Vocation & Technical College,青海,西宁市,地方公办,综合,专科,20,,true,false,false,false,false,false,false
RC0313700,qinghai-higher-vocational-and-technical-institute,青海高等职业技术学院,Qinghai Higher Vocational And Technical Institute,青海,海东市,地方公办,综合,专科,20,,true,false,false,false,false,false,false
RC0313800,qinghai-qaidam-vocational-technical-college,青海柴达木职业技术学院,Qinghai Qaidam Vocational ＆Technical College,青海,海西蒙古族藏族自治州,地方公办,理工,专科,20,,true,false,false,false,false,false,false
RC0313900,ningxia-vocational-and-technical-college-for-minorities,宁夏民族职业技术学院,Ningxia Vocational And Technical College For Minorities,宁夏,吴忠市,地方公办,师范,专科,20,,true,false,false,false,false,false,false
RC0314000,ningxia-institute-of-industry-technology,宁夏工业职业学院,Ningxia Institute Of Industry Technology,宁夏,银川市,地方公办,理工,专科,20,,true,false,false,false,false,false,false
RC0314300,ningxia-college-of-finance-and-economics,宁夏财经职业技术学院,Ningxia College Of Finance And Economics,宁夏,银川市,地方公办,财经,专科,20,,true,false,false,false,false,false,false
RC0314400,ningxia-police-vocational-college,宁夏警官职业学院,Ningxia Police Vocational College,宁夏,银川市,地方公办,政法,专科,20,,true,false,false,false,false,false,false
RC0314500,ningxia-college-of-construction,宁夏建设职业技术学院,Ningxia College Of Construction,宁夏,银川市,地方公办,理工,专科,20,,true,false,false,false,false,false,false
RC0314600,ningxia-technical-college-of-wine-and-desertification-prevention,宁夏葡萄酒与防沙治沙职业技术学院,Ningxia Technical College Of Wine And Desertification Prevention,宁夏,银川市,地方公办,农林,专科,20,,true,false,false,false,false,false,false
RC0314700,ningxia-preschool-education-college,宁夏幼儿师范高等专科学校,Ningxia Preschool Education College,宁夏,银川市,地方公办,师范,专科,20,,true,false,false,false,false,false,false
RC0314800,ningxia-art-vocational-college,宁夏艺术职业学院,Ningxia Art Vocational College,宁夏,银川市,地方公办,文艺,专科,20,,true,false,false,false,false,false,false
RC0314900,ningxia-vocational-college-of-physical-education,宁夏体育职业学院,Ningxia Vocational College Of Physical Education,宁夏,银川市,地方公办,体育,专科,20,,true,false,false,false,false,false,false
RC0315000,shizuishan-institute-of-industry-and-trade,石嘴山工贸职业技术学院,Shizuishan Institute Of Industry And Trade,宁夏,石嘴山市,地方公办,理工,专科,20,,true,false,false,false,false,false,false
RC0315500,karamay-vocational-technical-college,克拉玛依职业技术学院,Karamay Vocational & Technical College,新疆,克拉玛依市,地方公办,理工,专科,20,,true,false,false,false,false,false,false
RC0315700,xinjiang-industry-technical-college,新疆轻工职业技术学院,Xinjiang Industry Technical College,新疆,乌鲁木齐市,地方公办,理工,专科,20,,true,false,false,false,false,false,false
RC0315800,xinjiang-vocational-institute-of-energy-technical,新疆能源职业技术学院,Xinjiang Vocational Institute Of Energy Technical,新疆,乌鲁木齐市,民办高校,理工,专科,20,,true,false,false,false,false,true,false
RC0315900,changji-vocational-and-technical-college,昌吉职业技术学院,Changji Vocational and Technical College,新疆,昌吉回族自治州,地方公办,理工,专科,20,,true,false,false,false,false,false,false
RC0316000,yili-vocational-and-technical-college,伊犁职业技术学院,Yili Vocational And Technical College,新疆,伊犁哈萨克自治州,地方公办,农林,专科,20,,true,false,false,false,false,false,false
RC0316100,aks-vocational-and-technical-college,阿克苏职业技术学院,Aksu Vocational and Technical College,新疆,阿克苏地区,地方公办,综合,专科,20,,true,false,false,false,false,false,false
RC0316200,bayin-guoleng-technology-college,巴音郭楞职业技术学院,Bayin Guoleng Technology College,新疆,巴音郭楞蒙古自治州,地方公办,理工,专科,20,,true,false,false,false,false,false,false
RC0316300,xinjiang-vocation-and-technical-college-of-construction,新疆建设职业技术学院,Xinjiang Vocation And Technical College Of Construction,新疆,乌鲁木齐市,地方公办,理工,专科,20,,true,false,false,false,false,false,false
RC0316400,xin-jiang-xian-dai-zhi-ye-ji-shu-xue-yuan,新疆现代职业技术学院,Xinjiang Modern Vocational and Technical College,新疆,乌鲁木齐市,民办高校,医药,专科,20,,true,false,false,false,false,true,false
RC0316700,xinjiang-vocational-university,新疆职业大学,Xinjiang Vocational University,新疆,乌鲁木齐市,地方公办,综合,专科,20,,true,false,false,false,false,false,false
RC0316800,xinjiang-sports-vocational-and-technical-college,新疆体育职业技术学院,Xinjiang Sports Vocational And Technical College,新疆,乌鲁木齐市,地方公办,体育,专科,20,,true,false,false,false,false,false,false
RC0316900,xinjiang-career-technical-college,新疆应用职业技术学院,Xinjiang Career Technical College,新疆,伊犁哈萨克自治州,地方公办,理工,专科,20,,true,false,false,false,false,false,false
RC0317000,xinjiang-teacher-s-college,新疆师范高等专科学校,Xinjiang Teacher's College,新疆,乌鲁木齐市,地方公办,师范,专科,20,,true,false,false,false,false,false,false
RC0317100,xinjiang-railway-vocational-and-technical-college,新疆铁道职业技术学院,Xinjiang Railway Vocational And Technical College,新疆,乌鲁木齐市,地方公办,理工,专科,20,,true,false,false,false,false,false,false
RC0317300,hami-polytechnic,哈密职业技术学院,Hami Polytechnic,新疆,哈密市,地方公办,理工,专科,20,,true,false,false,false,false,false,false
RC0317400,xinjiang-science-and-technology-career-technical-college,新疆科技职业技术学院,Xinjiang Science And Technology Career Technical College,新疆,五家渠市,民办高校,综合,专科,20,,true,false,false,false,false,true,false
RC0317500,tulufan-vocational-technical-college,吐鲁番职业技术学院,Tulufan Vocational Technical College,新疆,吐鲁番市,地方公办,理工,专科,20,,true,false,false,false,false,false,false
RC0317600,boertala-polytechnic,博尔塔拉职业技术学院,Boertala Polytechnic,新疆,博尔塔拉蒙古自治州,地方公办,理工,专科,20,,true,false,false,false,false,false,false
RC0317700,hetian-polytechnic,和田职业技术学院,Hetian Polytechnic,新疆,和田地区,地方公办,综合,专科,20,,true,false,false,false,false,false,false
RC0317800,shihezi-vocational-and-technical-college-of-engmeering,石河子工程职业技术学院,Shihezi Vocational And Technical College Of Engmeering,新疆,石河子市,地方公办,理工,专科,20,,true,false,false,false,false,false,false
RC0317900,ka-shi-zhi-ye-ji-shu-xue-yuan,喀什职业技术学院,Kashgar Vocational and Technical College,新疆,喀什地区,地方公办,综合,专科,20,,true,false,false,false,false,false,false
RC0318000,kizilsu-vocational-technical-college,克孜勒苏职业技术学院,Kizilsu Vocational Technical College,新疆,克孜勒苏柯尔克孜自治州,地方公办,综合,专科,20,,true,false,false,false,false,false,false
RC0318100,xinjiang-science-information-vocational-technical-college,新疆科信职业技术学院,Xinjiang Science & Information Vocational Technical College,新疆,乌鲁木齐市,民办高校,综合,专科,20,,true,false,false,false,false,true,false
RC0318200,altay-vocational-and-technical-college,阿勒泰职业技术学院,Altay Vocational and Technical College,新疆,阿勒泰地区,地方公办,体育,专科,20,,true,false,false,false,false,false,false
RC0318300,tacheng-vocational-and-technical-college,塔城职业技术学院,Tacheng Vocational And Technical College,新疆,塔城地区,地方公办,综合,专科,20,,true,false,false,false,false,false,false
RC0318400,talimu-vocational-and-technical-college,塔里木职业技术学院,Talimu Vocational And Technical College,新疆,阿拉尔市,地方公办,综合,专科,20,,true,false,false,false,false,false,false
RC0318500,xinjiang-industrial-vocational-and-technical-college,新疆工业职业技术学院,Xinjiang Industrial Vocational And Technical College,新疆,乌鲁木齐市,地方公办,理工,专科,20,,true,false,false,false,false,false,false
RC0318600,tiemenguan-vocational-and-technical-college,铁门关职业技术学院,Tiemenguan Vocational And Technical College,新疆,铁门关市,地方公办,理工,专科,20,,true,false,false,false,false,false,false
RC0319600,he-bei-zi-yuan-huan-jing-zhi-ye-ji-shu-xue-yuan,河北资源环境职业技术学院,Hebei Vocational and Technical College of Resources and Environment,河北,石家庄市,地方公办,理工,专科,20,,true,false,false,false,false,false,false
RC0319700,changzhou-early-childhood-education-college,常州幼儿师范高等专科学校,Changzhou Early Childhood Education College,江苏,常州市,地方公办,师范,专科,20,,true,false,false,false,false,false,false
RC0319800,yiyang-normal-college,益阳师范高等专科学校,Yiyang Normal College,湖南,益阳市,地方公办,师范,专科,20,,true,false,false,false,false,false,false
RC0319900,loudi-preschool-education-college,娄底幼儿师范高等专科学校,Loudi Preschool Education College,湖南,娄底市,地方公办,师范,专科,20,,true,false,false,false,false,false,false
RC0320000,chongqing-wuyi-polytechinc-college,重庆五一职业技术学院,Chongqing Wuyi Polytechinc College,重庆,重庆市,地方公办,综合,专科,20,,true,false,false,false,false,false,false
RC0425900,hubei-youth-vocational-college,湖北青年职业学院,,湖北,武汉市,,,专科,20,,true,false,false,false,false,false,false
RC0426900,hengshui-health-technology,衡水健康科技职业学院,Hengshui Health Technology Vocational College,河北,衡水市,地方公办,医药,专科,20,,true,false,false,false,false,false,false
RC0427000,cangzhou-aviation-vocational-college,沧州航空职业学院,Cangzhou Aeronautical Institute of Technology,河北,沧州市,民办高校,理工,专科,20,,true,false,false,false,false,true,false
RC0427100,handan-vocational-college-of-applied-technology,邯郸应用技术职业学院,Handan Vocational College of Applied Technology,河北,邯郸市,民办高校,综合,专科,20,,true,false,false,false,false,true,false
RC0427200,qinhuangdao-polytechnic-institute,秦皇岛工业职业技术学院,Qinhuangdao Polytechnic insitute,河北,秦皇岛市,地方公办,理工,专科,20,,true,false,false,false,false,false,false
RC0427300,lvliang-teachers-college,吕梁师范高等专科学校,Lyuliang Teachers College,山西,吕梁市,地方公办,师范,专科,20,,true,false,false,false,false,false,false
RC0427400,shanghai-technology-and-innovation-vocational-college,上海科创职业技术学院,Shanghai Technology and Innovation Vocational College,上海,上海市,地方公办,理工,专科,20,,true,false,false,false,false,false,false
RC0427500,shanghai-minhang-polytechnic,上海闵行职业技术学院,Shanghai Minhang Polytechnic,上海,上海市,地方公办,理工,专科,20,,true,false,false,false,false,false,false
RC0427600,shanghai-modern-chemical-industry-vocational-college,上海现代化工职业学院,Shanghai Modern Chemical Industry Vocational College,上海,上海市,地方公办,理工,专科,20,,true,false,false,false,false,false,false
RC0427700,shanghai-construction-management-vocational-college,上海建设管理职业技术学院,Shanghai Construction Management Vocational College,上海,上海市,地方公办,理工,专科,20,,true,false,false,false,false,false,false
RC0427800,jian-preschool-education-college,吉安幼儿师范高等专科学校,Ji'an Preschool Education College,江西,吉安市,地方公办,师范,专科,20,,true,false,false,false,false,false,false
RC0427900,shangrao-health-vocational-college,上饶卫生健康职业学院,Shangrao Health Vocational College,江西,上饶市,地方公办,医药,专科,20,,true,false,false,false,false,false,false
RC0428000,shandong-city-service-institute,山东城市服务职业学院,Shandong City Service Institute,山东,烟台市,地方公办,财经,专科,20,,true,false,false,false,false,false,false
RC0428100,weifang-vocational-college-of-food-science-and-technology,潍坊食品科技职业学院,Weifang Vocational College of Food Science and Technology,山东,潍坊市,民办高校,理工,专科,20,,true,false,false,false,false,true,false
RC0428200,yantai-city-college-of-science-and-technology,烟台城市科技职业学院,Yantai City College of Science and Technology,山东,烟台市,民办高校,综合,专科,20,,true,false,false,false,false,true,false
RC0428300,nanyang-arts-and-crafts-vocational-college,南阳工艺美术职业学院,Nanyang Arts and Crafts Vocational College,河南,南阳市,地方公办,文艺,专科,20,,true,false,false,false,false,false,false
RC0428400,puyang-vocational-college-of-science-and-technology,濮阳科技职业学院,Puyang Vocational College of Science and Technology,河南,濮阳市,地方公办,理工,专科,20,,true,false,false,false,false,false,false
RC0428500,shangqiu-preschool-education-college,商丘幼儿师范高等专科学校,Shangqiu Preschool Education College,河南,商丘市,地方公办,师范,专科,20,,true,false,false,false,false,false,false
RC0428600,zhoukou-polytechnic-vocational-college,周口理工职业学院,Zhoukou Polytechnic Vocational College,河南,周口市,地方公办,综合,专科,20,,true,false,false,false,false,false,false
RC0428700,jiaozuo-vocational-college-of-new-materials,焦作新材料职业学院,Jiaozuo Vocational College of New Materials,河南,焦作市,民办高校,理工,专科,20,,true,false,false,false,false,true,false
RC0428800,kaifeng-vocational-college,开封职业学院,Kaifeng Vocational College,河南,开封市,民办高校,综合,专科,20,,true,false,false,false,false,true,false
RC0428900,luoyang-vocational-college-of-commerce,洛阳商业职业学院,Luoyang Vocational College of Commerce,河南,洛阳市,民办高校,财经,专科,20,,true,false,false,false,false,true,false
RC0429000,zhengzhou-software-vocational-and-technical-college,郑州软件职业技术学院,Zhengzhou Software Vocational and Technical College,河南,郑州市,民办高校,理工,专科,20,,true,false,false,false,false,true,false
RC0429100,zhengzhou-vocational-college-of-intelligent-technology,郑州智能科技职业学院,Zhengzhou Vocational College of Intelligent Technology,河南,郑州市,民办高校,理工,专科,20,,true,false,false,false,false,true,false
RC0429200,zhengzhou-institute-of-food-technology,郑州食品工程职业学院,Zhengzhou Institute of Food Technology,河南,郑州市,民办高校,综合,专科,20,,true,false,false,false,false,true,false
RC0429300,zhengzhou-vocational-college-of-automobile-engineering,郑州汽车工程职业学院,Zhengzhou Vocational College of Automobile Engineering,河南,郑州市,民办高校,理工,专科,20,,true,false,false,false,false,true,false
RC0429400,xiangyang-vocational-college-of-science-and-technology,襄阳科技职业学院,Xiangyang Vocational College of Science and Technology,湖北,襄阳市,地方公办,理工,专科,20,,true,false,false,false,false,false,false
RC0429500,yichang-vocational-college-of-science-and-technology,宜昌科技职业学院,Yichang Vocational College of Science and Technology,湖北,宜昌市,地方公办,综合,专科,20,,true,false,false,false,false,false,false
RC0429600,changde-college-of-science-and-technology,常德科技职业技术学院,Changde College of Science and Technology,湖南,常德市,地方公办,综合,专科,20,,true,false,false,false,false,false,false
RC0429700,shaoyang-industry-polytechnic-college,邵阳工业职业技术学院,Shaoyang Industry Polytechnic College,湖南,邵阳市,地方公办,理工,专科,20,,true,false,false,false,false,false,false
RC0429800,changsha-rail-transit-institute,长沙轨道交通职业学院,Changsha Rail Transit Institute,湖南,长沙市,民办高校,理工,专科,20,,true,false,false,false,false,true,false
RC0429900,changsha-cultural-creative-and-arts-vocational-college,长沙文创艺术职业学院,Changsha Cultural Creative and Arts Vocational College,湖南,长沙市,民办高校,综合,专科,20,,true,false,false,false,false,true,false
RC0430000,yueyang-modern-service-vocational-college,岳阳现代服务职业学院,Yueyang Modern Service Vocational College,湖南,岳阳市,民办高校,综合,专科,20,,true,false,false,false,false,true,false
RC0430100,chenzhou-score-vocational-college,郴州思科职业学院,Chenzhou Score Vocational College,湖南,郴州市,民办高校,综合,专科,20,,true,false,false,false,false,true,false
RC0430200,hengyang-vocational-college-of-science-and-technology,衡阳科技职业学院,Hengyang Vocationa College of Science and Technology,湖南,衡阳市,民办高校,综合,专科,20,,true,false,false,false,false,true,false
RC0430300,zhuhai-gree-polytechnic,珠海格力职业学院,Zhuhai Gree Polytechnic,广东,珠海市,民办高校,综合,专科,20,,true,false,false,false,false,true,false
RC0430400,guangxi-vocational-and-technical-college-of-quality-and-engineering,广西质量工程职业技术学院,Guangxi Vocational and Technical College of Quality and Engineering,广西,南宁市,地方公办,理工,专科,20,,true,false,false,false,false,false,false
RC0430500,guilin-vocational-college-of-information-engineering,桂林信息工程职业学院,Guilin Vocational College of Information Engineering,广西,桂林市,民办高校,理工,专科,20,,true,false,false,false,false,true,false
RC0430600,suining-vocational-college-of-energy,遂宁能源职业学院,Suining Vocational College of Energy,四川,遂宁市,民办高校,理工,专科,20,,true,false,false,false,false,true,false
RC0430700,suining-engineering-vocational-college,遂宁工程职业学院,Suining Engineering Vocational College,四川,遂宁市,民办高校,综合,专科,20,,true,false,false,false,false,true,false
RC0430800,sui-ning-vocational-college,遂宁职业学院,Suining Vocational College,四川,遂宁市,民办高校,综合,专科,20,,true,false,false,false,false,true,false
RC0430900,guizhou-vocational-college-of-sports,贵州体育职业学院,Guizhou Vocational College of Sports,贵州,贵阳市,地方公办,体育,专科,20,,true,false,false,false,false,false,false
RC0431000,guizhou-tongren-data-vocational-college,贵州铜仁数据职业学院,Guizhou Tongren Data Vocational College,贵州,铜仁市,民办高校,理工,专科,20,,true,false,false,false,false,true,false
RC0431100,yuxi-vocational-and-technical-college,玉溪职业技术学院,Yuxi Vocational and Technical College,云南,玉溪市,地方公办,综合,专科,20,,true,false,false,false,false,false,false
RC0431200,baoshan-vocational-college,保山职业学院,Baoshan Vocational College,云南,保山市,地方公办,综合,专科,20,,true,false,false,false,false,false,false
RC0431300,zhaotong-vocational-college,昭通职业学院,Zhaotong Vocational College,云南,昭通市,地方公办,综合,专科,20,,true,false,false,false,false,false,false
RC0431400,wenshan-vocational-and-technical-college,文山职业技术学院,Wenshan Vocational and Technical College,云南,文山壮族苗族自治州,地方公办,综合,专科,20,,true,false,false,false,false,false,false
RC0431500,lijiang-vocational-and-technical-college,丽江职业技术学院,Lijiang Vocational and Technical College,云南,丽江市,地方公办,综合,专科,20,,true,false,false,false,false,false,false
RC0431600,shangri-la-vocational-college,香格里拉职业学院,Shangri-La Vocational College,云南,迪庆藏族自治州,地方公办,综合,专科,20,,true,false,false,false,false,false,false
RC0431700,dingxi-vocational-and-technical-college,定西职业技术学院,Dingxi Vocational and Technical College,甘肃,定西市,地方公办,农林,专科,20,,true,false,false,false,false,false,false
RC0431800,ningxia-health-vocational-and-technical-college,宁夏卫生健康职业技术学院,Ningxia Health Vocational and Technical College,宁夏,石嘴山市,地方公办,医药,专科,20,,true,false,false,false,false,false,false
RC0431900,xinjiang-judicial-police-vocational-college,新疆司法警官职业学院,Xinjiang Judicial Police Vocational College,新疆,乌鲁木齐市,地方公办,政法,专科,20,,true,false,false,false,false,false,false
RC0432000,aksu-industry-polytechnic-college,阿克苏工业职业技术学院,Aksu Industry Polytechnic College,新疆,阿克苏地区,地方公办,综合,专科,20,,true,false,false,false,false,false,false
RC0432100,kashi-polytechnic-vocational-and-technical-college,喀什理工职业技术学院,Kashi Polytechnic Vocational and Technical College,新疆,喀什地区,地方公办,理工,专科,20,,true,false,false,false,false,false,false
RC0432200,tumushuke-vocational-and-technical-college,图木舒克职业技术学院,Tumushuke Vocational and Technical College,新疆,图木舒克市,地方公办,综合,专科,20,,true,false,false,false,false,false,false
RC0432300,cocodala-vocational-and-technical-college,可克达拉职业技术学院,Cocodala Vocational and Technical College,新疆,可克达拉市,地方公办,综合,专科,20,,true,false,false,false,false,false,false
RC0432400,xin-xing-zhi-ye-ji-shu-xue-yuan,新星职业技术学院,Xin Xing Zhi Ye Ji Shu Xue Yuan,新疆,新星市,地方公办,综合,专科,20,,true,false,false,false,false,false,false
RC0432500,kunyu-vocational-technical-college,昆玉职业技术学院,Kunyu Vocational Technical College,新疆,昆玉市,地方公办,综合,专科,20,,true,false,false,false,false,false,false
RC0432600,xing-tai-xin-neng-yuan-zhi-ye-xue-yuan,邢台新能源职业学院,Xingtai Polytechnic Institute of New Energy,河北,邢台市,民办高校,理工,专科,20,,true,false,false,false,false,true,false
RC0432700,chang-chun-shu-zi-ke-ji-zhi-ye-xue-yuan,长春数字科技职业学院,Changchun Digital Technology Vocational College,吉林,长春市,民办高校,综合,专科,20,,true,false,false,false,false,true,false
RC0432800,shang-hai-pu-dong-zhi-ye-ji-shu-xue-yuan,上海浦东职业技术学院,Shanghai Pudong Vocational&Technical College,上海,上海市,地方公办,综合,专科,20,,true,false,false,false,false,false,false
RC0432900,jiang-su-si-fa-jing-guan-zhi-ye-xue-yuan,江苏司法警官职业学院,Jiangsu Justice Police College,江苏,南京市,地方公办,政法,专科,20,,true,false,false,false,false,false,false
RC0433000,yan-cheng-nong-ye-ke-ji-zhi-ye-xue-yuan,盐城农业科技职业学院,Yancheng Agricultural College,江苏,盐城市,地方公办,农林,专科,20,,true,false,false,false,false,false,false
RC0433100,su-qian-you-er-shi-fan-gao-deng-zhuan-ke-xue-xiao,宿迁幼儿师范高等专科学校,Suqian Preschool Teachers College,江苏,宿迁市,地方公办,师范,专科,20,,true,false,false,false,false,false,false
RC0433200,wu-xi-shi-fan-gao-deng-zhuan-ke-xue-xiao,无锡师范高等专科学校,Wuxi Normal College,江苏,无锡市,地方公办,师范,专科,20,,true,false,false,false,false,false,false
RC0433400,wu-hu-yi-yao-jian-kang-zhi-ye-xue-yuan,芜湖医药健康职业学院,Wuhu Vocational College of Medical and Health,安徽,芜湖市,民办高校,医药,专科,20,,true,false,false,false,false,true,false
RC0433500,wu-hu-hang-kong-zhi-ye-xue-yuan,芜湖航空职业学院,Wuhu Aviation Vocational College,安徽,芜湖市,民办高校,综合,专科,20,,true,false,false,false,false,true,false
RC0433600,beng-bu-cheng-shi-gui-dao-jiao-tong-zhi-ye-xue-yuan,蚌埠城市轨道交通职业学院,Bengbu College of Urban Rail Transit,安徽,蚌埠市,民办高校,理工,专科,20,,true,false,false,false,false,true,false
RC0433800,jiang-xi-zhang-shu-zhong-yi-yao-zhi-ye-xue-yuan,江西樟树中医药职业学院,Jiangxi Zhangshu Vocational College of Traditional Chinese Medicine,江西,宜春市,民办高校,医药,专科,20,,true,false,false,false,false,true,false
RC0433900,gan-dong-zhi-ye-ji-shu-xue-yuan,赣东职业技术学院,Gandong Vocational and Technical College,江西,抚州市,民办高校,综合,专科,20,,true,false,false,false,false,true,false
RC0434100,de-zhou-gong-cheng-zhi-ye-xue-yuan,德州工程职业学院,Dezhou Engineering Vocational College,山东,德州市,民办高校,理工,专科,20,,true,false,false,false,false,true,false
RC0434200,ri-zhao-kang-yang-zhi-ye-xue-yuan,日照康养职业学院,Rizhao Vocational College of Wellness,山东,日照市,民办高校,医药,专科,20,,true,false,false,false,false,true,false
RC0434300,yan-tai-wei-sheng-jian-kang-zhi-ye-xue-yuan,烟台卫生健康职业学院,Yantai Health Vocational College,山东,烟台市,地方公办,医药,专科,20,,true,false,false,false,false,false,false
RC0434400,shan-dong-wen-hua-yi-shu-zhi-ye-xue-yuan,山东文化艺术职业学院,Shandong Vocational College of Culture and Arts,山东,德州市,地方公办,文艺,专科,20,,true,false,false,false,false,false,false
RC0434600,zhu-ma-dian-nong-ye-gong-cheng-zhi-ye-xue-yuan,驻马店农业工程职业学院,Zhumadian Agricultural Engineering Vocational College,河南,驻马店市,地方公办,农林,专科,20,,true,false,false,false,false,false,false
RC0434700,xin-yang-ke-ji-zhi-ye-xue-yuan,信阳科技职业学院,Xinyang Vocational College of Science and Technology,河南,信阳市,民办高校,综合,专科,20,,true,false,false,false,false,true,false
RC0434800,xin-yang-gong-cheng-zhi-ye-xue-yuan,信阳工程职业学院,Xinyang Engineering Vocational College,河南,信阳市,民办高校,理工,专科,20,,true,false,false,false,false,true,false
RC0434900,zhou-kou-cheng-shi-zhi-ye-xue-yuan,周口城市职业学院,Zhoukou City Vocational College,河南,周口市,民办高校,综合,专科,20,,true,false,false,false,false,true,false
RC0435000,he-nan-xin-xiang-gong-shang-zhi-ye-xue-yuan,河南新乡工商职业学院,Henan Xinxiang Vocational College of Industry and Commerce,河南,新乡市,民办高校,财经,专科,20,,true,false,false,false,false,true,false
RC0435100,jing-men-tong-yong-hang-kong-zhi-ye-ji-shu-xue-yuan,荆门通用航空职业技术学院,Jingmen Technical College of General Aviation,湖北,荆门市,地方公办,理工,专科,20,,true,false,false,false,false,false,false
RC0435200,huai-hua-gong-shang-zhi-ye-ji-shu-xue-yuan,怀化工商职业技术学院,Huaihua Industrial and Commercial College,湖南,怀化市,地方公办,财经,专科,20,,true,false,false,false,false,false,false
RC0435300,xiang-tan-ke-ji-zhi-ye-xue-yuan,湘潭科技职业学院,Xiangtan Vocational College of Science and Technology,湖南,湘潭市,地方公办,综合,专科,20,,true,false,false,false,false,false,false
RC0435600,shen-zhen-cheng-shi-zhi-ye-xue-yuan,深圳城市职业学院,Shenzhen City Polytechnic,广东,深圳市,地方公办,综合,专科,20,,true,false,false,false,false,false,false
RC0435700,yu-lin-zhi-ye-ji-shu-xue-yuan,玉林职业技术学院,Yulin Vocational Technical College,广西,玉林市,地方公办,综合,专科,20,,true,false,false,false,false,false,false
RC0435800,guang-xi-zhi-neng-zhi-zao-zhi-ye-ji-shu-xue-yuan,广西智能制造职业技术学院,Guangxi Vocational and Technical College of Intelligent Manufacturing,广西,柳州市,地方公办,理工,专科,20,,true,false,false,false,false,false,false
RC0435900,hai-nan-dong-fang-xin-si-lu-zhi-ye-xue-yuan,海南东方新丝路职业学院,Hainan Dongfang New Silk Road College,海南,,民办高校,文艺,专科,20,,true,false,false,false,false,true,false
RC0436000,hai-kou-lv-you-zhi-ye-xue-yuan,海口旅游职业学院,Haikou Tourism College,海南,海口市,地方公办,财经,专科,20,,true,false,false,false,false,false,false
RC0436100,hai-nan-yi-shu-zhi-ye-xue-yuan,海南艺术职业学院,Hainan Vocational Institute of Art,海南,海口市,地方公办,文艺,专科,20,,true,false,false,false,false,false,false
RC0436200,chong-qing-shu-zi-chan-ye-zhi-ye-ji-shu-xue-yuan,重庆数字产业职业技术学院,Chongqing Digital Industry Polytechnic College,重庆,重庆市,民办高校,综合,专科,20,,true,false,false,false,false,true,false
RC0436300,chong-qing-xian-dai-zhi-zao-zhi-ye-xue-yuan,重庆现代制造职业学院,Chongqing Vocational College of Modern Manufacturing,重庆,重庆市,民办高校,理工,专科,20,,true,false,false,false,false,true,false
RC0436400,xi-chang-yi-xue-gao-deng-zhuan-ke-xue-xiao,西昌医学高等专科学校,Xichang Medical College,四川,凉山彝族自治州,地方公办,医药,专科,20,,true,false,false,false,false,false,false
RC0436500,cheng-du-gui-dao-jiao-tong-zhi-ye-xue-yuan,成都轨道交通职业学院,Chengdu Institute of Rail Transit,四川,成都市,民办高校,理工,专科,20,,true,false,false,false,false,true,false
RC0436600,gui-zhou-chuan-mei-zhi-ye-xue-yuan,贵州传媒职业学院,Guizhou Vocational College of Media and Communication,贵州,贵阳市,地方公办,文艺,专科,20,,true,false,false,false,false,false,false
RC0436700,gui-zhou-sheng-tai-neng-yuan-zhi-ye-xue-yuan,贵州生态能源职业学院,Guizhou Ecological Energy Vocational College,贵州,贵阳市,地方公办,农林,专科,20,,true,false,false,false,false,false,false
RC0436800,qian-dong-nan-li-gong-zhi-ye-xue-yuan,黔东南理工职业学院,Qiandongnan Polytechnic College,贵州,黔东南苗族侗族自治州,地方公办,理工,专科,20,,true,false,false,false,false,false,false
RC0436900,nu-jiang-zhi-ye-ji-shu-xue-yuan,怒江职业技术学院,NuJiang Vocational and Technical College,云南,怒江傈僳族自治州,地方公办,综合,专科,20,,true,false,false,false,false,false,false
RC0437000,lin-cang-zhi-ye-xue-yuan,临沧职业学院,Lincang Vocational College,云南,临沧市,地方公办,综合,专科,20,,true,false,false,false,false,false,false
RC0437100,yun-nan-gong-ye-xin-xi-zhi-ye-xue-yuan,云南工业信息职业学院,Yunnan Industrial and Information Vocational College,云南,曲靖市,地方公办,理工,专科,20,,true,false,false,false,false,false,false
RC0437300,ning-xia-jiao-tong-zhi-ye-ji-shu-xue-yuan,宁夏交通职业技术学院,Ningxia Communications Technical College,宁夏,银川市,地方公办,理工,专科,20,,true,false,false,false,false,false,false
RC0437400,wu-lu-mu-qi-zhi-ye-ji-shu-xue-yuan,乌鲁木齐职业技术学院,Urumqi Vocational Technical College,新疆,乌鲁木齐市,地方公办,综合,专科,20,,true,false,false,false,false,false,false
RC0437500,shuang-he-zhi-ye-ji-shu-xue-yuan,双河职业技术学院,Shuanghe Vocational and Technical College,新疆,,地方公办,综合,专科,20,,true,false,false,false,false,false,false
RC0437600,sanya-international-college-of-nursing,三亚护理职业学院,Sanya International College of Nursing,海南,三亚市,民办高校,医药,专科,20,,true,false,false,false,false,true,false
RC0437700,changsha-vocational-college-of-medicine-and-health,长沙医药健康职业学院,Changsha Vocational College of Medicine and Health,湖南,长沙市,民办高校,医药,专科,20,,true,false,false,false,false,true,false
RC0437800,da-tong-shu-ju-ke-ji-zhi-ye-xue-yuan,大同数据科技职业学院,Datong Vocational College of Data Technology,山西,大同市,民办高校,,专科,20,,true,false,false,false,false,true,false
RC0437900,chang-sha-ke-ji-zhi-ye-xue-yuan,长沙科技职业学院,Changsha Vocational College of Science and Technology,湖南,长沙市,民办高校,,专科,20,,true,false,false,false,false,true,false
RC0438000,zhu-zhou-ke-ji-zhi-ye-xue-yuan,株洲科技职业学院,Zhuzhou Vocational College of Science and Technology,湖南,株洲市,民办高校,,专科,20,,true,false,false,false,false,true,false
RC0438100,heng-yang-li-gong-zhi-ye-xue-yuan,衡阳理工职业学院,Hengyang Polytechnic Vocational College,湖南,衡阳市,民办高校,,专科,20,,true,false,false,false,false,true,false
RC0438200,chen-zhou-zhi-neng-ke-ji-zhi-ye-xue-yuan,郴州智能科技职业学院,CZ Vocational College of Intelligent Science and Technology,湖南,郴州市,民办高校,,专科,20,,true,false,false,false,false,true,false
RC0438300,jiang-xi-dian-zi-xin-xi-zhi-ye-ji-shu-xue-yuan,江西电子信息职业技术学院,Jiangxi Electronic Information Polytechnic College,江西,南昌市,地方公办,,专科,20,,true,false,false,false,false,false,false
RC0438400,ying-tan-wei-sheng-zhi-ye-xue-yuan,鹰潭卫生职业学院,Yingtan Health Vocational College,江西,鹰潭市,民办高校,,专科,20,,true,false,false,false,false,true,false
RC0439100,shi-jia-zhuang-jin-rong-zhi-ye-xue-yuan,石家庄金融职业学院,Shijiazhuang Vocational College of Finance,河北,石家庄市,民办高校,,专科,20,,true,false,false,false,false,true,false
RC0439200,shi-jia-zhuang-nong-lin-zhi-ye-xue-yuan,石家庄农林职业学院,Shijiazhuang Vocational College of Agriculture and Forestry,河北,石家庄市,民办高校,,专科,20,,true,false,false,false,false,true,false
RC0439300,the-branch-of-jilin-normal-university,四平现代职业学院,The Branch of Jilin Normal University,吉林,四平市,地方公办,,专科,20,,true,false,false,false,false,false,false
RC0439400,ha-er-bin-shang-mao-zhi-ye-xue-yuan,哈尔滨商贸职业学院,Harbin Commerce and Trade Vocational College,黑龙江,哈尔滨市,民办高校,,专科,20,,true,false,false,false,false,true,false
RC0439500,qi-qi-ha-er-li-de-jian-kang-zhi-ye-xue-yuan,齐齐哈尔立德健康职业学院,Qiqihar Lide Health Vocational College,黑龙江,齐齐哈尔市,民办高校,,专科,20,,true,false,false,false,false,true,false
RC0439600,chang-zhou-tie-dao-zhi-ye-ji-shu-xue-yuan,常州铁道职业技术学院,Changzhou Railway Vocational and Technical College,江苏,常州市,地方公办,,专科,20,,true,false,false,false,false,false,false
RC0439700,su-zhou-lv-you-zhi-ye-xue-yuan,苏州旅游职业学院,Suzhou Tourism College,江苏,苏州市,地方公办,,专科,20,,true,false,false,false,false,false,false
RC0439800,nan-tong-wei-sheng-jian-kang-zhi-ye-xue-yuan,南通卫生健康职业学院,Nantong Health Vocational College,江苏,南通市,地方公办,,专科,20,,true,false,false,false,false,false,false
RC0439900,hu-zhou-jian-kang-zhi-ye-xue-yuan,湖州健康职业学院,Huzhou Health Vocational College,浙江,湖州市,民办高校,,专科,20,,true,false,false,false,false,true,false
RC0440000,liu-an-ying-yong-ke-ji-zhi-ye-xue-yuan,六安应用科技职业学院,Lu'An College of Applied Science and Technology,安徽,六安市,地方公办,,专科,20,,true,false,false,false,false,false,false
RC0440100,ji-mei-gong-ye-zhi-ye-xue-yuan,集美工业职业学院,Jimei Polytechnic Vocational College,福建,厦门市,地方公办,,专科,20,,true,false,false,false,false,false,false
RC0440200,jiu-jiang-wei-sheng-jian-kang-zhi-ye-xue-yuan,九江卫生健康职业学院,Jiujiang Health Vocational College,江西,九江市,地方公办,,专科,20,,true,false,false,false,false,false,false
RC0440300,xin-yu-zhi-ye-ji-shu-xue-yuan,新余职业技术学院,Xinyu Vocational and Technical College,江西,新余市,地方公办,,专科,20,,true,false,false,false,false,false,false
RC0440400,gan-zhou-qi-yuan-zhi-ye-xue-yuan,赣州起元职业学院,Ganzhou Qiyuan Polytechnic,江西,赣州市,民办高校,,专科,20,,true,false,false,false,false,true,false
RC0440500,gan-zhou-yuan-heng-jia-zhi-ye-xue-yuan,赣州远恒佳职业学院,Ganzhou Yuanhengjia Vocational College,江西,赣州市,民办高校,,专科,20,,true,false,false,false,false,true,false
RC0440600,liao-cheng-ke-ji-zhi-ye-xue-yuan,聊城科技职业学院,Liaocheng Vocational College of Science and Technology,山东,聊城市,地方公办,,专科,20,,true,false,false,false,false,false,false
RC0440700,ji-ning-qi-che-gong-cheng-zhi-ye-xue-yuan,济宁汽车工程职业学院,Jining Vocational College of Automobile Engineering,山东,济宁市,民办高校,,专科,20,,true,false,false,false,false,true,false
RC0440800,ri-zhao-ke-ji-zhi-ye-xue-yuan,日照科技职业学院,Rizhao Vocational College of Science and Technology,山东,日照市,民办高校,,专科,20,,true,false,false,false,false,true,false
RC0440900,zao-zhuang-ying-yong-ji-shu-zhi-ye-xue-yuan,枣庄应用技术职业学院,Zaozhuang Vocational College of Applied Technology,山东,枣庄市,民办高校,,专科,20,,true,false,false,false,false,true,false
RC0441000,lin-yi-cheng-shi-zhi-ye-xue-yuan,临沂城市职业学院,Linyi City Vocational College,山东,临沂市,民办高校,,专科,20,,true,false,false,false,false,true,false
RC0441100,he-ze-sheng-wu-yi-yao-zhi-ye-xue-yuan,菏泽生物医药职业学院,Heze Biomedicine Vocational College,山东,菏泽市,民办高校,,专科,20,,true,false,false,false,false,true,false
RC0441200,kai-feng-gong-cheng-zhi-ye-xue-yuan,开封工程职业学院,Kaifeng Engineering Vocational College,河南,开封市,民办高校,,专科,20,,true,false,false,false,false,true,false
RC0441300,kai-feng-zhi-hui-jian-kang-zhi-ye-xue-yuan,开封智慧健康职业学院,Kaifeng Smart Health Vocational College,河南,开封市,民办高校,,专科,20,,true,false,false,false,false,true,false
RC0441400,zhou-kou-zhi-hui-neng-yuan-zhi-ye-xue-yuan,周口智慧能源职业学院,Zhoukou Vocational College of Intellent Energy,河南,周口市,民办高校,,专科,20,,true,false,false,false,false,true,false
RC0441500,ping-ding-shan-ke-ji-zhi-ye-xue-yuan,平顶山科技职业学院,Pingdingshan Vocational College of Science and Technology,河南,平顶山市,民办高校,,专科,20,,true,false,false,false,false,true,false
RC0441600,yue-yang-ke-ji-zhi-ye-xue-yuan,岳阳科技职业学院,Yueyang Vocational College of Science and Technology,湖南,岳阳市,民办高校,,专科,20,,true,false,false,false,false,true,false
RC0441700,shao-yang-tong-hang-zhi-ye-ji-shu-xue-yuan,邵阳通航职业技术学院,Shaoyang General Aviation Polytechnic,湖南,邵阳市,民办高校,,专科,20,,true,false,false,false,false,true,false
RC0441800,chong-qing-nong-ye-zhi-ye-xue-yuan,重庆农业职业学院,Chongqing Vocational College of Agriculture,重庆,重庆市,地方公办,,专科,20,,true,false,false,false,false,false,false
RC0441900,chong-qing-an-fang-zhi-ye-xue-yuan,重庆安防职业学院,Chongqing Vocational College of Security,重庆,重庆市,民办高校,,专科,20,,true,false,false,false,false,true,false
RC0442000,yi-bin-gong-ye-zhi-ye-ji-shu-xue-yuan,宜宾工业职业技术学院,Yibin Industry Polytechnic College,四川,宜宾市,地方公办,,专科,20,,true,false,false,false,false,false,false
RC0442100,yi-bin-yi-yao-jian-kang-zhi-ye-xue-yuan,宜宾医药健康职业学院,Yibin Vocational College of Medicine and Health,四川,宜宾市,地方公办,,专科,20,,true,false,false,false,false,false,false
RC0442200,kun-ming-hang-kong-zhi-ye-xue-yuan,昆明航空职业学院,Kunming Aviation Vocational College,云南,昆明市,民办高校,,专科,20,,true,false,false,false,false,true,false
RC0442300,ri-ka-ze-zhi-ye-ji-shu-xue-yuan,日喀则职业技术学院,Rikaze Vocational Technical College,西藏,日喀则市,地方公办,,专科,20,,true,false,false,false,false,false,false
RC0442400,fu-kang-zhi-ye-ji-shu-xue-yuan,阜康职业技术学院,Fukang Vocational and Technical College,新疆,昌吉回族自治州,地方公办,,专科,20,,true,false,false,false,false,false,false
