序号,省级地区,学校名称,学校标识码,主管部门,所在地,办学层次,备注
1,北京市,北京大学,4111010001,教育部,北京市,本科,
2,北京市,中国人民大学,4111010002,教育部,北京市,本科,
3,北京市,清华大学,4111010003,教育部,北京市,本科,
4,北京市,北京交通大学,4111010004,教育部,北京市,本科,
5,北京市,北京工业大学,4111010005,北京市,北京市,本科,
6,北京市,北京航空航天大学,4111010006,工业和信息化部,北京市,本科,
7,北京市,北京理工大学,4111010007,工业和信息化部,北京市,本科,
8,北京市,北京科技大学,4111010008,教育部,北京市,本科,
9,北京市,北方工业大学,4111010009,北京市,北京市,本科,
10,北京市,北京化工大学,4111010010,教育部,北京市,本科,
11,北京市,北京工商大学,4111010011,北京市,北京市,本科,
12,北京市,北京服装学院,4111010012,北京市,北京市,本科,
13,北京市,北京邮电大学,4111010013,教育部,北京市,本科,
14,北京市,北京印刷学院,4111010015,北京市,北京市,本科,
15,北京市,北京建筑大学,4111010016,北京市,北京市,本科,
16,北京市,北京石油化工学院,4111010017,北京市,北京市,本科,
17,北京市,北京电子科技学院,4111010018,中央办公厅,北京市,本科,
18,北京市,中国农业大学,4111010019,教育部,北京市,本科,
19,北京市,北京农学院,4111010020,北京市,北京市,本科,
20,北京市,北京林业大学,4111010022,教育部,北京市,本科,
21,北京市,北京协和医学院,4111010023,国家卫生健康委员会,北京市,本科,
22,北京市,首都医科大学,4111010025,北京市,北京市,本科,
23,北京市,北京中医药大学,4111010026,教育部,北京市,本科,
24,北京市,北京师范大学,4111010027,教育部,北京市,本科,
25,北京市,首都师范大学,4111010028,北京市,北京市,本科,
26,北京市,首都体育学院,4111010029,北京市,北京市,本科,
27,北京市,北京外国语大学,4111010030,教育部,北京市,本科,
28,北京市,北京第二外国语学院,4111010031,北京市,北京市,本科,
29,北京市,北京语言大学,4111010032,教育部,北京市,本科,
30,北京市,中国传媒大学,4111010033,教育部,北京市,本科,
31,北京市,中央财经大学,4111010034,教育部,北京市,本科,
32,北京市,对外经济贸易大学,4111010036,教育部,北京市,本科,
33,北京市,北京物资学院,4111010037,北京市,北京市,本科,
34,北京市,首都经济贸易大学,4111010038,北京市,北京市,本科,
35,北京市,中国消防救援学院,4111010039,国家消防救援局,北京市,本科,
36,北京市,外交学院,4111010040,外交部,北京市,本科,
37,北京市,中国人民公安大学,4111010041,公安部,北京市,本科,
38,北京市,国际关系学院,4111010042,教育部,北京市,本科,
39,北京市,北京体育大学,4111010043,国家体育总局,北京市,本科,
40,北京市,中央音乐学院,4111010045,教育部,北京市,本科,
41,北京市,中国音乐学院,4111010046,北京市,北京市,本科,
42,北京市,中央美术学院,4111010047,教育部,北京市,本科,
43,北京市,中央戏剧学院,4111010048,教育部,北京市,本科,
44,北京市,中国戏曲学院,4111010049,北京市,北京市,本科,
45,北京市,北京电影学院,4111010050,北京市,北京市,本科,
46,北京市,北京舞蹈学院,4111010051,北京市,北京市,本科,
47,北京市,中央民族大学,4111010052,国家民委,北京市,本科,
48,北京市,中国政法大学,4111010053,教育部,北京市,本科,
49,北京市,华北电力大学,4111010054,教育部,北京市,本科,
50,北京市,中华女子学院,4111011149,中华妇女联合会,北京市,本科,
51,北京市,北京信息科技大学,4111011232,北京市,北京市,本科,
52,北京市,中国矿业大学（北京）,4111011413,教育部,北京市,本科,
53,北京市,中国石油大学（北京）,4111011414,教育部,北京市,本科,
54,北京市,中国地质大学（北京）,4111011415,教育部,北京市,本科,
55,北京市,北京联合大学,4111011417,北京市,北京市,本科,
56,北京市,北京城市学院,4111011418,北京市教委,北京市,本科,民办
57,北京市,中国青年政治学院,4111011625,共青团中央,北京市,本科,
58,北京市,首钢工学院,4111011831,北京市,北京市,本科,
59,北京市,中国劳动关系学院,4111012453,中华全国总工会,北京市,本科,
60,北京市,首都师范大学科德学院,4111013629,北京市教委,北京市,本科,民办
61,北京市,北京金融科技学院,4111013630,北京市教委,北京市,本科,民办
62,北京市,北京邮电大学世纪学院,4111013901,北京市教委,北京市,本科,民办
63,北京市,北京工业大学耿丹学院,4111013904,北京市教委,北京市,本科,民办
64,北京市,北京警察学院,4111014019,北京市,北京市,本科,
65,北京市,北京第二外国语学院中瑞酒店管理学院,4111014201,北京市教委,北京市,本科,民办
66,北京市,中国科学院大学,4111014430,中国科学院,北京市,本科,
67,北京市,中国社会科学院大学,4111014596,中国社会科学院,北京市,本科,
68,北京市,民政职业大学,4111014139,民政部,北京市,本科,
69,北京市,北京科技职业大学,4111010858,北京市,北京市,本科,
70,北京市,北京工业职业技术学院,4111010853,北京市,北京市,专科,
71,北京市,北京信息职业技术学院,4111010857,北京市,北京市,专科,
72,北京市,北京京北职业技术学院,4111011090,北京市,北京市,专科,
73,北京市,北京交通职业技术学院,4111011092,北京市,北京市,专科,
74,北京市,北京青年政治学院,4111011626,北京市,北京市,专科,
75,北京市,北京农业职业学院,4111012448,北京市,北京市,专科,
76,北京市,北京政法职业学院,4111012451,北京市,北京市,专科,
77,北京市,北京财贸职业学院,4111012561,北京市,北京市,专科,
78,北京市,北京北大方正软件职业技术学院,4111012564,北京市教委,北京市,专科,民办
79,北京市,北京经贸职业学院,4111012565,北京市教委,北京市,专科,民办
80,北京市,北京经济技术职业学院,4111012566,北京市教委,北京市,专科,民办
81,北京市,北京戏曲艺术职业学院,4111012567,北京市,北京市,专科,
82,北京市,北京汇佳职业学院,4111012568,北京市教委,北京市,专科,民办
83,北京市,北京科技经营管理学院,4111012733,北京市教委,北京市,专科,民办
84,北京市,北京科技职业学院,4111013703,北京市教委,北京市,专科,民办
85,北京市,北京培黎职业学院,4111013728,北京市教委,北京市,专科,民办
86,北京市,北京经济管理职业学院,4111014073,北京市,北京市,专科,
87,北京市,北京劳动保障职业学院,4111014075,北京市,北京市,专科,
88,北京市,北京艺术传媒职业学院,4111014140,北京市教委,北京市,专科,民办
89,北京市,北京体育职业学院,4111014215,北京市,北京市,专科,
90,北京市,北京交通运输职业学院,4111014279,北京市,北京市,专科,
91,北京市,北京卫生职业学院,4111014395,北京市,北京市,专科,
92,北京市,北京网络职业学院,4111014588,北京市教委,北京市,专科,民办
93,天津市,南开大学,4112010055,教育部,天津市,本科,
94,天津市,天津大学,4112010056,教育部,天津市,本科,
95,天津市,天津科技大学,4112010057,天津市,天津市,本科,
96,天津市,天津工业大学,4112010058,天津市,天津市,本科,
97,天津市,中国民航大学,4112010059,交通运输部（中国民用航空局）,天津市,本科,
98,天津市,天津理工大学,4112010060,天津市,天津市,本科,
99,天津市,天津农学院,4112010061,天津市,天津市,本科,
100,天津市,天津医科大学,4112010062,天津市,天津市,本科,
101,天津市,天津中医药大学,4112010063,天津市,天津市,本科,
102,天津市,天津师范大学,4112010065,天津市,天津市,本科,
103,天津市,天津职业技术师范大学,4112010066,天津市,天津市,本科,
104,天津市,天津外国语大学,4112010068,天津市,天津市,本科,
105,天津市,天津商业大学,4112010069,天津市,天津市,本科,
106,天津市,天津财经大学,4112010070,天津市,天津市,本科,
107,天津市,天津体育学院,4112010071,天津市,天津市,本科,
108,天津市,天津音乐学院,4112010072,天津市,天津市,本科,
109,天津市,天津美术学院,4112010073,天津市,天津市,本科,
110,天津市,天津城建大学,4112010792,天津市,天津市,本科,
111,天津市,天津天狮学院,4112010859,天津市教委,天津市,本科,民办
112,天津市,天津中德应用技术大学,4112012105,天津市,天津市,本科,
113,天津市,天津外国语大学滨海外事学院,4112013658,天津市教委,天津市,本科,民办
114,天津市,天津传媒学院,4112013659,天津市教委,天津市,本科,民办
115,天津市,天津商业大学宝德学院,4112013660,天津市教委,天津市,本科,民办
116,天津市,天津医科大学临床医学院,4112013661,天津市教委,天津市,本科,民办
117,天津市,南开大学滨海学院,4112013663,天津市教委,天津市,本科,民办
118,天津市,天津师范大学津沽学院,4112013896,天津市教委,天津市,本科,民办
119,天津市,天津理工大学中环信息学院,4112013897,天津市教委,天津市,本科,民办
120,天津市,北京科技大学天津学院,4112013898,天津市教委,天津市,本科,民办
121,天津市,天津仁爱学院,4112014038,天津市教委,天津市,本科,民办
122,天津市,天津财经大学珠江学院,4112014087,天津市教委,天津市,本科,民办
123,天津市,天津警察学院,4112012723,天津市,天津市,本科,
124,天津市,天津职业大学,4112011032,天津市,天津市,本科,
125,天津市,天津滨海职业学院,4112012484,天津市,天津市,专科,
126,天津市,天津工程职业技术学院,4112012487,天津市,天津市,专科,
127,天津市,天津渤海职业技术学院,4112012719,天津市,天津市,专科,
128,天津市,天津电子信息职业技术学院,4112012720,天津市,天津市,专科,
129,天津市,天津机电职业技术学院,4112012721,天津市,天津市,专科,
130,天津市,天津现代职业技术学院,4112012722,天津市,天津市,专科,
131,天津市,天津轻工职业技术学院,4112012732,天津市,天津市,专科,
132,天津市,天津商务职业学院,4112012788,天津市,天津市,专科,
133,天津市,天津国土资源和房屋职业学院,4112012803,天津市,天津市,专科,
134,天津市,天津医学高等专科学校,4112012880,天津市,天津市,专科,
135,天津市,天津开发区职业技术学院,4112012881,天津市,天津市,专科,
136,天津市,天津艺术职业学院,4112012882,天津市,天津市,专科,
137,天津市,天津交通职业学院,4112012883,天津市,天津市,专科,
138,天津市,天津工业职业学院,4112013700,天津市,天津市,专科,
139,天津市,天津石油职业技术学院,4112013701,天津市,天津市,专科,
140,天津市,天津城市职业学院,4112013702,天津市,天津市,专科,
141,天津市,天津铁道职业技术学院,4112013863,天津市,天津市,专科,
142,天津市,天津工艺美术职业学院,4112013911,天津市,天津市,专科,
143,天津市,天津城市建设管理职业技术学院,4112014020,天津市,天津市,专科,
144,天津市,天津生物工程职业技术学院,4112014021,天津市,天津市,专科,
145,天津市,天津海运职业学院,4112014022,天津市,天津市,专科,
146,天津市,天津广播影视职业学院,4112014102,天津市,天津市,专科,
147,天津市,天津体育职业学院,4112014599,天津市,天津市,专科,
148,天津市,天津滨海汽车工程职业学院,4112014600,天津市教委,天津市,专科,民办
149,河北省,河北大学,4113010075,河北省,保定市,本科,
150,河北省,河北工程大学,4113010076,河北省,邯郸市,本科,
151,河北省,河北地质大学,4113010077,河北省,石家庄市,本科,
152,河北省,河北工业大学,4113010080,河北省,天津市,本科,
153,河北省,华北理工大学,4113010081,河北省,唐山市,本科,
154,河北省,河北科技大学,4113010082,河北省,石家庄市,本科,
155,河北省,河北建筑工程学院,4113010084,河北省,张家口市,本科,
156,河北省,河北水利电力学院,4113010085,河北省,沧州市,本科,
157,河北省,河北农业大学,4113010086,河北省,保定市,本科,
158,河北省,河北医科大学,4113010089,河北省,石家庄市,本科,
159,河北省,河北北方学院,4113010092,河北省,张家口市,本科,
160,河北省,承德医学院,4113010093,河北省,承德市,本科,
161,河北省,河北师范大学,4113010094,河北省,石家庄市,本科,
162,河北省,保定学院,4113010096,河北省,保定市,本科,
163,河北省,河北民族师范学院,4113010098,河北省,承德市,本科,
164,河北省,唐山师范学院,4113010099,河北省,唐山市,本科,
165,河北省,廊坊师范学院,4113010100,河北省,廊坊市,本科,
166,河北省,衡水学院,4113010101,河北省,衡水市,本科,
167,河北省,石家庄学院,4113010102,河北省,石家庄市,本科,
168,河北省,邯郸学院,4113010103,河北省,邯郸市,本科,
169,河北省,邢台学院,4113010104,河北省,邢台市,本科,
170,河北省,沧州师范学院,4113010105,河北省,沧州市,本科,
171,河北省,石家庄铁道大学,4113010107,河北省,石家庄市,本科,
172,河北省,燕山大学,4113010216,河北省,秦皇岛市,本科,
173,河北省,河北科技师范学院,4113010798,河北省,秦皇岛市,本科,
174,河北省,唐山学院,4113011033,河北省,唐山市,本科,
175,河北省,应急管理大学,4113011104,应急管理部,廊坊市,本科,
176,河北省,中国人民警察大学,4113011105,公安部,廊坊市,本科,
177,河北省,河北体育学院,4113011236,河北省,石家庄市,本科,
178,河北省,河北金融学院,4113011420,河北省,保定市,本科,
179,河北省,北华航天工业学院,4113011629,河北省,廊坊市,本科,
180,河北省,河北经贸大学,4113011832,河北省,石家庄市,本科,
181,河北省,中央司法警官学院,4113011903,司法部,保定市,本科,
182,河北省,河北传媒学院,4113012784,河北省教育厅,石家庄市,本科,民办
183,河北省,河北工程技术学院,4113012796,河北省教育厅,石家庄市,本科,民办
184,河北省,河北美术学院,4113013075,河北省教育厅,石家庄市,本科,民办
185,河北省,河北科技学院,4113013391,河北省教育厅,保定市,本科,民办
186,河北省,河北外国语学院,4113013402,河北省教育厅,石家庄市,本科,民办
187,河北省,河北大学工商学院,4113013404,河北省教育厅,保定市,本科,民办
188,河北省,华北理工大学轻工学院,4113013408,河北省教育厅,唐山市,本科,民办
189,河北省,河北工业职业技术大学,4113016204,河北省,石家庄市,本科,
190,河北省,河北师范大学汇华学院,4113013411,河北省教育厅,石家庄市,本科,民办
191,河北省,河北经贸大学经济管理学院,4113013414,河北省教育厅,石家庄市,本科,民办
192,河北省,河北医科大学临床学院,4113013415,河北省教育厅,石家庄市,本科,民办
193,河北省,河北科技工程职业技术大学,4113016203,河北省,邢台市,本科,
194,河北省,河北工程大学科信学院,4113013578,河北省教育厅,邯郸市,本科,民办
195,河北省,河北石油职业技术大学,4113016202,河北省,承德市,本科,
196,河北省,燕山大学里仁学院,4113013592,河北省教育厅,秦皇岛市,本科,民办
197,河北省,石家庄铁道大学四方学院,4113013593,河北省教育厅,石家庄市,本科,民办
198,河北省,河北地质大学华信学院,4113013594,河北省教育厅,石家庄市,本科,民办
199,河北省,河北农业大学现代科技学院,4113013595,河北省教育厅,保定市,本科,民办
200,河北省,华北理工大学冀唐学院,4113013596,河北省教育厅,唐山市,本科,民办
201,河北省,保定理工学院,4113013891,河北省教育厅,保定市,本科,民办
202,河北省,燕京理工学院,4113013895,河北省教育厅,廊坊市,本科,民办
203,河北省,北京中医药大学东方学院,4113013899,河北省教育厅,廊坊市,本科,民办
204,河北省,沧州交通学院,4113014202,河北省教育厅,沧州市,本科,民办
205,河北省,河北东方学院,4113014225,河北省教育厅,廊坊市,本科,民办
206,河北省,河北中医药大学,4113014432,河北省,石家庄市,本科,
207,河北省,张家口学院,4113014458,河北省,张家口市,本科,
208,河北省,河北环境工程学院,4213051721,河北省,秦皇岛市,本科,
209,河北省,唐山工业职业技术大学,4113012787,河北省,唐山市,本科,
210,河北省,邢台医学院,4113012884,河北省,邢台市,本科,
211,河北省,邯郸职业技术学院,4113011034,河北省,邯郸市,专科,
212,河北省,石家庄职业技术学院,4113011238,河北省,石家庄市,专科,
213,河北省,张家口职业技术学院,4113011423,河北省,张家口市,专科,
214,河北省,河北软件职业技术学院,4113012352,河北省,保定市,专科,
215,河北省,河北石油职业技术学院,4113012367,河北省,廊坊市,专科,
216,河北省,河北建材职业技术学院,4113012389,河北省,秦皇岛市,专科,
217,河北省,河北政法职业学院,4113012408,河北省,石家庄市,专科,
218,河北省,沧州职业技术学院,4113012415,河北省,沧州市,专科,
219,河北省,河北能源职业技术学院,4113012418,河北省,唐山市,专科,
220,河北省,石家庄铁路职业技术学院,4113012424,河北省,石家庄市,专科,
221,河北省,保定职业技术学院,4113012543,河北省,保定市,专科,
222,河北省,秦皇岛职业技术学院,4113012773,河北省,秦皇岛市,专科,
223,河北省,石家庄工程职业学院,4113012782,河北省教育厅,石家庄市,专科,民办
224,河北省,石家庄城市经济职业学院,4113012783,河北省教育厅,石家庄市,专科,民办
225,河北省,唐山职业技术学院,4113012785,河北省,唐山市,专科,
226,河北省,衡水职业技术学院,4113012786,河北省,衡水市,专科,
227,河北省,河北艺术职业学院,4113012885,河北省,石家庄市,专科,
228,河北省,河北旅游职业学院,4113012887,河北省,承德市,专科,
229,河北省,石家庄财经职业学院,4113013070,河北省教育厅,石家庄市,专科,民办
230,河北省,河北交通职业技术学院,4113013071,河北省,石家庄市,专科,
231,河北省,河北化工医药职业技术学院,4113013072,河北省,石家庄市,专科,
232,河北省,石家庄信息工程职业学院,4113013073,河北省,石家庄市,专科,
233,河北省,河北对外经贸职业学院,4113013074,河北省,秦皇岛市,专科,
234,河北省,保定电力职业技术学院,4113013392,河北省,保定市,专科,
235,河北省,河北机电职业技术学院,4113013393,河北省,邢台市,专科,
236,河北省,渤海石油职业学院,4113013394,河北省,沧州市,专科,
237,河北省,廊坊职业技术学院,4113013395,河北省,廊坊市,专科,
238,河北省,唐山科技职业技术学院,4113013396,河北省,唐山市,专科,
239,河北省,石家庄邮电职业技术学院,4113013397,河北省,石家庄市,专科,
240,河北省,河北公安警察职业学院,4113013398,河北省,石家庄市,专科,
241,河北省,石家庄工商职业学院,4113013399,河北省教育厅,石家庄市,专科,民办
242,河北省,石家庄理工职业学院,4113013400,河北省教育厅,石家庄市,专科,民办
243,河北省,石家庄科技信息职业学院,4113013403,河北省教育厅,石家庄市,专科,民办
244,河北省,河北司法警官职业学院,4113013690,河北省,邯郸市,专科,
245,河北省,沧州医学高等专科学校,4113013779,河北省,沧州市,专科,
246,河北省,河北女子职业技术学院,4113013822,河北省,石家庄市,专科,
247,河北省,石家庄医学高等专科学校,4113014018,河北省教育厅,石家庄市,专科,民办
248,河北省,石家庄经济职业学院,4113014047,河北省教育厅,石家庄市,专科,民办
249,河北省,冀中职业学院,4113014103,河北省,保定市,专科,
250,河北省,石家庄人民医学高等专科学校,4113014158,河北省教育厅,石家庄市,专科,民办
251,河北省,河北正定师范高等专科学校,4113014185,河北省,石家庄市,专科,
252,河北省,河北劳动关系职业学院,4113014208,河北省,石家庄市,专科,
253,河北省,石家庄科技职业学院,4113014213,河北省教育厅,石家庄市,专科,民办
254,河北省,沧州幼儿师范高等专科学校,4113014259,河北省,沧州市,专科,
255,河北省,宣化科技职业学院,4113014260,河北省,张家口市,专科,
256,河北省,廊坊燕京职业技术学院,4113014280,河北省,廊坊市,专科,
257,河北省,承德护理职业学院,4113014281,河北省,承德市,专科,
258,河北省,石家庄幼儿师范高等专科学校,4113014328,河北省,石家庄市,专科,
259,河北省,廊坊卫生职业学院,4113014335,河北省,廊坊市,专科,
260,河北省,河北轨道运输职业技术学院,4113014396,河北省,石家庄市,专科,
261,河北省,保定幼儿师范高等专科学校,4113014460,河北省,保定市,专科,
262,河北省,河北工艺美术职业学院,4113014471,河北省,保定市,专科,
263,河北省,渤海理工职业学院,4113014472,河北省教育厅,沧州市,专科,民办
264,河北省,唐山幼儿师范高等专科学校,4113014586,河北省,唐山市,专科,
265,河北省,曹妃甸职业技术学院,4113014601,河北省教育厅,唐山市,专科,民办
266,河北省,承德应用技术职业学院,4113014632,河北省,承德市,专科,
267,河北省,邯郸幼儿师范高等专科学校,4113014686,河北省,邯郸市,专科,
268,河北省,邯郸科技职业学院,4113014695,河北省,邯郸市,专科,
269,河北省,唐山海运职业学院,4113014696,河北省教育厅,唐山市,专科,民办
270,河北省,邢台应用技术职业学院,4113014742,河北省教育厅,邢台市,专科,民办
271,河北省,河北资源环境职业技术学院,4213050139,河北省,石家庄市,专科,
272,河北省,衡水健康科技职业学院,4113014785,河北省,衡水市,专科,
273,河北省,沧州航空职业学院,4113014786,河北省教育厅,沧州市,专科,民办
274,河北省,邯郸应用技术职业学院,4113014787,河北省教育厅,邯郸市,专科,民办
275,河北省,秦皇岛工业职业技术学院,4113014788,河北省,秦皇岛市,专科,
276,河北省,邢台新能源职业学院,4113014852,河北省教育厅,邢台市,专科,民办
277,河北省,石家庄金融职业学院,4113014908,河北省教育厅,石家庄市,专科,民办
278,河北省,石家庄农林职业学院,4113014909,河北省教育厅,石家庄市,专科,民办
279,河北省,张家口应用技术职业学院,4113014951,河北省,张家口市,专科,
280,河北省,石家庄康养职业学院,4113014952,河北省教育厅,石家庄市,专科,民办
281,河北省,辛集应用技术职业学院,4113014953,河北省教育厅,石家庄市,专科,民办
282,山西省,山西大学,4114010108,山西省,太原市,本科,
283,山西省,太原科技大学,4114010109,山西省,太原市,本科,
284,山西省,中北大学,4114010110,山西省,太原市,本科,
285,山西省,太原理工大学,4114010112,山西省,太原市,本科,
286,山西省,山西农业大学,4114010113,山西省,晋中市,本科,
287,山西省,山西医科大学,4114010114,山西省,太原市,本科,
288,山西省,长治医学院,4114010117,山西省,长治市,本科,
289,山西省,山西师范大学,4114010118,山西省,太原市,本科,
290,山西省,太原师范学院,4114010119,山西省,太原市,本科,
291,山西省,山西大同大学,4114010120,山西省,大同市,本科,
292,山西省,晋中学院,4114010121,山西省,晋中市,本科,
293,山西省,长治学院,4114010122,山西省,长治市,本科,
294,山西省,运城学院,4114010123,山西省,运城市,本科,
295,山西省,忻州师范学院,4114010124,山西省,忻州市,本科,
296,山西省,山西财经大学,4114010125,山西省,太原市,本科,
297,山西省,山西中医药大学,4114010809,山西省,太原市,本科,
298,山西省,吕梁学院,4114010812,山西省,吕梁市,本科,
299,山西省,太原学院,4114011242,山西省,太原市,本科,
300,山西省,山西警察学院,4114012111,山西省,太原市,本科,
301,山西省,山西应用科技学院,4114012779,山西省教育厅,太原市,本科,民办
302,山西省,山西工程科技职业大学,4114016201,山西省,太原市,本科,
303,山西省,山西工学院,4114013534,山西省,朔州市,本科,
304,山西省,晋中信息学院,4114013535,山西省教育厅,晋中市,本科,民办
305,山西省,山西电子科技学院,4114013537,山西省,临汾市,本科,
306,山西省,山西晋中理工学院,4114013538,山西省教育厅,晋中市,本科,民办
307,山西省,山西科技学院,4114013597,山西省,晋城市,本科,
308,山西省,晋中健康学院,4114013598,山西省教育厅,晋中市,本科,民办
309,山西省,山西财经大学华商学院,4114013608,山西省教育厅,太原市,本科,民办
310,山西省,山西工商学院,4114013691,山西省教育厅,太原市,本科,民办
311,山西省,太原工业学院,4114014101,山西省,太原市,本科,
312,山西省,运城职业技术大学,4114014226,山西省教育厅,运城市,本科,民办
313,山西省,山西传媒学院,4114014434,山西省,太原市,本科,
314,山西省,山西工程技术学院,4114014527,山西省,阳泉市,本科,
315,山西省,山西能源学院,4214051189,山西省,晋中市,本科,
316,山西省,山西医药学院,4114014898,山西省,吕梁市,本科,
317,山西省,山西文化旅游职业大学,4114013696,山西省,太原市,本科,
318,山西省,山西省财政税务专科学校,4114011630,山西省,太原市,专科,
319,山西省,长治职业技术学院,4114012388,山西省,长治市,专科,
320,山西省,晋城职业技术学院,4114012774,山西省,晋城市,专科,
321,山西省,山西药科职业学院,4114012776,山西省,太原市,专科,
322,山西省,大同煤炭职业技术学院,4114012780,山西省,大同市,专科,
323,山西省,山西机电职业技术学院,4114012888,山西省,长治市,专科,
324,山西省,山西财贸职业技术学院,4114012890,山西省,太原市,专科,
325,山西省,山西林业职业技术学院,4114012891,山西省,太原市,专科,
326,山西省,山西水利职业技术学院,4114012892,山西省,运城市,专科,
327,山西省,阳泉职业技术学院,4114012893,山西省,阳泉市,专科,
328,山西省,临汾职业技术学院,4114013171,山西省,临汾市,专科,
329,山西省,山西职业技术学院,4114013528,山西省,太原市,专科,
330,山西省,山西金融职业学院,4114013530,山西省,太原市,专科,
331,山西省,太原城市职业技术学院,4114013532,山西省,太原市,专科,
332,山西省,山西信息职业技术学院,4114013541,山西省教育厅,临汾市,专科,民办
333,山西省,山西体育职业学院,4114013692,山西省,太原市,专科,
334,山西省,山西警官职业学院,4114013693,山西省,太原市,专科,
335,山西省,山西国际商务职业学院,4114013694,山西省,太原市,专科,
336,山西省,潞安职业技术学院,4114013695,山西省,长治市,专科,
337,山西省,山西管理职业学院,4114013698,山西省,临汾市,专科,
338,山西省,山西电力职业技术学院,4114013745,山西省,太原市,专科,
339,山西省,忻州职业技术学院,4114013821,山西省,忻州市,专科,
340,山西省,山西同文职业技术学院,4114013862,山西省教育厅,晋中市,专科,民办
341,山西省,晋中职业技术学院,4114013913,山西省,晋中市,专科,
342,山西省,山西华澳商贸职业学院,4114013914,山西省教育厅,晋中市,专科,民办
343,山西省,山西运城农业职业技术学院,4114013934,山西省,运城市,专科,
344,山西省,运城幼儿师范高等专科学校,4114014093,山西省,运城市,专科,
345,山西省,山西老区职业技术学院,4114014105,山西省教育厅,太原市,专科,民办
346,山西省,山西经贸职业学院,4114014177,山西省,太原市,专科,
347,山西省,朔州职业技术学院,4114014186,山西省,朔州市,专科,
348,山西省,山西铁道职业技术学院,4114014247,山西省,太原市,专科,
349,山西省,晋中师范高等专科学校,4114014270,山西省,晋中市,专科,
350,山西省,阳泉师范高等专科学校,4114014271,山西省,阳泉市,专科,
351,山西省,运城护理职业学院,4114014397,山西省,运城市,专科,
352,山西省,运城师范高等专科学校,4114014461,山西省,运城市,专科,
353,山西省,朔州师范高等专科学校,4114014462,山西省,朔州市,专科,
354,山西省,吕梁职业技术学院,4114014500,山西省,吕梁市,专科,
355,山西省,大同师范高等专科学校,4114014627,山西省,大同市,专科,
356,山西省,太原幼儿师范高等专科学校,4114014628,山西省,太原市,专科,
357,山西省,山西工程职业学院,4114014681,山西省,太原市,专科,
358,山西省,长治幼儿师范高等专科学校,4114014687,山西省,长治市,专科,
359,山西省,山西通用航空职业技术学院,4114014697,山西省,大同市,专科,
360,山西省,朔州陶瓷职业技术学院,4114014698,山西省,朔州市,专科,
361,山西省,山西卫生健康职业学院,4214050166,山西省,太原市,专科,
362,山西省,吕梁师范高等专科学校,4114014777,山西省,吕梁市,专科,
363,山西省,大同数据科技职业学院,4114014901,山西省教育厅,大同市,专科,民办
364,山西省,太原卫生职业学院,4114014954,山西省,太原市,专科,
365,山西省,忻州现代康养职业学院,4114014955,山西省,忻州市,专科,
366,内蒙古自治区,内蒙古大学,4115010126,内蒙古自治区,呼和浩特市,本科,
367,内蒙古自治区,内蒙古科技大学,4115010127,内蒙古自治区,包头市,本科,
368,内蒙古自治区,内蒙古工业大学,4115010128,内蒙古自治区,呼和浩特市,本科,
369,内蒙古自治区,内蒙古农业大学,4115010129,内蒙古自治区,呼和浩特市,本科,
370,内蒙古自治区,内蒙古医科大学,4115010132,内蒙古自治区,呼和浩特市,本科,
371,内蒙古自治区,内蒙古师范大学,4115010135,内蒙古自治区,呼和浩特市,本科,
372,内蒙古自治区,内蒙古民族大学,4115010136,内蒙古自治区,通辽市,本科,
373,内蒙古自治区,赤峰大学,4115010138,内蒙古自治区,赤峰市,本科,
374,内蒙古自治区,内蒙古财经大学,4115010139,内蒙古自治区,呼和浩特市,本科,
375,内蒙古自治区,呼伦贝尔学院,4115010819,内蒙古自治区,呼伦贝尔市,本科,
376,内蒙古自治区,集宁师范学院,4115011427,内蒙古自治区,乌兰察布市,本科,
377,内蒙古自治区,河套学院,4115011631,内蒙古自治区,巴彦淖尔市,本科,
378,内蒙古自治区,呼和浩特民族学院,4115011709,内蒙古自治区,呼和浩特市,本科,
379,内蒙古自治区,内蒙古大学创业学院,4115014199,内蒙古自治区教育厅,呼和浩特市,本科,民办
380,内蒙古自治区,内蒙古鸿德文理学院,4115014205,内蒙古自治区教育厅,呼和浩特市,本科,民办
381,内蒙古自治区,内蒙古艺术学院,4115014531,内蒙古自治区,呼和浩特市,本科,
382,内蒙古自治区,鄂尔多斯应用技术学院,4115014532,内蒙古自治区,鄂尔多斯市,本科,
383,内蒙古自治区,内蒙古警察学院,4115012797,内蒙古自治区,呼和浩特市,本科,
384,内蒙古自治区,内蒙古建筑职业技术大学,4115010871,内蒙古自治区,呼和浩特市,本科,
385,内蒙古自治区,兴安职业技术大学,4115012443,内蒙古自治区,兴安盟,本科,
386,内蒙古自治区,呼和浩特职业技术大学,4115012670,内蒙古自治区,呼和浩特市,本科,
387,内蒙古自治区,内蒙古丰州职业学院,4115011429,内蒙古自治区教育厅,呼和浩特市,专科,民办
388,内蒙古自治区,包头职业技术学院,4115012057,内蒙古自治区,包头市,专科,
389,内蒙古自治区,包头轻工职业技术学院,4115012671,内蒙古自治区,包头市,专科,
390,内蒙古自治区,内蒙古电子信息职业技术学院,4115012673,内蒙古自治区,呼和浩特市,专科,
391,内蒙古自治区,内蒙古机电职业技术学院,4115012674,内蒙古自治区,呼和浩特市,专科,
392,内蒙古自治区,内蒙古化工职业学院,4115012675,内蒙古自治区,呼和浩特市,专科,
393,内蒙古自治区,内蒙古商贸职业学院,4115012676,内蒙古自治区,呼和浩特市,专科,
394,内蒙古自治区,锡林郭勒职业学院,4115012677,内蒙古自治区,锡林郭勒盟,专科,
395,内蒙古自治区,内蒙古体育职业学院,4115012894,内蒙古自治区,呼和浩特市,专科,
396,内蒙古自治区,乌兰察布职业学院,4115013699,内蒙古自治区,乌兰察布市,专科,
397,内蒙古自治区,通辽职业学院,4115013740,内蒙古自治区,通辽市,专科,
398,内蒙古自治区,科尔沁艺术职业学院,4115013741,内蒙古自治区,通辽市,专科,
399,内蒙古自治区,内蒙古交通职业技术学院,4115013824,内蒙古自治区,赤峰市,专科,
400,内蒙古自治区,包头钢铁职业技术学院,4115013864,内蒙古自治区,包头市,专科,
401,内蒙古自治区,乌海职业技术学院,4115013915,内蒙古自治区,乌海市,专科,
402,内蒙古自治区,内蒙古科技职业学院,4115014048,内蒙古自治区教育厅,呼和浩特市,专科,民办
403,内蒙古自治区,内蒙古北方职业技术学院,4115014049,内蒙古自治区教育厅,呼和浩特市,专科,民办
404,内蒙古自治区,赤峰职业技术学院,4115014050,内蒙古自治区教育厅,赤峰市,专科,民办
405,内蒙古自治区,内蒙古经贸外语职业学院,4115014051,内蒙古自治区教育厅,呼和浩特市,专科,民办
406,内蒙古自治区,包头铁道职业技术学院,4115014187,内蒙古自治区,包头市,专科,
407,内蒙古自治区,乌兰察布医学高等专科学校,4115014219,内蒙古自治区,乌兰察布市,专科,
408,内蒙古自治区,鄂尔多斯职业学院,4115014248,内蒙古自治区,鄂尔多斯市,专科,
409,内蒙古自治区,内蒙古工业职业学院,4115014282,内蒙古自治区教育厅,呼和浩特市,专科,民办
410,内蒙古自治区,呼伦贝尔职业技术学院,4115014283,内蒙古自治区,呼伦贝尔市,专科,
411,内蒙古自治区,满洲里俄语职业学院,4115014285,内蒙古自治区,呼伦贝尔市,专科,
412,内蒙古自治区,内蒙古能源职业学院,4115014337,内蒙古自治区教育厅,呼和浩特市,专科,民办
413,内蒙古自治区,赤峰工业职业技术学院,4115014338,内蒙古自治区,赤峰市,专科,
414,内蒙古自治区,阿拉善职业技术学院,4115014339,内蒙古自治区,阿拉善盟,专科,
415,内蒙古自治区,内蒙古美术职业学院,4115014387,内蒙古自治区教育厅,巴彦淖尔市,专科,民办
416,内蒙古自治区,内蒙古民族幼儿师范高等专科学校,4115014463,内蒙古自治区,鄂尔多斯市,专科,
417,内蒙古自治区,鄂尔多斯生态环境职业学院,4115014501,内蒙古自治区,鄂尔多斯市,专科,
418,内蒙古自治区,扎兰屯职业学院,4115014539,内蒙古自治区,呼伦贝尔市,专科,
419,内蒙古自治区,赤峰应用技术职业学院,4115014699,内蒙古自治区,赤峰市,专科,
420,辽宁省,辽宁大学,4121010140,辽宁省,沈阳市,本科,
421,辽宁省,大连理工大学,4121010141,教育部,大连市,本科,
422,辽宁省,沈阳工业大学,4121010142,辽宁省,沈阳市,本科,
423,辽宁省,沈阳航空航天大学,4121010143,辽宁省,沈阳市,本科,
424,辽宁省,沈阳理工大学,4121010144,辽宁省,沈阳市,本科,
425,辽宁省,东北大学,4121010145,教育部,沈阳市,本科,
426,辽宁省,辽宁科技大学,4121010146,辽宁省,鞍山市,本科,
427,辽宁省,辽宁工程技术大学,4121010147,辽宁省,阜新市,本科,
428,辽宁省,辽宁石油化工大学,4121010148,辽宁省,抚顺市,本科,
429,辽宁省,沈阳化工大学,4121010149,辽宁省,沈阳市,本科,
430,辽宁省,大连交通大学,4121010150,辽宁省,大连市,本科,
431,辽宁省,大连海事大学,4121010151,交通运输部,大连市,本科,
432,辽宁省,大连工业大学,4121010152,辽宁省,大连市,本科,
433,辽宁省,沈阳建筑大学,4121010153,辽宁省,沈阳市,本科,
434,辽宁省,辽宁工业大学,4121010154,辽宁省,锦州市,本科,
435,辽宁省,沈阳农业大学,4121010157,辽宁省,沈阳市,本科,
436,辽宁省,大连海洋大学,4121010158,辽宁省,大连市,本科,
437,辽宁省,中国医科大学,4121010159,辽宁省,沈阳市,本科,
438,辽宁省,锦州医科大学,4121010160,辽宁省,锦州市,本科,
439,辽宁省,大连医科大学,4121010161,辽宁省,大连市,本科,
440,辽宁省,辽宁中医药大学,4121010162,辽宁省,沈阳市,本科,
441,辽宁省,沈阳药科大学,4121010163,辽宁省,沈阳市,本科,
442,辽宁省,沈阳医学院,4121010164,辽宁省,沈阳市,本科,
443,辽宁省,辽宁师范大学,4121010165,辽宁省,大连市,本科,
444,辽宁省,沈阳师范大学,4121010166,辽宁省,沈阳市,本科,
445,辽宁省,渤海大学,4121010167,辽宁省,锦州市,本科,
446,辽宁省,鞍山师范学院,4121010169,辽宁省,鞍山市,本科,
447,辽宁省,大连外国语大学,4121010172,辽宁省,大连市,本科,
448,辽宁省,东北财经大学,4121010173,辽宁省,大连市,本科,
449,辽宁省,中国刑事警察学院,4121010175,公安部,沈阳市,本科,
450,辽宁省,沈阳体育学院,4121010176,辽宁省,沈阳市,本科,
451,辽宁省,沈阳音乐学院,4121010177,辽宁省,沈阳市,本科,
452,辽宁省,鲁迅美术学院,4121010178,辽宁省,沈阳市,本科,
453,辽宁省,辽宁对外经贸学院,4121010841,辽宁省教育厅,大连市,本科,民办
454,辽宁省,沈阳大学,4121011035,辽宁省,沈阳市,本科,
455,辽宁省,大连大学,4121011258,辽宁省,大连市,本科,
456,辽宁省,辽宁科技学院,4121011430,辽宁省,本溪市,本科,
457,辽宁省,辽宁警察学院,4121011432,辽宁省,大连市,本科,
458,辽宁省,沈阳工程学院,4121011632,辽宁省,沈阳市,本科,
459,辽宁省,辽东学院,4121011779,辽宁省,丹东市,本科,
460,辽宁省,大连民族大学,4121012026,国家民委,大连市,本科,
461,辽宁省,辽宁理工职业大学,4121012595,辽宁省教育厅,锦州市,本科,民办
462,辽宁省,大连工程学院,4121013198,辽宁省教育厅,大连市,本科,民办
463,辽宁省,沈阳工业大学工程学院,4121013199,辽宁省教育厅,辽阳市,本科,民办
464,辽宁省,沈阳航空航天大学北方科技学院,4121013200,辽宁省教育厅,沈阳市,本科,民办
465,辽宁省,沈阳工学院,4121013201,辽宁省教育厅,抚顺市,本科,民办
466,辽宁省,大连工业大学艺术与信息工程学院,4121013203,辽宁省教育厅,大连市,本科,民办
467,辽宁省,大连科技学院,4121013207,辽宁省教育厅,大连市,本科,民办
468,辽宁省,沈阳城市建设学院,4121013208,辽宁省教育厅,沈阳市,本科,民办
469,辽宁省,大连医科大学中山学院,4121013212,辽宁省教育厅,大连市,本科,民办
470,辽宁省,锦州医科大学医疗学院,4121013213,辽宁省教育厅,锦州市,本科,民办
471,辽宁省,辽宁师范大学海华学院,4121013215,辽宁省教育厅,大连市,本科,民办
472,辽宁省,辽宁理工学院,4121013217,辽宁省教育厅,锦州市,本科,民办
473,辽宁省,大连财经学院,4121013218,辽宁省教育厅,大连市,本科,民办
474,辽宁省,沈阳城市学院,4121013220,辽宁省教育厅,沈阳市,本科,民办
475,辽宁省,大连艺术学院,4121013599,辽宁省教育厅,大连市,本科,民办
476,辽宁省,辽宁中医药大学杏林学院,4121013609,辽宁省教育厅,沈阳市,本科,民办
477,辽宁省,辽宁何氏医学院,4121013610,辽宁省教育厅,沈阳市,本科,民办
478,辽宁省,沈阳科技学院,4121013621,辽宁省教育厅,沈阳市,本科,民办
479,辽宁省,大连东软信息学院,4121013631,辽宁省教育厅,大连市,本科,民办
480,辽宁省,辽宁财贸学院,4121013900,辽宁省教育厅,葫芦岛市,本科,民办
481,辽宁省,辽宁传媒学院,4121013957,辽宁省教育厅,沈阳市,本科,民办
482,辽宁省,营口理工学院,4121014435,辽宁省,营口市,本科,
483,辽宁省,朝阳师范学院,4121010171,辽宁省,朝阳市,本科,
484,辽宁省,抚顺师范高等专科学校,4121010179,辽宁省,抚顺市,专科,
485,辽宁省,锦州师范高等专科学校,4121010180,辽宁省,锦州市,专科,
486,辽宁省,营口职业技术学院,4121010181,辽宁省,营口市,专科,
487,辽宁省,铁岭师范高等专科学校,4121010182,辽宁省,铁岭市,专科,
488,辽宁省,大连职业技术学院,4121010845,辽宁省,大连市,专科,
489,辽宁省,辽宁农业职业技术学院,4121010957,辽宁省,营口市,专科,
490,辽宁省,抚顺职业技术学院,4121011037,辽宁省,抚顺市,专科,
491,辽宁省,辽阳职业技术学院,4121011249,辽宁省,辽阳市,专科,
492,辽宁省,阜新高等专科学校,4121011250,辽宁省,阜新市,专科,
493,辽宁省,辽宁省交通高等专科学校,4121011500,辽宁省,沈阳市,专科,
494,辽宁省,辽宁税务高等专科学校,4121011735,辽宁省,大连市,专科,
495,辽宁省,盘锦职业技术学院,4121012063,辽宁省,盘锦市,专科,
496,辽宁省,沈阳航空职业技术学院,4121012590,辽宁省,沈阳市,专科,
497,辽宁省,辽宁体育运动职业技术学院,4121012591,辽宁省,沈阳市,专科,
498,辽宁省,辽宁职业学院,4121012592,辽宁省,铁岭市,专科,
499,辽宁省,辽宁生态工程职业学院,4121012593,辽宁省,沈阳市,专科,
500,辽宁省,沈阳职业技术学院,4121012594,辽宁省,沈阳市,专科,
501,辽宁省,大连商务职业学院,4121012730,辽宁省教育厅,大连市,专科,民办
502,辽宁省,辽宁金融职业学院,4121012895,辽宁省,沈阳市,专科,
503,辽宁省,辽宁轨道交通职业学院,4121012896,辽宁省,沈阳市,专科,
504,辽宁省,辽宁广告职业学院,4121012897,辽宁省教育厅,沈阳市,专科,民办
505,辽宁省,辽宁机电职业技术学院,4121012898,辽宁省,丹东市,专科,
506,辽宁省,辽宁经济职业技术学院,4121012899,辽宁省,沈阳市,专科,
507,辽宁省,辽宁石化职业技术学院,4121012900,辽宁省,锦州市,专科,
508,辽宁省,渤海船舶职业学院,4121012931,辽宁省,葫芦岛市,专科,
509,辽宁省,大连软件职业学院,4121013958,辽宁省教育厅,大连市,专科,民办
510,辽宁省,大连翻译职业学院,4121013959,辽宁省教育厅,大连市,专科,民办
511,辽宁省,辽宁商贸职业学院,4121013960,辽宁省,沈阳市,专科,
512,辽宁省,大连枫叶职业技术学院,4121013961,辽宁省教育厅,大连市,专科,民办
513,辽宁省,辽宁装备制造职业技术学院,4121014076,辽宁省,沈阳市,专科,
514,辽宁省,辽河石油职业技术学院,4121014077,辽宁省,盘锦市,专科,
515,辽宁省,辽宁地质工程职业学院,4121014106,辽宁省,丹东市,专科,
516,辽宁省,辽宁铁道职业技术学院,4121014188,辽宁省,锦州市,专科,
517,辽宁省,辽宁建筑职业学院,4121014189,辽宁省,辽阳市,专科,
518,辽宁省,大连航运职业技术学院,4121014209,辽宁省教育厅,大连市,专科,民办
519,辽宁省,大连装备制造职业技术学院,4121014227,辽宁省教育厅,大连市,专科,民办
520,辽宁省,大连汽车职业技术学院,4121014228,辽宁省教育厅,大连市,专科,民办
521,辽宁省,辽宁现代服务职业技术学院,4121014240,辽宁省,沈阳市,专科,
522,辽宁省,辽宁冶金职业技术学院,4121014286,辽宁省,本溪市,专科,
523,辽宁省,辽宁工程职业学院,4121014287,辽宁省,铁岭市,专科,
524,辽宁省,辽宁城市建设职业技术学院,4121014288,辽宁省,沈阳市,专科,
525,辽宁省,辽宁医药职业学院,4121014289,辽宁省,沈阳市,专科,
526,辽宁省,铁岭卫生职业学院,4121014290,辽宁省,铁岭市,专科,
527,辽宁省,沈阳北软信息职业技术学院,4121014385,辽宁省教育厅,沈阳市,专科,民办
528,辽宁省,辽宁政法职业学院,4121014398,辽宁省,沈阳市,专科,
529,辽宁省,辽宁民族师范高等专科学校,4121014464,辽宁省,沈阳市,专科,
530,辽宁省,辽宁轻工职业学院,4121014473,辽宁省,大连市,专科,
531,辽宁省,辽宁特殊教育师范高等专科学校,4121014526,辽宁省,沈阳市,专科,
532,辽宁省,辽宁师范高等专科学校,4121014662,辽宁省,沈阳市,专科,
533,辽宁省,鞍山职业技术学院,4121014700,辽宁省,鞍山市,专科,
534,辽宁省,朝阳职业技术学院,4221051143,辽宁省,朝阳市,专科,
535,吉林省,吉林大学,4122010183,教育部,长春市,本科,
536,吉林省,延边大学,4122010184,吉林省,延边朝鲜族自治州,本科,
537,吉林省,长春理工大学,4122010186,吉林省,长春市,本科,
538,吉林省,东北电力大学,4122010188,吉林省,吉林市,本科,
539,吉林省,长春工业大学,4122010190,吉林省,长春市,本科,
540,吉林省,吉林建筑大学,4122010191,吉林省,长春市,本科,
541,吉林省,吉林化工大学,4122010192,吉林省,吉林市,本科,
542,吉林省,吉林农业大学,4122010193,吉林省,长春市,本科,
543,吉林省,长春中医药大学,4122010199,吉林省,长春市,本科,
544,吉林省,东北师范大学,4122010200,教育部,长春市,本科,
545,吉林省,北华大学,4122010201,吉林省,吉林市,本科,
546,吉林省,通化师范学院,4122010202,吉林省,通化市,本科,
547,吉林省,吉林师范大学,4122010203,吉林省,四平市,本科,
548,吉林省,吉林工程技术师范学院,4122010204,吉林省,长春市,本科,
549,吉林省,长春师范大学,4122010205,吉林省,长春市,本科,
550,吉林省,白城师范学院,4122010206,吉林省,白城市,本科,
551,吉林省,吉林财经大学,4122010207,吉林省,长春市,本科,
552,吉林省,吉林体育学院,4122010208,吉林省,长春市,本科,
553,吉林省,吉林艺术学院,4122010209,吉林省,长春市,本科,
554,吉林省,吉林外国语大学,4122010964,吉林省教育厅,长春市,本科,民办
555,吉林省,吉林工商学院,4122011261,吉林省,长春市,本科,
556,吉林省,长春工程学院,4122011437,吉林省,长春市,本科,
557,吉林省,吉林农业科技学院,4122011439,吉林省,吉林市,本科,
558,吉林省,吉林警察学院,4122011441,吉林省,长春市,本科,
559,吉林省,长春大学,4122011726,吉林省,长春市,本科,
560,吉林省,长春光华学院,4122013600,吉林省教育厅,长春市,本科,民办
561,吉林省,长春工业大学人文信息学院,4122013601,吉林省教育厅,长春市,本科,民办
562,吉林省,长春电子科技学院,4122013602,吉林省教育厅,长春市,本科,民办
563,吉林省,长春财经学院,4122013603,吉林省教育厅,长春市,本科,民办
564,吉林省,吉林建筑科技学院,4122013604,吉林省教育厅,长春市,本科,民办
565,吉林省,长春建筑学院,4122013605,吉林省教育厅,长春市,本科,民办
566,吉林省,长春科技学院,4122013606,吉林省教育厅,长春市,本科,民办
567,吉林省,吉林动画学院,4122013607,吉林省教育厅,长春市,本科,民办
568,吉林省,吉林师范大学博达学院,4122013622,吉林省教育厅,四平市,本科,民办
569,吉林省,长春大学旅游学院,4122013623,吉林省教育厅,长春市,本科,民办
570,吉林省,长春人文学院,4122013662,吉林省教育厅,长春市,本科,民办
571,吉林省,吉林医药学院,4122013706,吉林省,吉林市,本科,
572,吉林省,长春汽车职业技术大学,4122011436,吉林省,长春市,本科,
573,吉林省,长春职业技术大学,4122013161,吉林省,长春市,本科,
574,吉林省,吉林铁道职业技术大学,4122014052,吉林省,吉林市,本科,
575,吉林省,长春师范高等专科学校,3622000335,吉林省,长春市,专科,
576,吉林省,辽源职业技术学院,4122010847,吉林省,辽源市,专科,
577,吉林省,四平职业大学,4122011044,吉林省,四平市,专科,
578,吉林省,长春金融高等专科学校,4122011440,吉林省,长春市,专科,
579,吉林省,长春医学高等专科学校,4122011823,吉林省,长春市,专科,
580,吉林省,吉林交通职业技术学院,4122012049,吉林省,长春市,专科,
581,吉林省,长春医药职业学院,4122012306,吉林省教育厅,长春市,专科,民办
582,吉林省,吉林司法警官职业学院,4122012901,吉林省,长春市,专科,
583,吉林省,吉林电子信息职业技术学院,4122012902,吉林省,吉林市,专科,
584,吉林省,吉林工业职业技术学院,4122012903,吉林省,吉林市,专科,
585,吉林省,吉林工程职业学院,4122012904,吉林省,四平市,专科,
586,吉林省,白城医学高等专科学校,4122013743,吉林省,白城市,专科,
587,吉林省,长春信息技术职业学院,4122013916,吉林省教育厅,长春市,专科,民办
588,吉林省,松原职业技术学院,4122013917,吉林省,松原市,专科,
589,吉林省,白城职业技术学院,4122014107,吉林省,白城市,专科,
590,吉林省,长白山职业技术学院,4122014190,吉林省,白山市,专科,
591,吉林省,吉林科技职业技术学院,4122014291,吉林省教育厅,长春市,专科,民办
592,吉林省,延边职业技术学院,4122014340,吉林省,延边朝鲜族自治州,专科,
593,吉林省,吉林城市职业技术学院,4122014426,吉林省教育厅,长春市,专科,民办
594,吉林省,吉林职业技术学院,4122014567,吉林省教育厅,延边朝鲜族自治州,专科,民办
595,吉林省,吉林水利电力职业学院,4122014602,吉林省,长春市,专科,
596,吉林省,长春健康职业学院,4122014603,吉林省教育厅,长春市,专科,民办
597,吉林省,长春早期教育职业学院,4122014701,吉林省教育厅,长春市,专科,民办
598,吉林省,梅河口康美职业技术学院,4122014702,吉林省教育厅,通化市,专科,民办
599,吉林省,吉林通用航空职业技术学院,4122014743,吉林省,吉林市,专科,
600,吉林省,通化医药健康职业学院,4122014744,吉林省,通化市,专科,
601,吉林省,长春数字科技职业学院,4122014894,吉林省教育厅,长春市,专科,民办
602,吉林省,四平现代职业学院,4122014910,吉林省,四平市,专科,
603,黑龙江省,黑龙江大学,4123010212,黑龙江省,哈尔滨市,本科,
604,黑龙江省,哈尔滨工业大学,4123010213,工业和信息化部,哈尔滨市,本科,
605,黑龙江省,哈尔滨理工大学,4123010214,黑龙江省,哈尔滨市,本科,
606,黑龙江省,哈尔滨工程大学,4123010217,工业和信息化部,哈尔滨市,本科,
607,黑龙江省,黑龙江科技大学,4123010219,黑龙江省,哈尔滨市,本科,
608,黑龙江省,东北石油大学,4123010220,黑龙江省,大庆市,本科,
609,黑龙江省,佳木斯大学,4123010222,黑龙江省,佳木斯市,本科,
610,黑龙江省,黑龙江八一农垦大学,4123010223,黑龙江省,大庆市,本科,
611,黑龙江省,东北农业大学,4123010224,黑龙江省,哈尔滨市,本科,
612,黑龙江省,东北林业大学,4123010225,教育部,哈尔滨市,本科,
613,黑龙江省,哈尔滨医科大学,4123010226,黑龙江省,哈尔滨市,本科,
614,黑龙江省,黑龙江中医药大学,4123010228,黑龙江省,哈尔滨市,本科,
615,黑龙江省,牡丹江医科大学,4123010229,黑龙江省,牡丹江市,本科,
616,黑龙江省,哈尔滨师范大学,4123010231,黑龙江省,哈尔滨市,本科,
617,黑龙江省,齐齐哈尔大学,4123010232,黑龙江省,齐齐哈尔市,本科,
618,黑龙江省,牡丹江师范学院,4123010233,黑龙江省,牡丹江市,本科,
619,黑龙江省,哈尔滨学院,4123010234,黑龙江省,哈尔滨市,本科,
620,黑龙江省,大庆师范学院,4123010235,黑龙江省,大庆市,本科,
621,黑龙江省,绥化学院,4123010236,黑龙江省,绥化市,本科,
622,黑龙江省,哈尔滨商业大学,4123010240,黑龙江省,哈尔滨市,本科,
623,黑龙江省,哈尔滨体育学院,4123010242,黑龙江省,哈尔滨市,本科,
624,黑龙江省,哈尔滨金融学院,4123010245,黑龙江省,哈尔滨市,本科,
625,黑龙江省,齐齐哈尔医学院,4123011230,黑龙江省,齐齐哈尔市,本科,
626,黑龙江省,黑龙江工业学院,4123011445,黑龙江省,鸡西市,本科,
627,黑龙江省,黑龙江东方学院,4123011446,黑龙江省教育厅,哈尔滨市,本科,民办
628,黑龙江省,哈尔滨信息工程学院,4123011635,黑龙江省教育厅,哈尔滨市,本科,民办
629,黑龙江省,黑龙江工程学院,4123011802,黑龙江省,哈尔滨市,本科,
630,黑龙江省,齐齐哈尔工程学院,4123012729,黑龙江省教育厅,齐齐哈尔市,本科,民办
631,黑龙江省,黑龙江外国语学院,4123013296,黑龙江省教育厅,哈尔滨市,本科,民办
632,黑龙江省,黑龙江财经学院,4123013298,黑龙江省教育厅,哈尔滨市,本科,民办
633,黑龙江省,哈尔滨石油学院,4123013299,黑龙江省教育厅,哈尔滨市,本科,民办
634,黑龙江省,黑龙江工商学院,4123013300,黑龙江省教育厅,哈尔滨市,本科,民办
635,黑龙江省,哈尔滨远东理工学院,4123013301,黑龙江省教育厅,哈尔滨市,本科,民办
636,黑龙江省,哈尔滨剑桥学院,4123013303,黑龙江省教育厅,哈尔滨市,本科,民办
637,黑龙江省,黑龙江工程学院昆仑旅游学院,4123013304,黑龙江省教育厅,哈尔滨市,本科,民办
638,黑龙江省,哈尔滨广厦学院,4123013306,黑龙江省教育厅,哈尔滨市,本科,民办
639,黑龙江省,哈尔滨华德学院,4123013307,黑龙江省教育厅,哈尔滨市,本科,民办
640,黑龙江省,黑河学院,4123013744,黑龙江省,黑河市,本科,
641,黑龙江省,哈尔滨音乐学院,4123014560,黑龙江省,哈尔滨市,本科,
642,黑龙江省,哈尔滨职业技术大学,4123012911,黑龙江省,哈尔滨市,本科,
643,黑龙江省,黑龙江农业工程职业技术大学,4123012726,黑龙江省,哈尔滨市,本科,
644,黑龙江省,哈尔滨建筑科技职业大学,4123012053,黑龙江省,哈尔滨市,本科,
645,黑龙江省,齐齐哈尔高等师范专科学校,4123010238,黑龙江省,齐齐哈尔市,专科,
646,黑龙江省,伊春职业学院,4123010872,黑龙江省,伊春市,专科,
647,黑龙江省,牡丹江大学,4123011046,黑龙江省,牡丹江市,专科,
648,黑龙江省,黑龙江职业学院,4123011449,黑龙江省,哈尔滨市,专科,
649,黑龙江省,黑龙江艺术职业学院,4123012490,黑龙江省,哈尔滨市,专科,
650,黑龙江省,大庆职业学院,4123012718,黑龙江省,大庆市,专科,
651,黑龙江省,黑龙江林业职业技术学院,4123012724,黑龙江省,牡丹江市,专科,
652,黑龙江省,黑龙江农业职业技术学院,4123012725,黑龙江省,佳木斯市,专科,
653,黑龙江省,黑龙江农垦职业学院,4123012727,黑龙江省,哈尔滨市,专科,
654,黑龙江省,黑龙江司法警官职业学院,4123012728,黑龙江省,哈尔滨市,专科,
655,黑龙江省,鹤岗师范高等专科学校,4123012905,黑龙江省,鹤岗市,专科,
656,黑龙江省,哈尔滨电力职业技术学院,4123012906,黑龙江省,哈尔滨市,专科,
657,黑龙江省,哈尔滨铁道职业技术学院,4123012907,黑龙江省,哈尔滨市,专科,
658,黑龙江省,大兴安岭职业学院,4123012908,黑龙江省,大兴安岭地区,专科,
659,黑龙江省,黑龙江农业经济职业学院,4123012910,黑龙江省,牡丹江市,专科,
660,黑龙江省,哈尔滨传媒职业学院,4123013302,黑龙江省教育厅,哈尔滨市,专科,民办
661,黑龙江省,黑龙江商业职业学院,4123013448,黑龙江省,牡丹江市,专科,
662,黑龙江省,黑龙江公安警官职业学院,4123013449,黑龙江省,哈尔滨市,专科,
663,黑龙江省,哈尔滨城市职业学院,4123013451,黑龙江省教育厅,哈尔滨市,专科,民办
664,黑龙江省,黑龙江旅游职业技术学院,4123013729,黑龙江省,哈尔滨市,专科,
665,黑龙江省,黑龙江三江美术职业学院,4123013730,黑龙江省教育厅,佳木斯市,专科,民办
666,黑龙江省,黑龙江生态工程职业学院,4123013731,黑龙江省,哈尔滨市,专科,
667,黑龙江省,黑龙江能源职业学院,4123013732,黑龙江省,双鸭山市,专科,
668,黑龙江省,七台河职业学院,4123013918,黑龙江省,七台河市,专科,
669,黑龙江省,黑龙江民族职业学院,4123013935,黑龙江省,哈尔滨市,专科,
670,黑龙江省,大庆医学高等专科学校,4123014017,黑龙江省,大庆市,专科,
671,黑龙江省,黑龙江交通职业技术学院,4123014053,黑龙江省,哈尔滨市,专科,
672,黑龙江省,哈尔滨应用职业技术学院,4123014055,黑龙江省教育厅,哈尔滨市,专科,民办
673,黑龙江省,黑龙江幼儿师范高等专科学校,4123014095,黑龙江省,牡丹江市,专科,
674,黑龙江省,哈尔滨科学技术职业学院,4123014108,黑龙江省,哈尔滨市,专科,
675,黑龙江省,佳木斯职业学院,4123014178,黑龙江省,佳木斯市,专科,
676,黑龙江省,黑龙江护理高等专科学校,4123014272,黑龙江省,哈尔滨市,专科,
677,黑龙江省,齐齐哈尔理工职业学院,4123014400,黑龙江省教育厅,齐齐哈尔市,专科,民办
678,黑龙江省,哈尔滨幼儿师范高等专科学校,4123014425,黑龙江省,哈尔滨市,专科,
679,黑龙江省,黑龙江冰雪体育职业学院,4123014540,黑龙江省,哈尔滨市,专科,
680,黑龙江省,哈尔滨北方航空职业技术学院,4123014633,黑龙江省教育厅,哈尔滨市,专科,民办
681,黑龙江省,哈尔滨商贸职业学院,4123014911,黑龙江省教育厅,哈尔滨市,专科,民办
682,黑龙江省,齐齐哈尔立德健康职业学院,4123014912,黑龙江省教育厅,齐齐哈尔市,专科,民办
683,黑龙江省,哈尔滨健康职业学院,4123014956,黑龙江省教育厅,哈尔滨市,专科,民办
684,上海市,复旦大学,4131010246,教育部,上海市,本科,
685,上海市,同济大学,4131010247,教育部,上海市,本科,
686,上海市,上海交通大学,4131010248,教育部,上海市,本科,
687,上海市,华东理工大学,4131010251,教育部,上海市,本科,
688,上海市,上海理工大学,4131010252,上海市,上海市,本科,
689,上海市,上海海事大学,4131010254,上海市,上海市,本科,
690,上海市,东华大学,4131010255,教育部,上海市,本科,
691,上海市,上海电力大学,4131010256,上海市,上海市,本科,
692,上海市,上海应用技术大学,4131010259,上海市,上海市,本科,
693,上海市,上海健康医学院,4131010262,上海市,上海市,本科,
694,上海市,上海海洋大学,4131010264,上海市,上海市,本科,
695,上海市,上海中医药大学,4131010268,上海市,上海市,本科,
696,上海市,华东师范大学,4131010269,教育部,上海市,本科,
697,上海市,上海师范大学,4131010270,上海市,上海市,本科,
698,上海市,上海外国语大学,4131010271,教育部,上海市,本科,
699,上海市,上海财经大学,4131010272,教育部,上海市,本科,
700,上海市,上海对外经贸大学,4131010273,上海市,上海市,本科,
701,上海市,上海海关学院,4131010274,海关总署,上海市,本科,
702,上海市,华东政法大学,4131010276,上海市,上海市,本科,
703,上海市,上海体育大学,4131010277,上海市,上海市,本科,
704,上海市,上海音乐学院,4131010278,上海市,上海市,本科,
705,上海市,上海戏剧学院,4131010279,上海市,上海市,本科,
706,上海市,上海大学,4131010280,上海市,上海市,本科,
707,上海市,上海公安学院,4131010283,上海市,上海市,本科,
708,上海市,上海工程技术大学,4131010856,上海市,上海市,本科,
709,上海市,上海立信会计金融学院,4131011047,上海市,上海市,本科,
710,上海市,上海电机学院,4131011458,上海市,上海市,本科,
711,上海市,上海杉达学院,4131011833,上海市教委,上海市,本科,民办
712,上海市,上海政法学院,4131011835,上海市,上海市,本科,
713,上海市,上海第二工业大学,4131012044,上海市,上海市,本科,
714,上海市,上海商学院,4131012050,上海市,上海市,本科,
715,上海市,上海立达学院,4131012587,上海市教委,上海市,本科,民办
716,上海市,上海建桥学院,4131012799,上海市教委,上海市,本科,民办
717,上海市,上海兴伟学院,4131012914,上海市教委,上海市,本科,民办
718,上海市,上海中侨职业技术大学,4131012915,上海市教委,上海市,本科,民办
719,上海市,上海视觉艺术学院,4131013632,上海市教委,上海市,本科,民办
720,上海市,上海外国语大学贤达经济人文学院,4131013636,上海市教委,上海市,本科,民办
721,上海市,上海师范大学天华学院,4131013893,上海市教委,上海市,本科,民办
722,上海市,上海科技大学,4131014423,上海市 中国科学院,上海市,本科,
723,上海市,上海纽约大学,4131016404,上海市教委,上海市,本科,中外合作办学及内地与港澳合作办学
724,上海市,上海旅游高等专科学校,4131010275,上海市,上海市,专科,
725,上海市,上海东海职业技术学院,4131010851,上海市教委,上海市,专科,民办
726,上海市,上海工商职业技术学院,4131010852,上海市教委,上海市,专科,民办
727,上海市,上海出版印刷高等专科学校,4131011733,上海市,上海市,专科,
728,上海市,上海行健职业学院,4131012493,上海市,上海市,专科,
729,上海市,上海城建职业学院,4131012495,上海市,上海市,专科,
730,上海市,上海交通职业技术学院,4131012497,上海市,上海市,专科,
731,上海市,上海海事职业技术学院,4131012498,上海市,上海市,专科,
732,上海市,上海电子信息职业技术学院,4131012499,上海市,上海市,专科,
733,上海市,上海震旦职业学院,4131012583,上海市教委,上海市,专科,民办
734,上海市,上海民远职业技术学院,4131012584,上海市教委,上海市,专科,民办
735,上海市,上海欧华职业技术学院,4131012585,上海市教委,上海市,专科,民办
736,上海市,上海思博职业技术学院,4131012586,上海市教委,上海市,专科,民办
737,上海市,上海工艺美术职业学院,4131012588,上海市,上海市,专科,
738,上海市,上海济光职业技术学院,4131012798,上海市教委,上海市,专科,民办
739,上海市,上海工商外国语职业学院,4131012800,上海市教委,上海市,专科,民办
740,上海市,上海科学技术职业学院,4131012801,上海市,上海市,专科,
741,上海市,上海农林职业技术学院,4131012912,上海市,上海市,专科,
742,上海市,上海邦德职业技术学院,4131012913,上海市教委,上海市,专科,民办
743,上海市,上海电影艺术职业学院,4131013747,上海市教委,上海市,专科,民办
744,上海市,上海中华职业技术学院,4131013907,上海市教委,上海市,专科,民办
745,上海市,上海工会管理职业学院,4131014023,上海市,上海市,专科,
746,上海市,上海民航职业技术学院,4131014394,交通运输部（中国民用航空局）,上海市,专科,
747,上海市,上海南湖职业技术学院,4131014745,上海市,上海市,专科,
748,上海市,上海科创职业技术学院,4131014778,上海市,上海市,专科,
749,上海市,上海闵行职业技术学院,4131014779,上海市,上海市,专科,
750,上海市,上海现代化工职业学院,4131014780,上海市,上海市,专科,
751,上海市,上海建设管理职业技术学院,4131014781,上海市,上海市,专科,
752,上海市,上海浦东职业技术学院,4131014895,上海市,上海市,专科,
753,江苏省,南京大学,4132010284,教育部,南京市,本科,
754,江苏省,苏州大学,4132010285,江苏省,苏州市,本科,
755,江苏省,东南大学,4132010286,教育部,南京市,本科,
756,江苏省,南京航空航天大学,4132010287,工业和信息化部,南京市,本科,
757,江苏省,南京理工大学,4132010288,工业和信息化部,南京市,本科,
758,江苏省,江苏科技大学,4132010289,江苏省,镇江市,本科,
759,江苏省,中国矿业大学,4132010290,教育部,徐州市,本科,
760,江苏省,南京工业大学,4132010291,江苏省,南京市,本科,
761,江苏省,常州大学,4132010292,江苏省,常州市,本科,
762,江苏省,南京邮电大学,4132010293,江苏省,南京市,本科,
763,江苏省,河海大学,4132010294,教育部,南京市,本科,
764,江苏省,江南大学,4132010295,教育部,无锡市,本科,
765,江苏省,南京林业大学,4132010298,江苏省,南京市,本科,
766,江苏省,江苏大学,4132010299,江苏省,镇江市,本科,
767,江苏省,南京信息工程大学,4132010300,江苏省,南京市,本科,
768,江苏省,南通大学,4132010304,江苏省,南通市,本科,
769,江苏省,盐城工学院,4132010305,江苏省,盐城市,本科,
770,江苏省,南京农业大学,4132010307,教育部,南京市,本科,
771,江苏省,南京医科大学,4132010312,江苏省,南京市,本科,
772,江苏省,徐州医科大学,4132010313,江苏省,徐州市,本科,
773,江苏省,南京中医药大学,4132010315,江苏省,南京市,本科,
774,江苏省,中国药科大学,4132010316,教育部,南京市,本科,
775,江苏省,南京师范大学,4132010319,江苏省,南京市,本科,
776,江苏省,江苏师范大学,4132010320,江苏省,徐州市,本科,
777,江苏省,淮阴师范学院,4132010323,江苏省,淮安市,本科,
778,江苏省,盐城师范学院,4132010324,江苏省,盐城市,本科,
779,江苏省,南京财经大学,4132010327,江苏省,南京市,本科,
780,江苏省,江苏警官学院,4132010329,江苏省,南京市,本科,
781,江苏省,南京体育学院,4132010330,江苏省,南京市,本科,
782,江苏省,南京艺术学院,4132010331,江苏省,南京市,本科,
783,江苏省,苏州科技大学,4132010332,江苏省,苏州市,本科,
784,江苏省,苏州工学院,4132010333,江苏省,苏州市,本科,
785,江苏省,南京工业职业技术大学,4132010850,江苏省,南京市,本科,
786,江苏省,淮安大学,4132011049,江苏省,淮安市,本科,
787,江苏省,常州工学院,4132011055,江苏省,常州市,本科,
788,江苏省,扬州大学,4132011117,江苏省,扬州市,本科,
789,江苏省,三江学院,4132011122,江苏省教育厅,南京市,本科,民办
790,江苏省,南京工程学院,4132011276,江苏省,南京市,本科,
791,江苏省,南京审计大学,4132011287,江苏省,南京市,本科,
792,江苏省,南京晓庄学院,4132011460,江苏省,南京市,本科,
793,江苏省,江苏理工学院,4132011463,江苏省,常州市,本科,
794,江苏省,江苏海洋大学,4132011641,江苏省,连云港市,本科,
795,江苏省,徐州工程学院,4132011998,江苏省,徐州市,本科,
796,江苏省,南京特殊教育师范学院,4132012048,江苏省,南京市,本科,
797,江苏省,南通理工学院,4132012056,江苏省教育厅,南通市,本科,民办
798,江苏省,南京警察学院,4132012213,公安部,南京市,本科,
799,江苏省,东南大学成贤学院,4132012689,江苏省教育厅,南京市,本科,民办
800,江苏省,泰州学院,4132012917,江苏省,泰州市,本科,
801,江苏省,无锡太湖学院,4132013571,江苏省教育厅,无锡市,本科,民办
802,江苏省,金陵科技学院,4132013573,江苏省,南京市,本科,
803,江苏省,中国矿业大学徐海学院,4132013579,江苏省教育厅,徐州市,本科,民办
804,江苏省,南京大学金陵学院,4132013646,江苏省教育厅,南京市,本科,民办
805,江苏省,南京理工大学紫金学院,4132013654,江苏省教育厅,南京市,本科,民办
806,江苏省,南京航空航天大学金城学院,4132013655,江苏省教育厅,南京市,本科,民办
807,江苏省,南京传媒学院,4132013687,江苏省教育厅,南京市,本科,民办
808,江苏省,南京理工大学泰州科技学院,4132013842,江苏省教育厅,泰州市,本科,民办
809,江苏省,南京师范大学泰州学院,4132013843,江苏省教育厅,泰州市,本科,民办
810,江苏省,南京工业大学浦江学院,4132013905,江苏省教育厅,南京市,本科,民办
811,江苏省,南京师范大学中北学院,4132013906,江苏省教育厅,镇江市,本科,民办
812,江苏省,南京医科大学康达学院,4132013980,江苏省教育厅,连云港市,本科,民办
813,江苏省,南京中医药大学翰林学院,4132013981,江苏省教育厅,泰州市,本科,民办
814,江苏省,无锡学院,4132013982,江苏省,无锡市,本科,
815,江苏省,苏州城市学院,4132013983,江苏省,苏州市,本科,
816,江苏省,苏州大学应用技术学院,4132013984,江苏省教育厅,苏州市,本科,民办
817,江苏省,苏州科技大学天平学院,4132013985,江苏省教育厅,南京市,本科,民办
818,江苏省,江苏大学京江学院,4132013986,江苏省教育厅,镇江市,本科,民办
819,江苏省,扬州大学广陵学院,4132013987,江苏省教育厅,扬州市,本科,民办
820,江苏省,江苏师范大学科文学院,4132013988,江苏省教育厅,徐州市,本科,民办
821,江苏省,南京邮电大学通达学院,4132013989,江苏省教育厅,扬州市,本科,民办
822,江苏省,南京财经大学红山学院,4132013990,江苏省教育厅,南京市,本科,民办
823,江苏省,江苏科技大学苏州理工学院,4132013991,江苏省教育厅,苏州市,本科,民办
824,江苏省,常州大学怀德学院,4132013992,江苏省教育厅,泰州市,本科,民办
825,江苏省,南通大学杏林学院,4132013993,江苏省教育厅,南通市,本科,民办
826,江苏省,南京审计大学金审学院,4132013994,江苏省教育厅,南京市,本科,民办
827,江苏省,宿迁学院,4132014160,江苏省,宿迁市,本科,
828,江苏省,江苏第二师范学院,4132014436,江苏省,南京市,本科,
829,江苏省,西交利物浦大学,4132016403,江苏省教育厅,苏州市,本科,中外合作办学及内地与港澳合作办学
830,江苏省,昆山杜克大学,4132016406,江苏省教育厅,昆山市,本科,中外合作办学及内地与港澳合作办学
831,江苏省,连云港师范学院,4132011585,江苏省,连云港市,本科,
832,江苏省,无锡职业技术大学,4132010848,江苏省,无锡市,本科,
833,江苏省,苏州职业技术大学,4132011054,江苏省,苏州市,本科,
834,江苏省,扬州职业技术大学,4132011462,江苏省,扬州市,本科,
835,江苏省,江苏建筑职业技术大学,4132010849,江苏省,徐州市,本科,
836,江苏省,常州信息职业技术大学,4132012317,江苏省,常州市,本科,
837,江苏省,盐城幼儿师范高等专科学校,3632000466,江苏省,盐城市,专科,
838,江苏省,苏州幼儿师范高等专科学校,3632000583,江苏省,苏州市,专科,
839,江苏省,明达职业技术学院,4132010826,江苏省教育厅,盐城市,专科,民办
840,江苏省,江苏工程职业技术学院,4132010958,江苏省,南通市,专科,
841,江苏省,苏州工艺美术职业技术学院,4132010960,江苏省,苏州市,专科,
842,江苏省,连云港职业技术学院,4132011050,江苏省,连云港市,专科,
843,江苏省,镇江市高等专科学校,4132011051,江苏省,镇江市,专科,
844,江苏省,南通职业大学,4132011052,江苏省,南通市,专科,
845,江苏省,沙洲职业工学院,4132011288,江苏省,苏州市,专科,
846,江苏省,江苏经贸职业技术学院,4132012047,江苏省,南京市,专科,
847,江苏省,九州职业技术学院,4132012054,江苏省教育厅,徐州市,专科,民办
848,江苏省,硅湖职业技术学院,4132012078,江苏省教育厅,苏州市,专科,民办
849,江苏省,泰州职业技术学院,4132012106,江苏省,泰州市,专科,
850,江苏省,江苏联合职业技术学院,4132012678,江苏省,南京市,专科,
851,江苏省,江苏海事职业技术学院,4132012679,江苏省,南京市,专科,
852,江苏省,应天职业技术学院,4132012680,江苏省教育厅,南京市,专科,民办
853,江苏省,无锡科技职业学院,4132012681,江苏省,无锡市,专科,
854,江苏省,江苏医药职业学院,4132012682,江苏省,盐城市,专科,
855,江苏省,扬州环境资源职业技术学院,4132012683,江苏省,扬州市,专科,
856,江苏省,南通科技职业学院,4132012684,江苏省,南通市,专科,
857,江苏省,苏州经贸职业技术学院,4132012685,江苏省,苏州市,专科,
858,江苏省,苏州工业职业技术学院,4132012686,江苏省,苏州市,专科,
859,江苏省,苏州托普信息职业技术学院,4132012687,江苏省教育厅,苏州市,专科,民办
860,江苏省,苏州卫生职业技术学院,4132012688,江苏省,苏州市,专科,
861,江苏省,无锡商业职业技术学院,4132012702,江苏省,无锡市,专科,
862,江苏省,江苏航运职业技术学院,4132012703,江苏省,南通市,专科,
863,江苏省,南京交通职业技术学院,4132012804,江苏省,南京市,专科,
864,江苏省,江苏电子信息职业学院,4132012805,江苏省,淮安市,专科,
865,江苏省,江苏农牧科技职业学院,4132012806,江苏省,泰州市,专科,
866,江苏省,常州纺织服装职业技术学院,4132012807,江苏省,常州市,专科,
867,江苏省,苏州农业职业技术学院,4132012808,江苏省,苏州市,专科,
868,江苏省,苏州工业园区职业技术学院,4132012809,江苏省,苏州市,专科,
869,江苏省,太湖创意职业技术学院,4132012918,江苏省教育厅,无锡市,专科,民办
870,江苏省,炎黄职业技术学院,4132012919,江苏省教育厅,淮安市,专科,民办
871,江苏省,南京科技职业学院,4132012920,江苏省,南京市,专科,
872,江苏省,正德职业技术学院,4132012921,江苏省教育厅,南京市,专科,民办
873,江苏省,钟山职业技术学院,4132012922,江苏省教育厅,南京市,专科,民办
874,江苏省,无锡南洋职业技术学院,4132012923,江苏省教育厅,无锡市,专科,民办
875,江苏省,江南影视艺术职业学院,4132013017,江苏省教育厅,无锡市,专科,民办
876,江苏省,金肯职业技术学院,4132013100,江苏省教育厅,南京市,专科,民办
877,江苏省,常州工业职业技术学院,4132013101,江苏省,常州市,专科,
878,江苏省,常州工程职业技术学院,4132013102,江苏省,常州市,专科,
879,江苏省,江苏农林职业技术学院,4132013103,江苏省,镇江市,专科,
880,江苏省,江苏食品药品职业技术学院,4132013104,江苏省,淮安市,专科,
881,江苏省,建东职业技术学院,4132013105,江苏省教育厅,常州市,专科,民办
882,江苏省,南京铁道职业技术学院,4132013106,江苏省,南京市,专科,
883,江苏省,徐州工业职业技术学院,4132013107,江苏省,徐州市,专科,
884,江苏省,江苏信息职业技术学院,4132013108,江苏省,无锡市,专科,
885,江苏省,宿迁职业技术学院,4132013110,江苏省,宿迁市,专科,
886,江苏省,南京信息职业技术学院,4132013112,江苏省,南京市,专科,
887,江苏省,江海职业技术学院,4132013113,江苏省教育厅,扬州市,专科,民办
888,江苏省,常州机电职业技术学院,4132013114,江苏省,常州市,专科,
889,江苏省,江阴职业技术学院,4132013137,江苏省,无锡市,专科,
890,江苏省,无锡城市职业技术学院,4132013748,江苏省,无锡市,专科,
891,江苏省,无锡工艺职业技术学院,4132013749,江苏省,无锡市,专科,
892,江苏省,金山职业技术学院,4132013750,江苏省教育厅,镇江市,专科,民办
893,江苏省,苏州健雄职业技术学院,4132013751,江苏省,苏州市,专科,
894,江苏省,盐城工业职业技术学院,4132013752,江苏省,盐城市,专科,
895,江苏省,江苏财经职业技术学院,4132013753,江苏省,淮安市,专科,
896,江苏省,扬州工业职业技术学院,4132013754,江苏省,扬州市,专科,
897,江苏省,苏州百年职业学院,4132013962,江苏省教育厅,苏州市,专科,中外合作办学及内地与港澳合作办学
898,江苏省,昆山登云科技职业学院,4132013963,江苏省教育厅,苏州市,专科,民办
899,江苏省,南京视觉艺术职业学院,4132013964,江苏省教育厅,南京市,专科,民办
900,江苏省,江苏城市职业学院,4132014000,江苏省,南京市,专科,
901,江苏省,南京城市职业学院,4132014001,江苏省,南京市,专科,
902,江苏省,南京机电职业技术学院,4132014056,江苏省,南京市,专科,
903,江苏省,苏州高博职业学院,4132014163,江苏省教育厅,苏州市,专科,民办
904,江苏省,南京旅游职业学院,4132014180,江苏省,南京市,专科,
905,江苏省,江苏卫生健康职业学院,4132014255,江苏省,南京市,专科,
906,江苏省,苏州信息职业技术学院,4132014256,江苏省,苏州市,专科,
907,江苏省,宿迁泽达职业技术学院,4132014293,江苏省教育厅,宿迁市,专科,民办
908,江苏省,苏州工业园区服务外包职业学院,4132014295,江苏省,苏州市,专科,
909,江苏省,徐州幼儿师范高等专科学校,4132014329,江苏省,徐州市,专科,
910,江苏省,徐州生物工程职业技术学院,4132014401,江苏省,徐州市,专科,
911,江苏省,江苏商贸职业学院,4132014475,江苏省,南通市,专科,
912,江苏省,南通师范高等专科学校,4132014493,江苏省,南通市,专科,
913,江苏省,扬州中瑞酒店职业学院,4132014528,江苏省教育厅,扬州市,专科,民办
914,江苏省,江苏护理职业学院,4132014541,江苏省,淮安市,专科,
915,江苏省,江苏财会职业学院,4132014542,江苏省,连云港市,专科,
916,江苏省,江苏城乡建设职业学院,4132014543,江苏省,常州市,专科,
917,江苏省,江苏航空职业技术学院,4132014568,江苏省,镇江市,专科,
918,江苏省,江苏安全技术职业学院,4132014589,江苏省,徐州市,专科,
919,江苏省,江苏旅游职业学院,4132014604,江苏省,扬州市,专科,
920,江苏省,常州幼儿师范高等专科学校,4132014773,江苏省,常州市,专科,
921,江苏省,江苏司法警官职业学院,4132014841,江苏省,南京市,专科,
922,江苏省,盐城农业科技职业学院,4132014853,江苏省,盐城市,专科,
923,江苏省,宿迁幼儿师范高等专科学校,4132014854,江苏省,宿迁市,专科,
924,江苏省,无锡师范高等专科学校,4132014855,江苏省,无锡市,专科,
925,江苏省,常州铁道职业技术学院,4132014913,江苏省,常州市,专科,
926,江苏省,苏州旅游职业学院,4132014914,江苏省,苏州市,专科,
927,江苏省,南通卫生健康职业学院,4132014915,江苏省,南通市,专科,
928,浙江省,浙江大学,4133010335,教育部,杭州市,本科,
929,浙江省,杭州电子科技大学,4133010336,浙江省,杭州市,本科,
930,浙江省,浙江工业大学,4133010337,浙江省,杭州市,本科,
931,浙江省,浙江理工大学,4133010338,浙江省,杭州市,本科,
932,浙江省,浙江海洋大学,4133010340,浙江省,舟山市,本科,
933,浙江省,浙江农林大学,4133010341,浙江省,杭州市,本科,
934,浙江省,温州医科大学,4133010343,浙江省,温州市,本科,
935,浙江省,浙江中医药大学,4133010344,浙江省,杭州市,本科,
936,浙江省,浙江师范大学,4133010345,浙江省,金华市,本科,
937,浙江省,杭州师范大学,4133010346,浙江省,杭州市,本科,
938,浙江省,湖州师范大学,4133010347,浙江省,湖州市,本科,
939,浙江省,绍兴大学,4133010349,浙江省,绍兴市,本科,
940,浙江省,台州学院,4133010350,浙江省,台州市,本科,
941,浙江省,温州大学,4133010351,浙江省,温州市,本科,
942,浙江省,丽水学院,4133010352,浙江省,丽水市,本科,
943,浙江省,浙江工商大学,4133010353,浙江省,杭州市,本科,
944,浙江省,嘉兴大学,4133010354,浙江省,嘉兴市,本科,
945,浙江省,中国美术学院,4133010355,浙江省,杭州市,本科,
946,浙江省,中国计量大学,4133010356,浙江省,杭州市,本科,
947,浙江省,浙江万里学院,4133010876,浙江省,宁波市,本科,
948,浙江省,浙江科技大学,4133011057,浙江省,杭州市,本科,
949,浙江省,宁波工程学院,4133011058,浙江省,宁波市,本科,
950,浙江省,浙江水利水电学院,4133011481,浙江省,杭州市,本科,
951,浙江省,浙江财经大学,4133011482,浙江省,杭州市,本科,
952,浙江省,浙江警察学院,4133011483,浙江省,杭州市,本科,
953,浙江省,衢州学院,4133011488,浙江省,衢州市,本科,
954,浙江省,宁波大学,4133011646,浙江省,宁波市,本科,
955,浙江省,浙江传媒学院,4133011647,浙江省,杭州市,本科,
956,浙江省,浙江树人学院,4133011842,浙江省教育厅,杭州市,本科,民办
957,浙江省,浙江越秀外国语学院,4133012792,浙江省教育厅,绍兴市,本科,民办
958,浙江省,宁波财经学院,4133013001,浙江省教育厅,宁波市,本科,民办
959,浙江省,浙大城市学院,4133013021,浙江省,杭州市,本科,
960,浙江省,浙大宁波理工学院,4133013022,浙江省,宁波市,本科,
961,浙江省,杭州医学院,4133013023,浙江省,杭州市,本科,
962,浙江省,浙江广厦建设职业技术大学,4133013029,浙江省教育厅,金华市,本科,民办
963,浙江省,浙江工业大学之江学院,4133013275,浙江省教育厅,杭州市,本科,民办
964,浙江省,浙江师范大学行知学院,4133013276,浙江省教育厅,金华市,本科,民办
965,浙江省,宁波大学科学技术学院,4133013277,浙江省教育厅,宁波市,本科,民办
966,浙江省,杭州电子科技大学信息工程学院,4133013279,浙江省教育厅,杭州市,本科,民办
967,浙江省,浙江理工大学科技与艺术学院,4133013280,浙江省教育厅,杭州市,本科,民办
968,浙江省,浙江农林大学暨阳学院,4133013283,浙江省教育厅,绍兴市,本科,民办
969,浙江省,温州医科大学仁济学院,4133013284,浙江省教育厅,温州市,本科,民办
970,浙江省,浙江中医药大学滨江学院,4133013285,浙江省教育厅,杭州市,本科,民办
971,浙江省,杭州师范大学钱江学院,4133013286,浙江省教育厅,杭州市,本科,民办
972,浙江省,湖州学院,4133013287,浙江省,湖州市,本科,
973,浙江省,绍兴理工学院,4133013288,浙江省,绍兴市,本科,
974,浙江省,温州理工学院,4133013289,浙江省,温州市,本科,
975,浙江省,浙江工商大学杭州商学院,4133013290,浙江省教育厅,杭州市,本科,民办
976,浙江省,嘉兴南湖学院,4133013291,浙江省,嘉兴市,本科,
977,浙江省,中国计量大学现代科技学院,4133013292,浙江省教育厅,杭州市,本科,民办
978,浙江省,浙江财经大学东方学院,4133013294,浙江省教育厅,嘉兴市,本科,民办
979,浙江省,温州商学院,4133013637,浙江省教育厅,温州市,本科,民办
980,浙江省,同济大学浙江学院,4133014206,浙江省教育厅,嘉兴市,本科,民办
981,浙江省,上海财经大学浙江学院,4133014207,浙江省教育厅,金华市,本科,民办
982,浙江省,浙江外国语学院,4133014275,浙江省,杭州市,本科,
983,浙江省,浙江音乐学院,4133014535,浙江省,杭州市,本科,
984,浙江省,西湖大学,4133014626,浙江省教育厅,杭州市,本科,民办
985,浙江省,浙江药科职业大学,4133016207,浙江省,宁波市,本科,
986,浙江省,金华职业技术大学,4133012061,浙江省,金华市,本科,
987,浙江省,浙江机电职业技术大学,4133012861,浙江省,杭州市,本科,
988,浙江省,宁波诺丁汉大学,4133016301,浙江省教育厅,宁波市,本科,中外合作办学及内地与港澳合作办学
989,浙江省,温州肯恩大学,4133016405,浙江省教育厅,温州市,本科,中外合作办学及内地与港澳合作办学
990,浙江省,宁波职业技术大学,4133010863,浙江省,宁波市,本科,
991,浙江省,杭州职业技术大学,4133012872,浙江省,杭州市,本科,
992,浙江省,宁波东方理工大学,4133014943,浙江省教育厅,宁波市,本科,民办
993,浙江省,温州职业技术大学,4133010864,浙江省,温州市,本科,
994,浙江省,浙江交通职业技术学院,4133012036,浙江省,杭州市,专科,
995,浙江省,宁波城市职业技术学院,4133012645,浙江省,宁波市,专科,
996,浙江省,浙江电力职业技术学院,4133012646,浙江省,杭州市,专科,
997,浙江省,浙江同济科技职业学院,4133012647,浙江省,杭州市,专科,
998,浙江省,浙江工商职业技术学院,4133012789,浙江省,宁波市,专科,
999,浙江省,台州职业技术学院,4133012790,浙江省,台州市,专科,
1000,浙江省,浙江工贸职业技术学院,4133012791,浙江省,温州市,专科,
1001,浙江省,浙江建设职业技术学院,4133012862,浙江省,杭州市,专科,
1002,浙江省,浙江艺术职业学院,4133012863,浙江省,杭州市,专科,
1003,浙江省,浙江经贸职业技术学院,4133012864,浙江省,杭州市,专科,
1004,浙江省,浙江商业职业技术学院,4133012865,浙江省,杭州市,专科,
1005,浙江省,浙江经济职业技术学院,4133012866,浙江省,杭州市,专科,
1006,浙江省,浙江旅游职业学院,4133012867,浙江省,杭州市,专科,
1007,浙江省,浙江育英职业技术学院,4133012868,浙江省教育厅,杭州市,专科,民办
1008,浙江省,浙江警官职业学院,4133012869,浙江省,杭州市,专科,
1009,浙江省,浙江金融职业学院,4133012870,浙江省,杭州市,专科,
1010,浙江省,浙江工业职业技术学院,4133012871,浙江省,绍兴市,专科,
1011,浙江省,嘉兴职业技术学院,4133012874,浙江省,嘉兴市,专科,
1012,浙江省,湖州职业技术学院,4133012875,浙江省,湖州市,专科,
1013,浙江省,绍兴职业技术学院,4133012876,浙江省教育厅,绍兴市,专科,民办
1014,浙江省,衢州职业技术学院,4133012877,浙江省,衢州市,专科,
1015,浙江省,丽水职业技术学院,4133012878,浙江省,丽水市,专科,
1016,浙江省,浙江东方职业技术学院,4133013002,浙江省教育厅,温州市,专科,民办
1017,浙江省,义乌工商职业技术学院,4133013003,浙江省,金华市,专科,
1018,浙江省,浙江纺织服装职业技术学院,4133013025,浙江省,宁波市,专科,
1019,浙江省,杭州科技职业技术学院,4133013026,浙江省,杭州市,专科,
1020,浙江省,浙江长征职业技术学院,4133013027,浙江省教育厅,杭州市,专科,民办
1021,浙江省,嘉兴南洋职业技术学院,4133013028,浙江省教育厅,嘉兴市,专科,民办
1022,浙江省,杭州万向职业技术学院,4133013030,浙江省教育厅,杭州市,专科,民办
1023,浙江省,浙江邮电职业技术学院,4133013688,浙江省,绍兴市,专科,
1024,浙江省,宁波卫生职业技术学院,4133013742,浙江省,宁波市,专科,
1025,浙江省,台州科技职业学院,4133013746,浙江省,台州市,专科,
1026,浙江省,浙江国际海运职业技术学院,4133013853,浙江省,舟山市,专科,
1027,浙江省,浙江体育职业技术学院,4133013854,浙江省,杭州市,专科,
1028,浙江省,温州科技职业学院,4133014088,浙江省,温州市,专科,
1029,浙江省,浙江汽车职业技术学院,4133014089,浙江省教育厅,台州市,专科,民办
1030,浙江省,浙江横店影视职业学院,4133014090,浙江省教育厅,金华市,专科,民办
1031,浙江省,浙江农业商贸职业学院,4133014269,浙江省,绍兴市,专科,
1032,浙江省,浙江特殊教育职业学院,4133014431,浙江省,杭州市,专科,
1033,浙江省,浙江安防职业技术学院,4133014492,浙江省,温州市,专科,
1034,浙江省,浙江宇翔职业技术学院,4133014703,浙江省教育厅,湖州市,专科,民办
1035,浙江省,浙江金华科贸职业技术学院,4133014746,浙江省教育厅,金华市,专科,民办
1036,浙江省,浙江舟山群岛新区旅游与健康职业学院,4133016408,浙江省,舟山市,专科,
1037,浙江省,宁波幼儿师范高等专科学校,4233050559,浙江省,宁波市,专科,
1038,浙江省,湖州健康职业学院,4133014916,浙江省教育厅,湖州市,专科,民办
1039,安徽省,安徽大学,4134010357,安徽省,合肥市,本科,
1040,安徽省,中国科学技术大学,4134010358,中国科学院,合肥市,本科,
1041,安徽省,合肥工业大学,4134010359,教育部,合肥市,本科,
1042,安徽省,安徽工业大学,4134010360,安徽省,马鞍山市,本科,
1043,安徽省,安徽理工大学,4134010361,安徽省,淮南市,本科,
1044,安徽省,安徽工程大学,4134010363,安徽省,芜湖市,本科,
1045,安徽省,安徽农业大学,4134010364,安徽省,合肥市,本科,
1046,安徽省,安徽医科大学,4134010366,安徽省,合肥市,本科,
1047,安徽省,蚌埠医科大学,4134010367,安徽省,蚌埠市,本科,
1048,安徽省,皖南医科大学,4134010368,安徽省,芜湖市,本科,
1049,安徽省,安徽中医药大学,4134010369,安徽省,合肥市,本科,
1050,安徽省,安徽师范大学,4134010370,安徽省,芜湖市,本科,
1051,安徽省,阜阳师范大学,4134010371,安徽省,阜阳市,本科,
1052,安徽省,安庆师范大学,4134010372,安徽省,安庆市,本科,
1053,安徽省,淮北师范大学,4134010373,安徽省,淮北市,本科,
1054,安徽省,黄山学院,4134010375,安徽省,黄山市,本科,
1055,安徽省,皖西学院,4134010376,安徽省,六安市,本科,
1056,安徽省,滁州学院,4134010377,安徽省,滁州市,本科,
1057,安徽省,安徽财经大学,4134010378,安徽省,蚌埠市,本科,
1058,安徽省,宿州学院,4134010379,安徽省,宿州市,本科,
1059,安徽省,巢湖学院,4134010380,安徽省,合肥市,本科,
1060,安徽省,淮南师范学院,4134010381,安徽省,淮南市,本科,
1061,安徽省,铜陵学院,4134010383,安徽省,铜陵市,本科,
1062,安徽省,安徽建筑大学,4134010878,安徽省,合肥市,本科,
1063,安徽省,安徽科技工程大学,4134010879,安徽省,滁州市,本科,
1064,安徽省,安徽三联学院,4134010959,安徽省教育厅,合肥市,本科,民办
1065,安徽省,合肥大学,4134011059,安徽省,合肥市,本科,
1066,安徽省,蚌埠学院,4134011305,安徽省,蚌埠市,本科,
1067,安徽省,池州学院,4134011306,安徽省,池州市,本科,
1068,安徽省,安徽新华学院,4134012216,安徽省教育厅,合肥市,本科,民办
1069,安徽省,安徽文达信息工程学院,4134012810,安徽省教育厅,合肥市,本科,民办
1070,安徽省,亳州学院,4134012926,安徽省,亳州市,本科,
1071,安徽省,安徽外国语学院,4134013065,安徽省教育厅,合肥市,本科,民办
1072,安徽省,蚌埠工商学院,4134013611,安徽省教育厅,蚌埠市,本科,民办
1073,安徽省,合肥理工学院,4134013612,安徽省,合肥市,本科,
1074,安徽省,安徽信息工程学院,4134013613,安徽省教育厅,芜湖市,本科,民办
1075,安徽省,马鞍山学院,4134013614,安徽省教育厅,马鞍山市,本科,民办
1076,安徽省,合肥城市学院,4134013615,安徽省教育厅,合肥市,本科,民办
1077,安徽省,合肥经济学院,4134013616,安徽省教育厅,合肥市,本科,民办
1078,安徽省,芜湖学院,4134013617,安徽省教育厅,芜湖市,本科,民办
1079,安徽省,安徽医科大学临床医学院,4134013618,安徽省教育厅,合肥市,本科,民办
1080,安徽省,阜阳理工学院,4134013619,安徽省教育厅,阜阳市,本科,民办
1081,安徽省,淮北理工学院,4134013620,安徽省教育厅,淮北市,本科,民办
1082,安徽省,合肥师范学院,4134014098,安徽省,合肥市,本科,
1083,安徽省,皖江工学院,4134014203,安徽省教育厅,马鞍山市,本科,民办
1084,安徽省,安徽艺术学院,4134014682,安徽省,合肥市,本科,
1085,安徽省,安徽公安学院,4134014840,安徽省,合肥市,本科,
1086,安徽省,安徽职业技术大学,4134010869,安徽省,合肥市,本科,
1087,安徽省,芜湖职业技术大学,4134011061,安徽省,芜湖市,本科,
1088,安徽省,安徽第二医学院,4134012925,安徽省,合肥市,本科,
1089,安徽省,安徽应用技术职业大学,4134012072,安徽省,芜湖市,本科,
1090,安徽省,淮北职业技术学院,4134010963,安徽省,淮北市,专科,
1091,安徽省,淮南联合大学,4134011308,安徽省,淮南市,专科,
1092,安徽省,安徽水利水电职业技术学院,4134012073,安徽省,合肥市,专科,
1093,安徽省,阜阳职业技术学院,4134012074,安徽省,阜阳市,专科,
1094,安徽省,铜陵职业技术学院,4134012217,安徽省,铜陵市,专科,
1095,安徽省,民办万博科技职业学院,4134012218,安徽省教育厅,合肥市,专科,民办
1096,安徽省,安徽警官职业学院,4134012219,安徽省,合肥市,专科,
1097,安徽省,淮南职业技术学院,4134012220,安徽省,淮南市,专科,
1098,安徽省,安徽工业经济职业技术学院,4134012334,安徽省,合肥市,专科,
1099,安徽省,合肥通用职业技术学院,4134012410,安徽省,合肥市,专科,
1100,安徽省,安徽工贸职业技术学院,4134012811,安徽省,淮南市,专科,
1101,安徽省,宿州职业技术学院,4134012812,安徽省,宿州市,专科,
1102,安徽省,六安职业技术学院,4134012813,安徽省,六安市,专科,
1103,安徽省,安徽电子信息职业技术学院,4134012814,安徽省,蚌埠市,专科,
1104,安徽省,民办合肥经济技术职业学院,4134012815,安徽省教育厅,合肥市,专科,民办
1105,安徽省,安徽交通职业技术学院,4134012816,安徽省,合肥市,专科,
1106,安徽省,安徽体育运动职业技术学院,4134012817,安徽省,合肥市,专科,
1107,安徽省,安徽中医药高等专科学校,4134012924,安徽省,芜湖市,专科,
1108,安徽省,合肥职业技术学院,4134013058,安徽省,合肥市,专科,
1109,安徽省,滁州职业技术学院,4134013059,安徽省,滁州市,专科,
1110,安徽省,池州职业技术学院,4134013060,安徽省,池州市,专科,
1111,安徽省,宣城职业技术学院,4134013061,安徽省,宣城市,专科,
1112,安徽省,安徽广播影视职业技术学院,4134013062,安徽省,合肥市,专科,
1113,安徽省,民办合肥滨湖职业技术学院,4134013064,安徽省教育厅,合肥市,专科,民办
1114,安徽省,安徽电气工程职业技术学院,4134013336,安徽省,合肥市,专科,
1115,安徽省,安徽冶金科技职业学院,4134013337,安徽省,马鞍山市,专科,
1116,安徽省,安徽城市管理职业学院,4134013338,安徽省,合肥市,专科,
1117,安徽省,安徽工商职业学院,4134013340,安徽省,合肥市,专科,
1118,安徽省,安徽中澳科技职业学院,4134013341,安徽省,合肥市,专科,
1119,安徽省,阜阳科技职业学院,4134013342,安徽省教育厅,阜阳市,专科,民办
1120,安徽省,亳州职业技术学院,4134013343,安徽省,亳州市,专科,
1121,安徽省,安徽国防科技职业学院,4134013344,安徽省,六安市,专科,
1122,安徽省,安庆职业技术学院,4134013345,安徽省,安庆市,专科,
1123,安徽省,安徽艺术职业学院,4134013346,安徽省,合肥市,专科,
1124,安徽省,马鞍山师范高等专科学校,4134013760,安徽省,马鞍山市,专科,
1125,安徽省,安徽财贸职业学院,4134013845,安徽省,合肥市,专科,
1126,安徽省,安徽国际商务职业学院,4134013846,安徽省,合肥市,专科,
1127,安徽省,安徽公安职业学院,4134013847,安徽省,合肥市,专科,
1128,安徽省,安徽林业职业技术学院,4134013848,安徽省,合肥市,专科,
1129,安徽省,安徽审计职业学院,4134013849,安徽省,合肥市,专科,
1130,安徽省,安徽新闻出版职业技术学院,4134013850,安徽省,合肥市,专科,
1131,安徽省,安徽邮电职业技术学院,4134013851,安徽省,合肥市,专科,
1132,安徽省,安徽工业职业技术学院,4134013852,安徽省,铜陵市,专科,
1133,安徽省,民办合肥财经职业学院,4134014058,安徽省教育厅,合肥市,专科,民办
1134,安徽省,安庆医药高等专科学校,4134014096,安徽省,安庆市,专科,
1135,安徽省,安徽涉外经济职业学院,4134014132,安徽省教育厅,合肥市,专科,民办
1136,安徽省,安徽绿海商务职业学院,4134014133,安徽省教育厅,合肥市,专科,民办
1137,安徽省,合肥共达职业技术学院,4134014135,安徽省教育厅,合肥市,专科,民办
1138,安徽省,蚌埠经济技术职业学院,4134014137,安徽省教育厅,蚌埠市,专科,民办
1139,安徽省,民办安徽旅游职业学院,4134014165,安徽省教育厅,阜阳市,专科,民办
1140,安徽省,徽商职业学院,4134014191,安徽省,合肥市,专科,
1141,安徽省,马鞍山职业技术学院,4134014192,安徽省,马鞍山市,专科,
1142,安徽省,安徽现代信息工程职业学院,4134014210,安徽省教育厅,淮南市,专科,民办
1143,安徽省,安徽矿业职业技术学院,4134014229,安徽省教育厅,淮北市,专科,民办
1144,安徽省,合肥信息技术职业学院,4134014230,安徽省教育厅,合肥市,专科,民办
1145,安徽省,桐城师范高等专科学校,4134014273,安徽省,安庆市,专科,
1146,安徽省,黄山职业技术学院,4134014296,安徽省,黄山市,专科,
1147,安徽省,滁州城市职业学院,4134014297,安徽省,滁州市,专科,
1148,安徽省,安徽汽车职业技术学院,4134014298,安徽省,合肥市,专科,
1149,安徽省,皖西卫生职业学院,4134014299,安徽省,六安市,专科,
1150,安徽省,合肥幼儿师范高等专科学校,4134014330,安徽省,合肥市,专科,
1151,安徽省,安徽扬子职业技术学院,4134014342,安徽省教育厅,芜湖市,专科,民办
1152,安徽省,安徽黄梅戏艺术职业学院,4134014378,安徽省,安庆市,专科,
1153,安徽省,安徽粮食工程职业学院,4134014418,安徽省,合肥市,专科,
1154,安徽省,安徽卫生健康职业学院,4134014419,安徽省,池州市,专科,
1155,安徽省,合肥科技职业学院,4134014420,安徽省教育厅,合肥市,专科,民办
1156,安徽省,皖北卫生职业学院,4134014502,安徽省,宿州市,专科,
1157,安徽省,阜阳幼儿师范高等专科学校,4134014536,安徽省,阜阳市,专科,
1158,安徽省,黄山健康职业学院,4134014704,安徽省教育厅,黄山市,专科,民办
1159,安徽省,宿州航空职业学院,4134014747,安徽省教育厅,宿州市,专科,民办
1160,安徽省,芜湖医药健康职业学院,4134014842,安徽省教育厅,芜湖市,专科,民办
1161,安徽省,芜湖航空职业学院,4134014843,安徽省教育厅,芜湖市,专科,民办
1162,安徽省,蚌埠城市轨道交通职业学院,4134014844,安徽省教育厅,蚌埠市,专科,民办
1163,安徽省,六安应用科技职业学院,4134014917,安徽省,六安市,专科,
1164,安徽省,安徽特殊教育职业学院,4134014957,安徽省,合肥市,专科,
1165,福建省,厦门大学,4135010384,教育部,厦门市,本科,
1166,福建省,华侨大学,4135010385,中央统战部,泉州市,本科,
1167,福建省,福州大学,4135010386,福建省,福州市,本科,
1168,福建省,福建理工大学,4135010388,福建省,福州市,本科,
1169,福建省,福建农林大学,4135010389,福建省,福州市,本科,
1170,福建省,集美大学,4135010390,福建省,厦门市,本科,
1171,福建省,福建医科大学,4135010392,福建省,福州市,本科,
1172,福建省,福建中医药大学,4135010393,福建省,福州市,本科,
1173,福建省,福建师范大学,4135010394,福建省,福州市,本科,
1174,福建省,闽江大学,4135010395,福建省,福州市,本科,
1175,福建省,武夷学院,4135010397,福建省,南平市,本科,
1176,福建省,宁德师范学院,4135010398,福建省,宁德市,本科,
1177,福建省,泉州师范学院,4135010399,福建省,泉州市,本科,
1178,福建省,闽南师范大学,4135010402,福建省,漳州市,本科,
1179,福建省,厦门理工学院,4135011062,福建省,厦门市,本科,
1180,福建省,三明学院,4135011311,福建省,三明市,本科,
1181,福建省,龙岩学院,4135011312,福建省,龙岩市,本科,
1182,福建省,福建商学院,4135011313,福建省,福州市,本科,
1183,福建省,福建警察学院,4135011495,福建省,福州市,本科,
1184,福建省,莆田学院,4135011498,福建省,莆田市,本科,
1185,福建省,仰恩大学,4135011784,福建省教育厅,泉州市,本科,民办
1186,福建省,厦门医学院,4135012631,福建省,厦门市,本科,
1187,福建省,厦门华厦学院,4135012709,福建省教育厅,厦门市,本科,民办
1188,福建省,闽南理工学院,4135012710,福建省教育厅,泉州市,本科,民办
1189,福建省,泉州职业技术大学,4135012928,福建省教育厅,泉州市,本科,民办
1190,福建省,闽南科技学院,4135012992,福建省教育厅,泉州市,本科,民办
1191,福建省,福州工商学院,4135012993,福建省教育厅,福州市,本科,民办
1192,福建省,厦门工学院,4135013115,福建省教育厅,厦门市,本科,民办
1193,福建省,阳光学院,4135013468,福建省教育厅,福州市,本科,民办
1194,福建省,厦门大学嘉庚学院,4135013469,福建省教育厅,漳州市,本科,民办
1195,福建省,福州大学至诚学院,4135013470,福建省教育厅,福州市,本科,民办
1196,福建省,集美大学诚毅学院,4135013471,福建省教育厅,厦门市,本科,民办
1197,福建省,福建师范大学协和学院,4135013472,福建省教育厅,福州市,本科,民办
1198,福建省,福州外语外贸学院,4135013762,福建省教育厅,福州市,本科,民办
1199,福建省,福建江夏学院,4135013763,福建省,福州市,本科,
1200,福建省,泉州信息工程学院,4135013766,福建省教育厅,泉州市,本科,民办
1201,福建省,福州理工学院,4135013773,福建省教育厅,福州市,本科,民办
1202,福建省,福建农林大学金山学院,4135014046,福建省教育厅,福州市,本科,民办
1203,福建省,福建技术师范学院,4135014683,福建省,福州市,本科,
1204,福建省,福建福耀科技大学,4135014896,福建省教育厅,福州市,本科,民办
1205,福建省,黎明职业大学,4135011317,福建省,泉州市,本科,
1206,福建省,福州职业技术大学,4135011502,福建省,福州市,本科,
1207,福建省,福建船政交通职业学院,4135010866,福建省,福州市,专科,
1208,福建省,漳州职业技术学院,4135011314,福建省,漳州市,专科,
1209,福建省,闽西职业技术学院,4135011315,福建省,龙岩市,专科,
1210,福建省,福建华南女子职业学院,4135011499,福建省教育厅,福州市,专科,民办
1211,福建省,福建林业职业技术学院,4135012625,福建省,南平市,专科,
1212,福建省,福建信息职业技术学院,4135012626,福建省,福州市,专科,
1213,福建省,福建水利电力职业技术学院,4135012627,福建省,三明市,专科,
1214,福建省,福建电力职业技术学院,4135012628,福建省,泉州市,专科,
1215,福建省,厦门海洋职业技术学院,4135012629,福建省,厦门市,专科,
1216,福建省,福建农业职业技术学院,4135012630,福建省,福州市,专科,
1217,福建省,福建卫生职业技术学院,4135012633,福建省,福州市,专科,
1218,福建省,泉州医学高等专科学校,4135012634,福建省,泉州市,专科,
1219,福建省,福州英华职业学院,4135012708,福建省教育厅,福州市,专科,民办
1220,福建省,泉州纺织服装职业学院,4135012711,福建省教育厅,泉州市,专科,民办
1221,福建省,泉州华光职业学院,4135012927,福建省教育厅,泉州市,专科,民办
1222,福建省,闽北职业技术学院,4135013764,福建省,南平市,专科,
1223,福建省,福州黎明职业技术学院,4135013765,福建省教育厅,福州市,专科,民办
1224,福建省,厦门演艺职业学院,4135013767,福建省教育厅,厦门市,专科,民办
1225,福建省,厦门华天涉外职业技术学院,4135013768,福建省教育厅,厦门市,专科,民办
1226,福建省,福州科技职业技术学院,4135013769,福建省教育厅,福州市,专科,民办
1227,福建省,泉州经贸职业技术学院,4135013770,福建省,泉州市,专科,
1228,福建省,湄洲湾职业技术学院,4135013772,福建省,莆田市,专科,
1229,福建省,福建生物工程职业技术学院,4135013969,福建省,福州市,专科,
1230,福建省,福建艺术职业学院,4135013970,福建省,福州市,专科,
1231,福建省,福建幼儿师范高等专科学校,4135013972,福建省,福州市,专科,
1232,福建省,厦门城市职业学院,4135013973,福建省,厦门市,专科,
1233,福建省,泉州工艺美术职业学院,4135013975,福建省,泉州市,专科,
1234,福建省,三明医学科技职业学院,4135013976,福建省,三明市,专科,
1235,福建省,宁德职业技术学院,4135013977,福建省,宁德市,专科,
1236,福建省,福州软件职业技术学院,4135013978,福建省教育厅,福州市,专科,民办
1237,福建省,厦门兴才职业技术学院,4135013979,福建省教育厅,厦门市,专科,民办
1238,福建省,厦门软件职业技术学院,4135014059,福建省教育厅,厦门市,专科,民办
1239,福建省,福建体育职业技术学院,4135014060,福建省,福州市,专科,
1240,福建省,漳州城市职业学院,4135014110,福建省,漳州市,专科,
1241,福建省,厦门南洋职业学院,4135014111,福建省教育厅,厦门市,专科,民办
1242,福建省,厦门东海职业技术学院,4135014112,福建省教育厅,厦门市,专科,民办
1243,福建省,漳州科技职业学院,4135014113,福建省教育厅,漳州市,专科,民办
1244,福建省,漳州理工职业学院,4135014115,福建省教育厅,漳州市,专科,民办
1245,福建省,武夷山职业学院,4135014116,福建省教育厅,南平市,专科,民办
1246,福建省,漳州卫生职业学院,4135014117,福建省,漳州市,专科,
1247,福建省,泉州海洋职业学院,4135014231,福建省教育厅,泉州市,专科,民办
1248,福建省,泉州轻工职业学院,4135014232,福建省教育厅,泉州市,专科,民办
1249,福建省,厦门安防科技职业学院,4135014257,福建省教育厅,厦门市,专科,民办
1250,福建省,泉州幼儿师范高等专科学校,4135014331,福建省,泉州市,专科,
1251,福建省,闽江师范高等专科学校,4135014490,福建省,福州市,专科,
1252,福建省,泉州工程职业技术学院,4135014503,福建省教育厅,泉州市,专科,民办
1253,福建省,福州墨尔本理工职业学院,4135016411,福建省教育厅,福州市,专科,中外合作办学及内地与港澳合作办学
1254,福建省,集美工业职业学院,4135014918,福建省,厦门市,专科,
1255,江西省,南昌大学,4136010403,江西省,南昌市,本科,
1256,江西省,华东交通大学,4136010404,江西省,南昌市,本科,
1257,江西省,东华理工大学,4136010405,江西省,抚州市,本科,
1258,江西省,南昌航空大学,4136010406,江西省,南昌市,本科,
1259,江西省,江西理工大学,4136010407,江西省,赣州市,本科,
1260,江西省,景德镇陶瓷大学,4136010408,江西省,景德镇市,本科,
1261,江西省,江西农业大学,4136010410,江西省,南昌市,本科,
1262,江西省,江西中医药大学,4136010412,江西省,南昌市,本科,
1263,江西省,赣南医科大学,4136010413,江西省,赣州市,本科,
1264,江西省,江西师范大学,4136010414,江西省,南昌市,本科,
1265,江西省,上饶师范学院,4136010416,江西省,上饶市,本科,
1266,江西省,宜春学院,4136010417,江西省,宜春市,本科,
1267,江西省,赣南师范大学,4136010418,江西省,赣州市,本科,
1268,江西省,井冈山大学,4136010419,江西省,吉安市,本科,
1269,江西省,江西财经大学,4136010421,江西省,南昌市,本科,
1270,江西省,江西科技学院,4136010846,江西省教育厅,南昌市,本科,民办
1271,江西省,景德镇学院,4136010894,江西省,景德镇市,本科,
1272,江西省,萍乡学院,4136010895,江西省,萍乡市,本科,
1273,江西省,江西科技师范大学,4136011318,江西省,南昌市,本科,
1274,江西省,江西水利电力大学,4136011319,江西省,南昌市,本科,
1275,江西省,江西警察学院,4136011504,江西省,南昌市,本科,
1276,江西省,新余学院,4136011508,江西省,新余市,本科,
1277,江西省,九江学院,4136011843,江西省,九江市,本科,
1278,江西省,江西工程学院,4136012766,江西省教育厅,新余市,本科,民办
1279,江西省,南昌理工学院,4136012795,江西省教育厅,南昌市,本科,民办
1280,江西省,江西应用科技学院,4136012938,江西省教育厅,南昌市,本科,民办
1281,江西省,江西服装学院,4136013418,江西省教育厅,南昌市,本科,民办
1282,江西省,南昌职业大学,4136013420,江西省教育厅,南昌市,本科,民办
1283,江西省,南昌工学院,4136013421,江西省教育厅,南昌市,本科,民办
1284,江西省,南昌大学科学技术学院,4136013429,江西省教育厅,南昌市,本科,民办
1285,江西省,南昌大学共青学院,4136013430,江西省教育厅,九江市,本科,民办
1286,江西省,南昌交通学院,4136013431,江西省教育厅,南昌市,本科,民办
1287,江西省,赣东学院,4136013432,江西省,抚州市,本科,
1288,江西省,南昌航空大学科技学院,4136013433,江西省教育厅,南昌市,本科,民办
1289,江西省,赣南科技学院,4136013434,江西省,赣州市,本科,
1290,江西省,景德镇艺术职业大学,4136013435,江西省教育厅,景德镇市,本科,民办
1291,江西省,江西农业大学南昌商学院,4136013436,江西省教育厅,南昌市,本科,民办
1292,江西省,南昌医学院,4136013437,江西省,南昌市,本科,
1293,江西省,江西师范大学科学技术学院,4136013438,江西省教育厅,南昌市,本科,民办
1294,江西省,赣南师范大学科技学院,4136013439,江西省教育厅,赣州市,本科,民办
1295,江西省,南昌应用技术师范学院,4136013440,江西省教育厅,南昌市,本科,民办
1296,江西省,江西财经大学现代经济管理学院,4136013441,江西省教育厅,南昌市,本科,民办
1297,江西省,豫章师范学院,4136013774,江西省,南昌市,本科,
1298,江西省,江西软件职业技术大学,4136013776,江西省教育厅,南昌市,本科,民办
1299,江西省,南昌师范学院,4136014437,江西省,南昌市,本科,
1300,江西省,江西飞行学院,4136014839,江西省,南昌市,本科,
1301,江西省,江西职业技术大学,4136011785,江西省,九江市,本科,
1302,江西省,抚州医药学院,4136013775,江西省,抚州市,本科,
1303,江西省,九江科技职业大学,4136014403,江西省教育厅,九江市,本科,民办
1304,江西省,南昌科技职业大学,4136014168,江西省教育厅,南昌市,本科,民办
1305,江西省,江西外语外贸职业大学,4136013422,江西省,南昌市,本科,
1306,江西省,上饶幼儿师范高等专科学校,3636000312,江西省,上饶市,专科,
1307,江西省,抚州幼儿师范高等专科学校,3636000519,江西省,抚州市,专科,
1308,江西省,江西工业职业技术学院,4136010839,江西省,南昌市,专科,
1309,江西省,江西医学高等专科学校,4136010888,江西省,上饶市,专科,
1310,江西省,九江职业大学,4136011505,江西省,九江市,专科,
1311,江西省,江西司法警官职业学院,4136012929,江西省,南昌市,专科,
1312,江西省,江西陶瓷工艺美术职业技术学院,4136012930,江西省,景德镇市,专科,
1313,江西省,江西旅游商贸职业学院,4136012932,江西省,南昌市,专科,
1314,江西省,江西电力职业技术学院,4136012933,江西省,南昌市,专科,
1315,江西省,江西环境工程职业学院,4136012934,江西省,赣州市,专科,
1316,江西省,江西艺术职业学院,4136012936,江西省,南昌市,专科,
1317,江西省,鹰潭职业技术学院,4136012937,江西省,鹰潭市,专科,
1318,江西省,江西信息应用职业技术学院,4136012939,江西省,南昌市,专科,
1319,江西省,江西交通职业技术学院,4136012940,江西省,南昌市,专科,
1320,江西省,江西财经职业学院,4136012941,江西省,九江市,专科,
1321,江西省,江西应用技术职业学院,4136012942,江西省,赣州市,专科,
1322,江西省,江西现代职业技术学院,4136012943,江西省,南昌市,专科,
1323,江西省,江西工业工程职业技术学院,4136012944,江西省,萍乡市,专科,
1324,江西省,江西机电职业技术学院,4136012976,江西省,南昌市,专科,
1325,江西省,江西科技职业学院,4136013419,江西省教育厅,南昌市,专科,民办
1326,江西省,江西工业贸易职业技术学院,4136013423,江西省,南昌市,专科,
1327,江西省,宜春职业技术学院,4136013424,江西省,宜春市,专科,
1328,江西省,江西应用工程职业学院,4136013425,江西省,萍乡市,专科,
1329,江西省,江西生物科技职业学院,4136013426,江西省,南昌市,专科,
1330,江西省,江西建设职业技术学院,4136013427,江西省,南昌市,专科,
1331,江西省,抚州职业技术学院,4136013428,江西省,抚州市,专科,
1332,江西省,江西经济管理职业学院,4136013866,江西省,南昌市,专科,
1333,江西省,江西制造职业技术学院,4136013867,江西省,南昌市,专科,
1334,江西省,江西工程职业学院,4136013868,江西省,南昌市,专科,
1335,江西省,江西青年职业学院,4136013869,江西省,南昌市,专科,
1336,江西省,上饶职业技术学院,4136013870,江西省,上饶市,专科,
1337,江西省,江西航空职业技术学院,4136013871,江西省教育厅,南昌市,专科,民办
1338,江西省,江西农业工程职业学院,4136013872,江西省,宜春市,专科,
1339,江西省,赣西科技职业学院,4136013873,江西省教育厅,新余市,专科,民办
1340,江西省,江西卫生职业学院,4136013965,江西省,南昌市,专科,
1341,江西省,江西新能源科技职业学院,4136014166,江西省教育厅,新余市,专科,民办
1342,江西省,江西枫林涉外经贸职业学院,4136014167,江西省教育厅,九江市,专科,民办
1343,江西省,江西冶金职业技术学院,4136014241,江西省,新余市,专科,
1344,江西省,江西管理职业学院,4136014249,江西省,南昌市,专科,
1345,江西省,江西传媒职业学院,4136014250,江西省,南昌市,专科,
1346,江西省,江西工商职业技术学院,4136014321,江西省教育厅,南昌市,专科,民办
1347,江西省,景德镇陶瓷职业技术学院,4136014402,江西省教育厅,景德镇市,专科,民办
1348,江西省,赣州师范高等专科学校,4136014465,江西省,赣州市,专科,
1349,江西省,江西水利职业学院,4136014476,江西省,南昌市,专科,
1350,江西省,宜春幼儿师范高等专科学校,4136014494,江西省,宜春市,专科,
1351,江西省,吉安职业技术学院,4136014504,江西省,吉安市,专科,
1352,江西省,江西洪州职业学院,4136014505,江西省教育厅,宜春市,专科,民办
1353,江西省,江西师范高等专科学校,4136014537,江西省,鹰潭市,专科,
1354,江西省,南昌影视传播职业学院,4136014544,江西省教育厅,南昌市,专科,民办
1355,江西省,赣南卫生健康职业学院,4136014569,江西省,赣州市,专科,
1356,江西省,萍乡卫生职业学院,4136014656,江西省,萍乡市,专科,
1357,江西省,江西婺源茶业职业学院,4136014657,江西省,上饶市,专科,
1358,江西省,赣州职业技术学院,4136014665,江西省,赣州市,专科,
1359,江西省,南昌健康职业技术学院,4136014705,江西省,南昌市,专科,
1360,江西省,九江理工职业学院,4136014706,江西省教育厅,九江市,专科,民办
1361,江西省,和君职业学院,4136014748,江西省教育厅,赣州市,专科,民办
1362,江西省,吉安幼儿师范高等专科学校,4136014807,江西省,吉安市,专科,
1363,江西省,上饶卫生健康职业学院,4136014808,江西省,上饶市,专科,
1364,江西省,江西樟树中医药职业学院,4136014837,江西省教育厅,宜春市,专科,民办
1365,江西省,赣东职业技术学院,4136014856,江西省教育厅,抚州市,专科,民办
1366,江西省,江西电子信息职业技术学院,4136014906,江西省,南昌市,专科,
1367,江西省,鹰潭卫生职业学院,4136014907,江西省教育厅,鹰潭市,专科,民办
1368,江西省,九江卫生健康职业学院,4136014919,江西省,九江市,专科,
1369,江西省,新余职业技术学院,4136014920,江西省,新余市,专科,
1370,江西省,赣州起元职业学院,4136014921,江西省教育厅,赣州市,专科,民办
1371,江西省,赣州远恒佳职业学院,4136014922,江西省教育厅,赣州市,专科,民办
1372,江西省,鄱阳职业学院,4136014958,江西省,上饶市,专科,
1373,江西省,萍乡职业技术学院,4136014959,江西省,萍乡市,专科,
1374,江西省,景德镇卫生健康职业学院,4136014960,江西省,景德镇市,专科,
1375,山东省,山东大学,4137010422,教育部,济南市,本科,
1376,山东省,中国海洋大学,4137010423,教育部,青岛市,本科,
1377,山东省,山东科技大学,4137010424,山东省,青岛市,本科,
1378,山东省,中国石油大学（华东）,4137010425,教育部,青岛市,本科,
1379,山东省,青岛科技大学,4137010426,山东省,青岛市,本科,
1380,山东省,济南大学,4137010427,山东省,济南市,本科,
1381,山东省,青岛理工大学,4137010429,山东省,青岛市,本科,
1382,山东省,山东建筑大学,4137010430,山东省,济南市,本科,
1383,山东省,齐鲁工业大学,4137010431,山东省,济南市,本科,
1384,山东省,山东理工大学,4137010433,山东省,淄博市,本科,
1385,山东省,山东农业大学,4137010434,山东省,泰安市,本科,
1386,山东省,青岛农业大学,4137010435,山东省,青岛市,本科,
1387,山东省,山东第二医科大学,4137010438,山东省,潍坊市,本科,
1388,山东省,山东第一医科大学,4137010439,山东省,济南市,本科,
1389,山东省,山东医药大学,4137010440,山东省,滨州市,本科,
1390,山东省,山东中医药大学,4137010441,山东省,济南市,本科,
1391,山东省,济宁医学院,4137010443,山东省,济宁市,本科,
1392,山东省,山东师范大学,4137010445,山东省,济南市,本科,
1393,山东省,曲阜师范大学,4137010446,山东省,济宁市,本科,
1394,山东省,聊城大学,4137010447,山东省,聊城市,本科,
1395,山东省,德州学院,4137010448,山东省,德州市,本科,
1396,山东省,山东航空学院,4137010449,山东省,滨州市,本科,
1397,山东省,鲁东大学,4137010451,山东省,烟台市,本科,
1398,山东省,临沂大学,4137010452,山东省,临沂市,本科,
1399,山东省,泰山学院,4137010453,山东省,泰安市,本科,
1400,山东省,济宁学院,4137010454,山东省,济宁市,本科,
1401,山东省,菏泽学院,4137010455,山东省,菏泽市,本科,
1402,山东省,山东财经大学,4137010456,山东省,济南市,本科,
1403,山东省,山东体育学院,4137010457,山东省,济南市,本科,
1404,山东省,山东艺术学院,4137010458,山东省,济南市,本科,
1405,山东省,齐鲁医药学院,4137010825,山东省教育厅,淄博市,本科,民办
1406,山东省,青岛滨海学院,4137010868,山东省教育厅,青岛市,本科,民办
1407,山东省,枣庄学院,4137010904,山东省,枣庄市,本科,
1408,山东省,山东工艺美术学院,4137010908,山东省,济南市,本科,
1409,山东省,青岛大学,4137011065,山东省,青岛市,本科,
1410,山东省,烟台大学,4137011066,山东省,烟台市,本科,
1411,山东省,潍坊学院,4137011067,山东省,潍坊市,本科,
1412,山东省,山东警察学院,4137011324,山东省,济南市,本科,
1413,山东省,山东交通学院,4137011510,山东省,济南市,本科,
1414,山东省,山东工商学院,4137011688,山东省,烟台市,本科,
1415,山东省,山东女子学院,4137012331,山东省,济南市,本科,
1416,山东省,烟台南山学院,4137012332,山东省教育厅,烟台市,本科,民办
1417,山东省,潍坊科技学院,4137012843,山东省教育厅,潍坊市,本科,民办
1418,山东省,山东英才学院,4137013006,山东省教育厅,济南市,本科,民办
1419,山东省,青岛恒星科技学院,4137013015,山东省教育厅,青岛市,本科,民办
1420,山东省,青岛黄海学院,4137013320,山东省教育厅,青岛市,本科,民办
1421,山东省,山东现代学院,4137013322,山东省教育厅,济南市,本科,民办
1422,山东省,山东协和学院,4137013324,山东省教育厅,济南市,本科,民办
1423,山东省,山东工程职业技术大学,4137013356,山东省教育厅,济南市,本科,民办
1424,山东省,烟台理工学院,4137013359,山东省教育厅,烟台市,本科,民办
1425,山东省,聊城大学东昌学院,4137013373,山东省教育厅,聊城市,本科,民办
1426,山东省,青岛城市学院,4137013378,山东省教育厅,青岛市,本科,民办
1427,山东省,潍坊理工学院,4137013379,山东省教育厅,潍坊市,本科,民办
1428,山东省,山东财经大学燕山学院,4137013383,山东省教育厅,济南市,本科,民办
1429,山东省,山东石油化工学院,4137013386,山东省,东营市,本科,
1430,山东省,山东外国语职业技术大学,4137013387,山东省教育厅,日照市,本科,民办
1431,山东省,泰山科技学院,4137013624,山东省教育厅,泰安市,本科,民办
1432,山东省,山东华宇工学院,4137013857,山东省教育厅,德州市,本科,民办
1433,山东省,山东外事职业大学,4137013874,山东省教育厅,威海市,本科,民办
1434,山东省,青岛工学院,4137013995,山东省教育厅,青岛市,本科,民办
1435,山东省,青岛农业大学海都学院,4137013997,山东省教育厅,烟台市,本科,民办
1436,山东省,齐鲁理工学院,4137013998,山东省教育厅,济南市,本科,民办
1437,山东省,山东财经大学东方学院,4137013999,山东省教育厅,泰安市,本科,民办
1438,山东省,烟台科技学院,4137014002,山东省教育厅,烟台市,本科,民办
1439,山东省,山东政法学院,4137014100,山东省,济南市,本科,
1440,山东省,齐鲁师范学院,4137014276,山东省,济南市,本科,
1441,山东省,山东青年政治学院,4137014277,山东省,济南市,本科,
1442,山东省,青岛电影学院,4137014327,山东省教育厅,青岛市,本科,民办
1443,山东省,山东管理学院,4137014438,山东省,济南市,本科,
1444,山东省,山东农业工程学院,4137014439,山东省,济南市,本科,
1445,山东省,康复大学,4137014878,山东省,青岛市,本科,
1446,山东省,淄博职业技术大学,4137013009,山东省,淄博市,本科,
1447,山东省,滨州职业技术大学,4137012818,山东省,滨州市,本科,
1448,山东省,日照职业技术大学,4137012062,山东省,日照市,本科,
1449,山东省,山东商业职业技术大学,4137010832,山东省,济南市,本科,
1450,山东省,临沂工学院,4137014979,山东省教育厅,临沂市,本科,民办
1451,山东省,山东科技职业大学,4137012819,山东省,潍坊市,本科,
1452,山东省,山东医学高等专科学校,4137010442,山东省,临沂市,专科,
1453,山东省,菏泽医学专科学校,4137010444,山东省,菏泽市,专科,
1454,山东省,山东电力高等专科学校,4137011827,山东省,济南市,专科,
1455,山东省,曲阜远东职业技术学院,4137012070,山东省教育厅,济宁市,专科,民办
1456,山东省,青岛职业技术学院,4137012324,山东省,青岛市,专科,
1457,山东省,威海职业学院,4137012326,山东省,威海市,专科,
1458,山东省,山东职业学院,4137012328,山东省,济南市,专科,
1459,山东省,山东劳动职业技术学院,4137012329,山东省,济南市,专科,
1460,山东省,莱芜职业技术学院,4137012330,山东省,济南市,专科,
1461,山东省,济宁职业技术学院,4137012335,山东省,济宁市,专科,
1462,山东省,潍坊职业学院,4137012391,山东省,潍坊市,专科,
1463,山东省,烟台职业学院,4137012396,山东省,烟台市,专科,
1464,山东省,东营职业学院,4137012440,山东省,东营市,专科,
1465,山东省,聊城职业技术学院,4137012441,山东省,聊城市,专科,
1466,山东省,山东服装职业学院,4137012841,山东省,泰安市,专科,
1467,山东省,德州科技职业学院,4137012842,山东省教育厅,德州市,专科,民办
1468,山东省,山东力明科技职业学院,4137012844,山东省教育厅,泰安市,专科,民办
1469,山东省,山东圣翰财贸职业学院,4137012945,山东省教育厅,济南市,专科,民办
1470,山东省,山东水利职业学院,4137012946,山东省,日照市,专科,
1471,山东省,山东畜牧兽医职业学院,4137012947,山东省,潍坊市,专科,
1472,山东省,青岛飞洋职业技术学院,4137013005,山东省教育厅,青岛市,专科,民办
1473,山东省,东营科技职业学院,4137013007,山东省,东营市,专科,
1474,山东省,山东交通职业学院,4137013008,山东省,潍坊市,专科,
1475,山东省,山东外贸职业学院,4137013010,山东省,青岛市,专科,
1476,山东省,青岛酒店管理职业技术学院,4137013011,山东省,青岛市,专科,
1477,山东省,山东信息职业技术学院,4137013012,山东省,潍坊市,专科,
1478,山东省,青岛港湾职业技术学院,4137013014,山东省,青岛市,专科,
1479,山东省,山东胜利职业学院,4137013316,山东省,东营市,专科,
1480,山东省,山东经贸职业学院,4137013317,山东省,潍坊市,专科,
1481,山东省,山东工业职业学院,4137013318,山东省,淄博市,专科,
1482,山东省,山东化工职业学院,4137013319,山东省,淄博市,专科,
1483,山东省,青岛求实职业技术学院,4137013321,山东省教育厅,青岛市,专科,民办
1484,山东省,济南职业学院,4137013323,山东省,济南市,专科,
1485,山东省,烟台工程职业技术学院,4137013355,山东省,烟台市,专科,
1486,山东省,潍坊工商职业学院,4137013388,山东省教育厅,潍坊市,专科,民办
1487,山东省,德州职业技术学院,4137013389,山东省,德州市,专科,
1488,山东省,枣庄科技职业学院,4137013390,山东省,枣庄市,专科,
1489,山东省,淄博师范高等专科学校,4137013777,山东省,淄博市,专科,
1490,山东省,山东中医药高等专科学校,4137013778,山东省,烟台市,专科,
1491,山东省,济南工程职业技术学院,4137013855,山东省,济南市,专科,
1492,山东省,山东电子职业技术学院,4137013856,山东省,济南市,专科,
1493,山东省,山东旅游职业学院,4137013858,山东省,济南市,专科,
1494,山东省,山东铝业职业学院,4137013859,山东省,淄博市,专科,
1495,山东省,泰山职业技术学院,4137013861,山东省,泰安市,专科,
1496,山东省,山东药品食品职业学院,4137013966,山东省,威海市,专科,
1497,山东省,山东商务职业学院,4137014078,山东省,烟台市,专科,
1498,山东省,山东轻工职业学院,4137014079,山东省,淄博市,专科,
1499,山东省,山东城市建设职业学院,4137014080,山东省,济南市,专科,
1500,山东省,烟台汽车工程职业学院,4137014081,山东省,烟台市,专科,
1501,山东省,山东司法警官职业学院,4137014082,山东省,济南市,专科,
1502,山东省,菏泽家政职业学院,4137014118,山东省,菏泽市,专科,
1503,山东省,山东传媒职业学院,4137014193,山东省,济南市,专科,
1504,山东省,临沂职业学院,4137014195,山东省,临沂市,专科,
1505,山东省,枣庄职业学院,4137014196,山东省,枣庄市,专科,
1506,山东省,山东理工职业学院,4137014242,山东省,济宁市,专科,
1507,山东省,山东文化产业职业学院,4137014261,山东省教育厅,青岛市,专科,民办
1508,山东省,青岛远洋船员职业学院,4137014320,山东省,青岛市,专科,
1509,山东省,济南幼儿师范高等专科学校,4137014332,山东省,济南市,专科,
1510,山东省,济南护理职业学院,4137014343,山东省,济南市,专科,
1511,山东省,泰山护理职业学院,4137014345,山东省,泰安市,专科,
1512,山东省,山东海事职业学院,4137014346,山东省教育厅,潍坊市,专科,民办
1513,山东省,潍坊护理职业学院,4137014347,山东省,潍坊市,专科,
1514,山东省,潍坊工程职业学院,4137014379,山东省,潍坊市,专科,
1515,山东省,菏泽职业学院,4137014477,山东省,菏泽市,专科,
1516,山东省,山东艺术设计职业学院,4137014506,山东省教育厅,济南市,专科,民办
1517,山东省,威海海洋职业学院,4137014507,山东省,威海市,专科,
1518,山东省,山东特殊教育职业学院,4137014545,山东省,济南市,专科,
1519,山东省,烟台黄金职业学院,4137014570,山东省教育厅,烟台市,专科,民办
1520,山东省,日照航海工程职业学院,4137014605,山东省教育厅,日照市,专科,民办
1521,山东省,青岛工程职业学院,4137014666,山东省,青岛市,专科,
1522,山东省,青岛幼儿师范高等专科学校,4137014688,山东省,青岛市,专科,
1523,山东省,烟台幼儿师范高等专科学校,4137014689,山东省,烟台市,专科,
1524,山东省,烟台文化旅游职业学院,4137014707,山东省,烟台市,专科,
1525,山东省,临沂科技职业学院,4137014708,山东省,临沂市,专科,
1526,山东省,青岛航空科技职业学院,4137014709,山东省教育厅,青岛市,专科,民办
1527,山东省,潍坊环境工程职业学院,4137014710,山东省教育厅,潍坊市,专科,民办
1528,山东省,滨州科技职业学院,4137014749,山东省教育厅,滨州市,专科,民办
1529,山东省,山东城市服务职业学院,4137014809,山东省,烟台市,专科,
1530,山东省,潍坊食品科技职业学院,4137014810,山东省教育厅,潍坊市,专科,民办
1531,山东省,烟台城市科技职业学院,4137014811,山东省教育厅,烟台市,专科,民办
1532,山东省,德州工程职业学院,4137014857,山东省教育厅,德州市,专科,民办
1533,山东省,日照康养职业学院,4137014858,山东省教育厅,日照市,专科,民办
1534,山东省,烟台卫生健康职业学院,4137014859,山东省,烟台市,专科,
1535,山东省,山东文化艺术职业学院,4137014860,山东省,德州市,专科,
1536,山东省,聊城科技职业学院,4137014923,山东省,聊城市,专科,
1537,山东省,济宁汽车工程职业学院,4137014924,山东省教育厅,济宁市,专科,民办
1538,山东省,日照科技职业学院,4137014925,山东省教育厅,日照市,专科,民办
1539,山东省,枣庄应用技术职业学院,4137014926,山东省教育厅,枣庄市,专科,民办
1540,山东省,临沂城市职业学院,4137014927,山东省教育厅,临沂市,专科,民办
1541,山东省,菏泽生物医药职业学院,4137014928,山东省教育厅,菏泽市,专科,民办
1542,山东省,济宁卫生健康职业学院,4137014961,山东省,济宁市,专科,
1543,山东省,青岛健康科技职业学院,4137014962,山东省,青岛市,专科,
1544,山东省,德州智能技术职业学院,4137014963,山东省,德州市,专科,
1545,山东省,滨州健康科技职业学院,4137014964,山东省教育厅,滨州市,专科,民办
1546,河南省,华北水利水电大学,4141010078,河南省,郑州市,本科,
1547,河南省,郑州大学,4141010459,河南省,郑州市,本科,
1548,河南省,河南理工大学,4141010460,河南省,焦作市,本科,
1549,河南省,郑州轻工业大学,4141010462,河南省,郑州市,本科,
1550,河南省,河南工业大学,4141010463,河南省,郑州市,本科,
1551,河南省,河南科技大学,4141010464,河南省,洛阳市,本科,
1552,河南省,中原工学院,4141010465,河南省,郑州市,本科,
1553,河南省,河南农业大学,4141010466,河南省,郑州市,本科,
1554,河南省,河南科技学院,4141010467,河南省,新乡市,本科,
1555,河南省,河南牧业经济学院,4141010469,河南省,郑州市,本科,
1556,河南省,河南中医药大学,4141010471,河南省,郑州市,本科,
1557,河南省,河南医药大学,4141010472,河南省,新乡市,本科,
1558,河南省,河南大学,4141010475,河南省,开封市,本科,
1559,河南省,河南师范大学,4141010476,河南省,新乡市,本科,
1560,河南省,信阳师范大学,4141010477,河南省,信阳市,本科,
1561,河南省,周口师范学院,4141010478,河南省,周口市,本科,
1562,河南省,安阳师范学院,4141010479,河南省,安阳市,本科,
1563,河南省,许昌学院,4141010480,河南省,许昌市,本科,
1564,河南省,南阳师范学院,4141010481,河南省,南阳市,本科,
1565,河南省,洛阳师范学院,4141010482,河南省,洛阳市,本科,
1566,河南省,商丘师范学院,4141010483,河南省,商丘市,本科,
1567,河南省,河南财经政法大学,4141010484,河南省,郑州市,本科,
1568,河南省,郑州航空工业管理学院,4141010485,河南省,郑州市,本科,
1569,河南省,黄淮学院,4141010918,河南省,驻马店市,本科,
1570,河南省,平顶山学院,4141010919,河南省,平顶山市,本科,
1571,河南省,郑州工程技术学院,4141011068,河南省,郑州市,本科,
1572,河南省,洛阳理工学院,4141011070,河南省,洛阳市,本科,
1573,河南省,新乡学院,4141011071,河南省,新乡市,本科,
1574,河南省,信阳农林学院,4141011326,河南省,信阳市,本科,
1575,河南省,河南工学院,4141011329,河南省,新乡市,本科,
1576,河南省,安阳工学院,4141011330,河南省,安阳市,本科,
1577,河南省,河南工程学院,4141011517,河南省,郑州市,本科,
1578,河南省,河南财政金融学院,4141011652,河南省,郑州市,本科,
1579,河南省,南阳理工学院,4141011653,河南省,南阳市,本科,
1580,河南省,河南城建学院,4141011765,河南省,平顶山市,本科,
1581,河南省,河南警察学院,4141011788,河南省,郑州市,本科,
1582,河南省,黄河科技学院,4141011834,河南省教育厅,郑州市,本科,民办
1583,河南省,郑州警察学院,4141012735,公安部,郑州市,本科,
1584,河南省,郑州科技学院,4141012746,河南省教育厅,郑州市,本科,民办
1585,河南省,郑州工业应用技术学院,4141012747,河南省教育厅,郑州市,本科,民办
1586,河南省,郑州师范学院,4141012949,河南省,郑州市,本科,
1587,河南省,郑州财经学院,4141013497,河南省教育厅,郑州市,本科,民办
1588,河南省,黄河交通学院,4141013498,河南省教育厅,焦作市,本科,民办
1589,河南省,商丘工学院,4141013500,河南省教育厅,商丘市,本科,民办
1590,河南省,河南开封科技传媒学院,4141013501,河南省教育厅,开封市,本科,民办
1591,河南省,中原科技学院,4141013502,河南省教育厅,郑州市,本科,民办
1592,河南省,信阳学院,4141013503,河南省教育厅,信阳市,本科,民办
1593,河南省,安阳学院,4141013504,河南省教育厅,安阳市,本科,民办
1594,河南省,豫北医学院,4141013505,河南省教育厅,新乡市,本科,民办
1595,河南省,新乡工程学院,4141013506,河南省教育厅,新乡市,本科,民办
1596,河南省,郑州工商学院,4141013507,河南省教育厅,郑州市,本科,民办
1597,河南省,郑州经贸学院,4141013508,河南省教育厅,郑州市,本科,民办
1598,河南省,商丘学院,4141014003,河南省教育厅,商丘市,本科,民办
1599,河南省,郑州商学院,4141014040,河南省教育厅,郑州市,本科,民办
1600,河南省,河南科技职业大学,4141014169,河南省教育厅,周口市,本科,民办
1601,河南省,郑州升达经贸管理学院,4141014333,河南省教育厅,郑州市,本科,民办
1602,河南省,郑州西亚斯学院,4141014654,河南省教育厅,郑州市,本科,民办
1603,河南省,郑州美术学院,4141014831,河南省教育厅,郑州市,本科,民办
1604,河南省,漯河食品工程职业大学,4141014233,河南省教育厅,漯河市,本科,民办
1605,河南省,河南体育学院,4141014879,河南省,郑州市,本科,
1606,河南省,郑州健康学院,4141012948,河南省教育厅,郑州市,本科,民办
1607,河南省,黄河水利职业技术大学,4141012058,河南省,开封市,本科,
1608,河南省,河南工业职业技术大学,4141012794,河南省,南阳市,本科,
1609,河南省,河南信息科技学院,4141014949,河南省,鹤壁市,本科,
1610,河南省,河南应用工程学院,4141014982,河南省,三门峡市,本科,
1611,河南省,河南国医学院,4141014981,河南省,南阳市,本科,
1612,河南省,郑州铁路职业技术大学,4141010843,河南省,郑州市,本科,
1613,河南省,河南能源化工学院,4141014980,河南省,濮阳市,本科,
1614,河南省,河南职业技术学院,4141010824,河南省,郑州市,专科,
1615,河南省,漯河职业技术学院,4141010835,河南省,漯河市,专科,
1616,河南省,三门峡职业技术学院,4141010842,河南省,三门峡市,专科,
1617,河南省,开封大学,4141011069,河南省,开封市,专科,
1618,河南省,焦作大学,4141011522,河南省,焦作市,专科,
1619,河南省,濮阳职业技术学院,4141011787,河南省,濮阳市,专科,
1620,河南省,郑州电力高等专科学校,4141011828,河南省,郑州市,专科,
1621,河南省,许昌职业技术学院,4141012067,河南省,许昌市,专科,
1622,河南省,河南工业和信息化职业学院,4141012581,河南省,焦作市,专科,
1623,河南省,河南水利与环境职业学院,4141012582,河南省,郑州市,专科,
1624,河南省,商丘职业技术学院,4141012745,河南省,商丘市,专科,
1625,河南省,平顶山工业职业技术学院,4141012748,河南省,平顶山市,专科,
1626,河南省,周口职业技术学院,4141012750,河南省,周口市,专科,
1627,河南省,济源职业技术学院,4141012768,河南省,济源市,专科,
1628,河南省,河南司法警官职业学院,4141012781,河南省,郑州市,专科,
1629,河南省,鹤壁职业技术学院,4141012793,河南省,鹤壁市,专科,
1630,河南省,焦作师范高等专科学校,4141012950,河南省,焦作市,专科,
1631,河南省,河南检察职业学院,4141013499,河南省,郑州市,专科,
1632,河南省,河南质量工程职业学院,4141013564,河南省,平顶山市,专科,
1633,河南省,郑州信息科技职业学院,4141013565,河南省,郑州市,专科,
1634,河南省,漯河医学高等专科学校,4141013780,河南省,漯河市,专科,
1635,河南省,南阳医学高等专科学校,4141013781,河南省,南阳市,专科,
1636,河南省,商丘医学高等专科学校,4141013782,河南省,商丘市,专科,
1637,河南省,郑州电子信息职业技术学院,4141013783,河南省教育厅,郑州市,专科,民办
1638,河南省,信阳职业技术学院,4141013784,河南省,信阳市,专科,
1639,河南省,嵩山少林武术职业学院,4141013785,河南省教育厅,郑州市,专科,民办
1640,河南省,郑州工业安全职业学院,4141013786,河南省,郑州市,专科,
1641,河南省,永城职业学院,4141013787,河南省,商丘市,专科,
1642,河南省,河南经贸职业学院,4141013788,河南省,郑州市,专科,
1643,河南省,河南交通职业技术学院,4141013789,河南省,郑州市,专科,
1644,河南省,河南农业职业学院,4141013790,河南省,郑州市,专科,
1645,河南省,郑州旅游职业学院,4141013791,河南省,郑州市,专科,
1646,河南省,郑州职业技术学院,4141013792,河南省,郑州市,专科,
1647,河南省,河南信息统计职业学院,4141013885,河南省,郑州市,专科,
1648,河南省,河南林业职业学院,4141013889,河南省,洛阳市,专科,
1649,河南省,河南工业贸易职业学院,4141013936,河南省,郑州市,专科,
1650,河南省,郑州电力职业技术学院,4141014062,河南省教育厅,郑州市,专科,民办
1651,河南省,河南建筑职业技术学院,4141014181,河南省,郑州市,专科,
1652,河南省,郑州城市职业学院,4141014235,河南省教育厅,郑州市,专科,民办
1653,河南省,安阳职业技术学院,4141014243,河南省,安阳市,专科,
1654,河南省,新乡职业技术学院,4141014245,河南省,新乡市,专科,
1655,河南省,驻马店职业技术学院,4141014251,河南省,驻马店市,专科,
1656,河南省,焦作工贸职业学院,4141014300,河南省教育厅,焦作市,专科,民办
1657,河南省,许昌陶瓷职业学院,4141014301,河南省教育厅,许昌市,专科,民办
1658,河南省,郑州理工职业学院,4141014302,河南省教育厅,郑州市,专科,民办
1659,河南省,郑州信息工程职业学院,4141014303,河南省教育厅,郑州市,专科,民办
1660,河南省,长垣烹饪职业技术学院,4141014305,河南省教育厅,新乡市,专科,民办
1661,河南省,开封文化艺术职业学院,4141014306,河南省,开封市,专科,
1662,河南省,河南应用技术职业学院,4141014307,河南省,郑州市,专科,
1663,河南省,河南艺术职业学院,4141014308,河南省,郑州市,专科,
1664,河南省,河南机电职业学院,4141014348,河南省,郑州市,专科,
1665,河南省,河南护理职业学院,4141014349,河南省,安阳市,专科,
1666,河南省,许昌电气职业学院,4141014350,河南省,许昌市,专科,
1667,河南省,信阳涉外职业技术学院,4141014351,河南省教育厅,信阳市,专科,民办
1668,河南省,鹤壁汽车工程职业学院,4141014352,河南省教育厅,鹤壁市,专科,民办
1669,河南省,南阳职业学院,4141014353,河南省教育厅,南阳市,专科,民办
1670,河南省,郑州商贸旅游职业学院,4141014380,河南省教育厅,郑州市,专科,民办
1671,河南省,河南推拿职业学院,4141014382,河南省,洛阳市,专科,
1672,河南省,洛阳职业技术学院,4141014383,河南省,洛阳市,专科,
1673,河南省,郑州幼儿师范高等专科学校,4141014391,河南省,郑州市,专科,
1674,河南省,安阳幼儿师范高等专科学校,4141014392,河南省,安阳市,专科,
1675,河南省,郑州黄河护理职业学院,4141014405,河南省教育厅,郑州市,专科,民办
1676,河南省,河南医学高等专科学校,4141014466,河南省,郑州市,专科,
1677,河南省,郑州财税金融职业学院,4141014478,河南省,郑州市,专科,
1678,河南省,南阳农业职业学院,4141014479,河南省,南阳市,专科,
1679,河南省,洛阳科技职业学院,4141014480,河南省教育厅,洛阳市,专科,民办
1680,河南省,鹤壁能源化工职业学院,4141014529,河南省,鹤壁市,专科,
1681,河南省,平顶山文化艺术职业学院,4141014530,河南省教育厅,平顶山市,专科,民办
1682,河南省,濮阳医学高等专科学校,4141014597,河南省,濮阳市,专科,
1683,河南省,驻马店幼儿师范高等专科学校,4141014598,河南省,驻马店市,专科,
1684,河南省,三门峡社会管理职业学院,4141014606,河南省,三门峡市,专科,
1685,河南省,河南轻工职业学院,4141014607,河南省,郑州市,专科,
1686,河南省,河南测绘职业学院,4141014608,河南省,郑州市,专科,
1687,河南省,信阳航空职业学院,4141014634,河南省教育厅,信阳市,专科,民办
1688,河南省,郑州卫生健康职业学院,4141014635,河南省,郑州市,专科,
1689,河南省,河南物流职业学院,4141014636,河南省,新乡市,专科,
1690,河南省,河南地矿职业学院,4141014637,河南省,郑州市,专科,
1691,河南省,郑州亚欧交通职业学院,4141014685,河南省教育厅,郑州市,专科,中外合作办学及内地与港澳合作办学
1692,河南省,河南女子职业学院,4141014711,河南省,新乡市,专科,
1693,河南省,河南对外经济贸易职业学院,4141014712,河南省,开封市,专科,
1694,河南省,濮阳石油化工职业技术学院,4141014713,河南省,濮阳市,专科,
1695,河南省,南阳科技职业学院,4141014714,河南省,南阳市,专科,
1696,河南省,兰考三农职业学院,4141014715,河南省,开封市,专科,
1697,河南省,汝州职业技术学院,4141014716,河南省,平顶山市,专科,
1698,河南省,林州建筑职业技术学院,4141014717,河南省教育厅,安阳市,专科,民办
1699,河南省,郑州电子商务职业学院,4141014718,河南省教育厅,郑州市,专科,民办
1700,河南省,郑州轨道工程职业学院,4141014719,河南省教育厅,郑州市,专科,民办
1701,河南省,郑州体育职业学院,4141014720,河南省教育厅,郑州市,专科,民办
1702,河南省,洛阳文化旅游职业学院,4141014750,河南省,洛阳市,专科,
1703,河南省,周口文理职业学院,4141014751,河南省,周口市,专科,
1704,河南省,信阳艺术职业学院,4141014752,河南省,信阳市,专科,
1705,河南省,郑州城建职业学院,4141014753,河南省教育厅,郑州市,专科,民办
1706,河南省,郑州医药健康职业学院,4141014754,河南省教育厅,郑州市,专科,民办
1707,河南省,平顶山职业技术学院,4241050709,河南省,平顶山市,专科,
1708,河南省,南阳工艺美术职业学院,4141014789,河南省,南阳市,专科,
1709,河南省,濮阳科技职业学院,4141014790,河南省,濮阳市,专科,
1710,河南省,商丘幼儿师范高等专科学校,4141014791,河南省,商丘市,专科,
1711,河南省,周口理工职业学院,4141014792,河南省,周口市,专科,
1712,河南省,焦作新材料职业学院,4141014793,河南省教育厅,焦作市,专科,民办
1713,河南省,开封职业学院,4141014794,河南省教育厅,开封市,专科,民办
1714,河南省,洛阳商业职业学院,4141014795,河南省教育厅,洛阳市,专科,民办
1715,河南省,郑州软件职业技术学院,4141014796,河南省教育厅,郑州市,专科,民办
1716,河南省,郑州智能科技职业学院,4141014797,河南省教育厅,郑州市,专科,民办
1717,河南省,郑州食品工程职业学院,4141014812,河南省教育厅,郑州市,专科,民办
1718,河南省,郑州汽车工程职业学院,4141014813,河南省教育厅,郑州市,专科,民办
1719,河南省,驻马店农业工程职业学院,4141014861,河南省,驻马店市,专科,
1720,河南省,信阳科技职业学院,4141014862,河南省教育厅,信阳市,专科,民办
1721,河南省,信阳工程职业学院,4141014863,河南省教育厅,信阳市,专科,民办
1722,河南省,周口城市职业学院,4141014864,河南省教育厅,周口市,专科,民办
1723,河南省,河南新乡工商职业学院,4141014865,河南省教育厅,新乡市,专科,民办
1724,河南省,开封工程职业学院,4141014929,河南省教育厅,开封市,专科,民办
1725,河南省,开封智慧健康职业学院,4141014930,河南省教育厅,开封市,专科,民办
1726,河南省,周口智慧能源职业学院,4141014931,河南省教育厅,周口市,专科,民办
1727,河南省,平顶山科技职业学院,4141014932,河南省教育厅,平顶山市,专科,民办
1728,湖北省,武汉大学,4142010486,教育部,武汉市,本科,
1729,湖北省,华中科技大学,4142010487,教育部,武汉市,本科,
1730,湖北省,武汉科技大学,4142010488,湖北省,武汉市,本科,
1731,湖北省,长江大学,4142010489,湖北省,荆州市,本科,
1732,湖北省,武汉工程大学,4142010490,湖北省,武汉市,本科,
1733,湖北省,中国地质大学（武汉）,4142010491,教育部,武汉市,本科,
1734,湖北省,武汉纺织大学,4142010495,湖北省,武汉市,本科,
1735,湖北省,武汉轻工大学,4142010496,湖北省,武汉市,本科,
1736,湖北省,武汉理工大学,4142010497,教育部,武汉市,本科,
1737,湖北省,湖北工业大学,4142010500,湖北省,武汉市,本科,
1738,湖北省,华中农业大学,4142010504,教育部,武汉市,本科,
1739,湖北省,湖北中医药大学,4142010507,湖北省,武汉市,本科,
1740,湖北省,华中师范大学,4142010511,教育部,武汉市,本科,
1741,湖北省,湖北大学,4142010512,湖北省,武汉市,本科,
1742,湖北省,湖北师范大学,4142010513,湖北省,黄石市,本科,
1743,湖北省,黄冈师范学院,4142010514,湖北省,黄冈市,本科,
1744,湖北省,湖北民族大学,4142010517,湖北省,恩施土家族苗族自治州,本科,
1745,湖北省,汉江师范学院,4142010518,湖北省,十堰市,本科,
1746,湖北省,湖北文理学院,4142010519,湖北省,襄阳市,本科,
1747,湖北省,中南财经政法大学,4142010520,教育部,武汉市,本科,
1748,湖北省,武汉体育学院,4142010522,湖北省,武汉市,本科,
1749,湖北省,湖北美术学院,4142010523,湖北省,武汉市,本科,
1750,湖北省,中南民族大学,4142010524,国家民委,武汉市,本科,
1751,湖北省,湖北汽车工业学院,4142010525,湖北省,十堰市,本科,
1752,湖北省,湖北工程学院,4142010528,湖北省,孝感市,本科,
1753,湖北省,湖北理工学院,4142010920,湖北省,黄石市,本科,
1754,湖北省,湖北科技学院,4142010927,湖北省,咸宁市,本科,
1755,湖北省,湖北医药学院,4142010929,湖北省,十堰市,本科,
1756,湖北省,江汉大学,4142011072,湖北省,武汉市,本科,
1757,湖北省,三峡大学,4142011075,湖北省,宜昌市,本科,
1758,湖北省,湖北警官学院,4142011332,湖北省,武汉市,本科,
1759,湖北省,荆楚理工学院,4142011336,湖北省,荆门市,本科,
1760,湖北省,武汉音乐学院,4142011524,湖北省,武汉市,本科,
1761,湖北省,湖北经济学院,4142011600,湖北省,武汉市,本科,
1762,湖北省,武汉商学院,4142011654,湖北省,武汉市,本科,
1763,湖北省,武汉东湖学院,4142011798,湖北省教育厅,武汉市,本科,民办
1764,湖北省,汉口学院,4142011800,湖北省教育厅,武汉市,本科,民办
1765,湖北省,武昌首义学院,4142012309,湖北省教育厅,武汉市,本科,民办
1766,湖北省,武昌理工学院,4142012310,湖北省教育厅,武汉市,本科,民办
1767,湖北省,武汉生物工程学院,4142012362,湖北省教育厅,武汉市,本科,民办
1768,湖北省,武汉晴川学院,4142013188,湖北省教育厅,武汉市,本科,民办
1769,湖北省,湖北大学知行学院,4142013234,湖北省教育厅,武汉市,本科,民办
1770,湖北省,武汉城市学院,4142013235,湖北省教育厅,武汉市,本科,民办
1771,湖北省,三峡大学科技学院,4142013236,湖北省教育厅,宜昌市,本科,民办
1772,湖北省,武汉文理学院,4142013237,湖北省教育厅,武汉市,本科,民办
1773,湖北省,湖北工业大学工程技术学院,4142013238,湖北省教育厅,武汉市,本科,民办
1774,湖北省,武汉工程大学邮电与信息工程学院,4142013239,湖北省教育厅,武汉市,本科,民办
1775,湖北省,武汉纺织大学外经贸学院,4142013240,湖北省教育厅,武汉市,本科,民办
1776,湖北省,武昌工学院,4142013241,湖北省教育厅,武汉市,本科,民办
1777,湖北省,武汉工商学院,4142013242,湖北省教育厅,武汉市,本科,民办
1778,湖北省,荆州学院,4142013245,湖北省教育厅,荆州市,本科,民办
1779,湖北省,长江大学文理学院,4142013246,湖北省教育厅,荆州市,本科,民办
1780,湖北省,湖北商贸学院,4142013247,湖北省教育厅,武汉市,本科,民办
1781,湖北省,湖北汽车工业学院科技学院,4142013248,湖北省教育厅,十堰市,本科,民办
1782,湖北省,湖北医药学院药护学院,4142013249,湖北省教育厅,十堰市,本科,民办
1783,湖北省,湖北恩施学院,4142013250,湖北省教育厅,恩施土家族苗族自治州,本科,民办
1784,湖北省,湖北经济学院法商学院,4142013251,湖北省教育厅,武汉市,本科,民办
1785,湖北省,武汉体育学院体育科技学院,4142013253,湖北省教育厅,武汉市,本科,民办
1786,湖北省,湖北师范大学文理学院,4142013256,湖北省教育厅,黄石市,本科,民办
1787,湖北省,湖北文理学院理工学院,4142013257,湖北省教育厅,襄阳市,本科,民办
1788,湖北省,湖北工程学院新技术学院,4142013258,湖北省教育厅,孝感市,本科,民办
1789,湖北省,文华学院,4142013262,湖北省教育厅,武汉市,本科,民办
1790,湖北省,武汉学院,4142013634,湖北省教育厅,武汉市,本科,民办
1791,湖北省,武汉工程科技学院,4142013664,湖北省教育厅,武汉市,本科,民办
1792,湖北省,武汉华夏理工学院,4142013666,湖北省教育厅,武汉市,本科,民办
1793,湖北省,武汉传媒学院,4142013686,湖北省教育厅,武汉市,本科,民办
1794,湖北省,武汉设计工程学院,4142014035,湖北省教育厅,武汉市,本科,民办
1795,湖北省,湖北第二师范学院,4142014099,湖北省,武汉市,本科,
1796,湖北省,武汉职业技术大学,4142010834,湖北省,武汉市,本科,
1797,湖北省,湖北三峡航空学院,4142014899,湖北省教育厅,宜昌市,本科,民办
1798,湖北省,黄冈职业技术大学,4142010955,湖北省,黄冈市,本科,
1799,湖北省,襄阳职业技术大学,4142012354,湖北省,襄阳市,本科,
1800,湖北省,网络空间安全学院,4142014950,湖北省,武汉市,本科,
1801,湖北省,湖北三峡职业技术大学,4142012979,湖北省,宜昌市,本科,
1802,湖北省,长江职业学院,4142010956,湖北省,武汉市,专科,
1803,湖北省,荆州理工职业学院,4142011074,湖北省,荆州市,专科,
1804,湖北省,湖北工业职业技术学院,4142011334,湖北省,十堰市,专科,
1805,湖北省,鄂州职业大学,4142011335,湖北省,鄂州市,专科,
1806,湖北省,武汉城市职业学院,4142011796,湖北省,武汉市,专科,
1807,湖北省,湖北职业技术学院,4142012051,湖北省,孝感市,专科,
1808,湖北省,武汉船舶职业技术学院,4142012052,湖北省,武汉市,专科,
1809,湖北省,恩施职业技术学院,4142012347,湖北省,恩施土家族苗族自治州,专科,
1810,湖北省,武汉工贸职业学院,4142012369,湖北省教育厅,武汉市,专科,民办
1811,湖北省,荆州职业技术学院,4142012737,湖北省,荆州市,专科,
1812,湖北省,武汉工程职业技术学院,4142012738,湖北省,武汉市,专科,
1813,湖北省,仙桃职业学院,4142012740,湖北省,仙桃市,专科,
1814,湖北省,湖北轻工职业技术学院,4142012744,湖北省,武汉市,专科,
1815,湖北省,湖北交通职业技术学院,4142012752,湖北省,武汉市,专科,
1816,湖北省,湖北中医药高等专科学校,4142012951,湖北省,荆州市,专科,
1817,湖北省,武汉航海职业技术学院,4142012952,湖北省,武汉市,专科,
1818,湖北省,武汉铁路职业技术学院,4142012977,湖北省,武汉市,专科,
1819,湖北省,武汉软件工程职业学院,4142012978,湖北省,武汉市,专科,
1820,湖北省,随州职业技术学院,4142012980,湖北省,随州市,专科,
1821,湖北省,武汉电力职业技术学院,4142012981,湖北省,武汉市,专科,
1822,湖北省,湖北水利水电职业技术学院,4142012982,湖北省,武汉市,专科,
1823,湖北省,湖北城市建设职业技术学院,4142012983,湖北省,武汉市,专科,
1824,湖北省,武汉警官职业学院,4142012984,湖北省,武汉市,专科,
1825,湖北省,湖北生物科技职业学院,4142012985,湖北省,武汉市,专科,
1826,湖北省,湖北开放职业学院,4142012986,湖北省教育厅,武汉市,专科,民办
1827,湖北省,武汉科技职业学院,4142012987,湖北省教育厅,武汉市,专科,民办
1828,湖北省,武汉外语外事职业学院,4142012988,湖北省教育厅,武汉市,专科,民办
1829,湖北省,武汉信息传播职业技术学院,4142012989,湖北省教育厅,武汉市,专科,民办
1830,湖北省,武昌职业学院,4142012990,湖北省教育厅,武汉市,专科,民办
1831,湖北省,武汉商贸职业学院,4142012991,湖北省教育厅,武汉市,专科,民办
1832,湖北省,湖北艺术职业学院,4142013263,湖北省,武汉市,专科,
1833,湖北省,武汉交通职业学院,4142013264,湖北省,武汉市,专科,
1834,湖北省,咸宁职业技术学院,4142013265,湖北省,咸宁市,专科,
1835,湖北省,长江工程职业技术学院,4142013266,湖北省,武汉市,专科,
1836,湖北省,江汉艺术职业学院,4142013793,湖北省,潜江市,专科,
1837,湖北省,武汉民政职业学院,4142013796,湖北省,武汉市,专科,
1838,湖北省,湖北黄冈应急管理职业技术学院,4142013797,湖北省,黄冈市,专科,
1839,湖北省,湖北财税职业学院,4142013798,湖北省,武汉市,专科,
1840,湖北省,黄冈科技职业学院,4142013799,湖北省教育厅,黄冈市,专科,民办
1841,湖北省,湖北国土资源职业学院,4142013800,湖北省,武汉市,专科,
1842,湖北省,湖北生态工程职业技术学院,4142013801,湖北省,武汉市,专科,
1843,湖北省,三峡电力职业学院,4142014061,湖北省,宜昌市,专科,
1844,湖北省,湖北科技职业学院,4142014119,湖北省,武汉市,专科,
1845,湖北省,湖北工程职业学院,4142014197,湖北省,黄石市,专科,
1846,湖北省,三峡旅游职业技术学院,4142014258,湖北省,宜昌市,专科,
1847,湖北省,天门职业学院,4142014355,湖北省,天门市,专科,
1848,湖北省,湖北体育职业学院,4142014356,湖北省,武汉市,专科,
1849,湖北省,襄阳汽车职业技术学院,4142014357,湖北省,襄阳市,专科,
1850,湖北省,湖北幼儿师范高等专科学校,4142014467,湖北省,武汉市,专科,
1851,湖北省,湖北铁道运输职业学院,4142014553,湖北省,武汉市,专科,
1852,湖北省,武汉海事职业学院,4142014554,湖北省,武汉市,专科,
1853,湖北省,长江艺术工程职业学院,4142014555,湖北省教育厅,荆州市,专科,民办
1854,湖北省,荆门职业学院,4142014571,湖北省,荆门市,专科,
1855,湖北省,武汉铁路桥梁职业学院,4142014590,湖北省,武汉市,专科,
1856,湖北省,武汉光谷职业学院,4142014591,湖北省教育厅,武汉市,专科,民办
1857,湖北省,湖北健康职业学院,4142014721,湖北省教育厅,咸宁市,专科,民办
1858,湖北省,湖北孝感美珈职业学院,4142014755,湖北省教育厅,孝感市,专科,民办
1859,湖北省,襄阳科技职业学院,4142014832,湖北省,襄阳市,专科,
1860,湖北省,宜昌科技职业学院,4142014833,湖北省,宜昌市,专科,
1861,湖北省,荆门通用航空职业技术学院,4142014866,湖北省,荆门市,专科,
1862,湖南省,湘潭大学,4143010530,湖南省,湘潭市,本科,
1863,湖南省,吉首大学,4143010531,湖南省,湘西土家族苗族自治州,本科,
1864,湖南省,湖南大学,4143010532,教育部,长沙市,本科,
1865,湖南省,中南大学,4143010533,教育部,长沙市,本科,
1866,湖南省,湖南科技大学,4143010534,湖南省,湘潭市,本科,
1867,湖南省,长沙理工大学,4143010536,湖南省,长沙市,本科,
1868,湖南省,湖南农业大学,4143010537,湖南省,长沙市,本科,
1869,湖南省,中南林业科技大学,4143010538,湖南省,长沙市,本科,
1870,湖南省,湖南中医药大学,4143010541,湖南省,长沙市,本科,
1871,湖南省,湖南师范大学,4143010542,湖南省,长沙市,本科,
1872,湖南省,湖南理工大学,4143010543,湖南省,岳阳市,本科,
1873,湖南省,湘南学院,4143010545,湖南省,郴州市,本科,
1874,湖南省,衡阳师范学院,4143010546,湖南省,衡阳市,本科,
1875,湖南省,邵阳学院,4143010547,湖南省,邵阳市,本科,
1876,湖南省,怀化学院,4143010548,湖南省,怀化市,本科,
1877,湖南省,湖南文理学院,4143010549,湖南省,常德市,本科,
1878,湖南省,湖南科技学院,4143010551,湖南省,永州市,本科,
1879,湖南省,湖南人文科技学院,4143010553,湖南省,娄底市,本科,
1880,湖南省,湖南工商大学,4143010554,湖南省,长沙市,本科,
1881,湖南省,南华大学,4143010555,湖南省,衡阳市,本科,
1882,湖南省,长沙医学院,4143010823,湖南省教育厅,长沙市,本科,民办
1883,湖南省,长沙学院,4143011077,湖南省,长沙市,本科,
1884,湖南省,湖南工程学院,4143011342,湖南省,湘潭市,本科,
1885,湖南省,湖南城市学院,4143011527,湖南省,益阳市,本科,
1886,湖南省,湖南工学院,4143011528,湖南省,衡阳市,本科,
1887,湖南省,湖南财政经济学院,4143011532,湖南省,长沙市,本科,
1888,湖南省,湖南警察学院,4143011534,湖南省,长沙市,本科,
1889,湖南省,湖南工业大学,4143011535,湖南省,株洲市,本科,
1890,湖南省,湖南女子学院,4143011538,湖南省,长沙市,本科,
1891,湖南省,湖南第一师范学院,4143012034,湖南省,长沙市,本科,
1892,湖南省,湖南医药学院,4143012214,湖南省,怀化市,本科,
1893,湖南省,湖南涉外经济学院,4143012303,湖南省教育厅,长沙市,本科,民办
1894,湖南省,湘潭大学兴湘学院,4143012599,湖南省教育厅,湘潭市,本科,民办
1895,湖南省,湖南工业大学科技学院,4143012604,湖南省教育厅,株洲市,本科,民办
1896,湖南省,湖南科技大学潇湘学院,4143012649,湖南省教育厅,湘潭市,本科,民办
1897,湖南省,南华大学船山学院,4143012650,湖南省教育厅,衡阳市,本科,民办
1898,湖南省,湘潭理工学院,4143012651,湖南省教育厅,湘潭市,本科,民办
1899,湖南省,长沙工业学院,4143012652,湖南省,长沙市,本科,
1900,湖南省,湖南农业大学东方科技学院,4143012653,湖南省教育厅,长沙市,本科,民办
1901,湖南省,中南林业科技大学涉外学院,4143012656,湖南省教育厅,长沙市,本科,民办
1902,湖南省,常德学院,4143012657,湖南省教育厅,常德市,本科,民办
1903,湖南省,岳阳学院,4143012658,湖南省教育厅,岳阳市,本科,民办
1904,湖南省,衡阳师范学院南岳学院,4143012659,湖南省教育厅,衡阳市,本科,民办
1905,湖南省,湖南工程学院应用技术学院,4143012660,湖南省教育厅,湘潭市,本科,民办
1906,湖南省,湖南中医药大学湘杏学院,4143012661,湖南省教育厅,长沙市,本科,民办
1907,湖南省,张家界学院,4143012662,湖南省教育厅,张家界市,本科,民办
1908,湖南省,长沙理工大学城南学院,4143013635,湖南省教育厅,长沙市,本科,民办
1909,湖南省,长沙师范学院,4143013806,湖南省,长沙市,本科,
1910,湖南省,湖南应用技术学院,4143013809,湖南省教育厅,常德市,本科,民办
1911,湖南省,湖南信息学院,4143013836,湖南省教育厅,长沙市,本科,民办
1912,湖南省,湖南交通工程学院,4143013924,湖南省教育厅,衡阳市,本科,民办
1913,湖南省,湖南软件职业技术大学,4143013925,湖南省教育厅,湘潭市,本科,民办
1914,湖南省,湖南汽车工程职业大学,4143013937,湖南省,株洲市,本科,
1915,湖南省,长沙科技学院,4143014900,湖南省教育厅,长沙市,本科,民办
1916,湖南省,长沙健康学院,4143014983,湖南省教育厅,长沙市,本科,民办
1917,湖南省,湖南工艺美术职业大学,4143013921,湖南省,益阳市,本科,
1918,湖南省,湖南化工职业技术大学,4143013043,湖南省,株洲市,本科,
1919,湖南省,湘中幼儿师范高等专科学校,3643000496,湖南省,邵阳市,专科,
1920,湖南省,长沙民政职业技术学院,4143010827,湖南省,长沙市,专科,
1921,湖南省,湖南工业职业技术学院,4143010830,湖南省,长沙市,专科,
1922,湖南省,株洲师范高等专科学校,4143010836,湖南省,株洲市,专科,
1923,湖南省,湖南信息职业技术学院,4143010865,湖南省,长沙市,专科,
1924,湖南省,湖南税务高等专科学校,4143011601,湖南省,长沙市,专科,
1925,湖南省,湖南冶金职业技术学院,4143011604,湖南省,株洲市,专科,
1926,湖南省,长沙航空职业技术学院,4143012055,空军装备部,长沙市,专科,
1927,湖南省,湖南大众传媒职业技术学院,4143012300,湖南省,长沙市,专科,
1928,湖南省,永州职业技术学院,4143012301,湖南省,永州市,专科,
1929,湖南省,湖南铁道职业技术学院,4143012302,湖南省,株洲市,专科,
1930,湖南省,湖南科技职业学院,4143012304,湖南省,长沙市,专科,
1931,湖南省,湖南生物机电职业技术学院,4143012343,湖南省,长沙市,专科,
1932,湖南省,湖南交通职业技术学院,4143012397,湖南省,长沙市,专科,
1933,湖南省,湖南商务职业技术学院,4143012401,湖南省,长沙市,专科,
1934,湖南省,湖南体育职业学院,4143012423,湖南省,长沙市,专科,
1935,湖南省,湖南工程职业技术学院,4143012425,湖南省,长沙市,专科,
1936,湖南省,保险职业学院,4143012596,湖南省,长沙市,专科,
1937,湖南省,湖南外贸职业学院,4143012597,湖南省,长沙市,专科,
1938,湖南省,湖南网络工程职业学院,4143012598,湖南省,长沙市,专科,
1939,湖南省,邵阳职业技术学院,4143012600,湖南省,邵阳市,专科,
1940,湖南省,湖南司法警官职业学院,4143012601,湖南省,长沙市,专科,
1941,湖南省,长沙商贸旅游职业技术学院,4143012603,湖南省,长沙市,专科,
1942,湖南省,湖南环境生物职业技术学院,4143012739,湖南省,衡阳市,专科,
1943,湖南省,湖南邮电职业技术学院,4143012845,湖南省,长沙市,专科,
1944,湖南省,湘潭医卫职业技术学院,4143012846,湖南省,湘潭市,专科,
1945,湖南省,郴州职业技术学院,4143012847,湖南省,郴州市,专科,
1946,湖南省,娄底职业技术学院,4143012848,湖南省,娄底市,专科,
1947,湖南省,张家界航空工业职业技术学院,4143012849,湖南省,张家界市,专科,
1948,湖南省,长沙环境保护职业技术学院,4143013031,湖南省,长沙市,专科,
1949,湖南省,湖南艺术职业学院,4143013032,湖南省,长沙市,专科,
1950,湖南省,湖南机电职业技术学院,4143013033,湖南省,长沙市,专科,
1951,湖南省,长沙职业技术学院,4143013036,湖南省,长沙市,专科,
1952,湖南省,怀化职业技术学院,4143013037,湖南省,怀化市,专科,
1953,湖南省,岳阳职业技术学院,4143013038,湖南省,岳阳市,专科,
1954,湖南省,常德职业技术学院,4143013039,湖南省,常德市,专科,
1955,湖南省,长沙南方职业学院,4143013041,湖南省教育厅,长沙市,专科,民办
1956,湖南省,潇湘职业学院,4143013042,湖南省教育厅,娄底市,专科,民办
1957,湖南省,湖南城建职业技术学院,4143013044,湖南省,湘潭市,专科,
1958,湖南省,湖南石油化工职业技术学院,4143013045,湖南省,岳阳市,专科,
1959,湖南省,湖南中医药高等专科学校,4143013802,湖南省,株洲市,专科,
1960,湖南省,湖南民族职业学院,4143013804,湖南省,岳阳市,专科,
1961,湖南省,湘西民族职业技术学院,4143013805,湖南省,湘西土家族苗族自治州,专科,
1962,湖南省,湖南财经工业职业技术学院,4143013807,湖南省,衡阳市,专科,
1963,湖南省,益阳职业技术学院,4143013808,湖南省,益阳市,专科,
1964,湖南省,湖南九嶷职业技术学院,4143013922,湖南省,永州市,专科,
1965,湖南省,湖南理工职业技术学院,4143013923,湖南省,湘潭市,专科,
1966,湖南省,长沙电力职业技术学院,4143013938,湖南省,长沙市,专科,
1967,湖南省,湖南水利水电职业技术学院,4143013939,湖南省,长沙市,专科,
1968,湖南省,湖南现代物流职业技术学院,4143013940,湖南省,长沙市,专科,
1969,湖南省,湖南高速铁路职业技术学院,4143013941,湖南省,衡阳市,专科,
1970,湖南省,湖南铁路科技职业技术学院,4143013942,湖南省,株洲市,专科,
1971,湖南省,湖南安全技术职业学院,4143014025,湖南省,长沙市,专科,
1972,湖南省,湖南电气职业技术学院,4143014071,湖南省,湘潭市,专科,
1973,湖南省,湖南外国语职业学院,4143014072,湖南省教育厅,长沙市,专科,民办
1974,湖南省,益阳医学高等专科学校,4143014097,湖南省,益阳市,专科,
1975,湖南省,湖南都市职业学院,4143014121,湖南省教育厅,长沙市,专科,民办
1976,湖南省,湖南电子科技职业学院,4143014122,湖南省教育厅,长沙市,专科,民办
1977,湖南省,湖南国防工业职业技术学院,4143014182,湖南省,湘潭市,专科,
1978,湖南省,湖南高尔夫旅游职业学院,4143014309,湖南省教育厅,常德市,专科,民办
1979,湖南省,湖南工商职业学院,4143014310,湖南省教育厅,衡阳市,专科,民办
1980,湖南省,湖南三一工业职业技术学院,4143014322,湖南省教育厅,长沙市,专科,民办
1981,湖南省,长沙卫生职业学院,4143014358,湖南省,长沙市,专科,
1982,湖南省,湖南食品药品职业学院,4143014359,湖南省,长沙市,专科,
1983,湖南省,湖南有色金属职业技术学院,4143014360,湖南省,株洲市,专科,
1984,湖南省,湖南吉利汽车职业技术学院,4143014406,湖南省教育厅,湘潭市,专科,民办
1985,湖南省,湖南幼儿师范高等专科学校,4143014468,湖南省,常德市,专科,
1986,湖南省,湘南幼儿师范高等专科学校,4143014495,湖南省,郴州市,专科,
1987,湖南省,湖南劳动人事职业学院,4143014508,湖南省,长沙市,专科,
1988,湖南省,怀化师范高等专科学校,4143014663,湖南省,怀化市,专科,
1989,湖南省,永州师范高等专科学校,4143014690,湖南省,永州市,专科,
1990,湖南省,衡阳幼儿师范高等专科学校,4143014691,湖南省,衡阳市,专科,
1991,湖南省,长沙幼儿师范高等专科学校,4143014692,湖南省,长沙市,专科,
1992,湖南省,益阳师范高等专科学校,4143014774,湖南省,益阳市,专科,
1993,湖南省,娄底幼儿师范高等专科学校,4143014775,湖南省,娄底市,专科,
1994,湖南省,常德科技职业技术学院,4143014814,湖南省,常德市,专科,
1995,湖南省,邵阳工业职业技术学院,4143014815,湖南省,邵阳市,专科,
1996,湖南省,长沙轨道交通职业学院,4143014816,湖南省教育厅,长沙市,专科,民办
1997,湖南省,长沙文创艺术职业学院,4143014817,湖南省教育厅,长沙市,专科,民办
1998,湖南省,岳阳现代服务职业学院,4143014818,湖南省教育厅,岳阳市,专科,民办
1999,湖南省,郴州思科职业学院,4143014819,湖南省教育厅,郴州市,专科,民办
2000,湖南省,衡阳科技职业学院,4143014820,湖南省教育厅,衡阳市,专科,民办
2001,湖南省,怀化工商职业技术学院,4143014867,湖南省,怀化市,专科,
2002,湖南省,湘潭科技职业学院,4243050812,湖南省,湘潭市,专科,
2003,湖南省,长沙医药健康职业学院,4143014892,湖南省教育厅,长沙市,专科,民办
2004,湖南省,长沙科技职业学院,4143014902,湖南省教育厅,长沙市,专科,民办
2005,湖南省,株洲科技职业学院,4143014903,湖南省教育厅,株洲市,专科,民办
2006,湖南省,衡阳理工职业学院,4143014904,湖南省教育厅,衡阳市,专科,民办
2007,湖南省,郴州智能科技职业学院,4143014905,湖南省教育厅,郴州市,专科,民办
2008,湖南省,岳阳科技职业学院,4143014933,湖南省教育厅,岳阳市,专科,民办
2009,湖南省,邵阳通航职业技术学院,4143014934,湖南省教育厅,邵阳市,专科,民办
2010,广东省,中山大学,4144010558,教育部,广州市,本科,
2011,广东省,暨南大学,4144010559,中央统战部,广州市,本科,
2012,广东省,汕头大学,4144010560,广东省,汕头市,本科,
2013,广东省,华南理工大学,4144010561,教育部,广州市,本科,
2014,广东省,华南农业大学,4144010564,广东省,广州市,本科,
2015,广东省,广东海洋大学,4144010566,广东省,湛江市,本科,
2016,广东省,广州医科大学,4144010570,广东省,广州市,本科,
2017,广东省,广东医科大学,4144010571,广东省,湛江市,本科,
2018,广东省,广州中医药大学,4144010572,广东省,广州市,本科,
2019,广东省,广东药科大学,4144010573,广东省,广州市,本科,
2020,广东省,华南师范大学,4144010574,广东省,广州市,本科,
2021,广东省,韶关学院,4144010576,广东省,韶关市,本科,
2022,广东省,惠州学院,4144010577,广东省,惠州市,本科,
2023,广东省,韩山师范学院,4144010578,广东省,潮州市,本科,
2024,广东省,岭南师范学院,4144010579,广东省,湛江市,本科,
2025,广东省,肇庆学院,4144010580,广东省,肇庆市,本科,
2026,广东省,嘉应学院,4144010582,广东省,梅州市,本科,
2027,广东省,广州体育学院,4144010585,广东省,广州市,本科,
2028,广东省,广州美术学院,4144010586,广东省,广州市,本科,
2029,广东省,星海音乐学院,4144010587,广东省,广州市,本科,
2030,广东省,广东技术师范大学,4144010588,广东省,广州市,本科,
2031,广东省,深圳大学,4144010590,广东省,深圳市,本科,
2032,广东省,广东财经大学,4144010592,广东省,广州市,本科,
2033,广东省,广东白云学院,4144010822,广东省教育厅,广州市,本科,民办
2034,广东省,广州大学,4144011078,广东省,广州市,本科,
2035,广东省,广州航海学院,4144011106,广东省,广州市,本科,
2036,广东省,广东警官学院,4144011110,广东省,广州市,本科,
2037,广东省,仲恺农业工程学院,4144011347,广东省,广州市,本科,
2038,广东省,五邑大学,4144011349,广东省,江门市,本科,
2039,广东省,广东金融学院,4144011540,广东省,广州市,本科,
2040,广东省,电子科技大学中山学院,4144011545,广东省教育厅,中山市,本科,民办
2041,广东省,广东石油化工学院,4144011656,广东省,茂名市,本科,
2042,广东省,东莞理工学院,4144011819,广东省,东莞市,本科,
2043,广东省,广东工业大学,4144011845,广东省,广州市,本科,
2044,广东省,广东外语外贸大学,4144011846,广东省,广州市,本科,
2045,广东省,佛山大学,4144011847,广东省,佛山市,本科,
2046,广东省,广东培正学院,4144012059,广东省教育厅,广州市,本科,民办
2047,广东省,南方医科大学,4144012121,广东省,广州市,本科,
2048,广东省,广东东软学院,4144012574,广东省教育厅,佛山市,本科,民办
2049,广东省,广州城市理工学院,4144012617,广东省教育厅,广州市,本科,民办
2050,广东省,广州软件学院,4144012618,广东省教育厅,广州市,本科,民办
2051,广东省,广州南方学院,4144012619,广东省教育厅,广州市,本科,民办
2052,广东省,广东外语外贸大学南国商学院,4144012620,广东省教育厅,广州市,本科,民办
2053,广东省,广州华商学院,4144012621,广东省教育厅,广州市,本科,民办
2054,广东省,湛江科技学院,4144012622,广东省教育厅,湛江市,本科,民办
2055,广东省,华南农业大学珠江学院,4144012623,广东省教育厅,广州市,本科,民办
2056,广东省,广州理工学院,4144012668,广东省教育厅,广州市,本科,民办
2057,广东省,北京师范大学珠海分校,4144013177,广东省教育厅,珠海市,本科,民办
2058,广东省,广州华立学院,4144013656,广东省教育厅,广州市,本科,民办
2059,广东省,广州应用科技学院,4144013657,广东省教育厅,广州市,本科,民办
2060,广东省,广州商学院,4144013667,广东省教育厅,广州市,本科,民办
2061,广东省,广东江门南粤学院,4144013675,广东省教育厅,江门市,本科,民办
2062,广东省,珠海科技学院,4144013684,广东省教育厅,珠海市,本科,民办
2063,广东省,广州工商学院,4144013714,广东省教育厅,广州市,本科,民办
2064,广东省,广州科技职业技术大学,4144013717,广东省教育厅,广州市,本科,民办
2065,广东省,广东科技学院,4144013719,广东省教育厅,东莞市,本科,民办
2066,广东省,广东理工学院,4144013720,广东省教育厅,肇庆市,本科,民办
2067,广东省,广东工商职业技术大学,4144013721,广东省教育厅,肇庆市,本科,民办
2068,广东省,东莞城市学院,4144013844,广东省教育厅,东莞市,本科,民办
2069,广东省,广州新华学院,4144013902,广东省教育厅,广州市,本科,民办
2070,广东省,广东第二师范学院,4144014278,广东省,广州市,本科,
2071,广东省,南方科技大学,4144014325,广东省,深圳市,本科,
2072,广东省,深圳技术大学,4144014655,广东省,深圳市,本科,
2073,广东省,北师香港浸会大学,4144016401,广东省教育厅,珠海市,本科,中外合作办学及内地与港澳合作办学
2074,广东省,香港科技大学（广州）,4144016412,广东省教育厅,广州市,本科,中外合作办学及内地与港澳合作办学
2075,广东省,香港中文大学（深圳）,4144016407,广东省教育厅,深圳市,本科,中外合作办学及内地与港澳合作办学
2076,广东省,深圳北理莫斯科大学,4144016409,广东省教育厅,深圳市,本科,中外合作办学及内地与港澳合作办学
2077,广东省,广东以色列理工学院,4144016410,广东省教育厅,汕头市,本科,中外合作办学及内地与港澳合作办学
2078,广东省,香港城市大学（东莞）,4144014851,广东省教育厅,东莞市,本科,中外合作办学及内地与港澳合作办学
2079,广东省,深圳职业技术大学,4144011113,广东省,深圳市,本科,
2080,广东省,深圳理工大学,4144014880,广东省,深圳市,本科,
2081,广东省,肇庆医学院,4144013810,广东省,肇庆市,本科,
2082,广东省,广东轻工职业技术大学,4144010833,广东省,广州市,本科,
2083,广东省,顺德职业技术大学,4144010831,广东省,佛山市,本科,
2084,广东省,广州职业技术大学,4144012046,广东省,广州市,本科,
2085,广东省,深圳信息职业技术大学,4144012957,广东省,深圳市,本科,
2086,广东省,大湾区大学,4144014942,广东省,东莞市,本科,
2087,广东省,广东交通职业技术学院,4144010861,广东省,广州市,专科,
2088,广东省,广东水利电力职业技术学院,4144010862,广东省,广州市,专科,
2089,广东省,潮汕职业技术学院,4144010965,广东省教育厅,揭阳市,专科,民办
2090,广东省,广东南华工商职业学院,4144011114,广东省,广州市,专科,
2091,广东省,私立华联学院,4144011121,广东省教育厅,广州市,专科,民办
2092,广东省,广州民航职业技术学院,4144012040,交通运输部（中国民用航空局）,广州市,专科,
2093,广东省,广东松山职业技术学院,4144012060,广东省,韶关市,专科,
2094,广东省,广东农工商职业技术学院,4144012322,广东省,广州市,专科,
2095,广东省,广东新安职业技术学院,4144012325,广东省教育厅,深圳市,专科,民办
2096,广东省,佛山职业技术学院,4144012327,广东省,佛山市,专科,
2097,广东省,广东科学技术职业学院,4144012572,广东省,广州市,专科,
2098,广东省,广东食品药品职业学院,4144012573,广东省,广州市,专科,
2099,广东省,广州康大职业技术学院,4144012575,广东省教育厅,广州市,专科,民办
2100,广东省,珠海艺术职业学院,4144012576,广东省教育厅,珠海市,专科,民办
2101,广东省,广东行政职业学院,4144012577,广东省,广州市,专科,
2102,广东省,广东体育职业技术学院,4144012578,广东省,广州市,专科,
2103,广东省,广东职业技术学院,4144012736,广东省,佛山市,专科,
2104,广东省,广东建设职业技术学院,4144012741,广东省,广州市,专科,
2105,广东省,广东女子职业技术学院,4144012742,广东省,广州市,专科,
2106,广东省,广东机电职业技术学院,4144012743,广东省,广州市,专科,
2107,广东省,广东岭南职业技术学院,4144012749,广东省教育厅,广州市,专科,民办
2108,广东省,汕尾职业技术学院,4144012765,广东省,汕尾市,专科,
2109,广东省,罗定职业技术学院,4144012770,广东省,云浮市,专科,
2110,广东省,阳江职业技术学院,4144012771,广东省,阳江市,专科,
2111,广东省,河源职业技术学院,4144012772,广东省,河源市,专科,
2112,广东省,广东邮电职业技术学院,4144012953,广东省,广州市,专科,
2113,广东省,汕头职业技术学院,4144012954,广东省,汕头市,专科,
2114,广东省,揭阳职业技术学院,4144012956,广东省,揭阳市,专科,
2115,广东省,清远职业技术学院,4144012958,广东省,清远市,专科,
2116,广东省,广东工贸职业技术学院,4144012959,广东省,广州市,专科,
2117,广东省,广东司法警官职业学院,4144012960,广东省,广州市,专科,
2118,广东省,广东亚视演艺职业学院,4144012961,广东省教育厅,肇庆市,专科,民办
2119,广东省,广东省外语艺术职业学院,4144012962,广东省,广州市,专科,
2120,广东省,广东文艺职业学院,4144013707,广东省,广州市,专科,
2121,广东省,广州体育职业技术学院,4144013708,广东省,广州市,专科,
2122,广东省,广州工程技术职业学院,4144013709,广东省,广州市,专科,
2123,广东省,中山火炬职业技术学院,4144013710,广东省,中山市,专科,
2124,广东省,江门职业技术学院,4144013711,广东省,江门市,专科,
2125,广东省,茂名职业技术学院,4144013712,广东省,茂名市,专科,
2126,广东省,珠海城市职业技术学院,4144013713,广东省,珠海市,专科,
2127,广东省,广州涉外经济职业技术学院,4144013715,广东省教育厅,广州市,专科,民办
2128,广东省,广州南洋理工职业学院,4144013716,广东省教育厅,广州市,专科,民办
2129,广东省,惠州经济职业技术学院,4144013718,广东省教育厅,惠州市,专科,民办
2130,广东省,广州现代信息工程职业技术学院,4144013912,广东省教育厅,广州市,专科,民办
2131,广东省,广东理工职业学院,4144013919,广东省,广州市,专科,
2132,广东省,广州华南商贸职业学院,4144013927,广东省教育厅,广州市,专科,民办
2133,广东省,广州华立科技职业学院,4144013928,广东省教育厅,广州市,专科,民办
2134,广东省,广州城市职业学院,4144013929,广东省,广州市,专科,
2135,广东省,广东工程职业技术学院,4144013930,广东省,广州市,专科,
2136,广东省,广州铁路职业技术学院,4144013943,广东省,广州市,专科,
2137,广东省,广东科贸职业学院,4144014063,广东省,广州市,专科,
2138,广东省,广州科技贸易职业学院,4144014065,广东省,广州市,专科,
2139,广东省,中山职业技术学院,4144014066,广东省,中山市,专科,
2140,广东省,广州珠江职业技术学院,4144014123,广东省教育厅,广州市,专科,民办
2141,广东省,广州松田职业学院,4144014125,广东省教育厅,广州市,专科,民办
2142,广东省,广东文理职业学院,4144014126,广东省教育厅,湛江市,专科,民办
2143,广东省,广州城建职业学院,4144014136,广东省教育厅,广州市,专科,民办
2144,广东省,东莞职业技术学院,4144014263,广东省,东莞市,专科,
2145,广东省,广东南方职业学院,4144014265,广东省教育厅,江门市,专科,民办
2146,广东省,广州华商职业学院,4144014266,广东省教育厅,广州市,专科,民办
2147,广东省,广州华夏职业学院,4144014268,广东省教育厅,广州市,专科,民办
2148,广东省,广东环境保护工程职业学院,4144014311,广东省,佛山市,专科,
2149,广东省,广东青年职业学院,4144014361,广东省,广州市,专科,
2150,广东省,广州东华职业学院,4144014362,广东省教育厅,广州市,专科,民办
2151,广东省,广东创新科技职业学院,4144014363,广东省教育厅,东莞市,专科,民办
2152,广东省,广东艺术职业学院,4144014407,广东省,广州市,专科,
2153,广东省,惠州卫生职业技术学院,4144014408,广东省,惠州市,专科,
2154,广东省,广东信息工程职业学院,4144014427,广东省教育厅,肇庆市,专科,民办
2155,广东省,广东生态工程职业学院,4144014509,广东省,广州市,专科,
2156,广东省,惠州城市职业学院,4144014510,广东省,惠州市,专科,
2157,广东省,广东碧桂园职业学院,4144014511,广东省教育厅,清远市,专科,民办
2158,广东省,广东茂名健康职业学院,4144014556,广东省,茂名市,专科,
2159,广东省,广东酒店管理职业技术学院,4144014572,广东省教育厅,东莞市,专科,民办
2160,广东省,广东茂名幼儿师范专科学校,4144014587,广东省,茂名市,专科,
2161,广东省,广州卫生职业技术学院,4144014592,广东省,广州市,专科,
2162,广东省,惠州工程职业学院,4144014609,广东省,惠州市,专科,
2163,广东省,广东江门中医药职业学院,4144014610,广东省,江门市,专科,
2164,广东省,广东茂名农林科技职业学院,4144014638,广东省,茂名市,专科,
2165,广东省,广东江门幼儿师范高等专科学校,4144014664,广东省,江门市,专科,
2166,广东省,广东财贸职业学院,4144014667,广东省,清远市,专科,
2167,广东省,广州幼儿师范高等专科学校,4144014756,广东省,广州市,专科,
2168,广东省,广东汕头幼儿师范高等专科学校,4144014757,广东省,汕头市,专科,
2169,广东省,广东梅州职业技术学院,4144014758,广东省,梅州市,专科,
2170,广东省,广东潮州卫生健康职业学院,4144014759,广东省,潮州市,专科,
2171,广东省,广东云浮中医药职业学院,4144014760,广东省,云浮市,专科,
2172,广东省,广东肇庆航空职业学院,4144014761,广东省教育厅,肇庆市,专科,民办
2173,广东省,湛江幼儿师范专科学校,4244050853,广东省,湛江市,专科,
2174,广东省,珠海格力职业学院,4144014798,广东省教育厅,珠海市,专科,民办
2175,广东省,深圳城市职业学院,4144014845,广东省,深圳市,专科,
2176,广东省,广东制造职业技术学院,4144014965,广东省,广州市,专科,
2177,广西壮族自治区,广西大学,4145010593,广西壮族自治区,南宁市,本科,
2178,广西壮族自治区,广西科技大学,4145010594,广西壮族自治区,柳州市,本科,
2179,广西壮族自治区,桂林电子科技大学,4145010595,广西壮族自治区,桂林市,本科,
2180,广西壮族自治区,桂林理工大学,4145010596,广西壮族自治区,桂林市,本科,
2181,广西壮族自治区,广西医科大学,4145010598,广西壮族自治区,南宁市,本科,
2182,广西壮族自治区,右江民族医学院,4145010599,广西壮族自治区,百色市,本科,
2183,广西壮族自治区,广西中医药大学,4145010600,广西壮族自治区,南宁市,本科,
2184,广西壮族自治区,桂林医科大学,4145010601,广西壮族自治区,桂林市,本科,
2185,广西壮族自治区,广西师范大学,4145010602,广西壮族自治区,桂林市,本科,
2186,广西壮族自治区,南宁师范大学,4145010603,广西壮族自治区,南宁市,本科,
2187,广西壮族自治区,广西民族师范学院,4145010604,广西壮族自治区,崇左市,本科,
2188,广西壮族自治区,河池学院,4145010605,广西壮族自治区,河池市,本科,
2189,广西壮族自治区,玉林师范学院,4145010606,广西壮族自治区,玉林市,本科,
2190,广西壮族自治区,广西艺术学院,4145010607,广西壮族自治区,南宁市,本科,
2191,广西壮族自治区,广西民族大学,4145010608,广西壮族自治区,南宁市,本科,
2192,广西壮族自治区,百色学院,4145010609,广西壮族自治区,百色市,本科,
2193,广西壮族自治区,梧州学院,4145011354,广西壮族自治区,梧州市,本科,
2194,广西壮族自治区,广西科技师范学院,4145011546,广西壮族自治区,来宾市,本科,
2195,广西壮族自治区,广西财经学院,4145011548,广西壮族自治区,南宁市,本科,
2196,广西壮族自治区,南宁学院,4145011549,广西壮族自治区教育厅,南宁市,本科,民办
2197,广西壮族自治区,北部湾大学,4145011607,广西壮族自治区,钦州市,本科,
2198,广西壮族自治区,桂林航天工业学院,4145011825,广西壮族自治区,桂林市,本科,
2199,广西壮族自治区,桂林旅游学院,4145011837,广西壮族自治区,桂林市,本科,
2200,广西壮族自治区,贺州学院,4145011838,广西壮族自治区,贺州市,本科,
2201,广西壮族自治区,广西警察学院,4145013520,广西壮族自治区,南宁市,本科,
2202,广西壮族自治区,北海艺术设计学院,4145013524,广西壮族自治区教育厅,北海市,本科,民办
2203,广西壮族自治区,广西农业职业技术大学,4145016205,广西壮族自治区,南宁市,本科,
2204,广西壮族自治区,柳州工学院,4145013639,广西壮族自治区教育厅,柳州市,本科,民办
2205,广西壮族自治区,广西民族大学相思湖学院,4145013640,广西壮族自治区教育厅,南宁市,本科,民办
2206,广西壮族自治区,桂林学院,4145013641,广西壮族自治区教育厅,桂林市,本科,民办
2207,广西壮族自治区,南宁师范大学师园学院,4145013642,广西壮族自治区教育厅,南宁市,本科,民办
2208,广西壮族自治区,广西中医药大学赛恩斯新医药学院,4145013643,广西壮族自治区教育厅,南宁市,本科,民办
2209,广西壮族自治区,桂林信息科技学院,4145013644,广西壮族自治区教育厅,桂林市,本科,民办
2210,广西壮族自治区,南宁理工学院,4145013645,广西壮族自治区教育厅,桂林市,本科,民办
2211,广西壮族自治区,广西外国语学院,4145013830,广西壮族自治区教育厅,南宁市,本科,民办
2212,广西壮族自治区,广西工业学院,4145013890,广西壮族自治区,北海市,本科,
2213,广西壮族自治区,广西城市职业大学,4145013920,广西壮族自治区教育厅,崇左市,本科,民办
2214,广西壮族自治区,广西职业师范学院,4145014684,广西壮族自治区,南宁市,本科,
2215,广西壮族自治区,南宁职业技术大学,4145011355,广西壮族自治区,南宁市,本科,
2216,广西壮族自治区,柳州职业技术大学,4145012104,广西壮族自治区,柳州市,本科,
2217,广西壮族自治区,桂林师范学院,4145011671,广西壮族自治区,桂林市,本科,
2218,广西壮族自治区,广西职业技术大学,4145011773,广西壮族自治区,南宁市,本科,
2219,广西壮族自治区,桂林生命与健康职业技术学院,4145010035,广西壮族自治区教育厅,桂林市,专科,民办
2220,广西壮族自治区,广西机电职业技术学院,4145010867,广西壮族自治区,南宁市,专科,
2221,广西壮族自治区,广西体育高等专科学校,4145011350,广西壮族自治区,南宁市,专科,
2222,广西壮族自治区,广西水利电力职业技术学院,4145011608,广西壮族自治区,南宁市,专科,
2223,广西壮族自治区,广西生态工程职业技术学院,4145012344,广西壮族自治区,柳州市,专科,
2224,广西壮族自治区,广西交通职业技术学院,4145012356,广西壮族自治区,南宁市,专科,
2225,广西壮族自治区,广西工业职业技术学院,4145012364,广西壮族自治区,南宁市,专科,
2226,广西壮族自治区,广西国际商务职业技术学院,4145012379,广西壮族自治区,南宁市,专科,
2227,广西壮族自治区,柳州铁道职业技术学院,4145012392,广西壮族自治区,柳州市,专科,
2228,广西壮族自治区,广西建设职业技术学院,4145013138,广西壮族自治区,南宁市,专科,
2229,广西壮族自治区,广西现代职业技术学院,4145013522,广西壮族自治区,河池市,专科,
2230,广西壮族自治区,北海职业学院,4145013523,广西壮族自治区,北海市,专科,
2231,广西壮族自治区,桂林山水职业学院,4145013526,广西壮族自治区教育厅,桂林市,专科,民办
2232,广西壮族自治区,广西经贸职业技术学院,4145013827,广西壮族自治区,南宁市,专科,
2233,广西壮族自治区,广西工商职业技术学院,4145013828,广西壮族自治区,南宁市,专科,
2234,广西壮族自治区,广西演艺职业学院,4145013829,广西壮族自治区教育厅,南宁市,专科,民办
2235,广西壮族自治区,广西电力职业技术学院,4145013831,广西壮族自治区,南宁市,专科,
2236,广西壮族自治区,广西英华国际职业学院,4145014026,广西壮族自治区教育厅,钦州市,专科,民办
2237,广西壮族自治区,柳州城市职业学院,4145014067,广西壮族自治区,柳州市,专科,
2238,广西壮族自治区,百色职业学院,4145014068,广西壮族自治区,百色市,专科,
2239,广西壮族自治区,广西工程职业学院,4145014127,广西壮族自治区教育厅,百色市,专科,民办
2240,广西壮族自治区,广西理工职业技术学院,4145014170,广西壮族自治区教育厅,崇左市,专科,民办
2241,广西壮族自治区,梧州职业学院,4145014171,广西壮族自治区,梧州市,专科,
2242,广西壮族自治区,广西经济职业学院,4145014211,广西壮族自治区教育厅,南宁市,专科,民办
2243,广西壮族自治区,广西幼儿师范高等专科学校,4145014220,广西壮族自治区,南宁市,专科,
2244,广西壮族自治区,广西科技职业学院,4145014312,广西壮族自治区教育厅,崇左市,专科,民办
2245,广西壮族自治区,广西卫生职业技术学院,4145014313,广西壮族自治区,南宁市,专科,
2246,广西壮族自治区,广西培贤国际职业学院,4145014481,广西壮族自治区教育厅,百色市,专科,民办
2247,广西壮族自治区,广西金融职业技术学院,4145014512,广西壮族自治区,南宁市,专科,
2248,广西壮族自治区,广西中远职业学院,4145014546,广西壮族自治区教育厅,崇左市,专科,民办
2249,广西壮族自治区,玉柴职业技术学院,4145014573,广西壮族自治区教育厅,玉林市,专科,民办
2250,广西壮族自治区,广西蓝天航空职业学院,4145014574,广西壮族自治区教育厅,来宾市,专科,民办
2251,广西壮族自治区,广西安全工程职业技术学院,4145014611,广西壮族自治区,南宁市,专科,
2252,广西壮族自治区,广西自然资源职业技术学院,4145014668,广西壮族自治区,崇左市,专科,
2253,广西壮族自治区,钦州幼儿师范高等专科学校,4145014693,广西壮族自治区,钦州市,专科,
2254,广西壮族自治区,梧州医学高等专科学校,4145014694,广西壮族自治区教育厅,梧州市,专科,民办
2255,广西壮族自治区,广西制造工程职业技术学院,4145014722,广西壮族自治区,南宁市,专科,
2256,广西壮族自治区,广西物流职业技术学院,4145014723,广西壮族自治区,贵港市,专科,
2257,广西壮族自治区,防城港职业技术学院,4145014762,广西壮族自治区,防城港市,专科,
2258,广西壮族自治区,广西信息职业技术学院,4145014763,广西壮族自治区,南宁市,专科,
2259,广西壮族自治区,广西农业工程职业技术学院,4145014764,广西壮族自治区,崇左市,专科,
2260,广西壮族自治区,北海康养职业学院,4145014765,广西壮族自治区教育厅,北海市,专科,民办
2261,广西壮族自治区,崇左幼儿师范高等专科学校,4245051675,广西壮族自治区,崇左市,专科,
2262,广西壮族自治区,广西质量工程职业技术学院,4145014821,广西壮族自治区,南宁市,专科,
2263,广西壮族自治区,桂林信息工程职业学院,4145014822,广西壮族自治区教育厅,桂林市,专科,民办
2264,广西壮族自治区,玉林职业技术学院,4145014868,广西壮族自治区,玉林市,专科,
2265,广西壮族自治区,广西智能制造职业技术学院,4145014869,广西壮族自治区,柳州市,专科,
2266,广西壮族自治区,贺州职业技术学院,4145014966,广西壮族自治区,贺州市,专科,
2267,广西壮族自治区,北海海运职业学院,4145014967,广西壮族自治区教育厅,北海市,专科,民办
2268,广西壮族自治区,防城港现代食药品职业学院,4145014968,广西壮族自治区教育厅,防城港市,专科,民办
2269,广西壮族自治区,贵港应用技术职业学院,4145014969,广西壮族自治区教育厅,贵港市,专科,民办
2270,海南省,海南大学,4146010589,海南省,海口市,本科,
2271,海南省,海南热带海洋学院,4146011100,海南省,三亚市,本科,
2272,海南省,海南师范大学,4146011658,海南省,海口市,本科,
2273,海南省,海南医科大学,4146011810,海南省,海口市,本科,
2274,海南省,海口经济学院,4146012308,海南省教育厅,海口市,本科,民办
2275,海南省,琼台师范学院,4146013811,海南省,海口市,本科,
2276,海南省,三亚学院,4146013892,海南省教育厅,三亚市,本科,民办
2277,海南省,海南科技职业大学,4146014172,海南省教育厅,海口市,本科,民办
2278,海南省,海南比勒费尔德应用科学大学,4146014829,海南省教育厅,儋州市,本科,境外高等教育机构在海南自由贸易港设立的实施理工农医类学科专业教育的学校
2279,海南省,海南警察学院,4146014944,海南省,海口市,本科,
2280,海南省,海南洛桑旅游大学,4146014948,海南省教育厅,三亚市,本科,境外高等教育机构在海南自由贸易港设立的实施理工农医类学科专业教育的学校
2281,海南省,海南经贸职业大学,4146013875,海南省,海口市,本科,
2282,海南省,海南职业技术学院,4146011999,海南省,海口市,专科,
2283,海南省,三亚城市职业学院,4146012717,海南省教育厅,三亚市,专科,民办
2284,海南省,海南软件职业技术学院,4146013575,海南省,琼海市,专科,
2285,海南省,海南政法职业学院,4146013576,海南省,海口市,专科,
2286,海南省,海南外国语职业学院,4146013577,海南省,文昌市,专科,
2287,海南省,海南工商职业学院,4146013876,海南省教育厅,海口市,专科,民办
2288,海南省,三亚航空旅游职业学院,4146013931,海南省教育厅,三亚市,专科,民办
2289,海南省,三亚理工职业学院,4146014236,海南省教育厅,三亚市,专科,民办
2290,海南省,海南体育职业技术学院,4146014575,海南省,海口市,专科,
2291,海南省,三亚中瑞酒店管理职业学院,4146014612,海南省教育厅,三亚市,专科,民办
2292,海南省,海南健康管理职业技术学院,4146014639,海南省教育厅,澄迈县,专科,民办
2293,海南省,海南卫生健康职业学院,4146014724,海南省,海口市,专科,
2294,海南省,海南东方新丝路职业学院,4146014846,海南省教育厅,东方市,专科,民办
2295,海南省,海口旅游职业学院,4146014890,海南省,海口市,专科,
2296,海南省,海南艺术职业学院,4146014891,海南省,海口市,专科,
2297,海南省,三亚护理职业学院,4146014893,海南省教育厅,三亚市,专科,民办
2298,海南省,海南万宁食品药品职业学院,4146014970,海南省教育厅,万宁市,专科,民办
2299,重庆市,重庆大学,4150010611,教育部,重庆市,本科,
2300,重庆市,重庆邮电大学,4150010617,重庆市,重庆市,本科,
2301,重庆市,重庆交通大学,4150010618,重庆市,重庆市,本科,
2302,重庆市,重庆医科大学,4150010631,重庆市,重庆市,本科,
2303,重庆市,西南大学,4150010635,教育部,重庆市,本科,
2304,重庆市,重庆师范大学,4150010637,重庆市,重庆市,本科,
2305,重庆市,重庆文理学院,4150010642,重庆市,重庆市,本科,
2306,重庆市,重庆三峡科技大学,4150010643,重庆市,重庆市,本科,
2307,重庆市,长江师范学院,4150010647,重庆市,重庆市,本科,
2308,重庆市,四川外国语大学,4150010650,重庆市,重庆市,本科,
2309,重庆市,西南政法大学,4150010652,重庆市,重庆市,本科,
2310,重庆市,四川美术学院,4150010655,重庆市,重庆市,本科,
2311,重庆市,重庆科技大学,4150011551,重庆市,重庆市,本科,
2312,重庆市,重庆理工大学,4150011660,重庆市,重庆市,本科,
2313,重庆市,重庆工商大学,4150011799,重庆市,重庆市,本科,
2314,重庆市,重庆机电职业技术大学,4150012607,重庆市教委,重庆市,本科,民办
2315,重庆市,重庆工程学院,4150012608,重庆市教委,重庆市,本科,民办
2316,重庆市,重庆城市科技学院,4150012616,重庆市教委,重庆市,本科,民办
2317,重庆市,重庆警察学院,4150012757,重庆市,重庆市,本科,
2318,重庆市,重庆人文科技学院,4150013548,重庆市教委,重庆市,本科,民办
2319,重庆市,重庆外语外事学院,4150013588,重庆市教委,重庆市,本科,民办
2320,重庆市,重庆对外经贸学院,4150013589,重庆市教委,重庆市,本科,民办
2321,重庆市,重庆财经学院,4150013590,重庆市教委,重庆市,本科,民办
2322,重庆市,重庆工商大学派斯学院,4150013591,重庆市教委,重庆市,本科,民办
2323,重庆市,重庆移通学院,4150013627,重庆市教委,重庆市,本科,民办
2324,重庆市,重庆第二师范学院,4150014388,重庆市,重庆市,本科,
2325,重庆市,重庆中医药学院,4150014830,重庆市,重庆市,本科,
2326,重庆市,重庆电子科技职业大学,4150012609,重庆市,重庆市,本科,
2327,重庆市,重庆工业职业技术大学,4150012215,重庆市,重庆市,本科,
2328,重庆市,重庆工程职业技术大学,4150012759,重庆市,重庆市,本科,
2329,重庆市,重庆城市管理职业大学,4150012758,重庆市,重庆市,本科,
2330,重庆市,重庆航天职业技术学院,4150010870,重庆市,重庆市,专科,
2331,重庆市,重庆电力高等专科学校,4150011848,重庆市,重庆市,专科,
2332,重庆市,重庆三峡职业学院,4150012605,重庆市,重庆市,专科,
2333,重庆市,重庆工贸职业技术学院,4150012606,重庆市,重庆市,专科,
2334,重庆市,重庆海联职业技术学院,4150012754,重庆市教委,重庆市,专科,民办
2335,重庆市,重庆信息技术职业学院,4150012755,重庆市教委,重庆市,专科,民办
2336,重庆市,重庆传媒职业学院,4150012756,重庆市教委,重庆市,专科,民办
2337,重庆市,重庆建筑科技职业学院,4150012820,重庆市教委,重庆市,专科,民办
2338,重庆市,重庆城市职业学院,4150013734,重庆市,重庆市,专科,
2339,重庆市,重庆水利电力职业技术学院,4150013735,重庆市,重庆市,专科,
2340,重庆市,重庆工商职业学院,4150013967,重庆市,重庆市,专科,
2341,重庆市,重庆应用技术职业学院,4150013968,重庆市教委,重庆市,专科,民办
2342,重庆市,重庆三峡医药高等专科学校,4150014008,重庆市,重庆市,专科,
2343,重庆市,重庆医药高等专科学校,4150014009,重庆市,重庆市,专科,
2344,重庆市,重庆青年职业技术学院,4150014069,重庆市,重庆市,专科,
2345,重庆市,重庆财经职业学院,4150014128,重庆市,重庆市,专科,
2346,重庆市,重庆科创职业学院,4150014173,重庆市教委,重庆市,专科,民办
2347,重庆市,重庆建筑工程职业学院,4150014183,重庆市,重庆市,专科,
2348,重庆市,重庆电讯职业学院,4150014237,重庆市教委,重庆市,专科,民办
2349,重庆市,重庆能源职业学院,4150014238,重庆市教委,重庆市,专科,民办
2350,重庆市,重庆商务职业学院,4150014246,重庆市,重庆市,专科,
2351,重庆市,重庆交通职业学院,4150014267,重庆市教委,重庆市,专科,民办
2352,重庆市,重庆化工职业学院,4150014315,重庆市,重庆市,专科,
2353,重庆市,重庆旅游职业学院,4150014316,重庆市,重庆市,专科,
2354,重庆市,重庆安全技术职业学院,4150014365,重庆市,重庆市,专科,
2355,重庆市,重庆公共运输职业学院,4150014366,重庆市教委,重庆市,专科,民办
2356,重庆市,重庆艺术工程职业学院,4150014367,重庆市教委,重庆市,专科,民办
2357,重庆市,重庆轻工职业学院,4150014368,重庆市教委,重庆市,专科,民办
2358,重庆市,重庆电信职业学院,4150014369,重庆市教委,重庆市,专科,民办
2359,重庆市,重庆经贸职业学院,4150014370,重庆市教委,重庆市,专科,民办
2360,重庆市,重庆幼儿师范高等专科学校,4150014428,重庆市,重庆市,专科,
2361,重庆市,重庆文化艺术职业学院,4150014482,重庆市,重庆市,专科,
2362,重庆市,重庆科技职业学院,4150014491,重庆市教委,重庆市,专科,民办
2363,重庆市,重庆资源与环境保护职业学院,4150014557,重庆市教委,重庆市,专科,民办
2364,重庆市,重庆护理职业学院,4150014576,重庆市教委,重庆市,专科,民办
2365,重庆市,重庆理工职业学院,4150014725,重庆市教委,重庆市,专科,民办
2366,重庆市,重庆智能工程职业学院,4150014726,重庆市教委,重庆市,专科,民办
2367,重庆市,重庆健康职业学院,4150014727,重庆市教委,重庆市,专科,民办
2368,重庆市,重庆工信职业学院,4150014766,重庆市,重庆市,专科,
2369,重庆市,重庆五一职业技术学院,4150014776,重庆市,重庆市,专科,
2370,重庆市,重庆数字产业职业技术学院,4150014838,重庆市教委,重庆市,专科,民办
2371,重庆市,重庆现代制造职业学院,4150014870,重庆市教委,重庆市,专科,民办
2372,重庆市,重庆农业职业学院,4150014935,重庆市,重庆市,专科,
2373,重庆市,重庆安防职业学院,4150014936,重庆市教委,重庆市,专科,民办
2374,重庆市,重庆城乡发展职业学院,4150014971,重庆市,重庆市,专科,
2375,重庆市,重庆中药职业学院,4150014972,重庆市教委,重庆市,专科,民办
2376,四川省,四川大学,4151010610,教育部,成都市,本科,
2377,四川省,西南交通大学,4151010613,教育部,成都市,本科,
2378,四川省,电子科技大学,4151010614,教育部,成都市,本科,
2379,四川省,西南石油大学,4151010615,四川省,成都市,本科,
2380,四川省,成都理工大学,4151010616,四川省,成都市,本科,
2381,四川省,西南科技大学,4151010619,四川省,绵阳市,本科,
2382,四川省,成都信息工程大学,4151010621,四川省,成都市,本科,
2383,四川省,四川轻化工大学,4151010622,四川省,自贡市,本科,
2384,四川省,西华大学,4151010623,四川省,成都市,本科,
2385,四川省,中国民用航空飞行学院,4151010624,交通运输部（中国民用航空局）,德阳市,本科,
2386,四川省,四川农业大学,4151010626,四川省,雅安市,本科,
2387,四川省,西昌学院,4151010628,四川省,凉山彝族自治州,本科,
2388,四川省,西南医科大学,4151010632,四川省,泸州市,本科,
2389,四川省,成都中医药大学,4151010633,四川省,成都市,本科,
2390,四川省,川北医学院,4151010634,四川省,南充市,本科,
2391,四川省,四川师范大学,4151010636,四川省,成都市,本科,
2392,四川省,西华师范大学,4151010638,四川省,南充市,本科,
2393,四川省,绵阳师范学院,4151010639,四川省,绵阳市,本科,
2394,四川省,内江师范学院,4151010640,四川省,内江市,本科,
2395,四川省,宜宾学院,4151010641,四川省,宜宾市,本科,
2396,四川省,四川文理学院,4151010644,四川省,达州市,本科,
2397,四川省,阿坝师范学院,4151010646,四川省,阿坝藏族羌族自治州,本科,
2398,四川省,乐山师范学院,4151010649,四川省,乐山市,本科,
2399,四川省,西南财经大学,4151010651,教育部,成都市,本科,
2400,四川省,成都体育学院,4151010653,四川省,成都市,本科,
2401,四川省,四川音乐学院,4151010654,四川省,成都市,本科,
2402,四川省,西南民族大学,4151010656,国家民委,成都市,本科,
2403,四川省,成都大学,4151011079,四川省,成都市,本科,
2404,四川省,成都工业学院,4151011116,四川省,成都市,本科,
2405,四川省,攀枝花学院,4151011360,四川省,攀枝花市,本科,
2406,四川省,四川旅游学院,4151011552,四川省,成都市,本科,
2407,四川省,四川民族学院,4151011661,四川省,甘孜藏族自治州,本科,
2408,四川省,四川警察学院,4151012212,四川省,泸州市,本科,
2409,四川省,成都东软学院,4151012636,四川省教育厅,成都市,本科,民办
2410,四川省,成都艺术职业大学,4151012969,四川省教育厅,成都市,本科,民办
2411,四川省,电子科技大学成都学院,4151013665,四川省教育厅,成都市,本科,民办
2412,四川省,成都理工大学工程技术学院,4151013668,四川省教育厅,乐山市,本科,民办
2413,四川省,四川传媒学院,4151013669,四川省教育厅,成都市,本科,民办
2414,四川省,成都银杏酒店管理学院,4151013670,四川省教育厅,成都市,本科,民办
2415,四川省,成都文理学院,4151013671,四川省教育厅,成都市,本科,民办
2416,四川省,四川工商学院,4151013672,四川省教育厅,成都市,本科,民办
2417,四川省,成都外国语学院,4151013673,四川省教育厅,成都市,本科,民办
2418,四川省,成都医学院,4151013705,四川省,成都市,本科,
2419,四川省,四川工业科技学院,4151013816,四川省教育厅,德阳市,本科,民办
2420,四川省,成都锦城学院,4151013903,四川省教育厅,成都市,本科,民办
2421,四川省,西南财经大学天府学院,4151014037,四川省教育厅,绵阳市,本科,民办
2422,四川省,四川大学锦江学院,4151014039,四川省教育厅,眉山市,本科,民办
2423,四川省,四川文化艺术学院,4151014043,四川省教育厅,绵阳市,本科,民办
2424,四川省,绵阳城市学院,4151014045,四川省教育厅,绵阳市,本科,民办
2425,四川省,西南交通大学希望学院,4151014262,四川省教育厅,南充市,本科,民办
2426,四川省,成都师范学院,4151014389,四川省,成都市,本科,
2427,四川省,四川电影电视学院,4151014410,四川省教育厅,成都市,本科,民办
2428,四川省,吉利学院,4111012802,四川省教育厅,成都市,本科,民办
2429,四川省,四川工程职业技术大学,4151012763,四川省,德阳市,本科,
2430,四川省,成都航空职业技术大学,4151012064,四川省,成都市,本科,
2431,四川省,成都轻工职业技术大学,4151011553,四川省,成都市,本科,
2432,四川省,四川建筑职业技术大学,4151012764,四川省,德阳市,本科,
2433,四川省,广安理工学院,4151014984,四川省,广安市,本科,
2434,四川省,成都美术学院,4151014985,四川省,资阳市,本科,
2435,四川省,四川交通职业技术大学,4151012761,四川省,成都市,本科,
2436,四川省,民办四川天一学院,4151011841,四川省教育厅,德阳市,专科,民办
2437,四川省,四川电力职业技术学院,4151012065,四川省,成都市,专科,
2438,四川省,成都职业技术学院,4151012635,四川省,成都市,专科,
2439,四川省,四川化工职业技术学院,4151012637,四川省,泸州市,专科,
2440,四川省,四川水利职业技术学院,4151012638,四川省,成都市,专科,
2441,四川省,南充职业技术学院,4151012639,四川省,南充市,专科,
2442,四川省,内江职业技术学院,4151012640,四川省,内江市,专科,
2443,四川省,四川航天职业技术学院,4151012641,四川省,成都市,专科,
2444,四川省,四川邮电职业技术学院,4151012642,四川省,成都市,专科,
2445,四川省,四川机电职业技术学院,4151012751,四川省,攀枝花市,专科,
2446,四川省,绵阳职业技术学院,4151012753,四川省,绵阳市,专科,
2447,四川省,四川工商职业技术学院,4151012762,四川省,成都市,专科,
2448,四川省,达州职业技术学院,4151012767,四川省,达州市,专科,
2449,四川省,四川托普信息技术职业学院,4151012963,四川省教育厅,成都市,专科,民办
2450,四川省,四川国际标榜职业学院,4151012964,四川省教育厅,成都市,专科,民办
2451,四川省,成都农业科技职业学院,4151012965,四川省,成都市,专科,
2452,四川省,宜宾职业技术学院,4151012966,四川省,宜宾市,专科,
2453,四川省,泸州职业技术学院,4151012967,四川省,泸州市,专科,
2454,四川省,眉山职业技术学院,4151012968,四川省,眉山市,专科,
2455,四川省,四川职业技术学院,4151012970,四川省,遂宁市,专科,
2456,四川省,乐山职业技术学院,4151013048,四川省,乐山市,专科,
2457,四川省,雅安职业技术学院,4151013049,四川省,雅安市,专科,
2458,四川省,四川商务职业学院,4151013812,四川省,成都市,专科,
2459,四川省,四川司法警官职业学院,4151013813,四川省,德阳市,专科,
2460,四川省,广安职业技术学院,4151013814,四川省,广安市,专科,
2461,四川省,四川信息职业技术学院,4151013815,四川省,广元市,专科,
2462,四川省,四川文化传媒职业学院,4151014004,四川省教育厅,成都市,专科,民办
2463,四川省,四川华新现代职业学院,4151014005,四川省,成都市,专科,
2464,四川省,四川铁道职业学院,4151014006,四川省,成都市,专科,
2465,四川省,四川艺术职业学院,4151014007,四川省,成都市,专科,
2466,四川省,四川中医药高等专科学校,4151014010,四川省,绵阳市,专科,
2467,四川省,四川科技职业学院,4151014070,四川省教育厅,成都市,专科,民办
2468,四川省,四川文化产业职业学院,4151014086,四川省,成都市,专科,
2469,四川省,四川财经职业学院,4151014091,四川省,成都市,专科,
2470,四川省,四川城市职业学院,4151014175,四川省教育厅,成都市,专科,民办
2471,四川省,四川现代职业学院,4151014176,四川省教育厅,成都市,专科,民办
2472,四川省,四川幼儿师范高等专科学校,4151014221,四川省,绵阳市,专科,
2473,四川省,四川长江职业学院,4151014323,四川省教育厅,成都市,专科,民办
2474,四川省,四川三河职业学院,4151014386,四川省教育厅,泸州市,专科,民办
2475,四川省,川北幼儿师范高等专科学校,4151014393,四川省,广元市,专科,
2476,四川省,四川卫生康复职业学院,4151014409,四川省,自贡市,专科,
2477,四川省,四川汽车职业技术学院,4151014411,四川省教育厅,绵阳市,专科,民办
2478,四川省,巴中职业技术学院,4151014483,四川省教育厅,巴中市,专科,民办
2479,四川省,四川希望汽车职业学院,4151014484,四川省教育厅,资阳市,专科,民办
2480,四川省,四川电子机械职业技术学院,4151014485,四川省教育厅,绵阳市,专科,民办
2481,四川省,四川文轩职业学院,4151014486,四川省教育厅,成都市,专科,民办
2482,四川省,川南幼儿师范高等专科学校,4151014496,四川省,内江市,专科,
2483,四川省,四川护理职业学院,4151014513,四川省,德阳市,专科,
2484,四川省,成都工业职业技术学院,4151014514,四川省,成都市,专科,
2485,四川省,四川西南航空职业学院,4151014515,四川省教育厅,成都市,专科,民办
2486,四川省,成都工贸职业技术学院,4151014547,四川省,成都市,专科,
2487,四川省,四川应用技术职业学院,4151014548,四川省教育厅,凉山彝族自治州,专科,民办
2488,四川省,西昌民族幼儿师范高等专科学校,4151014629,四川省,凉山彝族自治州,专科,
2489,四川省,眉山药科职业学院,4151014640,四川省教育厅,眉山市,专科,民办
2490,四川省,天府新区信息职业学院,4151014641,四川省教育厅,眉山市,专科,民办
2491,四川省,德阳城市轨道交通职业学院,4151014642,四川省教育厅,德阳市,专科,民办
2492,四川省,德阳科贸职业学院,4151014643,四川省教育厅,德阳市,专科,民办
2493,四川省,江阳城建职业学院,4151014644,四川省教育厅,泸州市,专科,民办
2494,四川省,天府新区航空旅游职业学院,4151014645,四川省教育厅,眉山市,专科,民办
2495,四川省,天府新区通用航空职业学院,4151014646,四川省教育厅,眉山市,专科,民办
2496,四川省,阿坝职业学院,4151014647,四川省,阿坝藏族羌族自治州,专科,
2497,四川省,达州中医药职业学院,4151014669,四川省,达州市,专科,
2498,四川省,内江卫生与健康职业学院,4151014670,四川省,内江市,专科,
2499,四川省,南充科技职业学院,4151014671,四川省教育厅,南充市,专科,民办
2500,四川省,攀枝花攀西职业学院,4151014672,四川省教育厅,攀枝花市,专科,民办
2501,四川省,资阳口腔职业学院,4151014673,四川省教育厅,资阳市,专科,民办
2502,四川省,资阳环境科技职业学院,4151014674,四川省教育厅,资阳市,专科,民办
2503,四川省,南充文化旅游职业学院,4151014728,四川省,南充市,专科,
2504,四川省,南充电影工业职业学院,4151014729,四川省教育厅,南充市,专科,民办
2505,四川省,绵阳飞行职业学院,4151014730,四川省教育厅,绵阳市,专科,民办
2506,四川省,德阳农业科技职业学院,4151014731,四川省教育厅,德阳市,专科,民办
2507,四川省,泸州医疗器械职业学院,4151014732,四川省教育厅,泸州市,专科,民办
2508,四川省,甘孜职业学院,4151014767,四川省,甘孜藏族自治州,专科,
2509,四川省,自贡职业技术学院,4151014768,四川省教育厅,自贡市,专科,民办
2510,四川省,广元中核职业技术学院,4251050881,四川省教育厅,广元市,专科,民办
2511,四川省,四川体育职业学院,4251051351,四川省,成都市,专科,
2512,四川省,遂宁能源职业学院,4151014834,四川省教育厅,遂宁市,专科,民办
2513,四川省,遂宁工程职业学院,4151014835,四川省教育厅,遂宁市,专科,民办
2514,四川省,遂宁职业学院,4151014836,四川省教育厅,遂宁市,专科,民办
2515,四川省,西昌医学高等专科学校,4151014871,四川省,凉山彝族自治州,专科,
2516,四川省,成都轨道交通职业学院,4151014872,四川省教育厅,成都市,专科,民办
2517,四川省,宜宾工业职业技术学院,4151014937,四川省,宜宾市,专科,
2518,四川省,宜宾医药健康职业学院,4151014938,四川省,宜宾市,专科,
2519,四川省,四川中医药职业学院,4151014973,四川省,成都市,专科,
2520,四川省,四川质量工程职业技术学院,4151014974,四川省,乐山市,专科,
2521,四川省,南充卫生职业学院,4151014975,四川省,南充市,专科,
2522,贵州省,贵州大学,4152010657,贵州省,贵阳市,本科,
2523,贵州省,贵州医科大学,4152010660,贵州省,贵阳市,本科,
2524,贵州省,遵义医科大学,4152010661,贵州省,遵义市,本科,
2525,贵州省,贵州中医药大学,4152010662,贵州省,贵阳市,本科,
2526,贵州省,贵州师范大学,4152010663,贵州省,贵阳市,本科,
2527,贵州省,遵义师范学院,4152010664,贵州省,遵义市,本科,
2528,贵州省,铜仁学院,4152010665,贵州省,铜仁市,本科,
2529,贵州省,兴义民族师范学院,4152010666,贵州省,黔西南布依族苗族自治州,本科,
2530,贵州省,安顺学院,4152010667,贵州省,安顺市,本科,
2531,贵州省,贵州工程应用技术学院,4152010668,贵州省,毕节市,本科,
2532,贵州省,凯里学院,4152010669,贵州省,黔东南苗族侗族自治州,本科,
2533,贵州省,黔南民族师范学院,4152010670,贵州省,黔南布依族苗族自治州,本科,
2534,贵州省,贵州财经大学,4152010671,贵州省,贵阳市,本科,
2535,贵州省,贵州民族大学,4152010672,贵州省,贵阳市,本科,
2536,贵州省,贵阳学院,4152010976,贵州省,贵阳市,本科,
2537,贵州省,六盘水师范学院,4152010977,贵州省,六盘水市,本科,
2538,贵州省,贵州商学院,4152011731,贵州省,贵阳市,本科,
2539,贵州省,贵州警察学院,4152012107,贵州省,贵阳市,本科,
2540,贵州省,贵州中医药大学时珍学院,4152013647,贵州省教育厅,贵阳市,本科,民办
2541,贵州省,贵州黔南经济学院,4152013648,贵州省教育厅,黔南布依族苗族自治州,本科,民办
2542,贵州省,贵州黔南科技学院,4152013649,贵州省教育厅,黔南布依族苗族自治州,本科,民办
2543,贵州省,贵阳信息科技学院,4152013650,贵州省教育厅,贵阳市,本科,民办
2544,贵州省,贵阳人文科技学院,4152013651,贵州省教育厅,贵阳市,本科,民办
2545,贵州省,贵阳康养职业大学,4152016206,贵州省,贵阳市,本科,
2546,贵州省,遵义医科大学医学与科技学院,4152013653,贵州省教育厅,遵义市,本科,民办
2547,贵州省,贵州医科大学神奇民族医药学院,4152013676,贵州省教育厅,贵阳市,本科,民办
2548,贵州省,贵州师范学院,4152014223,贵州省,贵阳市,本科,
2549,贵州省,贵州理工学院,4152014440,贵州省,贵阳市,本科,
2550,贵州省,茅台学院,4152014625,贵州省教育厅,遵义市,本科,民办
2551,贵州省,贵州交通职业大学,4152012222,贵州省,贵阳市,本科,
2552,贵州省,铜仁职业技术大学,4152013055,贵州省,铜仁市,本科,
2553,贵州省,贵州轻工职业大学,4152013818,贵州省,贵阳市,本科,
2554,贵州省,贵州工商职业大学,4152014412,贵州省教育厅,贵阳市,本科,民办
2555,贵州省,贵州工业职业技术大学,4152013052,贵州省,贵阳市,本科,
2556,贵州省,黔南民族医学高等专科学校,4152011663,贵州省,黔南布依族苗族自治州,专科,
2557,贵州省,贵州航天职业技术学院,4152012223,贵州省,遵义市,专科,
2558,贵州省,贵州电子信息职业技术学院,4152012336,贵州省,黔东南苗族侗族自治州,专科,
2559,贵州省,安顺职业技术学院,4152012821,贵州省,安顺市,专科,
2560,贵州省,黔东南民族职业技术学院,4152012822,贵州省,黔东南苗族侗族自治州,专科,
2561,贵州省,黔南民族职业技术学院,4152012823,贵州省,黔南布依族苗族自治州,专科,
2562,贵州省,遵义职业技术学院,4152012824,贵州省,遵义市,专科,
2563,贵州省,贵州城市职业学院,4152012850,贵州省教育厅,贵阳市,专科,民办
2564,贵州省,贵州电力职业技术学院,4152013053,贵州省,贵阳市,专科,
2565,贵州省,六盘水职业技术学院,4152013054,贵州省,六盘水市,专科,
2566,贵州省,黔西南民族职业技术学院,4152013817,贵州省,黔西南布依族苗族自治州,专科,
2567,贵州省,遵义医药高等专科学校,4152014011,贵州省,遵义市,专科,
2568,贵州省,贵阳职业技术学院,4152014129,贵州省,贵阳市,专科,
2569,贵州省,毕节职业技术学院,4152014198,贵州省,毕节市,专科,
2570,贵州省,贵州职业技术学院,4152014252,贵州省,贵阳市,专科,
2571,贵州省,贵州盛华职业学院,4152014371,贵州省教育厅,黔南布依族苗族自治州,专科,民办
2572,贵州省,贵阳幼儿师范高等专科学校,4152014469,贵州省,贵阳市,专科,
2573,贵州省,铜仁幼儿师范高等专科学校,4152014470,贵州省,铜仁市,专科,
2574,贵州省,黔南民族幼儿师范高等专科学校,4152014497,贵州省,黔南布依族苗族自治州,专科,
2575,贵州省,毕节医学高等专科学校,4152014499,贵州省,毕节市,专科,
2576,贵州省,贵州建设职业技术学院,4152014516,贵州省,贵阳市,专科,
2577,贵州省,毕节幼儿师范高等专科学校,4152014538,贵州省,毕节市,专科,
2578,贵州省,贵州农业职业学院,4152014549,贵州省,贵阳市,专科,
2579,贵州省,贵州工程职业学院,4152014558,贵州省教育厅,铜仁市,专科,民办
2580,贵州省,贵州工贸职业学院,4152014559,贵州省教育厅,毕节市,专科,民办
2581,贵州省,贵州水利水电职业技术学院,4152014577,贵州省,贵阳市,专科,
2582,贵州省,贵州电子商务职业技术学院,4152014578,贵州省,贵阳市,专科,
2583,贵州省,贵州应用技术职业学院,4152014579,贵州省教育厅,黔南布依族苗族自治州,专科,民办
2584,贵州省,贵州电子科技职业学院,4152014580,贵州省,贵阳市,专科,
2585,贵州省,贵州装备制造职业学院,4152014613,贵州省,贵阳市,专科,
2586,贵州省,贵州健康职业学院,4152014614,贵州省,铜仁市,专科,
2587,贵州省,贵州食品工程职业学院,4152014615,贵州省,贵阳市,专科,
2588,贵州省,贵州经贸职业技术学院,4152014616,贵州省,黔南布依族苗族自治州,专科,
2589,贵州省,贵州护理职业技术学院,4152014617,贵州省,黔南布依族苗族自治州,专科,
2590,贵州省,六盘水幼儿师范高等专科学校,4152014630,贵州省,六盘水市,专科,
2591,贵州省,毕节工业职业技术学院,4152014648,贵州省,毕节市,专科,
2592,贵州省,贵州机电职业技术学院,4152014733,贵州省,黔南布依族苗族自治州,专科,
2593,贵州省,贵州财经职业学院,4152014734,贵州省,贵阳市,专科,
2594,贵州省,贵州民用航空职业学院,4152014735,贵州省教育厅,安顺市,专科,民办
2595,贵州省,贵州文化旅游职业学院,4152014769,贵州省,贵阳市,专科,
2596,贵州省,贵州航空职业技术学院,4252050963,贵州省,贵阳市,专科,
2597,贵州省,贵州体育职业学院,4152014799,贵州省,贵阳市,专科,
2598,贵州省,贵州铜仁数据职业学院,4152014800,贵州省教育厅,铜仁市,专科,民办
2599,贵州省,贵州传媒职业学院,4152014848,贵州省,贵阳市,专科,
2600,贵州省,贵州生态能源职业学院,4152014849,贵州省,贵阳市,专科,
2601,贵州省,黔东南理工职业学院,4152014850,贵州省,黔东南苗族侗族自治州,专科,
2602,云南省,云南大学,4153010673,云南省,昆明市,本科,
2603,云南省,昆明理工大学,4153010674,云南省,昆明市,本科,
2604,云南省,云南农业大学,4153010676,云南省,昆明市,本科,
2605,云南省,西南林业大学,4153010677,云南省,昆明市,本科,
2606,云南省,昆明医科大学,4153010678,云南省,昆明市,本科,
2607,云南省,大理大学,4153010679,云南省,大理白族自治州,本科,
2608,云南省,云南中医药大学,4153010680,云南省,昆明市,本科,
2609,云南省,云南师范大学,4153010681,云南省,昆明市,本科,
2610,云南省,昭通学院,4153010683,云南省,昭通市,本科,
2611,云南省,曲靖师范学院,4153010684,云南省,曲靖市,本科,
2612,云南省,普洱学院,4153010685,云南省,普洱市,本科,
2613,云南省,保山学院,4153010686,云南省,保山市,本科,
2614,云南省,红河学院,4153010687,云南省,红河哈尼族彝族自治州,本科,
2615,云南省,云南财经大学,4153010689,云南省,昆明市,本科,
2616,云南省,云南艺术学院,4153010690,云南省,昆明市,本科,
2617,云南省,云南民族大学,4153010691,云南省,昆明市,本科,
2618,云南省,玉溪师范学院,4153011390,云南省,玉溪市,本科,
2619,云南省,楚雄师范学院,4153011391,云南省,楚雄彝族自治州,本科,
2620,云南省,云南警官学院,4153011392,云南省,昆明市,本科,
2621,云南省,昆明学院,4153011393,云南省,昆明市,本科,
2622,云南省,文山学院,4153011556,云南省,文山壮族苗族自治州,本科,
2623,云南省,云南经济管理学院,4153012560,云南省教育厅,昆明市,本科,民办
2624,云南省,滇池学院,4153013326,云南省教育厅,昆明市,本科,民办
2625,云南省,丽江文化旅游学院,4153013328,云南省教育厅,丽江市,本科,民办
2626,云南省,昆明理工大学津桥学院,4153013329,云南省教育厅,昆明市,本科,民办
2627,云南省,昆明城市学院,4153013330,云南省教育厅,昆明市,本科,民办
2628,云南省,昆明文理学院,4153013331,云南省教育厅,昆明市,本科,民办
2629,云南省,昆明医科大学海源学院,4153013332,云南省教育厅,昆明市,本科,民办
2630,云南省,昆明传媒学院,4153013333,云南省教育厅,昆明市,本科,民办
2631,云南省,云南工商学院,4153013909,云南省教育厅,昆明市,本科,民办
2632,云南省,滇西科技师范学院,4153014092,云南省,临沧市,本科,
2633,云南省,滇西应用技术大学,4153014623,云南省,大理白族自治州,本科,
2634,云南省,丽江师范学院,4153014015,云南省,丽江市,本科,
2635,云南省,德宏师范学院,4153014016,云南省,德宏傣族景颇族自治州,本科,
2636,云南省,曲靖健康医学院,4153014012,云南省,曲靖市,本科,
2637,云南省,昆明冶金职业大学,4153011557,云南省,昆明市,本科,
2638,云南省,昆明科技职业大学,4153014212,云南省教育厅,昆明市,本科,民办
2639,云南省,云南交通职业技术大学,4153012357,云南省,昆明市,本科,
2640,云南省,云南国土资源职业学院,4153012349,云南省,昆明市,专科,
2641,云南省,昆明工业职业技术学院,4153012393,云南省,昆明市,专科,
2642,云南省,云南农业职业技术学院,4153012555,云南省,昆明市,专科,
2643,云南省,云南司法警官职业学院,4153012556,云南省,昆明市,专科,
2644,云南省,云南文化艺术职业学院,4153012558,云南省,昆明市,专科,
2645,云南省,云南体育运动职业技术学院,4153012559,云南省,昆明市,专科,
2646,云南省,云南科技信息职业学院,4153012825,云南省教育厅,昆明市,专科,民办
2647,云南省,西双版纳职业技术学院,4153012826,云南省,西双版纳傣族自治州,专科,
2648,云南省,昆明艺术职业学院,4153012851,云南省教育厅,昆明市,专科,民办
2649,云南省,玉溪农业职业技术学院,4153012971,云南省,玉溪市,专科,
2650,云南省,云南能源职业技术学院,4153013136,云南省,曲靖市,专科,
2651,云南省,云南国防工业职业技术学院,4153013756,云南省,昆明市,专科,
2652,云南省,云南机电职业技术学院,4153013757,云南省,昆明市,专科,
2653,云南省,云南林业职业技术学院,4153013758,云南省,昆明市,专科,
2654,云南省,云南城市建设职业学院,4153013759,云南省教育厅,昆明市,专科,民办
2655,云南省,云南工程职业学院,4153013761,云南省教育厅,昆明市,专科,民办
2656,云南省,楚雄医药高等专科学校,4153014013,云南省,楚雄彝族自治州,专科,
2657,云南省,保山中医药高等专科学校,4153014014,云南省,保山市,专科,
2658,云南省,云南新兴职业学院,4153014032,云南省教育厅,昆明市,专科,民办
2659,云南省,云南锡业职业技术学院,4153014130,云南省,红河哈尼族彝族自治州,专科,
2660,云南省,云南三鑫职业技术学院,4153014239,云南省教育厅,文山壮族苗族自治州,专科,民办
2661,云南省,德宏职业学院,4153014253,云南省,德宏傣族景颇族自治州,专科,
2662,云南省,云南商务职业学院,4153014317,云南省教育厅,昆明市,专科,民办
2663,云南省,昆明卫生职业学院,4153014372,云南省教育厅,昆明市,专科,民办
2664,云南省,云南现代职业技术学院,4153014373,云南省,楚雄彝族自治州,专科,
2665,云南省,云南旅游职业学院,4153014381,云南省,昆明市,专科,
2666,云南省,红河卫生职业学院,4153014413,云南省,红河哈尼族彝族自治州,专科,
2667,云南省,云南外事外语职业学院,4153014415,云南省教育厅,昆明市,专科,民办
2668,云南省,大理农林职业技术学院,4153014487,云南省,大理白族自治州,专科,
2669,云南省,公安消防部队高等专科学校,4153014534,应急管理部,昆明市,专科,
2670,云南省,云南财经职业学院,4153014550,云南省,昆明市,专科,
2671,云南省,昆明铁道职业技术学院,4153014581,云南省,昆明市,专科,
2672,云南省,昭通卫生职业学院,4153014582,云南省,昭通市,专科,
2673,云南省,大理护理职业学院,4153014583,云南省,大理白族自治州,专科,
2674,云南省,云南水利水电职业学院,4153014584,云南省,昆明市,专科,
2675,云南省,云南轻纺职业学院,4153014618,云南省,昆明市,专科,
2676,云南省,云南特殊教育职业学院,4153014619,云南省,昆明市,专科,
2677,云南省,云南工贸职业技术学院,4153014620,云南省,昆明市,专科,
2678,云南省,昆明幼儿师范高等专科学校,4153014631,云南省,昆明市,专科,
2679,云南省,云南医药健康职业学院,4153014649,云南省教育厅,昆明市,专科,民办
2680,云南省,云南理工职业学院,4153014675,云南省教育厅,昆明市,专科,民办
2681,云南省,曲靖职业技术学院,4153014676,云南省,曲靖市,专科,
2682,云南省,红河职业技术学院,4153014736,云南省,红河哈尼族彝族自治州,专科,
2683,云南省,玉溪职业技术学院,4153014782,云南省,玉溪市,专科,
2684,云南省,保山职业学院,4153014783,云南省,保山市,专科,
2685,云南省,昭通职业学院,4153014784,云南省,昭通市,专科,
2686,云南省,文山职业技术学院,4153014801,云南省,文山壮族苗族自治州,专科,
2687,云南省,丽江职业技术学院,4153014802,云南省,丽江市,专科,
2688,云南省,香格里拉职业学院,4153014803,云南省,迪庆藏族自治州,专科,
2689,云南省,怒江职业技术学院,4153014873,云南省,怒江傈僳族自治州,专科,
2690,云南省,临沧职业学院,4153014874,云南省,临沧市,专科,
2691,云南省,云南工业信息职业学院,4153014875,云南省,曲靖市,专科,
2692,云南省,昆明航空职业学院,4153014939,云南省教育厅,昆明市,专科,民办
2693,西藏自治区,西藏农牧大学,4154010693,西藏自治区,林芝市,本科,
2694,西藏自治区,西藏大学,4154010694,西藏自治区,拉萨市,本科,
2695,西藏自治区,西藏民族大学,4154010695,西藏自治区,咸阳市,本科,
2696,西藏自治区,西藏藏医药大学,4154010696,西藏自治区,拉萨市,本科,
2697,西藏自治区,西藏警官高等专科学校,4154010692,西藏自治区,拉萨市,专科,
2698,西藏自治区,拉萨师范学院,4154012481,西藏自治区,拉萨市,本科,
2699,西藏自治区,西藏职业技术学院,4154014085,西藏自治区,拉萨市,专科,
2700,西藏自治区,日喀则职业技术学院,4154014940,西藏自治区,日喀则市,专科,
2701,陕西省,西北大学,4161010697,陕西省,西安市,本科,
2702,陕西省,西安交通大学,4161010698,教育部,西安市,本科,
2703,陕西省,西北工业大学,4161010699,工业和信息化部,西安市,本科,
2704,陕西省,西安理工大学,4161010700,陕西省,西安市,本科,
2705,陕西省,西安电子科技大学,4161010701,教育部,西安市,本科,
2706,陕西省,西安工业大学,4161010702,陕西省,西安市,本科,
2707,陕西省,西安建筑科技大学,4161010703,陕西省,西安市,本科,
2708,陕西省,西安科技大学,4161010704,陕西省,西安市,本科,
2709,陕西省,西安石油大学,4161010705,陕西省,西安市,本科,
2710,陕西省,陕西科技大学,4161010708,陕西省,西安市,本科,
2711,陕西省,西安工程大学,4161010709,陕西省,西安市,本科,
2712,陕西省,长安大学,4161010710,教育部,西安市,本科,
2713,陕西省,西北农林科技大学,4161010712,教育部,咸阳市,本科,
2714,陕西省,陕西中医药大学,4161010716,陕西省,咸阳市,本科,
2715,陕西省,陕西师范大学,4161010718,教育部,西安市,本科,
2716,陕西省,延安大学,4161010719,陕西省,延安市,本科,
2717,陕西省,陕西理工大学,4161010720,陕西省,汉中市,本科,
2718,陕西省,宝鸡文理学院,4161010721,陕西省,宝鸡市,本科,
2719,陕西省,咸阳师范学院,4161010722,陕西省,咸阳市,本科,
2720,陕西省,渭南师范学院,4161010723,陕西省,渭南市,本科,
2721,陕西省,西安外国语大学,4161010724,陕西省,西安市,本科,
2722,陕西省,西北政法大学,4161010726,陕西省,西安市,本科,
2723,陕西省,西安体育学院,4161010727,陕西省,西安市,本科,
2724,陕西省,西安音乐学院,4161010728,陕西省,西安市,本科,
2725,陕西省,西安美术学院,4161010729,陕西省,西安市,本科,
2726,陕西省,西安文理学院,4161011080,陕西省,西安市,本科,
2727,陕西省,榆林大学,4161011395,陕西省,榆林市,本科,
2728,陕西省,商洛学院,4161011396,陕西省,商洛市,本科,
2729,陕西省,安康学院,4161011397,陕西省,安康市,本科,
2730,陕西省,西安培华学院,4161011400,陕西省教育厅,西安市,本科,民办
2731,陕西省,西安财经大学,4161011560,陕西省,西安市,本科,
2732,陕西省,西安邮电大学,4161011664,陕西省,西安市,本科,
2733,陕西省,西安航空学院,4161011736,陕西省,西安市,本科,
2734,陕西省,西安医学院,4161011840,陕西省,西安市,本科,
2735,陕西省,西安欧亚学院,4161012712,陕西省教育厅,西安市,本科,民办
2736,陕西省,西安外事学院,4161012713,陕西省教育厅,西安市,本科,民办
2737,陕西省,西安翻译学院,4161012714,陕西省教育厅,西安市,本科,民办
2738,陕西省,西京学院,4161012715,陕西省教育厅,西安市,本科,民办
2739,陕西省,西安思源学院,4161013121,陕西省教育厅,西安市,本科,民办
2740,陕西省,陕西国际商贸学院,4161013123,陕西省教育厅,咸阳市,本科,民办
2741,陕西省,陕西服装工程学院,4161013125,陕西省教育厅,咸阳市,本科,民办
2742,陕西省,西安交通工程学院,4161013569,陕西省教育厅,西安市,本科,民办
2743,陕西省,西安交通大学城市学院,4161013677,陕西省教育厅,西安市,本科,民办
2744,陕西省,西北大学现代学院,4161013678,陕西省教育厅,西安市,本科,民办
2745,陕西省,西安建筑科技大学华清学院,4161013679,陕西省教育厅,西安市,本科,民办
2746,陕西省,西安财经大学行知学院,4161013680,陕西省教育厅,西安市,本科,民办
2747,陕西省,陕西科技大学镐京学院,4161013681,陕西省教育厅,咸阳市,本科,民办
2748,陕西省,西安工商学院,4161013682,陕西省教育厅,西安市,本科,民办
2749,陕西省,延安大学西安创新学院,4161013683,陕西省教育厅,西安市,本科,民办
2750,陕西省,西安电子科技大学长安学院,4161013685,陕西省教育厅,西安市,本科,民办
2751,陕西省,西安汽车职业大学,4161013738,陕西省教育厅,西安市,本科,民办
2752,陕西省,西安明德理工学院,4161013894,陕西省教育厅,西安市,本科,民办
2753,陕西省,西安信息职业大学,4161014030,陕西省教育厅,西安市,本科,民办
2754,陕西省,长安大学兴华学院,4161014034,陕西省教育厅,西安市,本科,民办
2755,陕西省,西安理工大学高科学院,4161014041,陕西省教育厅,西安市,本科,民办
2756,陕西省,西安科技大学高新学院,4161014042,陕西省教育厅,西安市,本科,民办
2757,陕西省,陕西学前师范学院,4161014390,陕西省,西安市,本科,
2758,陕西省,陕西警察学院,4161013819,陕西省,西安市,本科,
2759,陕西省,陕西农林职业技术大学,4161010966,陕西省,咸阳市,本科,
2760,陕西省,陕西工业职业技术大学,4161010828,陕西省,咸阳市,本科,
2761,陕西省,西安戏剧学院,4161014945,陕西省,西安市,本科,
2762,陕西省,西安电力高等专科学校,4161011826,陕西省,西安市,专科,
2763,陕西省,陕西能源职业技术学院,4161012510,陕西省,咸阳市,专科,
2764,陕西省,陕西国防工业职业技术学院,4161012827,陕西省,西安市,专科,
2765,陕西省,西安航空职业技术学院,4161012828,陕西省,西安市,专科,
2766,陕西省,陕西财经职业技术学院,4161012829,陕西省,咸阳市,专科,
2767,陕西省,陕西交通职业技术学院,4161012830,陕西省,西安市,专科,
2768,陕西省,陕西职业技术学院,4161012831,陕西省,西安市,专科,
2769,陕西省,西安高新科技职业学院,4161013122,陕西省教育厅,西安市,专科,民办
2770,陕西省,西安城市建设职业学院,4161013124,陕西省教育厅,西安市,专科,民办
2771,陕西省,陕西铁路工程职业技术学院,4161013566,陕西省,渭南市,专科,
2772,陕西省,宝鸡职业技术学院,4161013567,陕西省,宝鸡市,专科,
2773,陕西省,陕西航空职业技术学院,4161013568,陕西省,汉中市,专科,
2774,陕西省,陕西电子信息职业技术学院,4161013570,陕西省教育厅,西安市,专科,民办
2775,陕西省,陕西邮电职业技术学院,4161013736,陕西省,咸阳市,专科,
2776,陕西省,西安海棠职业学院,4161013737,陕西省教育厅,西安市,专科,民办
2777,陕西省,西安健康工程职业学院,4161013739,陕西省教育厅,西安市,专科,民办
2778,陕西省,陕西经济管理职业技术学院,4161013932,陕西省,西安市,专科,
2779,陕西省,西安铁路职业技术学院,4161013945,陕西省,西安市,专科,
2780,陕西省,咸阳职业技术学院,4161013946,陕西省,咸阳市,专科,
2781,陕西省,西安职业技术学院,4161013947,陕西省,西安市,专科,
2782,陕西省,商洛职业技术学院,4161013948,陕西省,商洛市,专科,
2783,陕西省,汉中职业技术学院,4161013949,陕西省,汉中市,专科,
2784,陕西省,延安职业技术学院,4161013950,陕西省,延安市,专科,
2785,陕西省,渭南职业技术学院,4161013951,陕西省,渭南市,专科,
2786,陕西省,安康职业技术学院,4161013952,陕西省,安康市,专科,
2787,陕西省,铜川职业技术学院,4161013953,陕西省,铜川市,专科,
2788,陕西省,陕西青年职业学院,4161014028,陕西省,西安市,专科,
2789,陕西省,陕西工商职业学院,4161014029,陕西省,西安市,专科,
2790,陕西省,陕西旅游烹饪职业学院,4161014031,陕西省教育厅,西安市,专科,民办
2791,陕西省,西安医学高等专科学校,4161014222,陕西省教育厅,西安市,专科,民办
2792,陕西省,榆林职业技术学院,4161014318,陕西省,榆林市,专科,
2793,陕西省,陕西艺术职业学院,4161014488,陕西省,西安市,专科,
2794,陕西省,神木职业技术学院,4161014650,陕西省,榆林市,专科,
2795,陕西省,宝鸡三和职业学院,4161014651,陕西省教育厅,宝鸡市,专科,民办
2796,陕西省,榆林能源科技职业学院,4161014737,陕西省教育厅,榆林市,专科,民办
2797,陕西省,宝鸡中北职业学院,4161014770,陕西省教育厅,宝鸡市,专科,民办
2798,陕西省,陕西机电职业技术学院,4261050084,陕西省,宝鸡市,专科,
2799,甘肃省,兰州大学,4162010730,教育部,兰州市,本科,
2800,甘肃省,兰州理工大学,4162010731,甘肃省,兰州市,本科,
2801,甘肃省,兰州交通大学,4162010732,甘肃省,兰州市,本科,
2802,甘肃省,甘肃农业大学,4162010733,甘肃省,兰州市,本科,
2803,甘肃省,甘肃中医药大学,4162010735,甘肃省,兰州市,本科,
2804,甘肃省,西北师范大学,4162010736,甘肃省,兰州市,本科,
2805,甘肃省,兰州城市学院,4162010737,甘肃省,兰州市,本科,
2806,甘肃省,陇东学院,4162010738,甘肃省,庆阳市,本科,
2807,甘肃省,天水师范大学,4162010739,甘肃省,天水市,本科,
2808,甘肃省,河西学院,4162010740,甘肃省,张掖市,本科,
2809,甘肃省,兰州财经大学,4162010741,甘肃省,兰州市,本科,
2810,甘肃省,西北民族大学,4162010742,国家民委,兰州市,本科,
2811,甘肃省,甘肃政法大学,4162011406,甘肃省,兰州市,本科,
2812,甘肃省,甘肃民族师范学院,4162011561,甘肃省,甘南藏族自治州,本科,
2813,甘肃省,兰州文理学院,4162011562,甘肃省,兰州市,本科,
2814,甘肃省,甘肃医学院,4162011805,甘肃省,平凉市,本科,
2815,甘肃省,兰州工业学院,4162011807,甘肃省,兰州市,本科,
2816,甘肃省,兰州石化职业技术大学,4162016209,甘肃省,兰州市,本科,
2817,甘肃省,兰州工商学院,4162013511,甘肃省教育厅,兰州市,本科,民办
2818,甘肃省,兰州资源环境职业技术大学,4162016208,甘肃省,兰州市,本科,
2819,甘肃省,兰州博文科技学院,4162013514,甘肃省教育厅,兰州市,本科,民办
2820,甘肃省,兰州信息科技学院,4162013515,甘肃省教育厅,兰州市,本科,民办
2821,甘肃省,陇南师范学院,4162011806,甘肃省,陇南市,本科,
2822,甘肃省,甘肃警察学院,4162012834,甘肃省,兰州市,本科,
2823,甘肃省,甘肃林业职业技术大学,4162012835,甘肃省,天水市,本科,
2824,甘肃省,酒泉职业技术大学,4162012539,甘肃省,酒泉市,本科,
2825,甘肃省,甘肃工业职业技术大学,4162012836,甘肃省,天水市,本科,
2826,甘肃省,武威职业技术大学,4162013518,甘肃省,武威市,本科,
2827,甘肃省,定西师范高等专科学校,4162011808,甘肃省,定西市,专科,
2828,甘肃省,甘肃建筑职业技术学院,4162012511,甘肃省,兰州市,专科,
2829,甘肃省,兰州外语职业学院,4162012832,甘肃省教育厅,兰州市,专科,民办
2830,甘肃省,兰州职业技术学院,4162012833,甘肃省,兰州市,专科,
2831,甘肃省,甘肃交通职业技术学院,4162013519,甘肃省,兰州市,专科,
2832,甘肃省,甘肃农业职业技术学院,4162013954,甘肃省,兰州市,专科,
2833,甘肃省,甘肃畜牧工程职业技术学院,4162013955,甘肃省,武威市,专科,
2834,甘肃省,甘肃钢铁职业技术学院,4162014131,甘肃省,嘉峪关市,专科,
2835,甘肃省,甘肃有色冶金职业技术学院,4162014375,甘肃省,金昌市,专科,
2836,甘肃省,白银矿冶职业技术学院,4162014376,甘肃省,白银市,专科,
2837,甘肃省,甘肃卫生职业学院,4162014517,甘肃省,兰州市,专科,
2838,甘肃省,兰州科技职业学院,4162014518,甘肃省教育厅,兰州市,专科,民办
2839,甘肃省,庆阳职业技术学院,4162014551,甘肃省,庆阳市,专科,
2840,甘肃省,临夏现代职业学院,4162014552,甘肃省,临夏州,专科,
2841,甘肃省,兰州现代职业学院,4162014594,甘肃省,兰州市,专科,
2842,甘肃省,平凉职业技术学院,4162014595,甘肃省,平凉市,专科,
2843,甘肃省,培黎职业学院,4162014738,甘肃省,张掖市,专科,
2844,甘肃省,兰州航空职业技术学院,4162014771,甘肃省,兰州市,专科,
2845,甘肃省,白银希望职业技术学院,4162014772,甘肃省教育厅,白银市,专科,民办
2846,甘肃省,甘肃财贸职业学院,4262051378,甘肃省,兰州市,专科,
2847,甘肃省,定西职业技术学院,4162014823,甘肃省,定西市,专科,
2848,青海省,青海大学,4163010743,青海省,西宁市,本科,
2849,青海省,青海师范大学,4163010746,青海省,西宁市,本科,
2850,青海省,青海民族大学,4163010748,青海省,西宁市,本科,
2851,青海省,青海大学昆仑学院,4163013674,青海省教育厅,西宁市,本科,民办
2852,青海省,青海理工学院,4163014881,青海省,西宁市,本科,
2853,青海省,青海职业技术大学,4163012973,青海省,西宁市,本科,
2854,青海省,青海卫生职业技术学院,4163012562,青海省,西宁市,专科,
2855,青海省,青海警官职业学院,4163012852,青海省,西宁市,专科,
2856,青海省,青海农牧科技职业学院,4163012972,青海省,西宁市,专科,
2857,青海省,青海建筑职业技术学院,4163012974,青海省,西宁市,专科,
2858,青海省,西宁城市职业技术学院,4163014519,青海省,西宁市,专科,
2859,青海省,青海高等职业技术学院,4163014520,青海省,海东市,专科,
2860,青海省,青海柴达木职业技术学院,4163014521,青海省,海西蒙古族藏族自治州,专科,
2861,宁夏回族自治区,宁夏大学,4164010749,宁夏回族自治区,银川市,本科,
2862,宁夏回族自治区,宁夏医科大学,4164010752,宁夏回族自治区,银川市,本科,
2863,宁夏回族自治区,宁夏师范大学,4164010753,宁夏回族自治区,固原市,本科,
2864,宁夏回族自治区,北方民族大学,4164011407,国家民委,银川市,本科,
2865,宁夏回族自治区,宁夏理工学院,4164012544,宁夏回族自治区教育厅,石嘴山市,本科,民办
2866,宁夏回族自治区,宁夏大学新华学院,4164013325,宁夏回族自治区教育厅,银川市,本科,民办
2867,宁夏回族自治区,银川能源学院,4164013820,宁夏回族自治区教育厅,银川市,本科,民办
2868,宁夏回族自治区,银川科技学院,4164014200,宁夏回族自治区教育厅,银川市,本科,民办
2869,宁夏回族自治区,宁夏职业技术大学,4164013086,宁夏回族自治区,银川市,本科,
2870,宁夏回族自治区,宁夏工商职业技术大学,4164013087,宁夏回族自治区,银川市,本科,
2871,宁夏回族自治区,宁夏应用技术学院,4164014986,宁夏回族自治区教育厅,石嘴山市,本科,民办
2872,宁夏回族自治区,宁夏民族职业技术学院,4164012716,宁夏回族自治区,吴忠市,专科,
2873,宁夏回族自治区,宁夏工业职业学院,4164012837,宁夏回族自治区,银川市,专科,
2874,宁夏回族自治区,宁夏财经职业技术学院,4164013088,宁夏回族自治区,银川市,专科,
2875,宁夏回族自治区,宁夏警官职业学院,4164013089,宁夏回族自治区,银川市,专科,
2876,宁夏回族自治区,宁夏建设职业技术学院,4164013151,宁夏回族自治区,银川市,专科,
2877,宁夏回族自治区,宁夏葡萄酒与防沙治沙职业技术学院,4164014377,宁夏回族自治区,银川市,专科,
2878,宁夏回族自治区,宁夏幼儿师范高等专科学校,4164014498,宁夏回族自治区,银川市,专科,
2879,宁夏回族自治区,宁夏艺术职业学院,4164014522,宁夏回族自治区,银川市,专科,
2880,宁夏回族自治区,宁夏体育职业学院,4164014624,宁夏回族自治区,银川市,专科,
2881,宁夏回族自治区,石嘴山工贸职业技术学院,4164014739,宁夏回族自治区,石嘴山市,专科,
2882,宁夏回族自治区,宁夏卫生健康职业技术学院,4164014804,宁夏回族自治区,石嘴山市,专科,
2883,宁夏回族自治区,宁夏交通职业技术学院,4164014847,宁夏回族自治区,银川市,专科,
2884,宁夏回族自治区,固原农林职业技术学院,4164014976,宁夏回族自治区,固原市,专科,
2885,新疆维吾尔自治区,新疆大学,4165010755,新疆维吾尔自治区,乌鲁木齐市,本科,
2886,新疆维吾尔自治区,塔里木大学,4165010757,新疆生产建设兵团,阿拉尔市,本科,
2887,新疆维吾尔自治区,新疆农业大学,4165010758,新疆维吾尔自治区,乌鲁木齐市,本科,
2888,新疆维吾尔自治区,石河子大学,4165010759,新疆生产建设兵团,石河子市,本科,
2889,新疆维吾尔自治区,新疆医科大学,4165010760,新疆维吾尔自治区,乌鲁木齐市,本科,
2890,新疆维吾尔自治区,新疆师范大学,4165010762,新疆维吾尔自治区,乌鲁木齐市,本科,
2891,新疆维吾尔自治区,喀什大学,4165010763,新疆维吾尔自治区,喀什地区,本科,
2892,新疆维吾尔自治区,伊犁师范大学,4165010764,新疆维吾尔自治区,伊犁哈萨克自治州,本科,
2893,新疆维吾尔自治区,新疆财经大学,4165010766,新疆维吾尔自治区,乌鲁木齐市,本科,
2894,新疆维吾尔自治区,新疆艺术学院,4165010768,新疆维吾尔自治区,乌鲁木齐市,本科,
2895,新疆维吾尔自治区,新疆工程学院,4165010994,新疆维吾尔自治区,乌鲁木齐市,本科,
2896,新疆维吾尔自治区,昌吉学院,4165010997,新疆维吾尔自治区,昌吉回族自治州,本科,
2897,新疆维吾尔自治区,新疆警察学院,4165012734,新疆维吾尔自治区,乌鲁木齐市,本科,
2898,新疆维吾尔自治区,新疆理工学院,4165013558,新疆维吾尔自治区,阿克苏地区,本科,
2899,新疆维吾尔自治区,新疆农业大学科学技术学院,4165013559,新疆维吾尔自治区教育厅,乌鲁木齐市,本科,民办
2900,新疆维吾尔自治区,新疆第二医学院,4165013560,新疆维吾尔自治区,克拉玛依市,本科,
2901,新疆维吾尔自治区,新疆科技学院,4165013561,新疆维吾尔自治区,巴音郭楞蒙古自治州,本科,
2902,新疆维吾尔自治区,新疆政法学院,4165013628,新疆生产建设兵团,图木舒克市,本科,
2903,新疆维吾尔自治区,新疆天山职业技术大学,4165013727,新疆维吾尔自治区教育厅,乌鲁木齐市,本科,民办
2904,新疆维吾尔自治区,新疆和田学院,4165010765,新疆维吾尔自治区,和田地区,本科,
2905,新疆维吾尔自治区,新疆农业职业技术大学,4165010995,新疆维吾尔自治区,昌吉回族自治州,本科,
2906,新疆维吾尔自治区,新疆工业学院,4165014897,新疆生产建设兵团,和田地区,本科,
2907,新疆维吾尔自治区,乌鲁木齐职业大学,4165011565,新疆维吾尔自治区,乌鲁木齐市,本科,
2908,新疆维吾尔自治区,新疆交通职业技术大学,4165013926,新疆维吾尔自治区,乌鲁木齐市,本科,
2909,新疆维吾尔自治区,塔里木理工学院,4165014946,新疆生产建设兵团教育局,阿拉尔市,本科,民办
2910,新疆维吾尔自治区,新疆理工职业大学,4165014947,新疆生产建设兵团,喀什地区,本科,
2911,新疆维吾尔自治区,新疆工程职业大学,4165014523,新疆生产建设兵团,铁门关市,本科,
2912,新疆维吾尔自治区,新疆昆仑科技学院,4165014987,新疆生产建设兵团教育局,喀什地区,本科,民办
2913,新疆维吾尔自治区,新疆能源铁道职业技术大学,4165014489,新疆维吾尔自治区,哈密市,本科,
2914,新疆维吾尔自治区,石河子职业技术大学,4165013956,新疆生产建设兵团,石河子市,本科,
2915,新疆维吾尔自治区,新疆工业职业技术大学,4165012514,新疆维吾尔自治区,乌鲁木齐市,本科,
2916,新疆维吾尔自治区,克拉玛依职业技术学院,4165012482,新疆维吾尔自治区,克拉玛依市,专科,
2917,新疆维吾尔自治区,新疆机电职业技术学院,4165012513,新疆维吾尔自治区,乌鲁木齐市,专科,
2918,新疆维吾尔自治区,新疆能源职业技术学院,4165012570,新疆维吾尔自治区教育厅,乌鲁木齐市,专科,民办
2919,新疆维吾尔自治区,昌吉职业技术学院,4165012838,新疆维吾尔自治区,昌吉回族自治州,专科,
2920,新疆维吾尔自治区,伊犁职业技术学院,4165012975,新疆维吾尔自治区,伊犁哈萨克自治州,专科,
2921,新疆维吾尔自治区,阿克苏职业技术学院,4165013093,新疆维吾尔自治区,阿克苏地区,专科,
2922,新疆维吾尔自治区,巴音郭楞职业技术学院,4165013094,新疆维吾尔自治区,巴音郭楞蒙古自治州,专科,
2923,新疆维吾尔自治区,新疆建设职业技术学院,4165013562,新疆维吾尔自治区,乌鲁木齐市,专科,
2924,新疆维吾尔自治区,新疆现代职业技术学院,4165013726,新疆维吾尔自治区教育厅,乌鲁木齐市,专科,民办
2925,新疆维吾尔自治区,新疆职业大学,4165014138,新疆维吾尔自治区,乌鲁木齐市,专科,
2926,新疆维吾尔自治区,新疆体育职业技术学院,4165014416,新疆维吾尔自治区,乌鲁木齐市,专科,
2927,新疆维吾尔自治区,新疆应用职业技术学院,4165014417,新疆维吾尔自治区,伊犁哈萨克自治州,专科,
2928,新疆维吾尔自治区,新疆师范高等专科学校,4165014421,新疆维吾尔自治区,乌鲁木齐市,专科,
2929,新疆维吾尔自治区,新疆科技职业技术学院,4165014525,新疆维吾尔自治区教育厅,五家渠市,专科,民办
2930,新疆维吾尔自治区,吐鲁番职业技术学院,4165014585,新疆维吾尔自治区,吐鲁番市,专科,
2931,新疆维吾尔自治区,博尔塔拉职业技术学院,4165014622,新疆维吾尔自治区,博尔塔拉蒙古自治州,专科,
2932,新疆维吾尔自治区,和田职业技术学院,4165014652,新疆维吾尔自治区,和田地区,专科,
2933,新疆维吾尔自治区,石河子工程职业技术学院,4165014661,新疆生产建设兵团,石河子市,专科,
2934,新疆维吾尔自治区,喀什职业技术学院,4165014677,新疆维吾尔自治区,喀什地区,专科,
2935,新疆维吾尔自治区,克孜勒苏职业技术学院,4165014678,新疆维吾尔自治区,克孜勒苏柯尔克孜自治州,专科,
2936,新疆维吾尔自治区,新疆科信职业技术学院,4165014679,新疆维吾尔自治区教育厅,乌鲁木齐市,专科,民办
2937,新疆维吾尔自治区,阿勒泰职业技术学院,4165014680,新疆维吾尔自治区,阿勒泰地区,专科,
2938,新疆维吾尔自治区,塔城职业技术学院,4165014740,新疆维吾尔自治区,塔城地区,专科,
2939,新疆维吾尔自治区,塔里木职业技术学院,4165014741,新疆生产建设兵团,阿拉尔市,专科,
2940,新疆维吾尔自治区,铁门关职业技术学院,4165014660,新疆生产建设兵团,铁门关市,专科,
2941,新疆维吾尔自治区,新疆司法警官职业学院,4165014805,新疆维吾尔自治区,乌鲁木齐市,专科,
2942,新疆维吾尔自治区,阿克苏工业职业技术学院,4165014806,新疆维吾尔自治区,阿克苏地区,专科,
2943,新疆维吾尔自治区,喀什理工职业技术学院,4165014824,新疆维吾尔自治区,喀什地区,专科,
2944,新疆维吾尔自治区,图木舒克职业技术学院,4165014825,新疆生产建设兵团,图木舒克市,专科,
2945,新疆维吾尔自治区,可克达拉职业技术学院,4165014826,新疆生产建设兵团,可克达拉市,专科,
2946,新疆维吾尔自治区,新星职业技术学院,4165014827,新疆生产建设兵团,新星市,专科,
2947,新疆维吾尔自治区,昆玉职业技术学院,4165014828,新疆生产建设兵团,昆玉市,专科,
2948,新疆维吾尔自治区,乌鲁木齐职业技术学院,4165014876,新疆维吾尔自治区,乌鲁木齐市,专科,
2949,新疆维吾尔自治区,双河职业技术学院,4165014877,新疆生产建设兵团,双河市,专科,
2950,新疆维吾尔自治区,阜康职业技术学院,4165014941,新疆维吾尔自治区,昌吉回族自治州,专科,
2951,新疆维吾尔自治区,胡杨河职业技术学院,4165014977,新疆生产建设兵团,胡杨河市,专科,
2952,新疆维吾尔自治区,新疆石河子航空职业学院,4165014978,新疆生产建设兵团教育局,石河子市,专科,民办
