中文名,外文名,QS
阿迪格国立大学,Адыгейский государственный университет,
阿尔法医疗福祉专门学校,アルファ医療福祉専門学校,
阿尔马维尔语言社会学院,Армавирский лингвистический социальный институт,
阿尔泰国立大学,Алтайский государственный университет,
阿尔泰国立技术大学,Алтайский государственный технический университет им. И. И. Ползунова,
阿尔泰国立农业大学,Алтайский государственный аграрный университет,
阿尔泰国立师范大学,Алтайский государственный педагогический университет,
阿尔泰国立文化学院,Алтайский государственный институт культуры,
阿尔泰国立医科大学,Алтайский государственный медицинский университет,
阿克托别州立大学,Актюбинский региональный университет имени К. Жубанова,
阿拉木图管理大学,Алматы менеджмент университет,
阿拉木图哈萨克-德国大学,Казахстанско-Немецкий Университет в Алматы,
阿拉木图技术大学,Алматинский технологический университет,
阿列赫姆国立大学,Приамурский государственный университет имени Шолом-Алейхема,
阿玛维尔国立师范大学,Армавирский государственный педагогический университет,
阿穆尔国立大学,Амурский государственный университет,
阿穆尔国立人文师范大学,Амурский гуманитарно-педагогический государственный университет,
阿穆尔国立医学院,Амурская государственная медицинская академия,
阿穆尔河畔共青城国立大学,Комсомольский-на-Амуре государственный университет,
阿斯特拉罕国立大学,Астраханский государственный университет им. В. Н. Татищева,
阿斯特拉罕国立技术大学,Астраханский государственный технический университет,
阿斯特拉罕国立音乐学院,Астраханская государственная консерватория,
阿塔图尔克阿拉图国际大学,Международный университет Ататюрк-Алатоо,
阿特劳大学,Атырауский университет имени Х. Досмухамедова,
阿特劳石油天然气大学,Атырауский университет нефти и газа имени Сафи Утебаева,
阿维森纳国际医学大学,"Международный медицинский университет ""Авиценна""",
爱国学园大学,愛国学園大学,
爱甲学院专门学校,愛甲学院専門学校,
爱普生情报科学专门学校,エプソン情報科学専門学校,
爱知产业大学,愛知産業大学,
爱知产业大学短期大学,愛知産業大学短期大学,
爱知大学,愛知大学,
爱知东邦大学,愛知東邦大学,
爱知工科大学,愛知工科大学,
爱知工业大学,愛知工業大学,
爱知教育大学,愛知教育大学,
爱知商务专门学校,あいちビジネス専門学校,
爱知淑德大学,愛知淑徳大学,
爱知文教大学,愛知文教大学,
爱知县立大学,愛知県立大学,
爱知县立艺术大学,愛知県立芸術大学,
爱知学泉大学,愛知学泉大学,
爱知学院大学,愛知学院大学,
爱知学院大学短期大学部,愛知学院大学短期大学部,
安川专门学校罗伊摩登学院,安川専門学校ロイモード学院,
安山大学,안산대학교,
安田女子大学,安田女子大学,
敖德萨国立大学,Одеський національний університет імені І. І. Мечникова,
敖德萨国立音乐学院,Одеська національна музична академія імені А.В. Нежданової,
奥廖尔国立大学,Орловский государственный университет имени И.С. Тургенева,
奥廖尔国立经济与贸易大学,Орловский государственный университет экономики и торговли,
奥廖尔国立农业大学,Орловский государственный аграрный университет имени Н.В.Парахина,
奥廖尔国立文化学院,Орловский государственный институт культуры,
奥伦堡国立大学,Оренбургский государственный университет,
奥伦堡国立师范大学,Оренбургский государственный педагогический университет,
奥什工艺大学,Ошский технологический университет имени академика М. Адышева,
奥什国立大学,Ошский Государственный университет,
八户工业大学,八戸工業大学,
八户学院大学,八戸学院大学,
巴拉诺维奇国立大学,Барановичский государственный университет,
巴什基尔国立农业大学,Башкирский государственный аграрный университет,
巴什基尔国立师范大学,Башкирский государственный педагогический университет им. М. Акмуллы,
巴什基尔国立医科大学,Башкирский государственный медицинский университет,
巴什科尔托斯坦共和国总统巴什基尔国家行政与管理学院,Башкирская академия государственной службы и управления при Главе Республики Башкортостан,
白百合女子大学,白百合女子大学,
白俄罗斯-俄罗斯大学,Белорусско-Российский университет,
白俄罗斯共和国军事学院,Военная академия Республики Беларусь,
白俄罗斯共和国总统管理学院,Академия управления при Президенте Республики Беларусь,
白俄罗斯国家科学院大学,Университет Национальной академии наук Беларуси,
白俄罗斯国家科学院经济研究所,Институт экономики Национальной академии наук Беларуси,
白俄罗斯国家科学院生物有机化学研究所,Институт биоорганической химии Национальной академии наук Беларуси,
白俄罗斯国家科学院生物资源科学与实践中心,Научно-практический центр Национальной академии наук Беларуси по биоресурсам,
白俄罗斯国家科学院文化、语言与文学研究中心,"Центр исследований белорусской культуры, языка и литературы Национальной академии наук Беларуси",
白俄罗斯国家科学院物理技术研究所,Физико-Технический Институт Национальной академии наук Беларуси,
白俄罗斯国家科学院应用物理研究所,Институт прикладной физики Национальной академии наук Беларуси,
白俄罗斯国立工艺大学,Белорусский государственный технологический университет,
白俄罗斯国立技术大学,Белорусский национальный технический университет,
白俄罗斯国立交通大学,Белорусский государственный университет транспорта,
白俄罗斯国立经济大学,Белорусский государственный экономический университет,
白俄罗斯国立农业技术大学,Белорусский государственный аграрный технический университет,
白俄罗斯国立农业学院,Белорусская государственная орденов Октябрьской Революции и Трудового Красного Знамени сельскохозяйственная академия,
白俄罗斯国立师范大学,Белорусский государственный педагогический университет имени Максима Танка,
白俄罗斯国立食品与化工大学,Белорусский государственный университет пищевых и химических технологий,
白俄罗斯国立体育大学,Белорусский государственный университет физической культуры,
白俄罗斯国立通信学院,Белорусская государственная академия связи,
白俄罗斯国立文化艺术大学,Белорусский государственный университет культуры и искусств,
白俄罗斯国立信息和无线电电子大学,Белорусский государственный университет информатики и радиоэлектроники,
白俄罗斯国立医科大学,Белорусский государственный медицинский университет,
白俄罗斯国立艺术学院,Белорусская государственная академия искусств,
白俄罗斯国立音乐学院,Белорусская государственная академия музыки,
白俄罗斯消费者合作贸易经济大学,Белорусский торгово-экономический университет потребительской кооперации,
白凤短期大学,白鳳短期大学,
白鸥大学,白鴎大学,
白瑟夫大学,Баишев университет,
白石大学,백석대학교,
白石文化大学,백석문화대학교,
柏木实业专门学校,柏木実業専門学校,
阪南大学,阪南大学,
浜松医科大学,浜松医科大学,
宝塚大学,宝塚大学,
宝塚医疗大学,宝塚医療大学,
北奥赛梯国立大学,Северо-Осетинский государственный университет имени Коста Левановича Хетагурова,
北方（北极）联邦大学,Северный (Арктический) федеральный университет имени М.В. Ломоносова,
北方国立医科大学,Северный государственный медицинский университет,
北高加索国立学院,Северо-Кавказская государственная академия,
北高加索联邦大学,Северо-Кавказский федеральный университет,
北哈萨克斯坦大学,Северо-Казахстанский университет им. М. Козыбаева,
北海道教育大学,北海道教育大学,
北海道科学大学,北海道科学大学,
北海道情报大学,北海道情報大学,
北海道文教大学,北海道文教大学,
北海道医疗大学,北海道医療大学,
北海商科大学,北海商科大学,
北海学园大学,北海学園大学,
北韩大学院大学,북한대학원대학교,
北见工业大学,北見工業大学,
北九州市立大学,北九州市立大学,
北陆大学,北陸大学,
北星学园大学,北星学園大学,
北星学园大学短期大学部,北星学園大学短期大学部,
北亚大学,ノースアジア大学,
北洋大学,北洋大学,
贝尔格莱德高等职业电气工程与计算机科学学院,Висока Школа Електротехнике и Рачунарства Струковних Студија у Београду,
贝尔格莱德高等职业健康学院,Висока здравствена школа струковних студија у Београду,
贝尔格莱德商业经济与创业学院,Висока школа за пословну економију и предузетништво у Београду,
贝尔格莱德体育教练学院,Виша школа за спортске тренере Београд,
贝加尔国立大学,Байкальский государственный университет,
奔萨国立大学,Пензенский государственный университет,
奔萨国立建筑大学,Пензенский государственный университет архитектуры и строительства,
比什凯克国立大学,Бишкекский государственный университет им. К.Карасаева,
比治山大学,比治山大学,
彼得罗夫国家肿瘤医学研究中心,Национальный медицинский исследовательский центр онкологии имени Н.Н. Петрова,
彼得罗扎沃茨克国立大学,Петрозаводский государственный университет,
彼得罗扎沃茨克国立音乐学院,Петрозаводская государственная консерватория имени А.К. Глазунова,
彼尔姆国家研究型大学,Пермский государственный национальный исследовательский университет,
彼尔姆国家研究型理工大学,Пермский национальный исследовательский политехнический университет,
彼尔姆国立农业技术大学,Пермский государственный аграрно-технологический университет имени академика Д.Н. Прянишникова,
彼尔姆国立人文师范大学,Пермский государственный гуманитарно-педагогический университет,
彼尔姆国立医科大学,Пермский государственный медицинский университет имени академика Е.А. Вагиера,
别尔哥罗德国立工艺大学,Белгородский государственный технологический университет им. В.Г. Шухова,
别尔哥罗德国立国家研究型大学,Белгородский государственный национальный исследовательский университет,
别尔哥罗德国立农业大学,Белгородский государственный аграрный университет имени В.Я. Горина,
别尔哥罗德国立文化艺术学院,Белгородский государственный институт искусств и культуры,
别尔哥罗德合作、经济与法律大学,"Белгородский университет кооперации, экономики и права",
别府大学,別府大学,
别府大学短期大学部,別府大学短期大学部,
别府沟部学园短期大学,別府溝部学園短期大学,
滨海国立农业技术大学,Приморский государственный аграрно-технологический университет,
兵库大学,兵庫大学,
兵库教育大学,兵庫教育大学,
兵库县立大学,兵庫県立大学,
兵库医科大学,兵庫医科大学,
波波夫合唱艺术学院,Академия хорового искусства имени В.С. Попова,
波列西耶国立大学,Полесский государственный университет,
波罗的海国立技术大学,"Балтийский государственный технический университет ""Военмех"" им. Д.Ф.Устинова",
波洛茨克国立大学,Полоцкий государственный университет имени Евфросинии Полоцкой,
布拉茨克国立大学,Братский государственный университет,
布拉戈维申斯克国立师范大学,Благовещенский государственный педагогический университет,
布里亚特国立大学,Бурятский государственный университет имени Доржи Банзарова,
布里亚特国立农业学院,Бурятская государственная сельскохозяйственная академия имени В.Р. Филиппова,
布良斯克国立大学,Брянский государственный университет имени академика И.Г. Петровского,
布良斯克国立技术大学,Брянский государственный технический университет,
布列斯特国立大学,Брестский государственный университет имени А.С.Пушкина,
布列斯特国立技术大学,Брестский государственный технический университет,
BIP法学院,БИП - Институт правоведения,
仓敷艺术科学大学,倉敷芸術科学大学,
仓敷作阳大学,くらしき作陽大学,
草堂大学,초당대학교,
产业能率大学,産業能率大学,
昌信大学,창신대학교,
常磐大学,常磐大学,
常叶大学,常葉大学,
朝日大学,朝日大学,
朝鲜理工大学,조선이공대학교,
朝鲜社会科学院,조선사회과학원,
车里雅宾斯克国立大学,Челябинский государственный университет,
车里雅宾斯克国立文化学院,Челябинский государственный институт культуры,
车医科学大学,차의과학대학교,
成安造型大学,成安造形大学,
成城大学,成城大学,
成蹊大学,成蹊大学,
诚信女子大学,성신여자대학교,
城西大学,城西大学,
城西短期大学,城西短期大学,
城西国际大学,城西国際大学,
池坊短期大学,池坊短期大学,
赤堀糕点制作专门学校,赤堀製菓専門学校,
赤门汽车维修专门学校,専門学校赤門自動車整備大学校,
冲绳大学,沖縄大学,
冲绳国际大学,沖縄国際大学,
冲绳县立艺术大学,沖縄県立芸術大学,
冲绳医疗工学院,沖縄医療工学院,
崇城大学,崇城大学,
楚瓦什国立大学,Чувашский государственный университет имени И.Н.Ульянова,
楚瓦什国立师范大学,Чувашский государственный педагогический университет им. И.Я. Яковлева,
楚瓦什国立文化艺术学院,Чувашский государственный институт культуры и искусств,
川村学园女子大学,川村学園女子大学,
川口文化服装专门学校,川口文化服装専門学校,
川崎医疗短期大学,川崎医療短期大学,
创价大学,創価大学,
创形美术学校,創形美術学校,
创业大学,Институт предпринимательской деятельности,
茨城大学,茨城大学,
茨城基督教大学,茨城キリスト教大学,
茨城女子短期大学,茨城女子短期大学,
茨城县立医疗大学,茨城県立医療大学,
嵯峨美术大学,嵯峨美術大学,
达吉斯坦国立大学,Дагестанский государственный университет,
达吉斯坦国立技术大学,Дагестанский государственный технический университет,
达吉斯坦国立人民经济大学,Дагестанский государственный университет народного хозяйства,
达吉斯坦国立师范大学,Дагестанский государственный педагогический университет,
大阪产业大学,大阪産業大学,
大阪成蹊大学,大阪成蹊大学,
大阪成蹊短期大学,大阪成蹊短期大学,
大阪齿科大学,大阪歯科大学,
大阪大谷大学,大阪大谷大学,
大阪电气通信大学,大阪電気通信大学,
大阪动画学院专门学校,大阪アニメーションカレッジ専門学校,
大阪府立大学,大阪府立大学,
大阪工业大学,大阪工業大学,
大阪观光大学,大阪観光大学,
大阪观光商务学院,大阪観光ビジネス学院,
大阪国际大学,大阪国際大学,
大阪教育大学,大阪教育大学,
大阪经济大学,大阪経済大学,
大阪经济法科大学,大阪経済法科大学,
大阪女学院大学,大阪女学院大学,
大阪女学院短期大学,大阪女学院短期大学,
大阪商业大学,大阪商業大学,
大阪生物医疗专门学校,大阪バイオメディカル専門学校,
大阪市立大学,大阪市立大学,
大阪体育大学,大阪体育大学,
大阪外语专门学校,大阪外語専門学校,
大阪文化服装学院,大阪文化服装学院,
大阪信息计算机专门学校,大阪情報コンピュータ専門学校,
大阪学院大学,大阪学院大学,
大阪学院大学短期大学部,大阪学院大学短期大学部,
大阪医科药科大学,大阪医科薬科大学,
大阪医专,大阪医専,
大阪艺术大学,大阪芸術大学,
大阪艺术大学短期大学部,大阪芸術大学短期大学部,
大阪艺术大学附属大阪美术专门学校,大阪芸術大学附属大阪美術専門学校,
大阪音乐大学,大阪音楽大学,
大阪音乐专门学校,大阪スクールオブミュージック専門学校,
大阪樟荫女子大学,大阪樟蔭女子大学,
大阪综合设计专门学校,大阪総合デザイン専門学校,
大阪MODE学园专门学校,大阪モード学園,
大德大学,대덕대학교,
大东文化大学,大東文化大学,
大分大学,大分大学,
大分工业高等专门学校,大分工業高等専門学校,
大谷大学,大谷大学,
大和大学,大和大学,
大林大学,대림대학교,
大卢基国立农学院,Великолукская государственная сельскохозяйственная академия,
大妻女子大学,大妻女子大学,
大妻女子大学短期大学部,大妻女子大学短期大学部,
大庆大学,대경대학교,
大邱保健大学,대구보건대학교,
大邱大学,대구대학교,
大邱工业大学,대구공업대학교,
大邱韩医大学,대구한의대학교,
大邱加图立大学,대구가톨릭대학교,
大邱教育大学,대구교육대학교,
大邱科学大学,대구과학대학교,
大手前大学,大手前大学,
大特尔诺沃大学,"Великотърновски университет ""Св. св. Кирил и Методий""",
大田保健大学,대전보건대학교,
大田大学,대전대학교,
大田科学技术大学,대전과학기술대학교,
大同大学,大同大学,
大信大学,대신대학교,
大元大学,대원대학교,
大原薄记公务员医疗福祉保育专门学校立川校,大原簿記公務員医療福祉保育専門学校立川校,
大原薄记公务员医疗信息商务专门学校津田沼校,大原簿記公務員医療情報ビジネス専門学校津田沼校,
大原簿记信息商务专门学校横滨校区,大原簿記情報ビジネス専門学校横浜校,
大原簿记学校,大原簿記学校,
大原簿记专门学校大阪校,大原簿記専門学校大阪校,
大原大学院大学,大原大学院大学,
大原医疗秘书福祉专门学校大宫校,大原医療秘書福祉専門学校大宮校,
大正大学,大正大学,
带广畜产大学,帯広畜産大学,
当代知识学院,Институт современных знаний имени А.М.Широкова,
岛根康复学院,リハビリテーションカレッジ島根,
岛根县立大学,島根県立大学,
德成女子大学,덕성여자대학교,
德岛工业短期大学,徳島工業短期大学,
德岛文理大学,徳島文理大学,
德岛文理大学短期大学部,徳島文理大学短期大学部,
德罗霍贝奇国立师范大学,Дрогобицький державний педагогічний університет імені Івана Франка,
帝京大学短期大学,帝京大学短期大学,
帝京科学大学,帝京科学大学,
帝京平成大学,帝京平成大学,
帝塚山大学,帝塚山大学,
第聂伯文化艺术学院,Дніпропетровський коледж культури і мистецтв,
第一工科大学,第一工科大学,
东邦音乐大学,東邦音楽大学,
东北电子专门学校,東北電子専門学校,
东北福祉大学,東北福祉大学,
东北工业大学,東北工業大学,
东北公益文科大学,東北公益文科大学,
东北联邦大学,Северо-Восточный федеральный университет имени М.К.Аммосова,
东北外国语观光专门学校,東北外語観光専門学校,
东北学院大学,東北学院大学,
东北医科药科大学,東北医科薬科大学,
东北艺术工科大学,東北芸術工科大学,
东大阪大学,東大阪大学,
东大阪大学短期大学部,東大阪大学短期大学部,
东方国家学院,Институт стран Востока,
东方经济法律人文学院,Восточная экономико-юридическая гуманитарная академия,
东方文化大学院大学,동방문화대학원대학교,
东放学园电影专门学校,東放学園映画専門学校,
东放学园音响专门学校,東放学園音響専門学校,
东放学园专门学校,東放学園専門学校,
东哈萨克斯坦大学,Восточно-Казахстанский университет имени Сарсена Аманжолова,
东哈萨克斯坦技术大学,Восточно-Казахстанский технический университет им. Д. Серикбаева,
东海齿科医疗专门学校,東海歯科医療専門学校,
东海学园大学,東海学園大学,
东海学院大学,東海学院大学,
东海学院文化教养专门学校,東海学院文化教養専門学校,
东京成德大学,東京成徳大学,
东京齿科卫生专门学校,東京歯科衛生専門学校,
东京电机大学,東京電機大学,
东京电子专门学校,東京電子専門学校,
东京动画学院专门学校,東京アニメーションカレッジ専門学校,
东京动画制作学院专门学校,東京アニメーター学院専門学校,
东京都立产业技术大学院大学,東京都立産業技術大学院大学,
东京都市大学,東京都市大学,
东京服饰专门学校,東京服飾専門学校,
东京福祉保育专门学校,東京福祉保育専門学校,
东京福祉大学,東京福祉大学,
东京福祉专门学校,東京福祉専門学校,
东京富士大学,東京富士大学,
东京糕点制作学校,東京製菓学校,
东京工科大学,東京工科大学,
东京工学院专门学校,東京工学院専門学校,
东京工艺大学,東京工芸大学,
东京广播学院专门学校,専門学校東京アナウンス学院,
东京国际大学,東京国際大学,
东京国际商务学院专门学校,専門学校東京国際ビジネスカレッジ,
东京国际商务学院专门学校神户校,専門学校東京国際ビジネスカレッジ神戸校,
东京国际学园外语专门学校,東京国際学園外語専門学校,
东京航空旅游酒店管理学校,東京エアトラベル・ホテル専門学校,
东京技术学院专门学校,専門学校東京テクニカルカレッジ,
东京家政大学,東京家政大学,
东京家政学院大学,東京家政学院大学,
东京交流艺术专门学校,東京コミュニケーションアート専門学校,
东京经济大学,東京経済大学,
东京经营短期大学,東京経営短期大学,
东京酒店与旅游学院专门学校,東京ホテル・トラベル学院専門学校,
东京立正短期大学,東京立正短期大学,
东京女子大学,東京女子大学,
东京情报大学,東京情報大学,
东京日建工科专门学校,東京日建工科専門学校,
东京山手厨师专门学校,東京山手調理師専門学校,
东京商科法科学院专门学校,東京商科・法科学院専門学校,
东京商务外语学院专门学校,専門学校東京ビジネス外語カレッジ,
东京设计技术中心专门学校,東京デザインテクノロジーセンター専門学校,
东京设计师学院专门学校,専門学校東京デザイナー・アカデミー,
东京设计专门学校,東京デザイン専門学校,
东京神学大学,東京神学大学,
东京时尚商业学院,ファッションビジネスカレッジ東京,
东京寿司和食烹饪专门学校,東京すし和食調理専門学校,
东京数字艺术专门学校,専門学校デジタルアーツ東京,
东京甜品咖啡专门学校,東京スイーツアンドカフェ専門学校,
东京外国语大学,東京外国語大学,
东京外语专门学校,東京外語専門学校,
东京未来大学福祉保育专门学校,東京未来大学福祉保育専門学校,
东京心理音乐疗法福祉专门学校,東京心理音楽療法福祉専門学校,
东京学艺大学,東京学芸大学,
东京药科大学,東京薬科大学,
东京医疗保健大学,東京医療保健大学,
东京艺术大学,東京芸術大学,
东京音乐大学,東京音楽大学,
东京音乐学院专门学校,専門学校ミュージシャンズ・インスティテュート東京,
东京音乐专门学校,東京スクール オブ ミュージック専門学校,
东京音乐专门学校涩谷校区,東京スクールオブミュージック専門学校渋谷,
东京英语专门学校,東京英語専門学校,
东京营养食粮专门学校,東京栄養食糧専門学校,
东京优雅糕点烹饪专门学校,東京ベルエポック製菓調理専門学校,
东京造型大学,東京造形大学,
东京综合写真专门学校,東京綜合写真専門学校,
东京COOLJAPAN专门学校,専門学校東京クールジャパン,
东京MODE学园专门学校,東京モード学園,
东明大学,동명대학교,
东欧经济与管理大学,Східноєвропейський університет економіки і менеджменту,
东日本国际大学,東日本国際大学,
东首尔大学,동서울대학교,
东西伯利亚国立工艺与管理大学,Восточно-Сибирский государственный университет технологий и управления,
东西伯利亚国立文化学院,Восточно-Сибирский государственный институт культуры,
东新大学,동신대학교,
东亚保健大学,동아보건대학교,
东亚经理专门学校神户站前分校,東亜経理専門学校神戸駅前校,
东洋大学,동양대학교,
东洋美术学校,東洋美術学校,
东洋未来大学,동양미래대학교,
东洋学园大学,東洋学園大学,
东洋英和女学院大学,東洋英和女学院大学,
东义大学,동의대학교,
东义科学大学,동의과학대학교,
东元大学,동원대학교,
东园科学技术大学,동원과학기술대학교,
都留文科大学,都留文科大学,
斗源工科大学,두원공과대학교,
独协大学,獨協大学,
独协医科大学,獨協医科大学,
读卖理工医疗福祉专门学校,読売理工医療福祉専門学校,
杜布纳大学,"Университет ""Дубна""",
顿河国立技术大学,Донской государственный технический университет,
多摩大学,多摩大学,
多摩美术大学,多摩美術大学,
多西特学院,"Висока Школа Академских Студија ""Доситеј"" у Београду",
DRESSMAKER学院,ドレスメーカー学院,
俄罗斯-塔吉克斯拉夫大学,Российско-Таджикский (Славянский) университет,
俄罗斯格涅辛音乐学院,Российская академия музыки имени Гнесиных,
俄罗斯国际旅游学院,Российская международная академия туризма,
俄罗斯国家科学院西伯利亚分院中西伯利亚植物园,Центральный сибирский ботанический сад СО РАН,
俄罗斯国家小剧院高等戏剧学院,Высшее театральное училище (институт) имени М.С. Щепкина при Государственном академическом Малом театре России,
俄罗斯国家研究型医科大学,Российский национальный исследовательский медицинский университет имени Н.И. Пирогова,
俄罗斯国立法律大学,Российский государственный университет правосудия,
俄罗斯国立工艺美术大学,Российский государственный художественно-промышленный университет им. С.Г. Строганова,
俄罗斯国立柯西金大学,Российский государственный университет им. А.Н. Косыгина (Технологии. Дизайн. Искусство),
俄罗斯国立旅游与服务大学,Российский государственный университет туризма и сервиса,
俄罗斯国立农业大学,Российский государственный аграрный университет - МСХА имени К.А.Тимирязева,
俄罗斯国立人文大学,Российский государственный гуманитарный университет,
俄罗斯国立社会大学,Российский государственный социальный университет,
俄罗斯国立社会技术大学,Российский государственный университет социальных технологий,
俄罗斯国立师范大学,Российский государственный педагогический университет им. А. И. Герцена,
俄罗斯国立石油天然气大学（国家研究型大学）,Российский государственный университет нефти и газа (Национальный исследовательский университет) имени И. М. Губкина,
俄罗斯国立水文气象大学,Российский государственный гидрометеорологический университет,
俄罗斯国立舞台艺术学院,Российский государственный институт сценических искусств,
俄罗斯国立谢尔戈·奥尔忠尼启则地质勘探大学,Российский государственный геологоразведочный университет имени Серго Орджоникизде,
俄罗斯国立知识产权学院,Российская государственная академия интеллектуальной собственности,
俄罗斯国立专业艺术学院,Российская государственная специализированная академия искусств,
俄罗斯海关学院,Российская таможенная академия,
俄罗斯合作大学,Российский университет кооперации,
俄罗斯交通大学,Российский университет транспорта,
俄罗斯教育科学院教育管理研究所,Институт управления образованием Российской академии образования,
俄罗斯科学院彼得大帝人类学与民族学博物馆,Музей антропологии и этнографии им. Петра Великого (Кунсткамера) РАН,
俄罗斯科学院地理研究所,Институт географии РАН,
俄罗斯科学院电物理与电力工程研究所,Институт электрофизики и электроэнергетики РАН,
俄罗斯科学院俄罗斯文学研究所,Институт русской литературы (Пушкинский дом) Российской академии наук,
俄罗斯科学院非水溶液化学研究所,Российская академия наук институт химии неводных растворов,
俄罗斯科学院分子生物学研究所,Институт молекулярной биологии им. В.А. Энгельгардта Российской академии наук,
俄罗斯科学院高尔基世界文学研究所,Институт мировой литературы имени А.М. Горького РАН,
俄罗斯科学院国家与法研究所,Институт государства и права Российской академии наук,
俄罗斯科学院核研究所,Институт ядерных исследований Российской академии наук,
俄罗斯科学院基础物理研究所,Институт общей физики им. А.М. Прохорова РАН,
俄罗斯科学院基础与无机化学研究所,Институт общей и неорганической химии им. Н.С. Курнакова Российской академии наук,
俄罗斯科学院激光与信息技术研究所,Институт проблем лазерных и информационных технологий РАН,
俄罗斯科学院进化生理学与生物化学研究所,Институт эволюционной физиологии и биохимии им. И.М. Сеченова РАН,
俄罗斯科学院经济研究所,Институт экономики РАН,
俄罗斯科学院理论与实验生物物理研究所,Институт теоретической и экспериментальной биофизики РАН,
俄罗斯科学院前寒武纪地质与年代学研究所,Институт геологии и геохронологии докембрия Российской академии наук,
俄罗斯科学院设计与工艺信息学学院,Институт конструкторско-технологической информатики Российской академии наук,
俄罗斯科学院圣彼得堡联邦研究中心,Санкт-Петербургский Федеральный исследовательский центр Российской академии наук,
俄罗斯科学院圣彼得堡信息与自动化研究所,Санкт-Петербургский институт информатики и автоматизации РАН,
俄罗斯科学院数学研究所,Математический институт им. В. А. Стеклова РАН,
俄罗斯科学院斯拉夫学研究所,Институт славяноведения Российской академии наук,
俄罗斯科学院乌拉尔分院高温电化学研究所,Институт Высокотемпературной электрохимии УРО РАН,
俄罗斯科学院乌拉尔分院金属物理研究所,Институт физики металлов имени М.Н. Михеева Уральского отделения Российской академии наук,
俄罗斯科学院乌拉尔分院经济研究所,Институт экономики Уральского отделения Российской академии наук,
俄罗斯科学院物理技术研究所,Физико-технический институт им. А.Ф. Иоффе РАН,
俄罗斯科学院西伯利亚分院大气光学研究所,Институт оптики атмосферы им. В.Е. Зуева Сибирского отделения Российской академии наук,
俄罗斯科学院西伯利亚分院冻土研究所,Институт мерзлотоведения им. П.И. Мельникова Сибирского отделения Российской академии наук,
俄罗斯科学院西伯利亚分院固体化学与机械化学研究所,Институт химии твердого тела и механохимии Сибирского отделения РАН,
俄罗斯科学院西伯利亚分院核物理研究所,Институт ядерной физики им. Г.И. Будкера Сибирского отделения Российской академии наук,
俄罗斯科学院西伯利亚分院化学生物学与基础医学研究所,Институт химической биологии и фундаментальной медицины СО РАН,
俄罗斯科学院西伯利亚分院劳动红旗勋章日地物理研究所,Ордена Трудового Красного Знамени Институт солнечно-земной физики Сибирского отделения Российской академии наук,
俄罗斯科学院西伯利亚分院流体力学研究所,Институт гидродинамики им. М.А. Лаврентьева Сибирского отделения Российской академии наук,
俄罗斯科学院西伯利亚分院蒙古学、佛学与藏学研究所,"Институт Монголоведения, Буддологии и Тибетологии СО РАН",
俄罗斯科学院西伯利亚分院能源系统研究所,Институт систем энергетики имени Л. А. Мелентьева СО РАН,
俄罗斯科学院西伯利亚分院强度物理与材料学研究所,Институт физики прочности и материаловедения Сибирского отделения Российской академии наук (ИФПМ СО РАН),
俄罗斯科学院西伯利亚分院生物物理研究所,Институт Биофизики СО РАН,
俄罗斯科学院西伯利亚分院新西伯利亚有机化学研究所,Новосибирский институт органической химии имени Н.Н. Ворожцова СО РАН Россия,
俄罗斯科学院西伯利亚分院伊尔库茨克化学研究所,Иркутский институт химии им. А. Е. Фаворского СО РАН,
俄罗斯科学院西伯利亚分院伊尔库茨克科学中心,Иркутский научный центр Сибирского отделения Российской академии наук,
俄罗斯科学院西伯利亚分院油气地质学与地球物理学研究所,Институт нефтегазовой геологии и геофизики имени А.А. Трофимука СО РАН,
俄罗斯科学院西伯利亚分院语文学研究所,Институт филологии Сибирского отделения Российской академии наук,
俄罗斯科学院细胞学研究所,Институт цитологии Российской академии наук,
俄罗斯科学院冶金与材料科学研究所,Институт металлургии и материаловедения им. А. А. Байкова РАН,
俄罗斯科学院伊什林斯基力学问题研究所,Институт проблем механики им. А.Ю. Ишлинского Российской академии наук,
俄罗斯科学院应用数学研究所,Институт прикладной математики имени М.В. Келдыша РАН,
俄罗斯科学院有机化学研究所,Институт органической химии им. Н. Д. Зелинского РАН,
俄罗斯科学院语言学研究所,Институт языкознания Российской академии наук,
俄罗斯科学院元素有机化合物研究所,Институт элементоорганических соединений им. А. Н. Несмеянова Российской академии наук,
俄罗斯科学院远东分院太平洋生物有机化学研究所,Тихоокеанский институт биоорганической химии ДВО РАН,
俄罗斯科学院远东分院远东人民历史、考古与民俗学研究所,"Институт истории, археологии и этнографии народов Дальнего Востока ДВО РАН",
俄罗斯科学院远东分院自动化与过程控制研究所,Институт автоматики и процессов управления ДВО РАН,
俄罗斯科学院远东研究所,Институт Дальнего Востока Российской академии наук,
俄罗斯科学院自动化设计研究所,Институт автоматизации проектирования Российской академии наук,
俄罗斯联邦经济发展部全俄外贸学院,Всероссийская академия внешней торговли Министерства экономического развития Российской Федерации,
俄罗斯联邦民防、紧急情况和消除自然灾害后果部国家消防学院,"Академия Государственной противопожарной службы Министерства Российской Федерации по делам гражданской обороны, чрезвычайным ситуациям и ликвидации последствий стихийных бедствий",
俄罗斯联邦内务部圣彼得堡大学,Санкт-Петербургский университет Министерства внутренних дел Российской Федерации,
俄罗斯联邦外交部外交学院,Дипломатическая академия Министерства иностранных дел Российской Федерации,
俄罗斯联邦卫生部莫斯科国立谢东诺夫第一医科大学（谢东诺夫大学）,Первый Московский государственный медицинский университет имени И.М. Сеченова Министерства здравоохранения Российской Федерации (Сеченовский Университет),
俄罗斯联邦政府财经大学,Финансовый университет при правительстве Российской Федерации,
俄罗斯联邦总统俄罗斯国民经济和国务学院,Российская академия народного хозяйства и государственной службы при Президенте Российской Федерации,
俄罗斯门捷列夫化工大学,Российский химико-технологический университет имени Д.И. Менделеева,
俄罗斯普列汉诺夫经济大学,Российский экономический университет имени Г.В. Плеханова,
俄罗斯生物工艺大学,Российский биотехнологический университет (РОСБИОТЕХ),
俄罗斯武装力量总参谋部军事学院,Военная академия Генерального штаба Вооруженных Сил Российской Федерации,
俄罗斯戏剧艺术学院,Российский институт театрального искусства - ГИТИС,
俄罗斯新大学,Российский новый университет,
俄罗斯医科大学,Российский университет медицины,
俄罗斯医学科学院肿瘤学科研中心,Российский онкологический научный центр имени Н.Н. Блохина РАМН,
俄罗斯艺术科学院莫斯科国立苏里科夫美术学院,Московский государственный академический художественный институт имени В.И. Сурикова при Российской академии художеств,
俄罗斯艺术史研究院,Российский институт истории искусств,
俄罗斯运动大学,Российский университет спорта (ГЦОЛИФК),
俄罗斯终身职业教育医学院,Российская медицинская академия непрерывного профессионального образования,
鄂木斯克国立大学,Омский государственный университет им. Ф.М. Достоевского,
鄂木斯克国立技术大学,Омский государственный технический университет,
鄂木斯克国立交通大学,Омский государственный университет путей сообщения,
鄂木斯克国立农业大学,Омский государственный аграрный университет,
鄂木斯克国立师范大学,Омский государственный педагогический университет,
鄂木斯克人文学院,Омская гуманитарная академия,
二松学舍大学,二松学舎大学,
放送艺术学院专门学校,放送芸術学院専門学校,
菲莉斯女学院大学,フェリス女学院大学,
丰桥创造大学,豊橋創造大学,
丰桥技术科学大学,豊橋技術科学大学,
弗拉基米尔国立大学,Владимирский государственный университет имени Александра Григорьевича и Николая Григорьевича Столетовых,
伏尔加地区肉奶制品生产与加工科研所,Поволжский научно-исследовательский институт производства и переработки мясомолочной продукции,
伏尔加格勒国立大学,Волгоградский государственный университет,
伏尔加格勒国立技术大学,Волгоградский государственный технический университет,
伏尔加格勒国立社会-师范大学,Волгоградский государственный социально-педагогический университет,
伏尔加格勒国立体育学院,Волгоградская государственная академия физической культуры,
伏尔加格勒国立医科大学,Волгоградский государственный медицинский университет,
伏尔加格勒国立艺术与文化学院,Волгоградский государственный институт искусств и культуры,
伏尔加格勒国立音乐学院,Волгоградская государственная консерватория имени П.А. Серебрякова,
伏尔加国立电信与信息大学,Поволжский государственный университет телекоммуникаций и информатики,
伏尔加国立服务大学,Поволжский государственный университет сервиса,
伏尔加国立交通大学,Приволжский государственный университет путей сообщения,
伏尔加国立体育、运动与旅游大学,"Поволжский государственный университет физической культуры, спорта и туризма",
伏尔加塔季谢夫大学（学院）,Волжский университет имени В.Н. Татищева (институт),
佛教大学,佛教大学,
服部营养专门学校,服部栄養専門学校,
符拉迪沃斯托克国立大学,Владивостокский государственный университет,
福岛大学,福島大学,
福岛县立医科大学,福島県立医科大学,
福冈齿科大学,福岡歯科大学,
福冈工业大学,福岡工業大学,
福冈国际医疗福祉大学,福岡国際医療福祉大学,
福冈教育大学,福岡教育大学,
福冈女学院大学,福岡女学院大学,
福冈女子大学,福岡女子大学,
福冈设计专门学校,福岡デザイン専門学校,
福冈县立大学,福岡県立大学,
福井大学,福井大学,
福井工业大学,福井工業大学,
福井县立大学,福井県立大学,
福山大学,福山大学,
福山平成大学,福山平成大学,
福山市立大学,福山市立大学,
釜山大学,부산대학교,
釜山加图立大学,부산가톨릭대학교,
釜山经商大学,부산경상대학,
釜山科学技术大学,부산과학기술대학교,
釜山外国语大学,부산외국어대학교,
富川大学,부천대학교,
富山创意专门学校,富山クリエイティブ専門学校,
富山国际大学,富山国際大学,
富山县立大学,富山県立大学,
富士大学,富士大学,
富士国际商务专门学校,富士国際ビジネス専門学校,
富士计算机专门学校,富士コンピュータ専門学校,
FORUM信息专门学校,フォーラム情報アカデミー専門学校,
冈山科学技术专门学校,岡山科学技術専門学校,
冈山理科大学,岡山理科大学,
冈山商科大学,岡山商科大学,
冈山商科大学专门学校,岡山商科大学専門学校,
冈山县立大学,岡山県立大学,
冈山医疗福祉专门学校,岡山医療福祉専門学校,
高等技术学院,الكليات التقنية,
高尔基文学院,Литературный институт имени А.М. Горького,
高冈法科大学,高岡法科大学,
高加索人民友谊学院,Институт Дружбы народов Кавказа,
高能物理研究所,Институт физики высоких энергий,
高崎健康福祉大学,高崎健康福祉大学,
高崎经济大学,高崎経済大学,
高崎商科大学,高崎商科大学,
高千穗大学,高千穂大学,
高神大学,고신대학교,
高松大学,高松大学,
高田短期大学,高田短期大学,
高野山大学,高野山大学,
高知大学,高知大学,
高知工科大学,高知工科大学,
高知县立大学,高知県立大学,
戈梅利国立大学,Гомельский государственный университет имени Франциска Скорины,
戈梅利国立技术大学,Гомельский государственный технический университет имени П.О.Сухого,
戈梅利国立医科大学,Гомельский государственный медицинский университет,
格雷格外语专门学校,グレッグ外語専門学校,
格雷格外语专门学校横滨校区,グレッグ外語専門学校横浜校,
格雷格外语专门学校新宿校区,グレッグ外語専門学校新宿校,
格罗德诺国立农业大学,Гродненский государственный аграрный университет,
格罗德诺国立医学院,Гродненский государственный медицинский институт,
格罗兹尼国立石油技术大学,Грозненский государственный нефтяной технический университет имени академика М.Д. Миллионщикова,
格洛德诺杨克库帕尔国立大学,Гродненский государственный университет имени Янки Купалы,
工学院大学,工学院大学,
公共行政学院,Институт государственного администрирования,
公立函馆未来大学,公立はこだて未来大学,
公立鸟取环境大学,公立鳥取環境大学,
公立诹访东京理科大学,公立諏訪東京理科大学,
宫城大学,宮城大学,
宫城教育大学,宮城教育大学,
宫崎产业经营大学,宮崎産業経営大学,
宫崎大学,宮崎大学,
宫崎公立大学,宮崎公立大学,
共爱学园前桥国际大学,共愛学園前橋国際大学,
共立女子大学,共立女子大学,
共荣大学,共栄大学,
顾彼思商学院,グロービス経営大学院大学,
关东本田技术学院,ホンダテクニカルカレッジ関東,
关东学园大学,関東学園大学,
关东学院大学,関東学院大学,
关西本田技术学院,ホンダテクニカルカレッジ関西,
关西大学,関西大学,
关西国际大学,関西国際大学,
关西会计专门学校,関西経理専門学校,
关西外国语大学,関西外国語大学,
关西外国语大学短期大学部,関西外国語大学短期大学部,
关西外语专门学校,関西外語専門学校,
光神大学,광신대학교,
光州大学,광주대학교,
光州女子大学,광주여자대학교,
广岛都市学园大学,広島都市学園大学,
广岛工业大学,広島工業大学,
广岛国际大学,広島国際大学,
广岛国际商务学院专门学校,専門学校広島国際ビジネスカレッジ,
广岛国际学院大学,広島国際学院大学,
广岛经济大学,広島経済大学,
广岛女学院大学,広島女学院大学,
广岛市立大学,広島市立大学,
广岛市医师会看护专门学校,広島市医師会看護専門学校,
广岛文化学园大学,広島文化学園大学,
广岛修道大学,広島修道大学,
龟尾大学,구미대학교,
国际创新大学,Международный инновационный университет,
国际大学,국제대학교,
国际大学“国际劳动与社会关系学院”,"Международный университет ""МИТСО""",
国际电子会计专门学校,国際電子会計専門学校,
国际动画专门学校,国際アニメーション専門学校,
国际短期大学,国際短期大学,
国际法律经营大学院大学,국제법률경영대학원대학교,
国际佛教学大学院大学,国際仏教学大学院大学,
国际贡献专门大学校,国際貢献専門大学校,
国际观光专门学校,国際観光専門学校,
国际观光专门学校名古屋校区,国際観光専門学校名古屋校,
国际管理与创业学院,Международный институт управления и предпринимательства,
国际基督教大学,国際基督教大学,
国际技术设计与汽车专门学校,国際テクニカルデザイン・自動車専門学校,
国际交通人文大学,Международный транспортно-гуманитарный университет,
国际教养大学,国際教養大学,
国际科技大学,Міжнародний науково-технічний університет,
国际旅游酒店婚礼专门学校,国際トラベル・ホテル・ブライダル専門学校,
国际情报经济专门学校,国際情報経済専門学校,
国际情报商务专门学校,国際情報ビジネス専門学校,
国际商务大学,Университет международного бизнеса имени Кенжегали Сагадиева,
国际商务设计专门学校,国際ビジネスデザイン専門学校,
国际商务专门学校,専門学校インターナショナル・スクール オブ ビジネス,
国际神学大学院大学,국제신학대학원대학교,
国际时尚专门职大学,国際ファッション専門職大学,
国际食品糕点制作专门学校,国際フード製菓専門学校,
国际市场学院,Международный институт рынка,
国际双业务专门学校,国際デュアルビジネス専門学校,
国际外语旅游航空专门学校,国際外語・観光・エアライン専門学校,
国际武道大学,国際武道大学,
国际医疗福祉大学,国際医療福祉大学,
国际医学大学,Международный медицинский университет,
国际语言学院外国语专门学校,国際ことば学院外国語専門学校,
国际综合健康专门学校,国際総合健康専門学校,
国家美术学院,Национална художествена академия,
国家内务学院,Національна академія внутрішніх справ,
国家戏剧与电影艺术学院,"Национална академия за театрално и филмово изкуство ""Кръстьо Сарафов""",
国家研究型大学-伊尔库茨克国立理工大学,Иркутский национальный исследовательский технический университет,
国家研究型大学“莫斯科电子技术学院”,Национальный исследовательский университет «Московский институт электронной техники»,
国家研究型大学“莫斯科动力学院”,Национальный исследовательский университет «МЭИ»,
国家研究型高等经济大学,Национальный исследовательский университет «Высшая школа экономики»,
国家研究型工艺大学“莫斯科钢铁合金学院”杜尚别分校,Душанбинский филиал Национального исследовательского технологического университета «МИСиС»,
国家研究型核技术大学“莫斯科物理工程学院”,"Национальный исследовательский ядерный университет ""МИФИ""",
国家研究型莫尔多瓦国立大学,Национальный исследовательский Мордовский государственный университет им. Н.П. Огарёва,
国家研究型莫斯科国立建筑大学,Национальный исследовательский Московский государственный строительный университет,
国家研究型托姆斯克国立大学,Национальный исследовательский Томский государственный университет,
国家研究型下诺夫哥罗德国立大学,Национальный исследовательский Нижегородский государственный университет им. Н.И. Лобачевского,
国家研究中心库尔恰托夫研究所,"Национальный исследовательский центр ""Курчатовский институт""",
国立癌症中心国际癌症大学院大学,국립암센터국제암대학원대학교,
国立安东大学,국립안동대학교,
国立昌原大学,국립창원대학교,
国立大学“敖德萨法律学院”,"Національний університет ""Одеська юридична академія""",
国立釜庆大学,국립부경대학교,
国立公州大学,국립공주대학교,
国立管理大学,Государственный университет управления,
国立海事大学,Государственный морской университет имени адмирала Ф.Ф. Ушакова,
国立韩巴大学,국립한밭대학교,
国立韩国海洋大学,국립한국해양대학교,
国立韩国交通大学,국립한국교통대학교,
国立航空航天大学哈尔科夫航空学院,Національний аерокосмічний університет імені М. Є. Жуковського «Харківський авіаційний інститут»,
国立江陵原州大学,국립강릉원주대학교,
国立教育大学,Государственный университет просвещения,
国立美术与建筑学院,Національна академія образотворчого мистецтва і архітектури,
国立木浦大学,국립목포대학교,
国立普希金俄语学院,Государственный институт русского языка им. А.С. Пушкина,
国立群山大学,국립군산대학교,
国立人文科学大学,Государственный академический университет гуманитарных наук,
国立社会人文大学,Государственный социально-гуманитарный университет,
国立顺天大学,국립순천대학교,
国立土地规划大学,Государственный университет по землеустройству,
国立文化与艺术管理人员学院,Національна академія керівних кадрів культури і мистецтв,
国立药科大学,Національний фармацевтичний університет,
国立音乐大学,国立音楽大学,
国立音乐师范学院,Государственный музыкально-педагогический институт имени М. М. Ипполитова-Иванова,
国士馆大学,国士舘大学,
国学院大学,國學院大學,
哈巴罗夫斯克国立文化学院,Хабаровский государственный институт культуры,
哈尔科夫国立市政大学,Харківський національний університет міського господарства імені О.М. Бекетова,
哈尔科夫理工学院,Харківський політехнічний інститут,
哈卡斯国立大学,Хакасский государственный университет имени Н.Ф. Катанова,
哈萨克-俄罗斯国际大学,Казахско-Русский Международный университет,
哈萨克-美国自由大学,Казахстанско-Американский свободный университет,
哈萨克国际关系与世界语言大学,Казахский университет международных отношений и мировых языков им. Абылай хана,
哈萨克国立技术大学,Казахский национальный технический университет имени К. И. Сатпаева,
哈萨克国立农业研究型大学,Казахский национальный аграрный исследовательский университет,
哈萨克国立师范大学,Казахский национальный педагогический университет им. Абая,
哈萨克国立艺术大学,Казахский национальный университет искусств,
哈萨克国立艺术学院,Казахская Национальная Академия Искусств имени Т.К.Жургенова,
哈萨克汽车公路学院,Казахский автомобильно-дорожный институт им. Л. Б. Гончарова,
哈萨克斯坦-英国技术大学,Казахстанско-Британский технический университет,
哈萨克斯坦国立音乐学院,Казахская национальная консерватория имени Курмангазы,
哈萨克斯坦技术与商务大学,Казахский университет технологии и бизнеса,
哈萨克体育与旅游学院,Казахская академия спорта и туризма,
函馆大学,函館大学,
函馆工业高等专门学校,函館工業高等専門学校,
韩东大学,한동대학교,
韩国传统文化大学,한국전통문화대학교,
韩国高尔夫大学,한국골프대학교,
韩国工学大学,한국공학대학교,
韩国航空大学,한국항공대학교,
韩国技术教育大学,한국기술교육대학교,
韩国教员大学,한국교원대학교,
韩国浸礼神学大学,한국침례신학대학교,
韩国圣书大学,한국성서대학교,
韩国体育大学,한국체육대학교,
韩国学中央研究院韩国学研究生院,한국학중앙연구원한국학대학원,
韩国艺术综合学校,한국예술종합학교,
韩国映像大学,한국영상대학교,
韩京国立大学,한경국립대학교,
韩南大学,한남대학교,
韩瑞大学,한서대학교,
韩世大学,한세대학교,
韩信大学,한신대학교,
汉城大学,한성대학교,
汉拿大学,한라대학교,
汉阳女子大学,한양여자대학교,
翰林国际大学院大学,한림국제대학원대학교,
翰林圣心大学,한림성심대학교,
好莱坞大学院大学,ハリウッド大学院大学,
好莱坞美容专门学校,ハリウッド美容専門学校,
和歌山大学,和歌山大学,
和歌山工业高等专门学校,和歌山工業高等専門学校,
和光大学,和光大学,
和洋女子大学,和洋女子大学,
鹤见大学,鶴見大学,
横滨经理专门学校,横浜経理専門学校,
横滨美术大学,横浜美術大学,
横滨日建工科专门学校,横浜日建工科専門学校,
横滨商科大学,横浜商科大学,
横滨设计学院,横浜デザイン学院,
横滨系统工学院专门学校,横浜システム工学院専門学校,
弘前学院大学,弘前学院大学,
弘益大学,홍익대학교,
后贝加尔国立大学,Забайкальский государственный университет,
湖西大学,호서대학교,
湖原大学,호원대학교,
瑚山大学,호산대학교,
花园大学,花園大学,
华学园营养专门学校,華学園栄養専門学校,
环太平洋大学,環太平洋大学,
皇学馆大学,皇學館大学,
会津大学,会津大学,
彗田大学,혜전대학교,
惠泉女学园大学,恵泉女学園大学,
活水女子大学,活水女子大学,
霍罗格国立大学,Хорогский государственный университет им. М. Назаршоева,
HIKO MIZUNO珠宝首饰设计专门学校,専門学校ヒコ・みづのジュエリーカレッジ,
姫路独协大学,姫路獨協大学,
姬路情报系统专门学校,姫路情報システム専門学校,
基辅国际大学,Київський міжнародний університет,
吉备国际大学,吉備国際大学,
吉尔吉斯-俄罗斯斯拉夫大学,Кыргызско-Российский Славянский университет имени первого Президента Российской Федерации Б.Н. Ельцина,
吉尔吉斯-哈萨克大学,Кыргызско-Казахский Университет,
吉尔吉斯共和国外交部外交学院,Дипломатическая академия Министерства иностранных дел Кыргызской Республики имени Казы Дикамбаева,
吉尔吉斯国立大学,Кыргызский Государственный Университет имени И Арабаева,
吉尔吉斯国立技术大学,Кыргызский Государственный Технический Университет имени И Раззакова,
吉尔吉斯国立体育学院,Кыргызская государственная академия физической культуры и спорта,
吉尔吉斯经济大学,Кыргызский экономический университет,
吉尔吉斯斯坦-土耳其玛纳斯大学,Кыргызско-Турецкий университет Манас,
吉尔吉斯斯坦国际大学,Международный Университет Кыргызстана,
吉尔吉斯乌兹别克大学,Кыргызско-Узбекский университет,
吉尔吉斯朱苏普•巴拉萨根国立大学,Кыргызский Национальный Университет Имени Жусупа Баласагына,
吉田学园情报商务专门学校,吉田学園情報ビジネス専門学校,
极东大学,극동대학교,
计算机教育学院专门学校,専門学校コンピュータ教育学院,
济州大学,제주대학교,
济州观光大学,제주관광대학교,
济州国际大学,제주국제대학교,
济州汉拿大学,제주한라대학교,
迹见学园女子大学,跡見学園女子大学,
继续教育学院,Институт непрерывного образования,
加尔文大学,칼빈대학교,
加里宁格勒国立技术大学,Калининградский государственный технический университет,
加图立大学,가톨릭대학교,
加图立关东大学,가톨릭관동대학교,
加图立上智大学,가톨릭상지대학교,
加耶大学,가야대학교,
嘉悦大学,嘉悦大学,
甲南大学,甲南大学,
甲南女子大学,甲南女子大学,
甲子园大学,甲子園大学,
建设建材大学,건설건재대학,
建信学大学院大学,건신대학원대학교,
建阳大学,건양대학교,
江东大学,강동대학교,
江户川大学,江戸川大学,
江陵岭东大学,강릉영동대학교,
江原道立大学,강원도립대학,
捷尔诺波尔国立技术大学,Тернопільський національний технічний університет імені Івана Пулюя,
今治明德短期大学,今治明徳短期大学,
金城大学,金城大学,
金城大学短期大学部,金城大学短期大学部,
金城学院大学,金城学院大学,
金刚大学,금강대학교,
金亨稷师范大学,김형직사범대학,
金浦大学,김포대학교,
金日成综合大学,김일성종합대학,
金乌工科大学,금오공과대학교,
金泽工业大学,金沢工業大学,
金泽美术工艺大学,金沢美術工芸大学,
金泽星稜大学,金沢星稜大学,
金泽医科大学,金沢医科大学,
津田塾大学,津田塾大学,
晋州教育大学,진주교육대학교,
京东大学,경동대학교,
京都产业大学,京都産業大学,
京都传统工艺大学校,京都伝統工芸大学校,
京都府立大学,京都府立大学,
京都工艺纤维大学,京都工芸繊維大学,
京都光华女子大学,京都光華女子大学,
京都光华女子大学短期大学部,京都光華女子大学短期大学部,
京都计算机学院京都站前校区,京都コンピュータ学院京都駅前校,
京都计算机学院洛北校,京都コンピュータ学院洛北校,
京都计算机学院鸭川校,京都コンピュータ学院鴨川校,
京都教育大学,京都教育大学,
京都经济短期大学,京都経済短期大学,
京都精华大学,京都精華大学,
京都橘大学,京都橘大学,
京都看护大学,京都看護大学,
京都美术工艺大学,京都美術工芸大学,
京都女子大学,京都女子大学,
京都情报大学院大学,京都情報大学院大学,
京都圣母院女子大学,京都ノートルダム女子大学,
京都市立艺术大学,京都市立芸術大学,
京都外国语大学,京都外国語大学,
京都外国语专门学校,京都外国語専門学校,
京都文教大学,京都文教大学,
京都西山短期大学,京都西山短期大学,
京都先端科学大学,京都先端科学大学,
京都药科大学,京都薬科大学,
京都医健专门学院,京都医健専門学校,
京都艺术大学,京都芸術大学,
京都艺术设计专门学校,京都芸術デザイン専門学校,
京都营养医疗专门学校,京都栄養医療専門学校,
京福大学,경복대학교,
京畿大学,경기대학교,
京畿科学技术大学,경기과학기술대학교,
京仁教育大学,경인교육대학교,
敬爱大学,敬愛大学,
敬和学园大学,敬和学園大学,
敬仁女子大学,경인여자대학교,
静冈产业大学,静岡産業大学,
静冈产业技术专门学校,静岡産業技術専門学校,
静冈福祉大学,静岡福祉大学,
静冈国际航空专门学校,静岡インターナショナル・エア・リゾート専門学校,
静冈理工科大学,静岡理工科大学,
静冈设计专门学校,静岡デザイン専門学校,
静冈文化艺术大学,静岡文化芸術大学,
静冈县立大学,静岡県立大学,
静冈英和学院大学,静岡英和学院大学,
静冈英和学院大学短期大学部,静岡英和学院大学短期大学部,
九州保健福祉大学,九州保健福祉大学,
九州产业大学,九州産業大学,
九州产业大学造型短期大学部,九州産業大学造形短期大学部,
九州共立大学,九州共立大学,
九州国际大学,九州国際大学,
九州看护福祉大学,九州看護福祉大学,
九州路德学院大学,九州ルーテル学院大学,
九州女子大学,九州女子大学,
九州情报大学,九州情報大学,
九州英数学馆专门学校,専門学校九州英数学舘,
久留米工业大学,久留米工業大学,
就实大学,就実大学,
就实短期大学,就実短期大学,
驹泽大学,駒澤大学,
驹泽女子大学,駒沢女子大学,
巨济大学,거제대학교,
军事大学,Военный университет,
军事学院,"Военна академия ""Г. С. Раковски""",
骏河台大学,駿河台大学,
骏台电子情报与商科专门学校,駿台電子情報アンドビジネス専門学校,
骏台观光与外语商务专门学校,駿台観光アンド外語ビジネス専門学校,
喀山（伏尔加沿岸）联邦大学,Казанский (Приволжский) федеральный университет,
喀山创新大学,Казанский инновационный университет имени В.Г. Тимирясова (ИЭУП),
喀山国家研究型工艺大学,Казанский национальный исследовательский технологический университет,
喀山国立动力大学,Казанский государственный энергетический университет,
喀山国立建筑工程大学,Казанский государственный архитектурно-строительный университет,
喀山国立兽医学院,Казанская государственная академия ветеринарной медицины имени Н.Э. Баумана,
喀山国立文化学院,Казанский государственный институт культуры,
喀山国立医科大学,Казанский государственный медицинский университет,
喀山国立音乐学院,Казанская государственная консерватория имени Н.Г. Жиганова,
喀山图波列夫国家研究型技术大学,Казанский национальный исследовательский технический университет им. А.Н. Туполева-КАИ,
卡巴尔达-巴尔卡尔国立大学,Кабардино-балкарский государственный университет имени Х.М. Бербекова,
卡尔梅克国立大学,Калмыцкий государственный университет имени Б.Б. Городовикова,
卡拉干达国立大学,Карагандинский государственный университет им. Букетова,
卡拉恰伊-切尔克斯国立大学,Карачаево-Черкесский государственный университет имени У. Д. Алиева,
卡卢加国立大学,Калужский государственный университет им.К.Э. Циолковского,
卡缅涅茨-波多利斯基国立大学,Кам'янець-Подільський національний університет імені Івана Огієнка,
开罗莫卡塔姆语言、口译、行政科学和计算机高等学院,معهد القاهرة العالى للغات والترجمة الفورية والعلوم الادارية والحاسب الالى بالمقطم,
开志专门职大学,開志専門職大学,
开智国际大学,開智国際大学,
勘察加国立大学,Камчатский государственный университет имени Витуса Беринга,
勘察加国立技术大学,Камчатский государственный технический университет,
科斯特罗马国立大学,Костромской государственный университет,
科学技术联合大学院大学,과학기술연합대학원대학교,
克拉斯诺达尔国立文化学院,Краснодарский государственный институт культуры,
克拉斯诺亚尔斯克国立农业大学,Красноярский государственный аграрный университет,
克拉斯诺亚尔斯克国立师范大学,Красноярский государственный педагогический университет им. В.П. Астафьева,
克拉斯诺亚尔斯克国立医科大学,Красноярский государственный медицинский университет имени профессора В.Ф. Войно-Ясенецкого,
克麦罗沃国立大学,Кемеровский государственный университет,
克麦罗沃国立文化学院,Кемеровский государственный институт культуры,
克孜勒奥尔达大学,Кызылординский университет имени Коркыт Ата,
克孜勒奥尔达开放大学,Кызылординский открытый университет,
空军教学科研中心茹可夫加加林空军学院,"""Военный учебно-научный центр Военно-воздушных сил"" Военно-воздушная академия имени профессора Н. Е. Жуковского и Ю. А. Гагарина",
苦盏加富罗夫院士国立大学,Худжандский государственный университет имени академика Бободжона Гафурова,
库班国立大学,Кубанский государственный университет,
库班国立工艺大学,Кубанский государственный технологический университет,
库班国立农业大学,Кубанский государственный аграрный университет имени И.Т. Трубилина,
库班国立体育、运动与旅游大学,"Кубанский государственный университет физической культуры, спорта и туризма",
库尔干国立大学,Курганский государственный университет,
库尔斯克国立大学,Курский государственный университет,
库尔斯克国立医科大学,Курский государственный медицинский университет,
库兹巴斯国立技术大学,Кузбасский государственный технический университет имени Т.Ф. Горбачева,
库兹涅佐夫海军学院,Военный учебно-научный центр Военно-Морского Флота «Военно-морская академия имени Адмирала Флота Советского Союза Н.Г. Кузнецова»,
KIMEP大学,Университет КИМЭП,
酪农学园大学,酪農学園大学,
骊州大学,여주대학교,
里海技术与工程大学,Каспийский университет технологий и инжиниринга имени Шахмардана Есенова,
里海社会大学,Каспийский общественный университет,
里千家学园茶道专门学校,裏千家学園茶道専門学校,
立命馆亚洲太平洋大学,立命館アジア太平洋大学,
立正大学,立正大学,
丽泽大学,麗澤大学,
利佩茨克国立技术大学,Липецкий государственный технический университет,
利佩茨克国立师范大学,Липецкий государственный педагогический университет имени П.П. Семенова-Тян-Шанского,
莲庵工科大学,연암공과대학교,
联邦处罚执行局法律与管理学院,Академия права и управления Федеральной службы исполнения наказаний,
联邦处罚执行局弗拉基米尔法律学院,Владимирский юридический институт Федеральной службы исполнения наказаний,
联邦卫生与社会发展部远东国立医科大学,Дальневосточный государственный медицинский университет Федерального агентства по здравоохранению и социальному развитию,
联合核子研究所,Объединённый институт ядерных исследований,
梁赞国立大学,Рязанский государственный университет имени С.А. Есенина,
梁赞国立医科大学,Рязанский государственный медицинский университет имени академика И.П. Павлова,
列宁格勒普希金国立大学,Ленинградский государственный университет имени А. С. Пушкина,
灵山大学,영산대학교,
铃鹿大学,鈴鹿大学,
铃鹿医疗科学大学,鈴鹿医療科学大学,
岭南理工大学,영남이공대학교,
岭南神学大学,영남신학대학교,
岭南外国语大学,영남외국어대학,
流通经济大学,流通経済大学,
流通科学大学,流通科学大学,
柳韩大学,유한대학교,
龙谷大学,龍谷大学,
龙仁大学,용인대학교,
龙仁松潭大学,용인송담대학교,
卢茨克国立技术大学,Луцький національний технічний університет,
芦屋大学,芦屋大学,
陆军教学科研中心“俄罗斯联邦武装力量朱可夫勋章多兵种合成学院”,Военный учебно-научный центр Сухопутных войск «Общевойсковая ордена Жукова академия Вооружённых Сил Российской Федерации»,
鹿儿岛国际大学,鹿児島国際大学,
鹿屋体育大学,鹿屋体育大学,
路德学院大学,ルーテル学院大学,
罗斯托夫国立交通大学,Ростовский государственный университет путей сообщения,
罗斯托夫国立经济大学,Ростовский государственный экономический университет (РИНХ),
罗斯托夫国立音乐学院,Ростовская государственная консерватория им. С.В.Рахманинова,
麻布大学,麻布大学,
麻生信息商务专门学校,麻生情報ビジネス専門学校,
马格尼托戈尔斯克国立技术大学,Магнитогорский государственный технический университет им Г.И. Носова,
马格尼托哥尔斯克国立音乐学院,Магнитогорская государственная консерватория (академия) имени М.И. Глинки,
马里国立大学,Марийский государственный университет,
马山大学,마산대학교,
迈科普国立工艺大学,Майкопский государственный технологический университет,
梅光学院大学,梅光学院大学,
梅花女子大学,梅花女子大学,
梅利托波尔国立师范大学,Мелітопольський державний педагогічний університет імені Богдана Хмельницького,
米丘林国立农业大学,Мичуринский государственный аграрный университет,
米山时装经贸专门学校,米山ファッション・ビジネス専門学校,
米子工业高等专门学校,米子工業高等専門学校,
蜜丝芭莉美容专门学校,ミス・パリ・ビューティ専門学校,
民航学院,Академия гражданской авиации,
名城大学,名城大学,
名古屋产业大学,名古屋産業大学,
名古屋动物专门学校,名古屋動物専門学校,
名古屋工学院专门学校,名古屋工学院専門学校,
名古屋经济大学,名古屋経済大学,
名古屋经营短期大学,名古屋経営短期大学,
名古屋经营会计专门学校,名古屋経営会計専門学校,
名古屋女子大学短期大学部,名古屋女子大学短期大学部,
名古屋商科大学,名古屋商科大学,
名古屋辻学园烹饪专门学校,名古屋辻学園調理専門学校,
名古屋外国语大学,名古屋外国語大学,
名古屋学院大学,名古屋学院大学,
名古屋医专,名古屋医専,
名古屋艺术大学,名古屋芸術大学,
名古屋音乐大学,名古屋音楽大学,
名古屋造型大学,名古屋造形大学,
名古屋MODE学园专门学校,名古屋モード学園,
名樱大学,名桜大学,
明海大学,明海大学,
明斯克创新大学,Минский инновационный университет,
明斯克国立语言大学,Минский государственный лингвистический университет,
明星大学,明星大学,
明知大学,명지대학교,
明知专门大学,명지전문대학,
明治学院大学,明治学院大学,
明治药科大学,明治薬科大学,
鸣门教育大学,鳴門教育大学,
摩尔曼斯克北极大学,Мурманский арктический университет,
莫吉廖夫国立大学,Могилевский государственный университет имени А.А.Кулешова,
莫吉廖夫国立食品大学,Могилевский государственный университет продовольствия,
莫济里国立师范大学,Мозырский государственный педагогический университет имени И. П. Шамякина,
莫斯科鲍曼国立技术大学（国家研究型大学）,Московский государственный технический университет имени Н. Э. Баумана (национальный исследовательский университет),
莫斯科柴可夫斯基国立音乐学院,Московская государственная консерватория имени П. И. Чайковского,
莫斯科国际大学,Московский международный университет,
莫斯科国际学院,Московская международная академия,
莫斯科国立大学,Московский государственный университет имени М.В.Ломоносова,
莫斯科国立法律大学,Московский государственный юридический университет имени О.Е. Кутафина (МГЮА),
莫斯科国立国际关系学院（大学）,Московский государственный институт международных отношений (университет) Министерства иностранных дел Российской Федерации,
莫斯科国立技术大学（斯坦金）,Московский государственный технологический университет «Станкин»,
莫斯科国立技术与管理大学（第一哥萨克大学）,Московский государственный университет технологий и управления имени К.Г. Разумовского (Первый казачий университет),
莫斯科国立民航技术大学,Московский государственный технический университет гражданской авиации,
莫斯科国立师范大学,Московский педагогический государственный университет,
莫斯科国立施尼特凯音乐学院,Московский государственный институт музыки имени А.Г. Шнитке,
莫斯科国立体育学院,Московская государственная академия физической культуры,
莫斯科国立文化学院,Московский государственный институт культуры,
莫斯科国立舞蹈学院,Московская государственная академия хореографии,
莫斯科国立心理学与教育大学,Московский государственный психолого-педагогический университет,
莫斯科国立语言大学,Московский государственный лингвистический университет,
莫斯科国立运动与旅游大学,Московский государственный университет спорта и туризма,
莫斯科航空学院（国家研究型大学）,Московский авиационный институт (национальный исследовательский университет),
莫斯科建筑学院（国立学院）,Московский архитектурный институт (государственная академия),
莫斯科金融法律大学,Московский финансово-юридический университет МФЮА,
莫斯科金融与工业大学“协同”,Московский финансово-промышленный университет «Синергия»,
莫斯科理工大学,Московский политехнический университет,
莫斯科汽车公路国立技术大学,Московский автомобильно-дорожный государственный технический университет (МАДИ),
莫斯科人文大学,Московский гуманитарный университет,
莫斯科市立师范大学,Московский городской педагогический университет,
莫斯科市政府莫斯科市立管理大学,Московский городской университет управления Правительства Москвы,
莫斯科通信与信息技术大学,Московский технический университет связи и информатики,
莫斯科维特大学,Московский университет имени С.Ю. Витте,
莫斯科物理技术学院（国家研究型大学）,Московский физико-технический институт (национальный исследовательский университет),
莫斯科心理分析学院,Московский институт психоанализа,
木浦海洋大学,목포해양대학교,
木浦加图立大学,목포가톨릭대학교,
目白大学,目白大学,
目白大学短期大学部,目白大学短期大学部,
牧园大学,목원대학교,
MIREA-俄罗斯技术大学,МИРЭА - Российский технологический университет,
奈良大学,奈良大学,
奈良计算机专门学校,奈良コンピュータ専門学校,
奈良教育大学,奈良教育大学,
奈良女子大学,奈良女子大学,
奈良县立医科大学,奈良県立医科大学,
南部大学,남부대학교,
南俄罗斯国立技术大学（新切尔卡斯克工学院）,Южно-Российский государственный политехнический университет (НПИ) имени М.И. Платова,
南俄罗斯人文学院,Южно-Российский гуманитарный институт,
南哈萨克斯坦大学,Южно-Казахстанский университет имени М.Ауэзова,
南九州大学,南九州大学,
南联邦大学,Южный федеральный университет,
南山大学,南山大学,
南首尔大学,남서울대학교,
南乌拉尔柴可夫斯基国立艺术学院,Южно-Уральский государственный институт искусств имени. П.И. Чайковского,
南乌拉尔国立大学（国家研究型大学）,Южно-Уральский государственный университет (национальный исследовательский университет),
南乌拉尔国立人文师范大学,Южно-Уральский государственный гуманитарно-педагогический университет,
南乌拉尔国立医科大学,Южно-Уральский государственный медицинский университет,
尼古拉耶夫国立大学,Миколаївський національний університет імені В.О. Сухомлинського,
涅维尔斯基国立海事大学,Морской государственный университет имени адмирала Г.И. Невельского,
农业综合企业与地区发展高等学校,Висше училище по агробизнес и развитие на регионите - Пловдив,
女子美术大学,女子美術大学,
女子美术大学短期大学部,女子美術大学短期大学部,
女子营养大学,女子栄養大学,
诺夫哥罗德国立大学,Новгородский государственный университет имени Ярослава Мудрого,
Narxoz大学,Университет Нархоз,
欧亚创新大学,Инновационный Евразийский Университет,
欧亚法学院,Евразийская Юридическая Академия имени Д.А.Кунаева,
欧亚国立大学,Евразийский национальный университет им. Л. Н. Гумилева,
欧亚人文学院,Евразийский гуманитарный институт,
培材大学,배재대학교,
彭吉肯特市塔吉克师范学院,Таджикский педагогический институт в городе Пенджикент,
皮亚季戈尔斯克国立大学,Пятигорский государственный университет,
平安女学院大学,平安女学院大学,
平成音乐大学,平成音楽大学,
平壤建设建材大学,평양건설건재대학,
平壤轻工业大学,평양경공업대학,
平泽大学,평택대학교,
浦和大学,浦和大学,
浦和专门学校,浦和専門学校,
浦项工科大学,포항공과대학교,
普罗夫迪夫大学“帕伊西·希伦达尔斯基”,"Пловдивски университет ""Паисий Хилендарски""",
普罗夫迪夫农业大学,Аграрен Университет Пловдив,
普罗夫迪夫音乐、舞蹈与美术学院,"Академия за музикално, танцово и изобразително изкуство ""Проф. Асен Диамандиев"" - Пловдив",
普斯科夫国立大学,Псковский государственный университет,
Prospera学院商务专门学校,プロスペラ学院ビジネス専門学校,
岐阜女子大学,岐阜女子大学,
岐阜圣德学园大学,岐阜聖徳学園大学,
岐阜协立大学,岐阜協立大学,
岐阜药科大学,岐阜薬科大学,
埼玉工业大学,埼玉工業大学,
埼玉女子短期大学,埼玉女子短期大学,
埼玉汽车大学校,埼玉自動車大学校,
埼玉学园大学,埼玉学園大学,
启明文化大学,계명문화대학교,
千叶工业大学,千葉工業大学,
千叶科学大学,千葉科学大学,
千叶日建工科专门学校,千葉日建工科専門学校,
千叶商科大学,千葉商科大学,
前桥工科大学,前橋工科大学,
切列波韦茨国立大学,Череповецкий государственный университет,
青森大学,青森大学,
青森明之星短期大学,青森明の星短期大学,
青森中央学院大学,青森中央学院大学,
青山学院大学,青山学院大学,
青山制图专门学校,青山製図専門学校,
青云大学,청운대학교,
轻工业大学,경공업대학,
清风情报工科学院,清風情報工科学院,
清泉女子大学,清泉女子大学,
清州大学,청주대학교,
情报安全大学院大学,情報セキュリティ大学院大学,
情报科学艺术大学院大学,情報科学芸術大学院大学,
庆北大学,경북대학교,
庆北道立大学,경북도립대학교,
庆北科学大学,경북과학대학,
庆北专门大学,경북전문대학교,
庆南大学,경남대학교,
庆南情报大学,경남정보대학교,
庆星大学,경성대학교,
庆一大学,경일대학교,
庆云大学,경운대학교,
秋明工业大学,Тюменский индустриальный университет,
秋明国立医科大学,Тюменский государственный медицинский университет,
秋田大学,秋田大学,
秋田公立美术大学,秋田公立美術大学,
秋田县立大学,秋田県立大学,
秋溪艺术大学,추계예술대학교,
全北大学,전북대학교,
全北科学大学,전북과학대학교,
全俄国立电影大学,Всероссийский государственный университет кинематографии имени С.А. Герасимова,
全俄国立司法大学,Всероссийский государственный университет юстиции (РПА Минюста России),
全俄药用与芳香植物科研所,Всероссийский научно-исследовательский институт лекарственных и ароматических растений (ВИЛАР),
全南科学大学,전남과학대학교,
全州大学,전주대학교,
全州纪全大学,전주기전대학,
全州VISION大学,전주비전대학교,
群马县立女子大学,群馬県立女子大学,
群马医疗福祉大学,群馬医療福祉大学,
群马PAZ大学福祉专门学校,群馬パース大学福祉専門学校,
群长大学,군장대학교,
人类环境大学,人間環境大学,
人民友谊大学,Университет дружбы народов имени академика А.Куатбекова,
人文教育与信息技术学院,Институт гуманитарного образования и информационных технологий,
仁川大学,인천대학교,
仁德大学,인덕대학교,
仁荷工业专门大学,인하공업전문대학,
日本产业专门学校,日本産業専門学校,
日本大学短期大学部,日本大学短期大学部,
日本电子专门学校,日本電子専門学校,
日本动漫与漫画专门学校,日本アニメ・マンガ専門学校,
日本儿童教育专门学校,日本児童教育専門学校,
日本福祉大学,日本福祉大学,
日本福祉大学中央福祉专门学校,日本福祉大学中央福祉専門学校,
日本福祉教育专门学校,日本福祉教育専門学校,
日本糕点专门学校,日本菓子専門学校,
日本工学院八王子专门学校,日本工学院八王子専門学校,
日本工学院专门学校,日本工学院専門学校,
日本工业大学,日本工業大学,
日本国际工科专门学校,日本国際工科専門学校,
日本国际学园大学,日本国際学園大学,
日本航空大学校,日本航空大学校,
日本计算机专门学校,日本コンピュータ専門学校,
日本健康体育专门学校,日本ウェルネススポーツ専門学校,
日本健康医疗专门学校,日本健康医療専門学校,
日本经济大学,日本経済大学,
日本酒店专门学校,専門学校日本ホテルスクール,
日本理工情报专门学校,日本理工情報専門学校,
日本女子大学,日本女子大学,
日本设计福祉专门学校,日本デザイン福祉専門学校,
日本设计师学院专门学校,専門学校日本デザイナー学院,
日本社会事业大学,日本社会事業大学,
日本兽医生命科学大学,日本獣医生命科学大学,
日本体育大学,日本体育大学,
日本外国语专门学校,日本外国語専門学校,
日本文理大学,日本文理大学,
日本写真艺术专门学校,日本写真芸術専門学校,
日本药科大学,日本薬科大学,
日本医科学专门学校,専門学校日本医科学大学校,
日本医疗福祉专门学校,日本メディカル福祉専門学校,
日本医疗商务专门学校,日本医療ビジネス大学校,
日本映画大学,日本映画大学,
日本综合医疗专门学校,日本総合医療専門学校,
日产京都汽车专门学校,専門学校日産京都自動車大学校,
日产枥木自动车大学校,日産栃木自動車大学校,
日商簿记三鹰福祉专门学校,日商簿記三鷹福祉専門学校,
日托米尔军事学院,Житомирський військовий інститут імені С.П. Корольова,
日中文化艺术专门学校,日中文化芸術専門学校,
瑞靖大学,서정대학교,
瑞永大学,서영대학교,
椙山女学园大学,椙山女学園大学,
晟夽大学,성운대학교,
萨哈林国立大学,Сахалинский государственный университет,
萨拉托夫国家研究型国立大学,Саратовский национальный исследовательский государственный университет имени Н.Г. Чернышевского,
萨拉托夫国立法学院,Саратовская государственная юридическая академия,
萨拉托夫国立技术大学,Саратовский государственный технический университет имени Гагарина Ю.А.,
萨拉托夫国立医科大学,Саратовский государственный медицинский университет имени В.И. Разумовского,
萨拉托夫国立音乐学院,Саратовская государственная консерватория имени Л.В.Собинова,
萨马拉公共管理大学（国际市场学院）,"Самарский университет государственного управления ""Международный институт рынка""",
萨马拉国家研究型大学,Самарский национальный исследовательский университет имени академика С.П. Королева,
萨马拉国立技术大学,Самарский государственный технический университет,
萨马拉国立社会-师范大学,Самарский государственный социально-педагогический университет,
萨马拉人文学院,Самарская гуманитарная академия,
萨玛拉国立经济大学,Самарский государственный экономический университет,
桑泽设计研究所专门学校,専門学校桑沢デザイン研究所,
涩谷外国语专门学校,渋谷外国語専門学校,
瑟克特夫卡尔国立大学,Сыктывкарский государственный университет имени Питирима Сорокина,
沙里院农业大学,사리원농업대학,
山村学园短期大学,山村学園短期大学,
山口县立大学,山口県立大学,
山梨县立大学,山梨県立大学,
山梨学院大学,山梨学院大学,
山梨英和大学,山梨英和大学,
山手料理糕点专门学校,山手調理製菓専門学校,
山胁美术专门学校,山脇美術専門学校,
山阳女子短期大学,山陽女子短期大学,
山阳小野田市立山口东京理科大学,山陽小野田市立山口東京理科大学,
山阳学园大学,山陽学園大学,
山野美容艺术短期大学,山野美容芸術短期大学,
山野美容专门学校,山野美容専門学校,
杉野服饰大学,杉野服飾大学,
商务职业学院,Институт деловой карьеры,
上田安子服饰专门学校,上田安子服飾専門学校,
上武大学,上武大学,
上野法科商务专门学校,上野法科ビジネス専門学校,
上野学园大学,上野学園大学,
上越教育大学,上越教育大学,
上智大学,上智大学,
尚絅学院大学,尚絅学院大学,
尚美学园大学,尚美学園大学,
尚美音乐学院专门学校,尚美ミュージックカレッジ専門学校,
尚志大学,상지대학교,
社会与人文知识学院,Институт социальных и гуманитарных знаний,
摄南大学,摂南大学,
神户电子专门学校,神戸電子専門学校,
神户糕点专门学校,神戸製菓専門学校,
神户国际大学,神戸国際大学,
神户海星女子学院大学,神戸海星女子学院大学,
神户亲和大学,神戸親和大学,
神户情报大学院大学,神戸情報大学院大学,
神户市外国语大学,神戸市外国語大学,
神户松荫女子学院大学,神戸松蔭女子学院大学,
神户学院大学,神戸学院大学,
神户医疗未来大学,神戸医療未来大学,
神户艺术工科大学,神戸芸術工科大学,
神奈川齿科大学,神奈川歯科大学,
神奈川大学,神奈川大学,
神奈川工科大学,神奈川工科大学,
神奈川经济专门学校,神奈川経済専門学校,
神奈川县立保健福祉大学,神奈川県立保健福祉大学,
神田外语大学,神田外語大学,
神田外语学院专门学校,専門学校神田外語学院,
圣彼得堡巴甫洛夫国立第一医科大学,Первый Санкт-Петербургский государственный медицинский университет имени академика И.П. Павлова,
圣彼得堡工会人文大学,Санкт-петербургский гуманитарный университет профсоюзов,
圣彼得堡国立电信大学,Санкт-Петербургский государственный университет телекоммуникаций им. проф. М.А.Бонч-Бруевича,
圣彼得堡国立儿科医科大学,Санкт-Петербургский государственный педиатрический медицинский университет,
圣彼得堡国立工业技术与设计大学,Санкт-петербургский государственный университет промышленных технологий и дизайна,
圣彼得堡国立工业美术学院,Санкт-Петербургская государственная художественно-промышленная академия им. А. Л. Штиглица,
圣彼得堡国立海洋技术大学,Санкт-Петербургский государственный морской технический университет,
圣彼得堡国立航空航天仪表大学,Санкт-Петербургский государственный университет аэрокосмического приборостроения,
圣彼得堡国立技术学院（技术大学）,Санкт-Петербургский государственный технологический институт (технический университет),
圣彼得堡国立建筑大学,Санкт-Петербургский государственный архитектурно-строительный университет,
圣彼得堡国立经济大学,Санкт-Петербургский государственный экономический университет,
圣彼得堡国立林业技术大学,Санкт-Петербургский государственный лесотехнический университет имени С.М. Кирова,
圣彼得堡国立马卡洛夫元帅河海舰队大学,Государственный университет морского и речного флота имени адмирала С.О. Макарова,
圣彼得堡国立农业大学,Санкт-Петербургский государственный аграрный университет,
圣彼得堡国立兽医大学,Санкт-Петербургский государственный университет ветеринарной медицины,
圣彼得堡国立体育、运动与健康大学,"Национальный государственный университет физической культуры, спорта и здоровья имени П.Ф. Лесгафта, Санкт-Петербург",
圣彼得堡国立文化学院,Санкт-Петербургский государственный институт культуры,
圣彼得堡国立音乐学院,Санкт-Петербургская государственная консерватория имени Н.А. Римского-Корсакова,
圣彼得堡国立影视学院,Санкт-Петербургский государственный институт кино и телевидения,
圣彼得堡技术、管理与经济大学,Санкт-Петербургский университет технологий управления и экономики,
圣彼得堡列宾美术学院,Санкт-Петербургская академия художеств имени Ильи Репина,
圣彼得堡列宁国立电子技术大学“LETI”,Санкт-Петербургский государственный электротехнический университет «ЛЭТИ» им. В.И. Ульянова (Ленина),
圣德大学,聖徳大学,
圣德大学短期大学部,聖徳大学短期大学部,
圣公会大学,성공회대학교,
圣洁大学,성결대학교,
圣隶克里斯托弗大学,聖隷クリストファー大学,
圣路加国际大学,聖路加国際大学,
圣玛丽安医科大学,聖マリアンナ医科大学,
圣玛丽外语专门学校,セントメリー外語専門学校,
圣泉大学,聖泉大学,
圣心女子大学,聖心女子大学,
圣学院大学,聖学院大学,
十文字学园女子大学,十文字学園女子大学,
石卷专修大学,石巻専修大学,
辻厨师专门学校,辻調理師専門学校,
辻学园烹饪糕点专门学校,辻学園調理・製菓専門学校,
辻学园营养专门学校,辻学園栄養専門学校,
世翰大学,세한대학교,
世界经济学院,Институт мировой экономики,
世明大学,세명대학교,
事业创造大学院大学,事業創造大学院大学,
室兰工业大学,室蘭工業大学,
首都国际大学院大学,수도국제대학원대학교,
首都医校,首都医校,
首尔风险大学院大学,서울벤처대학원대학교,
首尔基督大学,서울기독대학교,
首尔教育大学,서울교육대학교,
首尔科学综合大学院大学,서울과학종합대학원대학교,
首尔媒体大学院大学,서울미디어대학원대학교,
首尔女子大学,서울여자대학교,
首尔神学大学,서울신학대학교,
首尔外国语大学院大学,서울외국어대학원대학교,
首尔艺术大学,서울예술대학교,
淑德大学,淑徳大学,
数字好莱坞大学,デジタルハリウッド大学,
水户日建工科专门学校,水戸日建工科専門学校,
水原大学,수원대학교,
水原科学大学,수원과학대학교,
顺天第一大学,순천제일대학교,
顺天青岩大学,순천청암대학,
私立管理与创业学院,Частный институт управления и предпринимательства,
斯科尔科沃科学与技术学院,Сколковский институт науки и технологий,
斯摩棱斯克国立大学,Смоленский государственный университет,
斯塔夫罗波尔国立农业大学,Ставропольский государственный аграрный университет,
斯维什托夫“谢诺夫”经济学院,"Стопанска академия ""Димитър Апостолов Ценов"" - Свищов",
四国大学,四国大学,
四国学院大学,四国学院大学,
四日市大学,四日市大学,
四日市福祉专门学校,四日市福祉専門学校,
四天王寺大学,四天王寺大学,
松本齿科大学,松本歯科大学,
松本大学,松本大学,
松谷大学,송곡대학교,
松山大学,松山大学,
松山东云女子大学,松山東雲女子大学,
松山学园松山福祉专门学校,松山学園松山福祉専門学校,
松荫大学,松蔭大学,
松源大学,송원대학교,
苏尔吉古特国立大学,Сургутский государственный университет,
苏梅建筑学院,Сумський Будівельний Коледж,
索契国立大学,Сочинский государственный университет,
塔甘罗格管理与经济学院,Таганрогский институт управления и экономики,
塔吉克国立大学,Таджикский национальный университет,
塔吉克国立法律、商业与政治大学,"Таджикский государственный университет права, бизнеса и политики",
塔吉克国立语言学院,Таджикский государственный институт языков имени Сотима Улугзода,
塔吉克技术大学,Таджикский технический университет имени академика М.С.Осими,
塔吉克农业大学,Таджикский Аграрный Университет имени Шириншох Шотемур,
塔吉克斯坦工艺大学,Технологический университет Таджикистана,
塔吉克斯坦共和国总统国家行政学院,Институт государственного управления при Президенте Республики Таджикистан,
塔吉克斯坦国立商业大学,Таджикский государственный университет коммерции,
塔吉克斯坦国立造型艺术与设计学院,Государственный институт изобразительного искусства и дизайна Таджикистана,
塔吉克斯坦理工大学,Технологический университет Таджикистана,
塔拉兹国际创新学院,Международный Таразский инновационный институт имени Шерхана Муртазы,
拓殖大学,拓殖大学,
拓殖大学北海道短期大学,拓殖大学北海道短期大学,
太成学院大学,太成学院大学,
太平洋国立大学,Тихоокеанский государственный университет,
太平洋国立医科大学,Тихоокеанский государственный медицинский университет,
坦波夫国立大学,Тамбовский государственный университет имени Г.Р. Державина,
坦波夫国立技术大学,Тамбовский государственный технический университет,
坦波夫国立音乐师范学院,Тамбовский государственный музыкально-педагогический институт им. С.В. Рахманинова,
桃山学院大学,桃山学院大学,
陶里亚蒂国立大学,Тольяттинский государственный университет,
特维尔国立大学,Тверской государственный университет,
特维尔国立技术大学,Тверской государственный технический университет,
特维尔国立医科大学,Тверской государственный медицинский университет,
天理大学,天理大学,
同德女子大学,동덕여자대학교,
同朋大学,同朋大学,
同志社大学,同志社大学,
同志社女子大学,同志社女子大学,
桐朋学园大学,桐朋学園大学,
桐荫横滨大学,桐蔭横浜大学,
图拉国立大学,Тульский государственный университет,
图拉国立师范大学,Тульский государственный педагогический университет им. Л.Н. Толстого,
图兰大学,Университет «Туран»,
图瓦国立大学,Тувинский государственный университет,
托赖格罗夫大学,Торайгыров Университет,
托姆斯克国家研究型理工大学,Национальный исследовательский Томский политехнический университет,
托姆斯克国立建筑大学,Томский государственный архитектурно-строительный университет,
托姆斯克国立师范大学,Томский государственный педагогический университет,
托姆斯克控制系统与无线电电子学国立大学,Томский государственный университет систем управления и радиоэлектроники,
TRIDENT外语、酒店与婚礼专门学校,トライデント外国語・ホテル・ブライダル専門学校,
瓦尔纳经济大学,Икономически университет - Варна,
瓦冈诺娃俄罗斯芭蕾舞学院,Академия Русского балета имени А.Я.Вагановой,
外语商务专门学校,外語ビジネス専門学校,
丸之内商务专门学校,丸の内ビジネス専門学校,
威德大学,위덕대학교,
唯元大学,유원대학교,
维捷布斯克国立大学,Витебский государственный университет им. П.М.Машерова,
维捷布斯克国立工艺大学,Витебский государственный технологический университет,
维捷布斯克国立荣誉勋章兽医学院,Витебская ордена «Знак Почета» государственная академия ветеринарной медицины,
维捷布斯克国立医科大学,Витебский государственный ордена дружбы народов медицинский университет,
维亚特卡国立大学,Вятский государственный университет,
尾道市立大学,尾道市立大学,
文化服装学院,文化服装学院,
文化时尚大学院大学,文化ファッション大学院大学,
文化外国语专门学校,文化外国語専門学校,
文化学园大学,文化学園大学,
文教大学,文教大学,
文京学院大学,文京学院大学,
文星艺术大学,文星芸術大学,
沃罗涅日高等技术学院,Воронежский институт высоких технологий,
沃罗涅日国立大学,Воронежский государственный университет,
沃罗涅日国立工程技术大学,Воронежский государственный университет инженерных технологий,
沃罗涅日国立技术大学,Воронежский государственный технический университет,
沃罗涅日国立师范大学,Воронежский государственный педагогический университет,
沃罗涅日经济法律学院,Воронежский экономико-правовой институт,
沃罗涅什国立林业技术大学,Воронежский государственный лесотехнический университет имени Г.Ф. Морозова,
沃洛格达国立大学,Вологодский государственный университет,
乌德穆尔特国立大学,Удмуртский государственный университет,
乌法国立石油技术大学,Уфимский государственный нефтяной технический университет,
乌法国立艺术学院,Уфимский государственный институт искусств имени Загира Исмагилова,
乌法科技大学,Уфимский университет науки и технологий,
乌赫塔国立技术大学,Ухтинский государственный технический университет,
乌克兰国家边防学院,Національна академія Державної прикордонної служби України імені Богдана Хмельницького,
乌克兰国家科学院半导体物理研究所,Інститут фізики напівпровідників ім. В.Є.Лашкарьова НАН України,
乌克兰国家科学院材料科学问题研究所,Інститут проблем матеріалознавства ім.І.М.Францевича Національної академії наук України,
乌克兰国家科学院单晶研究所,Інститут монокристалів НАН України,
乌克兰国家科学院低温物理与技术研究所,Фізико-технічний інститут низьких температур ім. Б.І. Вєркіна НАН України,
乌克兰国家科学院电动力学研究所,Інститут електродинаміки НАН України,
乌克兰国家科学院机械工程问题研究所,Інститут проблем машинобудування ім. А.М.Підгорного НАН України,
乌克兰国家科学院金属物理研究所,Інститут металофізики ім. Г. В. Курдюмова Національної академії наук України,
乌克兰国家科学院克里姆斯基东方研究所,Інститут сходознавства ім. А. Кримського НАН України,
乌克兰国家科学院控制研究所,Інститут кібернетики ім. В.М. Глушкова НАН України,
乌克兰国家科学院能源建模问题研究所,Інститут проблем моделювання в енергетиці ім.Г.Є.Пухова НАН України,
乌克兰国家科学院丘克表面化学研究所,Інститут хімії поверхні ім. О. О. Чуйка НАН України,
乌克兰国家科学院数学研究所,Інститут математики Національної академії наук України,
乌克兰国家科学院水生生物研究所,Інститут гідробіології НАН України,
乌克兰国家科学院微生物学与病毒学研究所,Інститут мікробіології і вірусології ім. Д.К. Заболотного НАН України,
乌克兰国家科学院物理机械研究所,Фізико-механічний інститут ім. Г.В. Карпенка НАН України,
乌克兰国家农业科学院动物育种与遗传学研究所,Інститут розведення і генетики тварин УААН,
乌克兰国家医学科学院眼病与组织疗法研究所,Інститут очних хвороб і тканинної терапїі ім.В.П.Філатова НАМН України,
乌克兰卫生部国立医学研究生教育学院,Національна медична академія післядипломної освіти ім. П.Л. Шупика МОЗ України,
乌拉尔国立交通大学,Уральский государственный университет путей сообщения,
乌拉尔国立经济大学,Уральский государственный экономический университет,
乌拉尔国立矿业大学,Уральский государственный горный университет,
乌拉尔国立农业大学,Уральский государственный аграрный университет,
乌拉尔国立师范大学,Уральский государственный педагогический университет,
乌拉尔国立体育大学,Уральский государственный университет физической культуры,
乌拉尔国立体育学院,Уральская государственная академия физической культуры,
乌拉尔国立医科大学,Уральский государственный медицинский университет,
乌拉尔国立音乐学院,Уральская государственная консерватория имени М.П. Мусоргского,
乌里扬诺夫斯克国立大学,Ульяновский Государственный Университет,
乌里扬诺夫斯克国立技术大学,Ульяновский государственный технический университет,
乌里扬诺夫斯克国立师范大学,Ульяновский государственный педагогический университет имени И. Н. Ульянова,
武藏大学,武蔵大学,
武藏丘短期大学,武蔵丘短期大学,
武藏野大学,武蔵野大学,
武藏野美术大学,武蔵野美術大学,
武藏野学艺专门学校,武蔵野学芸専門学校,
武藏野学院大学,武蔵野学院大学,
武藏野音乐大学,武蔵野音楽大学,
WOC眼镜医疗技术专门学校,専門学校ワールドオプティカルカレッジ,
西北国立医科大学,Северо-Западный государственный медицинский университет имени И.И.Мечникова,
西伯利亚国立地球系统与技术大学,Сибирский государственный университет геосистем и технологий,
西伯利亚国立电信与信息大学,Сибирский государственный университет телекоммуникаций и информатики,
西伯利亚国立工业大学,Сибирский государственный индустриальный университет,
西伯利亚国立交通大学,Сибирский государственный университет путей сообщения,
西伯利亚国立科技大学,Сибирский государственный университет науки и технологий имени академика М. Ф. Решетнёва,
西伯利亚国立水运大学,Сибирский государственный университет водного транспорта,
西伯利亚国立体育与运动大学,Сибирский государственный университет физической культуры и спорта,
西伯利亚赫沃罗斯托夫斯基国立艺术学院,Сибирский государственный институт искусств имени Дмитрия Хворостовского,
西伯利亚商业、管理与心理学学院,"Сибирский институт бизнеса, управления и психологии",
西伯利亚商业与信息技术学院,Сибирский институт бизнеса и информационных технологий,
西伯利亚消费合作大学,Сибирский университет потребительской кооперации,
西京大学,서경대학교,
西九州大学,西九州大学,
西南国立大学,Юго-Западный государственный университет,
西南学院大学,西南学院大学,
西日本短期大学,西日本短期大学,
西日本工业大学,西日本工業大学,
西神看护专门学校,西神看護専門学校,
西武文理大学,西武文理大学,
西原大学,서원대학교,
洗足学园音乐大学,洗足学園音楽大学,
下关市立大学,下関市立大学,
下诺夫哥罗德格林卡国立音乐学院,Нижегородская государственная консерватория им. М.И. Глинки,
下诺夫哥罗德国立技术大学,Нижегородский государственный технический университет им. Р.Е. Алексеева,
下诺夫哥罗德国立建筑大学,Нижегородский государственный архитектурно-строительный университет,
下诺夫哥罗德国立师范大学,Нижегородский государственный педагогический университет имени Козьмы Минина,
下诺夫哥罗德国立语言大学,Нижегородский государственный лингвистический университет им. Н.А. Добролюбова,
仙台大学,仙台大学,
仙台数字艺术专门学校,専門学校デジタルアーツ仙台,
咸兴建设单科大学,함흥건설단과대학,
县立广岛大学,県立広島大学,
现代艺术学院,Институт современного искусства,
现代知识学院,Институт современных знаний имени А.М. Широкова,
相爱大学,相愛大学,
相模女子大学,相模女子大学,
香兰女子短期大学,香蘭女子短期大学,
香兰时尚设计专门学校,香蘭ファッションデザイン専門学校,
湘南工科大学,湘南工科大学,
湘南医疗福祉专门学校,湘南医療福祉専門学校,
祥明大学,상명대학교,
小诸看护专门学校,小諸看護専門学校,
小樽商科大学,小樽商科大学,
协成大学,협성대학교,
心医疗福利专门学校,こころ医療福祉専門学校,
新东京齿科技工学校,新東京歯科技工士学校,
新罗大学,신라대학교,
新庆州大学,신경주대학교,
新西伯利亚国家研究型国立大学,Новосибирский национальный исследовательский государственный университет,
新西伯利亚国立技术大学,Новосибирский государственный технический университет,
新西伯利亚国立建筑、设计与艺术大学,"Новосибирский государственный университет архитектуры, дизайна и искусств имени А.Д. Крячкова",
新西伯利亚国立建筑大学,Новосибирский государственный архитектурно-строительный университет（Сибстрин）,
新西伯利亚国立经济与管理大学,"Новосибирский государственный университет экономики и управления ""НИНХ""",
新西伯利亚国立农业大学,Новосибирский государственный аграрный университет,
新西伯利亚国立师范大学,Новосибирский государственный педагогический университет,
新西伯利亚国立戏剧学院,Новосибирский государственный театральный институт,
新西伯利亚国立医科大学,Новосибирский государственный медицинский университет,
新西伯利亚国立音乐学院,Новосибирская государственная консерватория имени М.И. Глинки,
新潟产业大学,新潟産業大学,
新潟工科大学,新潟工科大学,
新潟计算机专门学校,新潟コンピュータ専門学校,
新潟经营大学,新潟経営大学,
新潟康复大学,新潟リハビリテーション大学,
新潟青陵大学,新潟青陵大学,
新潟食品农业大学,新潟食料農業大学,
新潟医疗福祉大学,新潟医療福祉大学,
新星大学,신성대학교,
信韩大学,신한대학교,
信息经营创新专门职大学,情報経営イノベーション専門職大学,
信息科学专门学校,情報科学専門学校,
星槎道都大学,星槎道都大学,
星城大学,星城大学,
星药科大学,星薬科大学,
熊本工业专门学校,熊本工業専門学校,
熊本县立大学,熊本県立大学,
熊本学园大学,熊本学園大学,
修成建设专门学校,修成建設専門学校,
秀明大学,秀明大学,
旭川市立大学,旭川市立大学,
旭川医科大学,旭川医科大学,
穴吹西点福祉学院专门学校,専門学校穴吹パティシエ福祉カレッジ,
学习院大学,学習院大学,
学习院女子大学,学習院女子大学,
雅罗斯拉夫尔国立大学,Ярославский государственный университет им. П.Г. Демидова,
雅罗斯拉夫尔国立技术大学,Ярославский государственный технический университет,
雅罗斯拉夫尔国立师范大学,Ярославский государственный педагогический университет им. К.Д. Ушинского,
雅罗斯拉夫尔国立医科大学,Ярославский государственный медицинский университет,
亚细亚大学,亜細亜大学,
岩手大学,岩手大学,
岩手县立大学,岩手県立大学,
研成大学,연성대학교,
眼病科学研究所,Научно-исследовательский институт глазных болезней,
阳光科技学院专门学校,専門学校サンテクノカレッジ,
叶列茨基国立大学,Елецкий государственный университет им. И. А. Бунина,
一桥大学,一橋大学,
伊尔库茨克国立大学,Иркутский государственный университет,
伊尔库茨克国立交通大学,Иркутский государственный университет путей сообщения,
伊尔库茨克国立农业大学,Иркутский государственный аграрный университет имени А.А. Ежевского,
伊尔库茨克国立医科大学,Иркутский государственный медицинский университет,
伊丽莎白音乐大学,エリザベト音楽大学,
伊曼努尔·康德波罗的海联邦大学,Балтийский федеральный университет имени Иммануила Канта,
伊热夫斯克国立技术大学,Ижевский государственный технический университет имени М.Т. Калашникова,
伊热夫斯克国立农学院,Ижевская государственная сельскохозяйственная академия,
伊塞克湖国立大学,Иссык-Кульский государственный университет имени Касыма Тыныстанова,
伊万诺沃国立大学,Ивановский государственный университет,
伊万诺沃国立动力大学,Ивановский государственный энергетический университет имени В.И. Ленина,
伊万诺沃国立化工大学,Ивановский государственный химико-технологический университет,
伊万诺沃国立理工大学,Ивановский государственный политехнический университет,
乙支大学,을지대학교,
艺术学院神户专门学校,専門学校アートカレッジ神戸,
艺苑艺术大学,예원예술대학교,
翼路学园,エール学園,
因纳波利斯大学,Университет Иннополис,
音响艺术专门学校,音響芸術専門学校,
印古什国立大学,Ингушский государственный университет,
樱花学园大学,桜花学園大学,
樱美林大学,桜美林大学,
永进专门大学,영진전문대학교,
又石大学,우석대학교,
又松大学,우송대학교,
又松信息大学,우송정보대학,
宇部工业高等专门学校,宇部工業高等専門学校,
宇部开拓者大学,宇部フロンティア大学,
宇都宫大学,宇都宮大学,
宇都宫共和大学,宇都宮共和大学,
宇都宫文星短期大学,宇都宮文星短期大学,
羽衣国际大学,羽衣国際大学,
玉川大学,玉川大学,
育英馆大学,育英館大学,
御茶水女子大学,お茶の水女子大学,
园田学园女子大学,園田学園女子大学,
圆光保健大学,원광보건대학교,
圆光大学,원광대학교,
远东国立交通大学,Дальневосточный государственный университет путей сообщения,
远东国立农业大学,Дальневосточный государственный аграрный университет,
远东国立体育学院,Дальневосточная государственная академия физической культуры,
远东国立艺术学院,Дальневосточный государственный институт искусств,
远东国立渔业技术大学,Дальневосточный государственный технический рыбохозяйственный университет,
约克全球商务专门学校,ヨークグローバルビジネスアカデミー専門学校,
早稻田国际商务专门学校,専門学校早稲田国際ビジネスカレッジ,
早稻田速记医疗福祉专门学校,早稲田速記医療福祉専門学校,
早稻田外语专门学校,早稲田外語専門学校,
早稻田文理专门学校,早稲田文理専門学校,
扎波罗热国立医科大学,Запорізький державний медичний університет,
札幌大学,札幌大学,
札幌国际大学,札幌国際大学,
札幌设计师学院专门学校,専門学校札幌デザイナー学院,
札幌市立大学,札幌市立大学,
札幌学院大学,札幌学院大学,
札幌医科大学,札幌医科大学,
长浜生物科技大学,長浜バイオ大学,
长冈大学,長岡大学,
长冈造型大学,長岡造形大学,
长老会神学大学,장로회신학대학교,
长崎纯心大学,長崎純心大学,
长崎短期大学,長崎短期大学,
长崎国际大学,長崎国際大学,
长崎外国语大学,長崎外国語大学,
长崎县立大学,長崎県立大学,
长崎综合科学大学,長崎総合科学大学,
长野大学,長野大学,
长野平青学园,長野平青学園,
长野县看护大学,長野県看護大学,
昭和女子大学,昭和女子大学,
昭和音乐大学,昭和音楽大学,
折尾爱真短期大学,折尾愛真短期大学,
镇西学院大学,鎮西学院大学,
政策研究大学院大学,政策研究大学院大学,
至诚馆大学,至誠館大学,
志学馆大学,志學館大学,
制作大学,ものつくり大学,
中部大学,중부대학교,
中部乐器技术专门学校,中部楽器技術専門学校,
中部学院大学,中部学院大学,
中部学院大学短期大学部,中部学院大学短期大学部,
中村国际酒店专门学校,中村国際ホテル専門学校,
中村学园大学,中村学園大学,
中国短期大学,中国短期大学,
中国学园大学,中国学園大学,
中京大学,中京大学,
中京学院大学,中京学院大学,
中日本航空专门学校,中日本航空専門学校,
中日本自动车短期大学,中日本自動車短期大学,
中亚美国大学,Американский Университет в Центральной Азии,
中央动物专门学校,中央動物専門学校,
中央法律专门学校,中央法律専門学校,
中央工学校,中央工学校,
中央美术学园,中央美術学園,
中央情报经理专门学校,中央情報経理専門学校,
中央情报专门学校,中央情報専門学校,
中央神学大学院大学,중앙신학대학원대학교,
中央学院大学,中央学院大学,
中野商务专门学校,専門学校中野スクールオブビジネス,
忠北保健科学大学,충북보건과학대학교,
忠清大学,충청대학교,
种智院大学,種智院大学,
周南公立大学,周南公立大学,
朱可夫空天防御军事学院,Военная академия воздушно-космической обороны имени Маршала Советского Союза Г.К.Жукова,
朱可夫勋章与列宁勋章苏联元帅布琼尼红旗军事通信学院,Военная орденов Жукова и Ленина Краснознаменная академия связи имени Маршала Советского Союза С.М.Буденного,
筑波学院大学,筑波学院大学,
筑波亚洲福祉专门学校,つくばアジア福祉専門学校,
筑紫女学园大学,筑紫女学園大学,
专门学校大原汽车工科大学校,専門学校大原自動車工科大学校,
专门学校东京工科汽车大学校,専門学校東京工科自動車大学校,
专门学校东京工科汽车大学校世田谷校区,専門学校東京工科自動車大学校世田谷校,
专门学校东京经理综合学院,専門学校東京経理綜合学院,
专门学校东京汽车大学校,専門学校東京自動車大学校,
专门学校动漫艺术学院,専門学校アニメ・アーティスト・アカデミー,
专门学校读卖自动车大学校,専門学校読売自動車大学校,
专门学校丰田东京汽车大学校,専門学校トヨタ東京自動車大学校,
专门学校丰田名古屋汽车大学校,専門学校トヨタ名古屋自動車大学校,
专门学校丰田神户汽车大学校,専門学校トヨタ神戸自動車大学校,
专门学校静冈工科汽车大学校,専門学校静岡工科自動車大学校,
专门学校麻生工科汽车大学校,専門学校麻生工科自動車大学校,
专门学校日本自动车大学校,専門学校日本自動車大学校,
专门学校新潟国际自动车大学校,専門学校新潟国際自動車大学校,
专门学校中央农业大学校,専門学校中央農業大学校,
专修大学,専修大学,
追手门学院大学,追手門学院大学,
资生堂美容技术专门学校,資生堂美容技術専門学校,
滋贺大学,滋賀大学,
滋贺县立大学,滋賀県立大学,
滋贺医科大学,滋賀医科大学,
滋庆医疗科学大学,滋慶医療科学大学,
总神大学,총신대학교,
足利大学,足利大学,
佐伯营养专门学校,佐伯栄養専門学校,
佐贺女子短期大学,佐賀女子短期大学,
佐野日本大学短期大学,佐野日本大学短期大学,
作新学院大学,作新学院大学,
白俄罗斯共和国内务部学院,Aкадемия Министерства Внутренних дел Республики Беларусь,
A.C.美国学院,A.C. American College,
奥胡斯建筑学院,Aarhus School of Architecture,
阿巴辛大学,Abasyn University,
阿伯塔巴德科技大学,Abbottabad University of Science and Technology,
马尔丹阿卜杜勒·瓦利汗大学,Abdul Wali Khan University Mardan,
阿伯泰大学,Abertay University,
阿比亚州立大学,Abia State University,
阿比林基督大学,Abilene Christian University,
金合欢大学,Acacia University,
音乐、戏剧与美术学院,"Academia de Muzică, Teatru şi Arte Plastice",
布加勒斯特经济学院,Academia de Studii Economice din Bucuresti,
克卢日·纳波卡格奥尔基·迪马国家音乐学院,"Academia Națională de Muzică ""Gheorghe Dima"" din Cluj-Napoca",
政治与社会科学学院,Academia Rerum Civilium – Vysoká škola politických a společenských věd,
经济与人文国际大学,Academician Stepan Demianchuk International University of Economics and Humanities,
夏庞蒂埃学院,Académie Charpentier,
巴黎国际剪裁学院,Académie Internationale de Coupe de Paris,
布鲁塞尔市立皇家美术学院,Académie royale des beaux-arts de Bruxelles - École supérieure des arts,
列日市立皇家美术学院,Académie royale des beaux-arts de Liège - École supérieure des arts,
澳大拉西亚理工学院,Academies Australasia Polytechnic,
乌克兰辩护学院,The Academy of Advocacy of Ukraine,
旧金山艺术学院,Academy of Art College,
旧金山艺术大学,Academy of Art University,
班斯卡比斯特理察艺术学院,Academy of Arts Banská Bystrica,
美洲中国文化医药学院,Academy of Chinese Culture and Health Sciences,
摩尔多瓦经济学院,Academy of Economic Studies of Moldova,
米兰ACME美术学院,Academy of Fine Arts and Media (ACME) – Milano,
信息技术学院,Academy of Information Technology,
新闻与传播学院,Academy of Journalism and Communication,
物流与交通学院,Academy of Logistics and Transport,
音乐与表演艺术学院,Academy of Music and Performing Arts,
科学与创新研究学院,Academy of Scientific and Innovative Research,
阿卡迪亚大学,Acadia University,
卢索服装学院,Accademia del Lusso,
巴里美术学院,Accademia di Belle Arti di BARI,
博洛尼亚美术学院,Accademia di Belle Arti di BOLOGNA,
卡拉拉美术学院,Accademia di Belle Arti di CARRARA,
库内奥美术学院,Accademia di Belle Arti di Cuneo,
佛罗伦萨美术学院,Accademia di Belle Arti di FIRENZE,
福贾美术学院,Accademia di Belle Arti di FOGGIA,
弗罗西诺内美术学院,Accademia di Belle Arti di FROSINONE,
热那亚美术学院,Accademia di Belle Arti di Genova “Ligustica”,
拉奎拉美术学院,Accademia di Belle Arti di L'AQUILA,
莱切美术学院,Accademia di Belle Arti di LECCE,
马切拉塔美术学院,Accademia di Belle Arti di MACERATA,
米兰布雷拉美术学院,"Accademia di Belle Arti di MILANO ""Brera""",
那不勒斯美术学院,Accademia di Belle Arti di NAPOLI,
巴勒莫美术学院,Accademia di Belle Arti di PALERMO,
佩鲁贾美术学院,Accademia di Belle Arti di Perugia “Pietro Vannucci”,
雷焦卡拉布里亚美术学院,Accademia di Belle Arti di REGGIO CALABRIA,
罗马美术学院,Accademia di Belle Arti di ROMA,
圣雷莫美术学院,Accademia di Belle Arti di Sanremo – Sanremo (IM),
都灵美术学院,"Accademia di Belle Arti di TORINO ""Albertina""",
乌尔比诺美术学院,Accademia di Belle Arti di URBINO,
威尼斯美术学院,Accademia di Belle Arti di VENEZIA,
乌迪内美术学院,"Accademia di Belle Arti ""G.B. Tiepolo""",
科莫美术学院,"Accademia di Belle Arti Legalmente Riconosciuta di COMO ""Aldo Galli""",
诺瓦拉ACME美术学院,"Accademia di Belle Arti Legalmente Riconosciuta di NOVARA ""ACME""",
维泰博美术学院,"Accademia di Belle Arti ""Lorenzo da Viterbo""",
拉文纳美术学院,Accademia di Belle Arti Statale di Ravenna,
维罗纳美术学院,Accademia di Belle Arti Statale di Verona,
时尚与服装学院,Accademia di Costume e Moda,
意大利艺术、时尚与设计学院,"Accademia Italiana d'Arte, Moda e Design",
国家舞蹈学院,Accademia Nazionale di Danza di ROMA,
巴特洪堡应用技术大学,accadis Hochschule Bad Homburg,
阿奇医科大学,"""ACH"" Medical University",
阿查里亚龙树大学,Acharya Nagarjuna University,
阿克森达管理学院,Acsenda School of Management,
阿塞拜疆外交大学,ADA University,1001-1200
亚当斯州立大学,Adams State University,
亚当森大学,Adamson University,1201-1400
阿德库勒阿贾辛大学,Adekunle Ajasin University,
阿德莱德高等教育学院,Adelaide Institute of Higher Education,
阿德尔菲大学,Adelphi University,
阿德勒大学,Adler University,
国立造船大学,Admiral Makarov National University of Shipbuilding,
艾德里安学院,Adrian College,
基督复临健康大学,AdventHealth University,
国际基督高级研究院,Adventist International Institute of Advanced Studies,
菲律宾基督大学,Adventist University of the Philippines,
艾瑞思应用科学大学,Aeres University of Applied Sciences,
AFIP培训学院,AFIP Formations,
非洲大学,Africa University,
非洲领导力大学,African Leadership University,
非洲科技大学,African University of Science and Technology,
阿菲恩科塔特佩大学,Afyon Kocatepe University,
克拉科夫AGH科技大学,AGH University of Science and Techonolgy,
AGI教育,AGI Education,
阿涅斯斯科特学院,Agnes Scott College,
高等农学、食品、园艺与景观学院,"Agrocampus Ouest: Institut Supérieur des Sciences Agronomiques, Agroalimentaires, Horticoles et du Paysage",
生命与环境科学与工业学院,AgroParisTech-Institut des Sciences et Industries du Vivant et de l'Environnement,
第戎国立高等农学、食品与环境学院,"Agrosup Dijon: Institut National Supérieur des Sciences Agronomiques, de l'Alimentation et de l'Environnement",
阿萨努拉科技大学,Ahsanullah University of Science and Technology,
亚洲医药科技大学,AIMST University,
航空大学,Air University,
艾万西提技术、商业与社会学院,"Aivancity School for Technology, Business & Society",
艾克斯－马赛大学,Aix-Marseille Université,
华沙经济与人文科学学院,Akademia Ekonomiczno-Humanistyczna w Warszawie,
维斯瓦学院,Akademia Finans&#243;w i Biznesu Vistula,
罗兹音乐学院,Akademia Muzyczna im.Grazyny i Kiejstuta Bacewiczów w Łodzi,
帕德莱夫斯基音乐学院,Akademia Muzyczna im. I.J.Paderewskiego w Poznaniu,
利平斯基音乐学院,Akademia Muzyczna im. Karola Lipińskiego we Wrocławiu,
席曼诺夫斯基音乐学院,Akademia Muzyczna im.Karola Szymanowskiego w Katowicach,
格但斯克音乐学院,Akademia Muzyczna im. Stanisława Moniuszki w Gdańsku,
比得哥熙音乐学院,Akademia Muzyczna imienia Feliksa Nowowiejskiego w Bydgoszczy,
克拉科夫音乐学院,Akademia Muzyczna w Krakowie,
弗罗茨瓦夫美术学院,Akademia Sztuk Pięknych im. Eugeniusza Gepperta we Wrocławiu,
什切青艺术学院,Akademia Sztuki W Szczecinie,
班斯卡·比斯特里察艺术学院,Akadémia umení v Banskej Bystrici,
WSB学院,Akademia WSB,
格但斯克希尼亚德茨基体育学院,Akademia Wychowania Fizycznego i Sportu im. Jędrzeja Śniadeckiego w Gdańsku,
华沙体育学院,Akademia Wychowania Fizycznego Józefa Piłsudskiego w Warszawie,
慕尼黑造型艺术学院,Akademie der Bildenden Künste München,
维也纳造型艺术学院,Akademie der Bildenden Künste Wien,
布拉格表演艺术学院,Akademie muzickych umeni v Praze,
阿卡基耶蔡列特利国立大学,Akaki Tsereteli State University,
阿克哈韦恩大学,Al Akhawayn University,
艾勒贝塔大学,Al al-Bayt University,
加沙爱资哈尔大学,Al Azhar University - Gaza,
麦地那国际大学,Al-Madinah International University,
穆斯塔法国际大学,Al-Mustafa International University,
卡齐纳卡拉姆大学,Al-Qalam University Katsina,
卡西米亚大学,Al Qasimiya University,
圣城开放大学,Al-Quds Open University,
泽伊姆爱资哈里大学,Al-Zaiem Al-Azhari University,
阿拉巴马农工大学,Alabama Agricultural and Mechanical University,
阿拉巴马州立大学,Alabama State University,
阿兰努斯艺术与社会科学学院,Alanus Hochschule für Kunst und Gesellschaft,
奥尔巴尼药学与健康科学学院,Albany College of Pharmacy and Health Sciences,
奥尔巴尼法学院,Albany Law School,
奥尔巴尼州立大学,Albany State University,
阿尔伯塔艺术与设计学院,Alberta College of Art and Design,
阿尔伯塔艺术大学,Alberta University of the Arts,
马格纳斯学院,Albertus Magnus College,
阿尔比恩学院,Albion College,
奥尔布赖特学院,Albright College,
阿布卡里国际大学,Albukhary International University,
亚历山大学院,Alexander College,
阿尔法BK大学,Alfa BK Univerzitet,
ALFA大学学院,ALFA University College,
阿尔弗雷德大学,Alfred University,
阿尔哥玛大学,Algoma University,
亚岗昆应用艺术与技术学院,Algonquin College of Applied Arts and Technology,
阿尔罕布拉医科大学,Alhambra Medical University,
阿里汗·布凯汗诺夫大学,Alikhan Bokeikhan University,
阿拉马·伊克巴尔开放大学,Allama Iqbal Open University,
阿拉梅塔巴塔巴依大学,Allameh Tabataba'i University,
兽医大学,Állatorvostudományi Egyetem,
阿勒格尼学院,Allegheny College,
阿莱恩特国际大学,Alliant International University,
阿尔玛学院,Alma College,
艾尔法教育学院,Alpha Educational Institute,
艾尔弗尼亚大学,Alvernia University,
阿尔维诺学院,Alverno College,
AMA计算机学院,AMA Computer College,
AMA大学,AMA University,
安伯顿大学,Amberton University,
AMBIS大学,AMBIS University,
安布罗斯大学,Ambrose University,
AMC学院,AMC College,
美国商学院,The American Business School,
华美中医学院,American College of Acupuncture & Oriental Medicine,
美国教育学院,American College of Education,
美国电影学院,American Film Institute,
美国军事大学,American Military University,
美国公共大学系统,American Public University System,
美属萨摩亚社区学院,American Samoa Community College,
亚美尼亚美国大学,American University of Armenia,
保加利亚美国大学,American University in Bulgaria,
美国文化教育大学,American University of Culture and Education,
迪拜美国大学,The American University in Dubai,620
尼日利亚美国大学,American University of Nigeria,
金边美国大学,American University of Phnom Penh,
美国科技大学,American University of Science and Technology,
阿默斯特学院,Amherst College,
阿姆拉瓦蒂大学,Amravati University,
阿姆里塔威施瓦威达匹萨姆学院,Amrita Vishwa Vidyapeetham,
阿姆斯特丹应用科学大学,Amsterdam University of Applied Sciences,
阿姆斯特丹艺术大学,Amsterdam University of the Arts,
大原外语旅游与婚礼美容专门学校,大原外語観光＆ブライダルビューティー専門学校,
东京演员电影放送专门学校,東京俳優・映画&放送専門学校,
东京音乐与舞蹈专门学校,東京スクールオブミュージック＆ダンス専門学校,
福冈设计与科技专门学校,福岡デザイン&テクノロジー専門学校,
骏台旅游与酒店专门学校,駿台トラベル＆ホテル専門学校,
名古屋设计与科技专门学校,名古屋デザイン＆テクノロジー専門学校,
目白时尚艺术学院,目白ファッション＆アートカレッジ,
神户甲阳音乐与舞蹈专门学校,神戸・甲陽音楽&ダンス専門学校,
秀林数字与语言专门学校,専門学校デジタル＆ランゲージ秀林,
东京动漫与声优&电竞专门学校,東京アニメ・声優&eスポーツ専門学校,
范安德尔研究所研究生院,Van Andel Institute Graduate School,
安德森大学,Anderson University,
安得拉大学,Andhra University,
安迪扬国立外国语学院,Andijan State Institute of Foreign Languages,
安德鲁斯大学,Andrews University,
天使学院工业城校区,"Angeles College, City of Industry",
安格拉斯大学,Angeles University Foundation,
安吉洛州立大学,Angelo State University,
新西兰动画学院,Animation College New Zealand,
安卡拉哈哲巴依让维利大学,Ankara Haci Bayram Veli University,
安卡拉伊迪迪林贝亚兹大学,Ankara Yildirim Beyazit University,
安娜玛丽亚学院,Anna Maria College,
安塔利亚比利时大学,Antalya Bilim University,
安提亚克大学,Antioch University,
安东布鲁克纳音乐表演与舞蹈艺术大学,"Anton Bruckner Privatuniversität für Musik, Schauspiel und Tanz",
安特卫普管理学院,Antwerp Management School,
第比利斯国立艺术学院,Apollon Kutateladze Tbilisi State Academy of Arts,
阿帕拉契州立大学,Appalachian State University,
应用科学私立大学,Applied Science Private Universiry,
阿奎那斯学院,Aquinas College,
Ara坎特伯雷学院,Ara Institute of Canterbury,
阿拉伯美国大学,Arab American University,
阿卡达应用科学大学,Arcada University of Applied Sciences,
建筑联盟学院,Architectural Association School of Architecture,
阿德摩尔飞行学院,Ardmore Flying School,
阿肯色州立大学,Arkansas State University,
阿肯色理工大学,Arkansas Tech University,
亚美尼亚国立农业大学,Armenian National Agrarian University,
亚美尼亚国立师范大学,Armenian State Pedagogical University,
亚美尼亚国立经济大学,Armenian State University of Economics,
阿尔尼大学,Arni University,
艺术中心设计学院,Art Center College of Design,
教育艺术大学,The Art of Education University,
安特卫普大学学院,Artesis Plantijn Hogeschool Antwepen,
阿纳姆、恩斯赫德与兹沃勒艺术大学,ArtEZ University of the Arts,
ARTFX数字艺术学院,ARTFX School of Digital Arts,
伯恩茅斯艺术大学,Arts University Bournemouth,
普利茅斯艺术大学,Arts University Plymouth,
蒙斯高等艺术学校,Arts² Ecole Supérieure des Arts de Mons,
阿斯伯里神学院,Asbury Theological Seminary,
阿斯伯里大学,Asbury University,
Ascencia商学院,Ascencia Business School,
阿什西大学,Ashesi University,
阿什兰大学,Ashland University,
亚洲e大学,Asia e University,
亚欧大学,Asia Euro University,
亚洲城市大学,Asia Metropolitan University,
亚太学院,Asia Pacific College,
亚太信息技术学院,Asia Pacific Institute of Information Technology,
亚太国际学院,Asia Pacific International College,
亚太国际大学,Asia-Pacific International University,
亚太技术与创新大学,Asia Pacific University of Technology and Innovation,528
亚洲商学院,Asia School of Business,
亚洲管理学院,Asian Institute of Management,
亚洲理工学院,Asian Institute of Technology,
亚洲社会研究院,Asian Social Institute,
亚洲女子大学,Asian University for Women,
麻生流行文化专门学校,ASOポップカルチャー専門学校,
Aspire2国际商务与技术学院,Aspire2 International Business & Technology,
Aspire2国际酒店与健康护理学院,Aspire2 International Hospitality & Healthcare,
西尔恰尔阿萨姆大学,"Assam University, Silchar",
阿希尼伯因社区学院,Assiniboine Community College,
易三仓大学,Assumption University,
ATC培训学院,ATC Training College,
达沃雅典耀大学,Ateneo De Davao University,
雅典耀大学,Ateneo De Manila University,581
三宝颜雅典耀大学,Ateneo De Zamboanga University,
雅典经济与商业大学,Athens University of Economics and Business,1001-1200
大西洋海角社区学院,Atlantic Cape Community College,
大西洋中医学院,Atlantic Institute of Oriental Medicine,
大西洋理工大学,Atlantic Technological University,
新西兰ATMC学院,ATMC NZ,
奥本大学蒙哥马利分校,Auburn University at Montgomery,
奥克兰商学院,Auckland Institute of Studies,
南特高等商学院,Audencia Business School (AUDENCIA),
奥斯堡大学,Augsburg University,
奥古斯塔娜学院（伊利诺伊州）,Augustana College,
奥古斯塔娜大学,Augustana University,
奥罗拉大学,Aurora University,
奥斯丁学院,Austin College,
奥斯汀佩伊州立大学,Austin Peay State University,
澳大利亚自然疗法学院,Australasian College of Natural Therapies,
澳大利亚应用心理学院,Australian College of Applied Psychology,
澳大利亚商学院,Australian Institute of Business,
澳大利亚商业管理学院,Australian Institute of Business and Management,
澳大利亚高等教育学院,Australian Institute of Higher Education,
澳大利亚音乐学院,The Australian Institute of Music,
澳大利亚技术与商业学院,Australian Institute of Technology And Commerce,
澳大利亚国立管理与商业学院,Australian National Institute of Management and Commerce,
Autograf 设计学院,Autograf,
阿芳斯应用科学大学,Avans University of Applied Sciences,
阿瓦尔加学院,Avarga Institute,
澳大利亚航空学院,Aviation Australia,
阿维德学院,Avid College,
阿维拉大学,Avila University,
伊本·西那大学,Avincena University,
埃文代尔大学,Avondale University,
阿塞拜疆国立石油与工业大学,Azerbaijan State Oil and Industry University,711-720
阿塞拜疆国立师范大学,Azerbaijan State Pedagogical University,1201-1400
阿塞拜疆国立经济大学,Azerbaijan State University of Economics,634
阿塞拜疆理工大学,Azerbaijan Technical University,801-850
阿塞拜疆大学,Azerbaijan University,
阿塞拜疆建筑大学,Azerbaijan University of Architecture and Construction,951-1000
阿塞拜疆农业学院,Azərbaycan Kənd Təsərrüfatı Akademiyası,
阿祖萨太平洋大学,Azusa Pacific University,
俄罗斯联邦武装力量防空军事学院,Bоенная академия войсковой противовоздушной обороны Вооруженных Сил Российской Федерации имени Маршала Советского Союза А.М.Василевского,
B.S阿卜杜勒拉赫曼新月科技学院,B. S. Abdur Rahman Crescent Institute Of Science & Technology,
巴布森学院,Babson College,
巴沙汗大学,Bacha Khan University,
贝克学院,Baker College,
贝克大学,Baker University,
巴库工程大学,Baku Engineering University,851-900
巴库斯拉夫大学,Baku Slavic University,
巴库国立大学,Baku State University,565
鲍德温华莱士大学,Baldwin Wallace University,
巴里克希尔大学,Balikesir University,
巴利瓦格大学,Baliuag University,
巴尔赫大学,Balkh University,
波罗的海国际学院,Baltic International Academy,
班加罗尔大学,Bangalore University,
曼谷吞武里大学,Bangkok Thonburi University,
曼谷大学,Bangkok University,
孟加拉国商业技术大学,Bangladesh University of Business and Technology,
孟加拉国专业大学,Bangladesh University of Professionals,
银行街教育学院,Bank Street College of Education,
班颂德昭帕亚皇家大学,Bansomdejchaopraya Rajabhat University,
巴德学院,Bard College,
柏林巴德学院——欧洲人文科学学院,"Bard College Berlin, A Liberal Arts University",
西蒙洛克巴德学院,Bard College at Simon's Rock,
巴德学院西蒙洛克巴德学院,"Bard College at Simon's Rock, Bard College",
Barenboim-Said学院,Barenboim-Said Akademie,
伯尔格杜尔拉赫大学,Barkatullah University,
巴纳德学院,Barnard College,
贝瑞大学,Barry University,
巴顿学院,Barton College,
巴斯帝尔大学,Bastyr University,
巴丹英雄纪念学院,Bataan Heroes Memorial College,
巴丹州立学院,Bataan State College,
八打雁国立大学,Batangas State University,
贝茨学院,Bates College,
巴斯思巴大学,Bath Spa University,
魏玛包豪斯大学,Bauhaus-Universität Weimar,
贝佩丝大学,Bay Path University,
卡诺巴耶鲁大学,"Bayero University, Kano",
柏林bbw应用技术大学,bbw Hochschule,
建筑专科学院,BCA Academy,
比肯豪斯国立大学,Beaconhouse National University,
贝克曼斯设计学院,Beckmans Designhögskola,
贝翰文大学,Belhaven University,
贝拉明大学,Bellarmine University,
贝尔维尤学院,Bellevue College,
贝尔维尤大学,Bellevue University,
贝尔蒙特大学,Belmont University,
贝洛伊特学院,Beloit College,
伯米吉州立大学,Bemidji State University,
班尼迪克坦学院,Benedictine College,
班尼迪克大学,Benedictine University,
本格特国立大学,Benguet State University,
贝内特大学,Bennett University,
贝宁顿学院,Bennington College,
本特利大学,Bentley University,
别尔江斯克国立师范大学,Berdyansk State Pedagogical University,
别尔江斯克管理与商务大学,Berdyansk University Of Management and Business Ltd,
伯里亚学院,Berea College,
卑尔根社区学院,Bergen Community College,
卑尔根建筑学院,Bergen School of Architecture,
成功大学学院,BERJAYA University College,
伯克利学院,Berkeley College,
伯克利音乐学院,Berklee College of Music,
柏林国际应用技术大学,Berlin International University of Applied Sciences,
柏林工程应用技术大学,Berliner Hochschule für Technik,
伯尔尼高等专业学院,"Berner Fachhochschule, BFH",
贝里学院,Berry College,
贝瑟尼路德学院,Bethany Lutheran College,
伯特利大学（明尼苏达州）,Bethel University,
伯特利大学（田纳西州）,Bethel University,
贝塞斯达大学,Bethesda University,
伯利恒摩拉维亚学院,Bethlehem Moravian College,
白求恩库曼大学,Bethune - Cookman University,
巴拉特高等教育与研究学院,Bharath Institute of Higher Education & Research,
普纳帕拉蒂维迪雅皮斯学院,Bharati Vidyapeeth,
比科尔大学,Bicol University,
比久伯德纳耶格科技大学,Biju Patnaik University of Technology,
白采尔科维国立农业大学,Bila Tserkva National Agrarian University,
BIMM大学,BIMM University,
百纳利管理与创业大学,Binary University of Management and Entrepreneurship,
宾杜拉教育科学大学,Bindura University of Science Education,
宾汉姆大学,Bingham University,
比奥拉大学,Biola University,
伦敦大学伯克贝克学院,"Birkbeck College, University of London",
巴拉理工学院,Birla Institute of Technology,
格罗斯泰斯特主教大学,Bishop Grosseteste University,
主教大学,Bishop's University,
图里巴大学,Biznesa Augstskola Turība,
黑鹰学院,Black Hawk College,
黑山州立大学,Black Hills State University,
布莱克伯恩学院,Blackburn College,
布莱京理工学院,Blekinge Institute of Technology,
鲍勃琼斯大学,Bob Jones University,
国立医科大学,Bogomolets National Medical University,
切尔卡瑟国立大学,Bohdan Khmelnytsky National University of Cherkasy,
布罗斯大学学院,Borås University College,
波尔多高等商学院,Bordeaux Business School,
波尔多综合理工学院-波尔多国立高等化学、生物与物理学院,"Bordeaux INP-ENSCBP: Ecole Nationale Supérieure de Chimie, de Biologie et de Physique de l'Institut Polytechnique de Bordeaux",
波尔多国立高等农业科学学院,Bordeaux Sciences Agro-Ecole Nationale Supérieure des Sciences Agronomiques de Bordeaux Aquitaine,
鲍里斯•格林申科基辅大学,Borys Grinchenko Kyiv University,
波士顿建筑学院,The Boston Architectural College,
波士顿城市校园与商学院,Boston City Campus & Business College,
波士顿精神分析学研究生院,Boston Graduate School of Psychoanalysis,
波维河谷学院,Bow Valley College,
鲍登学院,Bowdoin College,
包伊州立大学,Bowie State University,
博士山技术与继续教育学院,Box Hill Institute,
英博夏尔大学,BPP University,
布莱克大学,Brac University,1001-1200
布拉德利大学,Bradley University,
汉堡品牌应用技术大学,Brand University of Applied Sciences,
科特布斯勃兰登堡工业大学,Brandenburgische Technische Universität Cottbus-Senftenberg,
布兰登大学,Brandon University,
布拉迪斯拉发经济与管理大学,Bratislava University of Economics and Management,
布拉佐斯波特学院,Brazosport College,
布雷达应用科学大学,Breda University of Applied Sciences,
布雷诺大学,Brenau University,
布雷斯特高等商学院,Brest Business School (BBS),
布里奇沃特学院,Bridgewater college,
桥水州立大学,Bridgewater State University,
布赖尔克雷斯特学院与神学院,Briercrest College and Seminary,
杨百翰大学夏威夷分校,Brigham Young University-Hawaii,
杨百翰大学爱达荷分校,Brigham Young University - Idaho,
不列颠哥伦比亚理工学院,British Columbia Institute of Technology,
迪拜英国大学,British University in Dubai,
越南英国大学,British University Vietnam,
布鲁克林法学院,Brooklyn Law School,
布劳沃德学院,Broward College,
伦敦布鲁内尔大学,Brunel University London,
布莱恩特大学,Bryant University,
布林茅尔学院,Bryn Mawr College,
汉堡法学院,"Bucerius Law School, Hochschule für Rechtswissenschaft",
白金汉郡新大学,Buckinghamshire New University,
巴克内尔大学,Bucknell University,
布达佩斯商学院,Budapest Business University,
布达佩斯都市大学,Budapesti Metropolitan Egyetem,
斯里兰卡佛教与巴利大学,Buddhist and Pali University of Sri Lanka,
比尤纳维斯特大学,Buena Vista University,
布哈拉州立大学,Bukhara State University,
布基农国立大学,Bukidnon State University,
国立比立勤大学,Bulacan State University,
泰国艺术发展研究院,Bunditpatanasilpa Institute of Fine Arts,
邦克山社区学院,Bunker Hill Community College,
哈勒艺术和设计学院,Burg Giebichenstein Kunsthochschule Halle,
武里喃皇家大学,Buriram Rajabhat University,
巴特勒社区学院（埃尔多拉多）,Butler Community College（El Dorado）,
巴特勒大学,Butler University,
巴特学院,Butte College,
C.D.A.学院,C.D.A. College,
C3学院,C3 Institute,
卡布里洛学院,Cabrillo College,
CAD制图专门学校,CAD製図専門学校,
卡昂国立大学,Cagayan State University,
凯恩大学,Cairn University,
加拉鄢教育基金会,Calayan Educational Foundation,
考德威尔大学,Caldwell University,
加利福尼亚浸会大学,California Baptist University,
加利福尼亚高级管理学院,California Institute of Advanced Management,
加利福尼亚艺术学院,California Institute of the Arts,
加利福尼亚综合研究学院,California Institute of Integral Studies,
加利福尼亚路德大学,California Lutheran University,
加利福尼亚科技大学,California Science and Technology University,
加利福尼亚州立理工大学洪堡分校,"California State Polytechnic University, Humboldt",
加利福尼亚州立理工大学波莫纳分校,"California State Polytechnic University, Pomona",
加利福尼亚州立大学贝克斯菲尔德分校,"California State University, Bakersfield",
加利福尼亚州立大学海峡群岛分校,California State University Channel Islands,
加利福尼亚州立大学奇科分校,"California State University, Chico",
加利福尼亚州立大学多明斯山分校,"California State University, Dominguez Hills",
加利福尼亚州立大学东湾分校,"California State University, East Bay",
加利福尼亚州立大学弗雷斯诺分校,"California State University, Fresno",
加利福尼亚州立大学蒙特雷湾分校,"California State University, Monterey Bay",
加利福尼亚州立大学圣伯纳迪诺分校,"California State University, San Bernardino",
加利福尼亚州立大学圣马可斯分校,"California State University, San Marcos",
加利福尼亚州立大学特洛克分校,"California State University, Stanislaus",
加利福尼亚维克多大学,California Victor University,
西加利福尼亚法学院,California Western School of Law,
卡尔文大学,Calvin University,
坎伯伦应用艺术与技术学院,Cambrian College of Applied Arts and Technology,
剑桥学院,Cambridge College,
卡姆登郡学院,Camden County College,
卡莫森学院,Camosun College,
坎贝尔大学,Campbell University,
康伯斯威尔大学,Campbellsville University,
格拉茨经济应用科学大学,Campus 02 Fachhochschule der Wirtschaft,
肯尼亚达学院,Cañada College,
迪拜加拿大大学,Canadian University Dubai,616
卡纳多应用艺术与技术学院,Canadore College of Applied Arts and Technology,
堪培拉技术学院,Canberra Institute of Technology,
坎宁学院,Canning College,
凯波布兰顿大学,Cape Breton University,
开普半岛科技大学,Cape Peninsula University of Technology,
开普敦服装设计学院,Cape Town College of Fashion Design,
卡佩拉大学,Capella University,
卡普兰诺学院,Capilano College,
卡普兰诺大学,Capilano University,
首都科技大学,Capital University of Science and Technology,
卡迪夫都市大学,Cardiff Metropolitan University,
加勒比海事大学,Caribbean Maritime University,
卡尔顿学院,Carleton College,
卡洛斯阿尔比祖大学（迈阿密）,Carlos Albizu University-Miami Campus,
卡洛斯·希拉多纪念国立大学,Carlos Hilado Memorial State University,
卡罗大学,Carlow University,
卡罗琳大学,Caroline University,
卡罗尔学院,Carroll College,
卡罗尔大学,Carroll University,
卡森纽曼大学,Carson-Newman University,
迦太基学院,Carthage College,
卡萨学院,Casa College,
卡斯卡迪亚学院,Cascadia College,
天主教神学联盟,Catholic Theological Union,
卡文迪什大学,Cavendish University,
乌干达卡文迪什大学,Cavendish University Uganda,
卡威迪国立大学,Cavite State University,
CBS国际商学院,CBS International Business School,
宿务医科大学,Cebu Doctors' University,
宿务理工学院大学,Cebu Institute of Technology-University,
CECOS信息技术与新兴科学大学,CECOS University of IT and Emerging Sciences,
西达克瑞斯特学院,Cedar Crest College,
锡达维尔大学,Cedarville University,
加斯佩学院,Cégep de la Gaspésie et des Îles,
罗斯芒学院,Cégep de Rosemont,
玛丽-维克多汉学院,Cégep Marie-Victorin,
森坦纳瑞大学,Centenary University,
百年理工应用艺术与技术学院,Centennial College of Applied Arts and Technology,
堪萨斯中央基督教学院,Central Christian College of Kansas,
中央学院,Central College,
中康涅狄格州立大学,Central Connecticut State University,
中欧大学私立大学,Central European University Private University,
中吕宋国立大学,Central Luzon State University,
中棉兰老大学,Central Mindanao University,
中菲律宾基督复临学院,Central Philippine Adventist College,
中部菲律宾大学,Central Philippine University,
中部菲律宾国立大学,Central Philippines State University,
中央皮特蒙特社区学院,Central Piedmont Community College,
中乌克兰国立技术大学,Central Ukrainian National Technical University,
卡纳塔克中央大学,Central University of Karnataka,
自由州中央理工大学,"Central University of Technology, Free State",
中央弗吉尼亚州社区学院,Central Virginia Community College,
中华盛顿大学,Central Washington University,
中怀俄明学院,Central Wyoming College,
里尔中央理工学院,Centrale Lille Institut,
中央高等电力学院,CENTRALESUPÉLEC,
森特学院,Centre College,
昂热国家现代舞中心,Centre National de Danse Contemporaine d'Angers,
中博腾应用科学大学,Centria University of Applied Sciences,
巴西物理研究中心,Centro Brasileiro de Pesquisas Físicas,
核技术发展中心,Centro de Desenvolvimento da Tecnologia Nuclear,
波多黎各与加勒比地区高级研究中心（波多黎各）,Centro de Estudios Avanzados de Puerto Rico y el Caribe（Puerto Rico）,
法律研究生学习中心,Centro de Estudios de Posgrado en Derecho,
下加利福尼亚大学学习中心,Centro de Estudios Universitarios de Baja California,
国立理工学院高级研究中心,Centro de Investigación y de Estudios Avanzados del Instituto Politécnico Nacional,
光学研究中心,Centro de Investigaciones en Óptica,
圣保罗基督复临会大学中心,Centro Universitário Adventista de São Paulo,
圣保罗美术大学中心,Centro Universitário Belas Artes de São Paulo,
南雅拉瓜圣卡塔琳娜天主教大学中心,Centro Universitário - Católica de Santa Catarina em Jaraguá do Sul,
库里蒂巴大学中心,Centro Universitário Curitiba,
高乔山谷大学中心,Centro Universitário da Serra Gaúcha,
巴西利亚大学中心,Centro Universitário de Brasília,
亚马孙高等教育大学中心,Centro Universitário de Ensino Superior do Amazonas,
伊塔茹巴大学中心,Centro Universitário de Itajubá,
马塞约大学中心,Centro Universitário de Maceió,
FIEO大学中心,Centro Universitário FIEO,
IBMEC大学中心,Centro Universitário IBMEC,
里约热内卢拉萨尔大学中心,Centro Universitário la Salle do Rio de Janeiro,
普斯迪伍大学中心,Centro Universitário Positivo,
里特尔多雷斯大学中心,Centro Universitário Ritter dos Reis,
Unic大学中心,Centro Universitário Unic,
UNIVATES大学中心,Centro Universitário UNIVATES,
波兰科学院哥白尼天文中心,Centrum Astronomiczne im. Mikolaja Kopernika Polskiej Akademii Nauk z siedziba w Warszawie,
高等工业研究中心,CESI: Centre d'Etudes Supérieures Industrielles,
塞波特学院,Chabot College,
查德隆州立学院,Chadron State College,
巴黎工商会,Chambre de Commerce et d'Industrie Paris Ile-de-France,
檀香山夏曼纳德大学,Chaminade University of Honolulu,
查普林学院,Champlain College,
庄甲盛皇家大学,Chandrakasem Rajabhat University,
柏林夏立特医学院,Charité–Universitätsmedizin Berlin,
查尔斯河德鲁医学和科学大学,Charles R. Drew University of Medicine and Science,
南查尔斯顿大学,Charleston Southern University,
查罗塔尔科技大学,Charotar University of Science and Technology,
澳大利亚与新西兰特许会计师协会,Chartered Accountants Australia and New Zealand,
查塔姆大学,Chatham University,
查塔努加州立社区学院,Chattanooga State Community College,
密拉特乔杜里·查兰·辛格大学,"Chaudhary Charan Singh University, Meerut",
乔特里瑟尔文库玛尔喜马偕尔邦农业大学,Chaudhary Sarwan Kumar Himachal Pradesh Krishi Vishvavidyalaya,
切尔卡瑟国立理工大学,Cherkasy State Technological University,
切尔尼戈夫国立理工大学,Chernihiv Polytechnic National University,
坎普尔查特拉帕蒂沙胡吉马哈拉杰大学,"Chhatrapati Shahu Ji Maharaj University, Kanpur",
Chi大学,Chi University,
中正学院,Chiang Kai Shek College,
清迈皇家大学,Chiang Mai Rajabhat University,
清莱皇家大学,Chiang Rai Rajabhat University,
奇伊诺理工大学,Chinhoyi Universtiy of Technology,
塔什干奇尔奇克国立师范学院,Chirchik State Pedagogical Institute of Tashkent Region,
奇泽姆技术与继续教育学院,Chisholm Institute of TAFE,
基督兄弟大学,Christian Brothers University,
泰国基督教大学,Christian University of Thailand,
克里斯托弗纽波特大学,Christopher Newport University,
剑桥国际学院,CIC Higher Education,
电影艺术学院,Cinematography Institute,
西普特拉大学,Ciputra University,
南卡罗莱纳军事学院,The Citadel Military College of South Carolina,
CITI大学,CITI University,
西勒斯学院,Citrus College,
旧金山城市学院,City College of San Francisco,
芝加哥城市学院哈罗德华盛顿学院,"City Colleges of Chicago, Harold Washington College",
城市大学,City University,
伦敦大学城市学院,"City, University of London",
纽约市立大学巴鲁克学院,"The City University of New York, The Bernard M. Baruch College",
纽约市立大学曼哈顿社区学院,"The City University of New York, Borough of Manhattan Community College",
纽约市立大学布朗克斯社区学院,"The City University of New York, Bronx Community College",
纽约市立大学布鲁克林学院,"The City University of New York, Brooklyn College",
纽约市立大学研究生院及大学中心,"The City University of New York, The Graduate School and University Center",
纽约市立大学约翰杰伊刑事司法学院,"The City University of New York, John Jay College of Criminal Justice",
纽约市立大学纽约市立技术学院,"The City University of New York, New York City College of Technology",
纽约市立大学皇后学院,"The City University of New York, Queens College",
西雅图城市大学,City University of Seattle,
米兰克劳迪奥•阿巴多市立音乐学院,Civica Scuola di Musica “Claudio Abbado” – Milano,
克莱蒙麦肯纳学院,Claremont McKenna College,
克莱蒙神学院,Claremont School of Theology,
宾夕法尼亚克拉里恩大学,Clarion University of Pennsylvania,
克拉克亚特兰大大学,Clark Atlanta University,
克拉克学院,Clark College,
克拉克大学,Clark University,951-1000
经典私立大学,Classic Private University,
克莱顿州立大学,Clayton State University,
克利夫兰艺术学院,Cleveland Institute of Art,
克利夫兰音乐学院,Cleveland Institute of Music,
克洛弗帕克技术学院,Clover Park Technical College,
本德海岸学院,Coastal Bend College,
卡罗莱纳海岸大学,Coastal Carolina University,
海岸线学院,Coastline College,
科钦科技大学,Cochin University of Science and Technology,
科达艺术大学,"Codarts, University of the Arts",
柯伊学院,Coe College,
考克大学,Coker University,
科本学院,The Colburn School,
科比学院,Colby College,
科比索亚学院,Colby-Sawyer College,
冷泉港实验室,Cold Spring Harbor Laboratory,
达古潘学院,Colegio de Dagupan,
罗萨里奥圣母学院,Colegio Mayor de Nuestra Señora del Rosario,
科尔盖特大学,Colgate University,
农业、科学与教育学院,"College of Agriculture, Science and Education",
峡谷学院,College of the Canyons,
中佛罗里达学院,College of Central Florida,
查尔斯顿学院,The College of Charleston,
巴黎学院,Collège de Paris,
沙漠学院,College of the Desert,
欧洲学院,College of Europe,
创意研究学院,College for Creative Studies,
圣十字学院,College of the Holy Cross,
爱达荷学院,The College of Idaho,
三军防务学院,Collège Interarmées de Défense,
共同希望语言学院,The College of Language Harapan Bersama,
法学院,The College of Law,
新喀里多尼亚学院,College of New Caledonia,
新泽西学院,The College of New Jersey,
北大西洋学院,College of the North Atlantic,
埃尔姆斯女子学院,College of Our Lady of the Elms,
欧扎克斯学院,College of the Ozarks,
佩奇·列坡萨维奇高等经济专业研究学院,College of Professional Studies of Economy Peć,
圣贝尼迪克学院,College of Saint Benedict,
圣斯科勒斯蒂卡学院,The College of Saint Scholastica,
圣马泰奥学院,College of San Mateo,
南内华达学院,College of Southern Nevada,
旅游与酒店管理学院,College of Tourism and Hotel Management,
威廉玛丽学院,The College of William and Mary,
伍斯特学院,The College of Wooster,
西维塔斯学院,Collegium Civitas,
考林县社区学院,Collin County Community College District,
科罗拉多中医药大学,Colorado Chinese Medicine University,
科罗拉多基督大学,Colorado Christian University,
科罗拉多学院,Colorado College,
科罗拉多梅萨大学,Colorado Mesa University,
科罗拉多州立大学普韦布洛分校,Colorado State University-Pueblo,
科罗拉多理工大学,Colorado Technical University,
哥伦比亚学院（加利福尼亚州）,Columbia College,
哥伦比亚学院（密苏里州）,Columbia College,
哥伦比亚学院（南卡罗莱纳州）,Columbia College,
芝加哥哥伦比亚学院,Columbia College Chicago,
哥伦比亚国际大学,Columbia International University,
哥伦布艺术与设计学院,Columbus College of Art and Design,
哥伦布州立社区学院,Columbus State Community College,
哥伦布州立大学,Columbus State University,
宾夕法尼亚联邦大学,Commonwealth University of Pennsylvania,
费城社区学院,Community College of Philadelphia,
索邦设计和工艺高等院校大学联合体,COMUE Hautes Ecoles Sorbonne Arts et Métiers Université (HESAM Université),
诺曼底大学联盟,Comue Normandie Université,
蔚蓝海岸大学联合体,COMUE Université Côte d’Azur,
康考迪亚学院 （明尼苏达州）,Concordia College,
康考迪亚大学（内布拉斯加州）,Concordia University,
康考迪亚大学（威斯康星州）,Concordia University,
康考迪亚大学芝加哥分校,Concordia University Chicago,
埃德蒙顿康考迪亚大学,Concordia University of Edmonton,
康考迪亚大学尔湾分校,Concordia University Irvine,
康考迪亚大学圣保罗分校,"Concordia University, St. Paul",
康考迪亚大学德克萨斯分校,Concordia University Texas,
康奈斯托加学院,Conestoga College Institute of Technology and Advanced Learning,
联邦应用艺术与技术学院,Confederation College of Applied Arts and Technology,
康涅狄格学院,Connecticut College,
魁北克音乐与戏剧艺术学院,Conservatoire de musique et d'art dramatique du Québec,
巴黎国立高等音乐与舞蹈学院,Conservatoire National Supérieur de Musique et de Danse de Paris,
里昂国立高等音乐与舞蹈学院,Conservatoire National Supérieur Musique et Danse de Lyon,
布鲁塞尔皇家音乐学院,Conservatoire royal de Bruxelles,
列日皇家音乐学院,Conservatoire royal de Liège,
布鲁诺·马代尔纳-嘉·雷迪米音乐学院,"Conservatorio di Musica ""B.Maderna - G.Lettimi"" (sedi a Cesena ed a Rimini)",
坎波巴索音乐学院,"Conservatorio di Musica di CAMPOBASSO ""Lorenzo Perosi""",
卡斯特弗朗科维内托音乐学院,"Conservatorio di Musica di CASTELFRANCO VENETO ""Agostino Steffani""",
拉蒂纳音乐学院,"Conservatorio di Musica di LATINA ""Ottorino Respighi""",
巴勒莫音乐学院,"Conservatorio di Musica di PALERMO ""Vincenzo Bellini""",
萨萨里音乐学院,"Conservatorio di Musica di SASSARI ""Luigi Canepa""",
卡利亚里音乐学院,"Conservatorio di musica statale di Cagliari ""Pierluigi da Palestrina""",
阿德里亚音乐学院,"Conservatorio statale di musica di Adria (RO) ""Antonio Buzzolla""",
亚历山德里亚音乐学院,"Conservatorio statale di musica di Alessandria ""Antonio Vivaldi""",
阿韦利诺音乐学院,"Conservatorio statale di musica di Avellino ""Domenico Cimarosa""",
巴里音乐学院,"Conservatorio statale di musica di Bari ""Niccolò Piccinni""",
贝内文托音乐学院,"Conservatorio statale di musica di Benevento ""Nicola Sala""",
博洛尼亚音乐学院,"Conservatorio statale di musica di Bologna ""Giovan Battista Martini""",
布雷西亚音乐学院,"Conservatorio statale di musica di Brescia ""Luca Marenzio"" ",
科莫威尔第音乐学院,"Conservatorio statale di musica di Como ""Giuseppe Verdi""",
科森扎音乐学院,"Conservatorio statale di musica di Cosenza ""Stanislao Giacomantonio”",
库内奥音乐学院,"Conservatorio statale di musica di Cuneo ""Giorgio Federico Ghedini""",
费尔莫音乐学院,"Conservatorio statale di musica di Fermo ""Giovambattista Pergolesi""",
费拉拉音乐学院,"Conservatorio statale di musica di Ferrara ""Girolamo Frescobaldi""",
佛罗伦萨音乐学院,"Conservatorio statale di musica di Firenze ""Luigi Cherubini""",
福贾音乐学院,"Conservatorio statale di musica di Foggia ""Umberto Giordano""",
弗罗西诺内音乐学院,"Conservatorio statale di musica di Frosinone ""Licinio Refice""",
加拉拉泰音乐学院,Conservatorio statale di musica di Gallarate (VA) “Giacomo Puccini”,
热那亚音乐学院,"Conservatorio statale di musica di Genova ""Nicolò Paganini""",
拉奎拉音乐学院,"Conservatorio Statale di Musica di L'AQUILA ""Alfredo Casella""",
拉斯佩齐亚音乐学院,"Conservatorio statale di musica di La Spezia ""Giacomo Puccini""",
莱切音乐学院,"Conservatorio statale di musica di Lecce ""Tito Schipa""",
卢卡音乐学院,Conservatorio statale di musica di Lucca “Luigi Boccherini”,
曼托瓦音乐学院,"Conservatorio statale di musica di Mantova ""Lucio Campiani""",
墨西拿音乐学院,"Conservatorio statale di musica di Messina ""Arcangelo Corelli""",
米兰音乐学院,"Conservatorio statale di musica di Milano ""Giuseppe Verdi""",
莫诺波利音乐学院,"Conservatorio statale di musica di Monopoli (BA) ""Nino Rota""",
那不勒斯音乐学院,"Conservatorio statale di musica di Napoli ""S. Pietro a Majella""",
诺瓦拉音乐学院,"Conservatorio statale di musica di Novara ""Guido Cantelli""",
帕多瓦音乐学院,"Conservatorio statale di musica di Padova ""Cesare Pollini""",
帕尔马音乐学院,"Conservatorio statale di musica di Parma ""Arrigo Boito""",
帕维亚音乐学院,"Conservatorio statale di musica di Pavia ""Franco Vittadini""",
佩鲁贾音乐学院,"Conservatorio statale di musica di Perugia ""Francesco Morlacchi""",
佩扎罗音乐学院,"Conservatorio statale di musica di Pesaro ""Gioachino Rossini""",
佩斯卡拉音乐学院,"Conservatorio statale di musica di Pescara ""Luisa d'Annunzio""",
皮亚琴察音乐学院,"Conservatorio statale di musica di Piacenza ""Giuseppe Nicolini""",
波坦察音乐学院,"Conservatorio statale di Musica di POTENZA ""Gesualdo da Venosa""",
雷焦卡拉布利亚音乐学院,"Conservatorio statale di musica di Reggio Calabria ""Francesco Cilea""",
雷焦艾米利亚卡斯特诺沃内蒙迪音乐学院,Conservatorio statale di musica di Reggio Emilia e Castelnuovo né Monti “Achille Peri e Claudio Merulo”,
利贝拉音乐学院,Conservatorio statale di musica di Ribera (AG) “Arturo Toscanini”,
罗马音乐学院,"Conservatorio statale di musica di Roma ""Santa Cecilia""",
罗维戈音乐学院,"Conservatorio statale di musica di Rovigo ""Francesco Venezze""",
萨勒诺音乐学院,"Conservatorio statale di musica di Salerno ""Giuseppe Martucci""",
锡耶纳音乐学院,"Conservatorio statale di musica di Siena ""Rinaldo Franci""",
塔兰托音乐学院,Conservatorio statale di musica di Taranto “Giovanni Paisiello”,
特拉莫音乐学院,Conservatorio statale di musica di Teramo “Gaetano Braga”,
都灵音乐学院,"Conservatorio statale di musica di Torino ""Giuseppe Verdi""",
特拉帕尼音乐学院,"Conservatorio statale di musica di Trapani ""Antonio Scontrino""",
特伦托音乐学院,"Conservatorio statale di musica di Trento ""Francesco Antonio Bonporti""",
的里雅斯特音乐学院,"Conservatorio statale di musica di Trieste ""Giuseppe Tartini""",
乌迪内音乐学院,"Conservatorio statale di Musica di UDINE ""Jacopo Tomadini""",
威尼斯音乐学院,"Conservatorio statale di musica di Venezia ""Benedetto Marcello""",
维罗纳音乐学院,"Conservatorio statale di musica di Verona ""Evaristo Felice Dall'Abaco""",
韦伯瓦伦蒂亚音乐学院,"Conservatorio statale di musica di VIBO VALENTIA ""Fausto Torrefranca""",
维琴察音乐学院,"Conservatorio statale di musica di Vicenza ""Arrigo Pedrollo""",
波尔扎诺音乐学院,"Conservatorio statale di musica/Hochschule für musik di Bolzano/Bozen ""Claudio Monteverdi""",
康斯特大学,Constructor University,
孔特拉科斯塔学院,Contra Costa College,
康沃斯学院,Converse College,
康沃斯大学,Converse University,
库伯高级科学艺术联合学院,Cooper Union for the Advancement of Science and Art,
哥本哈根商业学院,Copenhagen Business Academy,
哥本哈根设计与技术学院,The Copenhagen School of Design and Technology,
铜石大学,Copperstone University,
高贵林学院,Coquitlam College,
康奈尔学院,Cornell College,
基石学院,Cornerstone Institute,
基石大学,Cornerstone University,
哥伦比亚Colegiatura学院,Corporación Colegiatura Colombiana,
米诺托·德·迪奥斯大学学院,Corporación Universitaria Minuto de Dios,
布达佩斯考文纽斯大学,Corvinus University of Budapest,
寇提学院,Cottey College,
莫里斯郡学院,County College of Morris,
伦敦大学考陶德艺术学院,"Courtauld Institute of Art, University of London",
卡文南特学院,Covenant College,
科文纳特大学,Covenant University,
克兰布鲁克艺术学院,Cranbrook Academy of Art,
克兰德尔大学,Crandall University,
克兰菲尔德学院,Cranefield College,
规划与设计创意、创造研究学院,"CREAD: Institut Création, Réalisation, Etude en Aménagement et Design",
CREAPOLE创意管理学院,CREAPOLE Ecole de Création Management,
皇冠学院,Crown Institute of Studies,
美国烹饪学院,The Culinary Institute of America,
CUNEF大学,CUNEF Universidad,
库利学院,Curry College,
科廷学院,Curtin College,
科蒂斯音乐学院,Curtis Institute of Music,
卡廷顿大学,Cuttington University,
卡塞尔CVJM应用技术大学,CVJM-Hochschule Kassel,
塞吉巴黎大学理工学院,"CY Cergy Paris Université, CY Tech",
塞浦路斯学院,Cyprus College,
塞浦路斯国际管理学院,Cyprus International Institute of Management,
德尤维尔大学,D'Youville University,
达科他卫斯理大学,Dakota Wesleyan University,
达拉那大学学院,Dalarna University College,
达拉斯浸会大学,Dallas Baptist University,
达拉斯学院,Dallas College,
达拉斯国际大学,Dallas International University,
达拉斯神学院,Dallas Theological Seminary,
道尔顿州立大学,Dalton State College,
大马士革大学,Damascus University,1201-1400
戴美琳学院,Damelin,
达内什·阿尔布尔兹大学,Danesh Alborz University,
丹麦国家音乐学院,Danish National Academy of Music,
利沃夫国立医科大学,Danylo Halytsky Lviv National Medical University,
道家传统中医学院,Daoist Traditions College of Chinese Medical Arts,
达文波特大学,Davenport University,
大卫利普斯科姆大学,David Lipscomb University,
戴维森学院,Davidson College,
戴维斯和埃尔金斯学院,Davis and Elkins College,
戴维斯学院,Davis College,
达瓦特大学,Dawat University,
达伍德工程与技术大学,Dawood University of Engineering and Technology,
道森学院,Dawson College,
达阿尔巴格教育学院,Dayalbagh Educational Institute,
达亚南达萨格尔大学,Dayananda Sagar University,
代托纳州立学院,Daytona State College,
布勒学院,DDLM L'Ecole Bleue,
德安萨学院,De Anza College,
德拉萨阿拉内塔大学,De La Salle Araneta University,
德拉萨圣贝尼尔德学院,De La Salle-College of Saint Benilde,
德拉萨医学健康科学学院,De La Salle Medical and Health Sciences Institute,
德拉萨大学,De La Salle University,751-760
德拉萨大学达斯马瑞纳斯校区,De La Salle University-Dasmarinas,
迪恩学院,Dean College,
德卜勒伯汉大学,Debre Berhan University,
迪恩达亚尔乌巴特亚耶戈勒克布尔大学,Deen Dayal Upadhyay Gorakhpur University,
普纳高级技术国防学院,"Defence Institute of Advanced Technology, Pune",
特拉华州立大学,Delaware State University,
特拉华社区技术学院,Delaware Technical Community College,
特拉华谷大学,Delaware Valley University,
三角洲州立大学,Delta State University,
德尔塔科学与技术大学,Delta University for Science and Technology,1201-1400
丹尼森大学,Denison University,
丹佛神学院,Denver Seminary,
迪堡大学,DePauw University,
得梅因地区社区学院,Des Moines Area Community College,
德萨尔斯大学,DeSales University,
埃因霍芬设计学院,Design Academy Eindhoven,
圣地亚哥设计研究所,Design Institute of San Diego,
南特-大西洋设计学院,DESIGN Nantes: Ecole de Design de Nantes-Atlantique,
科灵设计学院,Design School Kolding,
科隆德国体育学院,Deutsche Sporthochschule Köln,
阿希尔亚女神大学,Devi Ahilya Vishwavidyalaya,
纽约德锐学院,DeVry College of New York,
德锐大学,DeVry University,
吞武里皇家大学,Dhonburi Rajabhat University,
博仁大学,Dhurakij Pundit University,
迪亚波罗谷学院,Diablo Valley College,
迪亚科尼亚应用科学大学,Diaconia University of Applied Sciences,
迪金森学院,Dickinson College,
迪金森州立大学,Dickinson State University,
迪吉彭理工学院,DigiPen Institute of Technology,
迪拉大学,Dilla University,
迪拉徳大学,Dillard University,
北黑森应用技术大学,DIPLOMA Hochschule-Private Fachhochschule Nordhessen,
越南外交学院,Diplomatic Academy of Vietnam,
立达学院,Disted College,
德累斯顿国际大学,DIU-Dresden International University GmbH,
卡拉潘神语学院,Divine Word College of Calapan,
第聂伯理工大学,Dnipro University of Technology,
多恩大学,Doane University,
多哈研究生院,Doha Institute for Graduate Studies,
弗罗茨瓦夫下西里西亚大学,Dolnośląska Szkoła Wyższa z siedzibą we Wrocławiu,
多米尼肯大学,Dominican University,
加利福尼亚多米尼克大学,Dominican University of California,
唐马里亚诺马科斯纪念国立大学,Don Mariano Marcos Memorial State University,
唐马里亚诺马科斯纪念国立大学南拉乌尼翁校区,Don Mariano Marcos Memorial State University - South La Union Campus,
顿巴斯国立工程学院,Donbass State Engineering Academy,
顿巴斯国立师范大学,Donbass State Pedagogical University,
顿涅茨克国立技术大学,Donetsk National Technical University,
顿涅茨克国立大学,Donetsk National University,
顿涅茨克国立经济与贸易大学,Donetsk National University of Economics and Trade named after Mykhailo Tugan-Baranovsky,
道格拉斯学院,Douglas College,
土库曼国立世界语言学院,Dovletmammet Azadi Turkmen National Institute of World Languages,
A.P.J.阿卜杜尔卡拉姆博士科技大学,Dr. A.P.J. Abdul Kalam Technical University,
巴巴萨赫布安贝德卡尔默拉特瓦拉博士大学,Dr. Babasaheb Ambedkar Marathwada University,
阿格拉毗姆劳安贝德卡尔博士大学,"Dr.Bhimrao Ambedkar University, Agra",
C.V.拉曼博士大学,Dr. C.V.Raman University,
哈里辛格高尔博士大学,Dr. Harisingh Gour Vishwavidyalaya,
拉姆马诺洛西亚阿瓦德博士土邦大学,Dr. Ram Manohar Lohia Awadh University,
乌克兰国立大学,Dragomanov Ukrainian State University,
德雷克大学,Drake University,
马来西亚DRB-HICOM汽车大学,DRB-HICOM University of Automotive Malaysia,
德鲁大学,Drew University,
德鲁里大学,Drury University,
巴登符腾堡双元制应用技术大学,Duale Hochschule Baden-Württemberg,
邓莱里文艺理工学院,"Dun Laoghaire Institute of Art, Design and Technology",
多瑙新城大学,Dunaújvárosi Egyetem,
邓多克理工学院,Dundalk Institute of Technology,
敦亚大学,Dunya University,
德汉姆应用艺术与技术学院,Durham College of Applied Arts and Technology,
E-artsup创意设计学院,E-artsup: Ecole de la Passion Créative,
EA西南商业学院,EA Business Academy SouthWest,
南锡建筑学院,EAN: Ecole d'Architecture de Nancy,
厄勒姆学院,Earlham College,
东中部大学,East Central University,
东洛杉矶学院,East Los Angeles College,
东斯特劳斯堡大学,East Stroudsburg University,
东德克萨斯农工大学,East Texas A&M University,
东德克萨斯浸信会大学,East Texas Baptist University,
东西大学,East-West University,
东康涅狄格州立大学,Eastern Connecticut State University,
东伊利诺伊大学,Eastern Illinois University,
东部理工学院,Eastern Institute of Technology,
东肯塔基大学,Eastern Kentucky University,
东门诺大学,Eastern Mennonite University,
东密歇根大学,Eastern Michigan University,
东新墨西哥大学,Eastern New Mexico University,
东俄勒冈大学,Eastern Oregon University,
东部大学,Eastern University,
东方管理科技大学,The Eastern University of Management and Technology,
东华盛顿大学,Eastern Washington University,
欧洲管理学院,EBS Paris: European Business School（Ecole Européenne de Management）,
EBS经济与法律大学,EBS Universität für Wirtschaft und Recht,
马赛中央理工学院,EC Marseille: Ecole Centrale de Marseille,
ECAD咨询学院,ECAD CONSULTANTS,
电力、生产与工业方法学院,"ECAM-EPMI: Ecole d'électricité, de production et des méthodes industrielles",
ECAM拉萨尔工程师学院,ECAM LaSalle,
ECC国际外语专门学校,ECC国際外語専門学校,
ECC计算机专门学校,ECCコンピュータ専門学校,
ECE欧洲商业学院,ECE: Ecole de Commerce Européenne,
埃克德学院,Eckerd College,
埃克学院,Eckerd College,
南特中央理工学院,ECN: Ecole Centrale de Nantes,
里昂天主教工艺学院,Ecole Catholique d'Arts et Métiers de Lyon,
中央电子学院,Ecole Centrale d'Electronique,
艺术与制造中央学院,Ecole Centrale des Arts et Manufactures,
巴黎拉维莱特建筑学院,Ecole d'Architcecture de Paris La Villette,
巴黎塞纳河谷建筑学院,Ecole d'Architecture de Paris-Val de Seine,
图卢兹高等美术与表演学院,Ecole d'Enseignement Supérieur des Beaux-Arts et du Spectacle Vivant de Toulouse,
普尔潘工程师学院,Ecole d'Ingéineurs de Purpan,
SIGMA克莱蒙工程师学院,Ecole d'Ingénieur SIGMA Clermont,
卡昂大学工程师学院,Ecole d'Ingénieurs de l'Université de Caen,
巴黎第七大学工程师学院,Ecole d'Ingénieurs Denis-Diderot de l'Université Paris VII,
工业系统工程学院,Ecole d'Ingénieurs en Génie des Systèmes Industriels,
孔岱学院,Ecole de Condé,
马赛美术学院 - 马赛-地中海国立高等艺术教育学院,Ecole des Beaux-Arts de Marseille – INSEAMM,
南特圣纳泽尔美术学院,Ecole des Beaux-Arts de Nantes Saint-Nazaire,
凡尔赛美术学院,Ecole des Beaux Arts de Versailles,
卢浮宫学院,Ecole du Louvre,
埃米尔·科尔学院,Ecole Emile Cohl,
布列塔尼欧洲高等艺术学院,Ecole Européenne Supérieure d'Art de Bretagne,
欧洲高等图像学院,Ecole Européenne Supérieure de l'Image,
法国酒店与旅游学院,Ecole Française d'Hôtesses et de Tourisme,
高等艺术与技术学院,Ecole Hourdé-ESAT: Ecole Supérieure des Arts et Techniques,
视觉设计与传达学院,Ecole Intuit.Lab Design et Communication Visuelle,
Fructidor媒体艺术学院,Ecole Média Art Fructidor,
布尔日国立高等美术学院,Ecole National Supérieure d'Art de Bourges,
洛林大学梅斯国立工程师学院,Ecole Nationale d'Ingénieurs de Metz de l'Université de Lorraine,
君士坦丁国家理工学院,Ecole Nationale Polytechnique de Constantine,
克莱蒙费朗国立高等建筑学院,Ecole Nationale Supérieure d'Architecture de Clermont-Ferrand,
巴黎贝尔维尔国立高等建筑学院,Ecole Nationale Supérieure d'Architecture de Paris-Belleville,
巴黎拉维莱特国立高等建筑学院,Ecole Nationale Supérieure d'Architecture de Paris la Villette,
巴黎国立高等建筑学院,Ecole Nationale Supérieure d'Architecture de Paris-Val de Seine,
圣太田国立高等建筑学院,Ecole Nationale Supérieure d'Architecture de Saint-Etienne,
里尔国立高等建筑与景观学院,Ecole Nationale Supérieure d'Architecture et de Paysage de Lille,
巴黎塞尔吉国立高等艺术学院,Ecole Nationale Supérieure d'Arts de Paris-Cergy,
国立高等工业与企业计算机学院,Ecole Nationale Supérieure d'Informatique pour l'Industrie et l'Entreprise,
普瓦提埃国立高等机械与航空技术学院,Ecole Nationale Supérieure de Mécanique et d'Aérotechnique de Poitiers,
布列塔尼国立高等先进技术学院,Ecole Nationale Supérieure de Techniques Avancées Bretagne,
里昂国立高等美术学院,Ecole Nationale Supérieure des Beaux-Arts de Lyon,
巴黎国立高等美术学院,Ecole Nationale Supérieure des Beaux-arts de Paris,
南锡高等化工学院,Ecole Nationale Supérieure des Industries Chimiques de Nancy,
巴黎高等音乐师范学院,Ecole Normale de Musique de Paris/Alfred Cortot,
蒙特利尔大学工学院,"École Polytechnique de Montréal, Université de Montréal",
洛桑联邦理工大学,Ecole polytechnique fédérale de Lausanne EPFL,
蓝色海岸大学综合理工学院,Ecole Polytechnique Universitaire de l'Université Côte d'Azur,
艾克斯-马赛大学综合理工学院,Ecole Polytechnique Universitaire de Marseille de l'Université d'Aix-Marseille,
蒙彼利埃大学综合理工学院,Ecole Polytechnique Universitaire de Montpellier,
索邦大学综合理工学院,Ecole Polytechnique Universitaire de Sorbonne Université,
计算机与先进技术学院,Ecole pour l'Informatique et les Techniques Avancées,
高等研究实践学院,Ecole Pratique des Hautes Etudes,
昂热高等计算机与生产技术学院,Ecole Supérieure Angevine d'Informatique et de Productique,
艾克斯-普罗旺斯高等艺术学院,Ecole Supérieure d'Art d'Aix-en-Provence,
阿维尼翁高等艺术学院,Ecole Supérieure d'Art d'Avignon,
安纳西高等艺术学院,Ecole Supérieure d'Art de l'Agglomération d'Annecy,
洛林高等艺术学院,Ecole Supérieure d'Art de Lorraine,
比利牛斯山波城-塔尔博高等艺术学院,Ecole Supérieure d'Art des Pyrénées Pau Tarbes,
北加莱海峡敦刻尔克图尔宽高等艺术学院,Ecole Supérieure d'Art du Nord-Pas de Calais/Dunkerque-Tourcoing,
康布雷高等艺术与传播学院,Ecole Supérieure d'Art et de Communication-Cambrai,
亚眠高等艺术与设计学院,Ecole Supérieure d'Art et de Design d'Amiens,
奥尔良高等艺术与设计学院,Ecole Supérieure d'Art et de Design d'Orléans,
兰斯高等艺术与设计学院,Ecole Supérieure d'Art et de Design de Reims,
圣太田高等艺术与设计学院,Ecole Supérieure d'Art et de Design Saint-Etienne,
图尔-昂热-勒芒艺术与设计高等学院,Ecole Supérieure d'Art et de Design TALM,
格勒诺布尔-瓦朗斯高等艺术与设计学院,Ecole Supérieure d'Art et Design Grenoble-Valence,
勒阿弗尔-鲁昂高等艺术与设计学院,Ecole Supérieure d'Art et Design Le Havre-Rouen,
西部高等电子学院,Ecole Supérieure d'Electronique de l'Ouest,
计算机与多媒体工程高等学校,Ecole Supérieure d'Ingénierie Informatique et Multimédia,
亚眠电子与电子技术高等工程师学院,Ecole Supérieure d'Ingénieurs en Electronique et Electrotechnique d'Amiens,
雷昂那多达芬奇高等工程师学院,"Ecole Supérieure d'Ingénieurs Léonard de Vinci, Pôle Univeristaire Léonard de Vinci",
卡昂瑟堡高等艺术与媒体学院,Ecole Supérieure d’Arts et Médias Caen/Cherbourg,
摩纳哥高等造型艺术学院,ECOLE SUPERIEURE D’ARTS PLASTIQUES DE LA VILLE DE MONACO,
高等矿物与有机化学学院,Ecole Supérieure de Chimie Organique et Minérale,
里昂高等化学、物理及电子学院,"Ecole Supérieure de Chimie, Physique et d'Electronique de Lyon",
克莱蒙高等商学院,Ecole supérieure de commerce de Clermont (ESC Clermont),
高等计算机工程学院,Ecole Supérieure de Génie Informatique,
斯特拉斯堡装饰艺术高等学院,Ecole Supérieure des Arts Décoratifs de Strasbourg,
昂热高等美术学院,Ecole Supérieure des Beaux-Arts d'Angers,
波尔多高等美术学院,Ecole Supérieure des Beaux-Arts de Bordeaux,
蒙彼利埃高等美术学院,Ecole Supérieure des Beaux-Arts de Montpellier Agglomération,
尼姆高等美术学院,Ecole Supérieure des Beaux-Arts de Nîmes,
瓦朗谢纳高等美术学院,Ecole Supérieure des Beaux-Arts de Valenciennes,
勒芒高等美术学院,Ecole Supérieure des Beaux-Arts Le Mans,
图尔昂热勒芒高等美术学院,Ecole Supérieure des Beaux-Arts Tours Angers Le Mans,
高等商业管理学院,ECOLE SUPERIEURE DES METIERS DU COMMERCE ET DE LA GESTION,
巴黎中央理工学院,ECP: Ecole Centrale de Paris,
东海岸理工大学,ECPI University,
视觉创意学院,ECV: Ecole de Création Visuelle,
巴黎企业创建者与领导者商业学院,EDC Paris Business School,
埃奇伍德大学,Edgewood College,
艾代克高等商业学院（北方高等商业学院）,EDHEC: Ecole de Hautes Etudes Commerciales du Nord,
伊迪斯科文学院,Edith Cowan College,
埃德蒙学院,Edmonds College,
埃德蒙社区学院,Edmonds Community College,
埃德娜曼利视觉与表演艺术学院,Edna Manley College of the Visual and Performing Arts,
教育文化法学院,Education Culture Law Institute,
埃杜图什大学,Edutus Egyetem,
爱德沃斯学院,Eduvos,
澳大利亚中汇学院,Edvantage Institute Australia,
欧洲互联网应用学院,EEMI:Ecole Européenne des Métiers de l'Internet,
爱沙尼亚艺术学院,Eesti Kunstiakadeemia,
Efet创意工作室,Efet Studio Créa,
法国电子与计算机信息学院,EFREI: Ecole Française d'Electronique et d'Informatique,
巴黎高等社会科学研究学院,EHESS: Ecole des Hautes Etudes en Sciences Sociales Paris,
苏黎世联邦理工大学,Eidgenössische Technische Hochschule Zürich ETHZ,
EIILM大学,EIILM University,
专门学校盈科国际学院,専門学校 EIKA International College,
国际奢侈品市场营销学院,EIML: Ecole Internationale de Marketing du Luxe,
巴黎国际管理学院,EIMP: Ecole Internationale de Management de Paris,
私立国际比较法与经济学院,EIPDCE: Ecole Internationale Privée de Droit Comparé et d'Economie,
巴黎市工程师学院,EIVP: Ecole des Ingénieurs de la Ville de Paris,
布拉迪斯拉发经济大学,Ekonomická univerzita v Bratislave,
萨尔瓦多卡米诺学院,El Camino College,
半岛计算机和行政信息系统学院,El-Gazeera High Institute for Computer and Administrative information Systems,
Elanova教育学院,Elanova Education,
埃尔金社区学院,Elgin Community College,
ELIC商务与公务员专门学校,ELICビジネス&公務員専門学校,
英才教育学院,Elite Education Institute,
精英管理学校,Elite Management School,
伊丽莎白城市州立大学,Elizabeth City State University,
伊丽莎白城学院,Elizabethtown College,
伊拉拉·莫金伊莱扎德大学,"Elizade University, Ilara-Mokin",
埃尔梅齐分子医学研究生院,Elmezzi Graduate School of Molecular Medicine,
埃尔迈拉学院,Elmira College,
依隆大学,Elon University,
里昂商业管理学院,EM Lyon Business School,
诺曼底经济管理学院,EM Normandie: Ecole de Management de Normandie,
爱默生学院,Emerson College,
伊密里欧学院,Emilio Aguinaldo College,
艾米丽卡尔艺术与设计大学,Emily Carr University of Art & Design,
阿联酋酒店管理学院,The Emirates Academy of Hospitality Management,
阿联酋航空大学,Emirates Aviation University,
达芬奇经济管理学院,EMLV: Ecole de Management Léonard de Vinci,
伊曼纽尔学院（马萨诸塞州）,Emmanuel College,
埃默里与亨利学院,Emory and Henry College,
黄帝东洋汉医科大学,Emperor's College of Traditional Oriental Medicine,
恩波利亚州立大学,Emporia State University,
国家行政学院,ENA: Ecole Nationale d'Administration,
国立民用航空学院,ENAC: Ecole Nationale de l'Aviation Civile,
国立文献学院,ENC: Ecole Nationale des Chartes,
恩迪科特学院,Endicott College,
英语与外国语大学,The English And Foreign Languages University,
布雷斯特国立工程师学院,ENI Brest: Ecole Nationale d'Ingénieurs de Brest,
塔布国立工程师学院,ENI Tarbes: Ecole Nationale d'Ingénieurs de Tarbes,
国立路桥学院,ENPC: Ecole Nationale des Ponts et Chaussées,
国立高等应用艺术与工艺学院,ENS AAMA: Ecole nationale supérieure des arts appliqués et des métiers d'art,
卡尚高等师范学院,ENS Cachan: Ecole Normale Supérieure de Cachan,
里昂高等师范学院,ENS Lyon: Ecole Normale Supérieure de Lyon,
巴黎高等师范学院,ENS Paris: Ecole Normale Supérieure de Paris,
巴黎萨克雷高等师范学院,ENS Paris-Saclay: Ecole Normale Supérieure de Paris-Saclay,
雷恩高等师范学院,ENS Rennes: Ecole Normale Supérieure de Rennes,
布列塔尼国立高等建筑学院,ENSA de Bretagne: Ecole Nationale Supérieure d'Architecture de Bretagne,
南锡国立高等建筑学院,ENSA de Nancy: Ecole Nationale Supérieure d'Architecture de Nancy,
第戎国立高等艺术学院,ENSA Dijon：Ecole Nationale Supérieure d'Art de Dijon,
格勒诺布尔国立高等建筑学院,ENSA Grenoble: Ecole Nationale Supérieure d'Architecture de Grenoble,
利摩日国立美术学院,ENSA Limoges：Ecole Nationale Supérieure d'Art de Limoges,
里昂国立高等建筑学院,ENSA Lyon : Ecole Nationale Supérieure d'Architecture de Lyon,
马赛国立高等建筑学院,ENSA Marseille: Ecole Nationale Supérieure d'Architecture de Marseille,
南锡国立高等艺术学院,ENSA Nancy: Ecole Nationale Supérieure d'Art de Nancy,
南特国立高等建筑学院,ENSA Nantes: Ecole Nationale Supérieure d'Architecture de Nantes,
诺曼底国立高等建筑学院,ENSA Normandie: Ecole Nationale Supérieure d'Architecture de Normandie,
巴黎-马拉盖国立高等建筑学院,ENSA Paris Malaquais: Ecole Nationale Supérieure d'Architecture Paris Malaquais,
巴黎－塞纳国立高等建筑学院,ENSA Paris-Val de Seine：Ecole Nationale Supérieure d'Architecture de Paris-Val de Seine,
斯特拉斯堡国立高等建筑学院,ENSA Strasbourg: Ecole Nationale Supérieure d'Architecture de Strasbourg,
图卢兹国立高等建筑学院,ENSA Toulouse: Ecole Nationale Supérieure d'Architecture de Toulouse,
凡尔赛国立高等建筑学院,ENSA Versailles: Ecole Nationale Supérieure d'Architecture de Versailles,
国立高等装饰艺术学院,ENSAD: Ecole Nationale Supérieure des Arts Décoratifs,
南锡国立高等艺术与设计学院,ENSAD Nancy: Ecole Nationale Supérieure d'Art et de Design de Nancy,
国立高等纺织工艺学院,ENSAIT: Ecole Nationale Supérieure des Arts et Industries Textiles,
国立高等工艺学院,ENSAM: Ecole Nationale Supérieure d'Arts et Métiers,
波尔多国立高等建筑与景观学院,ENSAP BORDEAUX: Ecole Nationale Supérieure d'Architecture et de Paysage de Bordeaux,
里尔国立高等化工学院,ENSC Lille: Ecole Nationale Supérieure de Chimie de Lille,
蒙彼利埃国立高等化工学院,ENSC Montpellier: Ecole Nationale Supérieure de Chimie de Montpellier,
巴黎国立高等化工学院,ENSC Paris: Ecole Nationale Supérieure de Chimie de Paris,
雷恩国立高等化工学院,ENSC Rennes: Ecole Nationale Supérieure de Chimie de Rennes,
国立高等工业创意学院,ENSCI Paris：Ecole Nationale Supérieure de Création Industrielle - Les Ateliers,
国立高等电子及电子应用学院,ENSEA: Ecole Nationale Supérieure de l'Electronique et de ses Applications,
国立地理科学学院,ENSG-GEO: Ecole Nationale des Sciences Géographiques,
波城大学国立高等工业科技工程学院,ENSGTI Pau: Ecole nationale supérieure en génie des technologies industrielles de l’Université de Pau,
卡昂国立高等工程师学院,ENSICAEN: Ecole Nationale Supérieure d'Ingénieurs de Caen,
南特国立高等矿业学院,ENSM Nantes: Ecole Nationale Supérieure des Mines de Nantes,
巴黎国立高等矿业学院,ENSM Paris: Ecole Nationale Supérieure des Mines de Paris,
国立高等机械与微技术学院,ENSMM: Ecole Nationale Supérieure de Mécanique et des Microtechniques,
国立高等摄影学院,ENSP: Ecole nationale supérieure de la photographie,
凡尔赛国立高等景观学院,ENSP Versailles : Ecole Nationale Supérieure de Paysage de Versailles,
国立高等石油与发动机学院,ENSPM: Ecole Nationale Supérieure du Pétrole et des Moteurs,
国立高等先进技术学院,ENSTA: Ecole Nationale Supérieure de Techniques Avancées,
杜埃国立高等工业技术与矿业学院,ENSTIM Douai: Ecole Nationale Supérieure des Techniques Industrielles et des Mines de Douai,
国立国家公共工程学院,ENTPE: Ecole Nationale des Travaux Publics de l'Etat,
埃努古州立科技大学,Enugu State University of Science and Technology,
综合理工学院,EP: Ecole Polytechnique,
EPF工程师学院,EPF - Ecole d'Ingénieur-e-s,
巴黎高等研究实践学院,EPHE: Ecole Pratique des Hautes Etudes de Paris,
创新与计算机专家学院,Epitech: Ecole de l'Innovation et de l'Expertise Informatique,
艾博科大学,Epoka Private University,
巴黎平面艺术高等职业学院,EPSAA: Ecole Professionnelle Supérieure d'Arts Graphiques de la Ville de Paris,
布鲁塞尔伊拉斯姆斯学院,Erasmushogeschool Brussel,
立肯学院,Erican College,
伊利社区学院,Erie Community College,
艾里克森研究院,Erikson Institute,
耶拿应用技术大学,Ernst-Abbe-Hochschule Jena,
建筑专业学院,ESA: Ecole Spéciale d'Architecture,
昂热高等农业学院,ESA: Ecole Superiéure d'Agriculture d'Angers,
土伦-普罗旺斯-地中海高等艺术与设计学院,ESADTPM: Ecole supérieure d'art et de design Toulon Provence Méditerranée,
潘宁根高等平面设计与室内建筑学院,"ESAG Penninghen:Ecole Supérieure de Design, d'Art Graphique et d'Architecture Intérieure",
高等现代艺术设计学院,ESAM Design: Ecole Supérieure des Arts Modernes,
巴斯克地区高等艺术学院,ESAPB: Ecole Supérieure d'Art Pays Basque,
木材工程学院,ESB: Ecole Supérieur du Bois,
亚眠高等商业学院,ESC Amiens: Ecole Supérieure de Commerce d'Amiens,
第戎-勃艮第高等商业学院,ESC DIJON: Ecole Supérieure de Commerce de Dijon-Bourgogne,
里尔高等商业学院,ESC Lille: Ecole Supérieure de Commerce de Lille,
波城高等商业学院,ESC PAU: Ecole Supérieure de Commerce de Pau,
圣太田高等商业学院,ESC SAINT-ETIENNE: Ecole Supérieure de Commerce de Saint-Etienne,
高等外贸学院,ESCE: Ecole Supérieure du Commerce Extérieur,
瓦加斯基金会巴西公共与企业管理学院,Escola Brasileira de Administração Pública e de Empresas da Fundação Getulio Vargas,
瓦加斯基金会圣保罗工商管理学院,Escola de Administração de Empresas de São Paulo da Fundação Getulio Vargas,
瓦加斯基金会圣保罗法学院,Escola de Direito de São Paulo da Fundação Getulio Vargas,
瓦加斯基金会圣保罗经济学院,Escola de Economia de São Paulo da Fundação Getulio Vargas,
瓦加斯基金会国际关系学院,Escola de Relações Internacionais da Fundação Getulio Vargas,
艺术与设计学院,Escola Superior de Artes e Design,
埃什托里尔酒店与旅游高等学校,Escola Superior de Hotelaria e Turismo do Estoril,
广告与营销高等学院,Escola Superior de Propaganda e Marketing,
ESCP欧洲高等商学院,ESCP Europe Business School,
柏林欧洲经济学院,ESCP Europe Wirtschaftshochschule Berlin,
银行与贸易学院,Escuela Bancaria y Comercial,
拉丁美洲医学院,Escuela Latinoamericana de Medicina,
钦博拉索高等理工学院,Escuela Superior Politécnica de Chimborazo,
海岸高等理工学院,Escuela Superior Politécnica del Litoral,901-950
里昂社会经济发展高级学院,ESDES Lyon: Ecole Supérieure pour le Développement Economique et Social de Lyon,
高等电影研究学院,ESEC: Ecole Supérieure d'Etudes Cinématographiques,
高等管理学院-工商管理学院,ESGCV-MBA ESG: Ecole Supérieure de Gestion,
高等计算机、电子及自动化学院,"ESIEA: Ecole Supérieure d'Informatique, Electronique, Automatique",
巴黎高等电子与电工技术工程师学院,ESIEE Paris,
高等电子工程工程师学院,ESIGELEC: Ecole Supérieure d'Ingénieurs en Génie Electrique,
伊希姆大学,Esil University,
里尔高等新闻学院,ESJ: Ecole Supérieure de Journalisme de Lille,
埃斯基谢尔技术大学,Eskisehir Technical University,
商务应用科学自由高等学院,ESLSCA: Ecole Supérieure Libre des Sciences Commerciales Appliquées,
电力与机械专业学院,ESME: Ecole Spéciale de Mécanique et d'Electricité,
时尚艺术与技术高等学院,ESMOD: Ecole Supérieure des Arts et Techniques de la Mode,
柏林欧洲管理与技术学院,ESMT European School of Management and Technology,
ESP音乐专门学校大阪校区,専門学校ESPエンタテインメント大阪,
ESP音乐专门学校东京校区,専門学校ESPエンタテインメント東京,
巴黎市工业物理化学学院,ESPCI: Ecole Supérieure de Physique et de Chimie Industrielle de la Ville de Paris,
高等房地产职业学院,ESPI: Ecole Supérieure des Professions Immobilières,
巴黎高等视听制作学院,ESRA Paris: Groupe ESRA-Ecole Supérieure de Réalisation Audiovisuelle de Paris,
昂热高等商业科学学院,ESSCA: Ecole Supérieure des Sciences Commerciales d'Angers,
ESSEC高等商学院,ESSEC Business School,
埃塞克斯郡学院,Essex County College,
高等航空技术与汽车制造学院,ESTACA: Ecole Supérieure des Techniques Aéronautiques et de Construction Automobile,
高等先进工业技术学院,ESTIA: Ecole Supérieure des Technologies Industrielles Avancées,
爱沙尼亚音乐与戏剧学院,Estonian Academy of Music and Theatre,
爱沙尼亚商学院,Estonian Business School,
巴黎市政工程建筑工业专业学院,"ESTP: Ecole Spéciale des Travaux Publics, du Batiment et de l'Industrie",
埃斯特尔哈兹·卡洛伊天主教大学,Eszterházy Károly Katolikus Egyetem,
经济、会计、商业与通信技术学院,ETEC: Ecole des Techniques Economiques Comptables Commerciales et de Communication,
ESMA高等艺术学院,ETPA - ECOLES CREATIVES – ESMA Ecole Supérieure des Métiers Artistiques,
尤肯国际大学,Eucon International University,
弗罗茨瓦夫艺术与设计学院,Eugeniusz Geppert Academy of Art and Design  in Wrocław,
罗德里格斯科学与技术学院,"Eulogio ""Amang"" Rodriguez Institute of Science and Technology",
欧洲通信学院,Eurecom,
弗伦斯堡大学,Europa-Universität Flensburg,
奥德河畔法兰克福欧洲大学,Europa-Universität Viadrina Frankfurt (Oder),
布鲁赫欧洲应用技术大学,Europäische Fachhochschule Rhein/Erft,
欧洲人文大学,European Humanities University,
欧洲区域教育学院,European Regional Educational Academy,
伊凡格尔大学,Evangel University,
埃弗雷特社区学院,Everett Community College,
常青州立学院,The Evergreen State College,
Excelia商学院,Excelia Group,
伊塞西雅学院,Excelsia College,
埃斯伯利学院,Eynesbury College,
亚琛应用技术大学,Fachhochschule Aachen,
比勒菲尔德应用技术大学,Fachhochschule Bielefeld,
布尔根兰应用科学大学,Fachhochschule Burgenland,
维也纳康普斯应用科学大学,Fachhochschule Campus Wien,
帕德博恩经济应用技术大学,Fachhochschule der Wirtschaft,
比勒费尔德中等企业应用技术大学,Fachhochschule des Mittelstands (FHM),
多特蒙德应用技术大学,Fachhochschule Dortmund,
德累斯顿应用技术大学,Fachhochschule Dresden,
埃尔福特应用技术大学,Fachhochschule Erfurt,
弗伦斯堡应用技术大学,Fachhochschule Flensburg,
格劳宾登州高等专业学院,"Fachhochschule Graubünden, FHGR",
约阿内应用科学大学,Fachhochschule Joanneum,
克恩藤应用科学大学,Fachhochschule Kärnten,
凯尔公共管理应用技术大学,Fachhochschule Kehl-Hochschule für öffentliche Verwaltung,
基尔应用技术大学,Fachhochschule Kiel,
蒂罗尔州库夫施泰因应用科学大学,Fachhochschule Kufstein Tirol,
路德维希堡公共管理与金融应用技术大学,Fachhochschule Ludwigsburg-Hochschule für öffentliche Verwaltung und Finanzen,
明斯特应用技术大学,Fachhochschule Münster,
瑞士西北高等专业学院,"Fachhochschule Nordwestschweiz, FHNW",
上奥地利州应用科学大学,Fachhochschule Oberösterreich Studienbetriebs GmbH,
瑞士东部高等专业学院,"Fachhochschule Ostschweiz, FHO",
波茨坦应用技术大学,Fachhochschule Potsdam,
萨尔茨堡应用科学大学,Fachhochschule Salzburg,
圣珀尔滕应用科学大学,Fachhochschule St. Pölten GmbH,
西南法伦应用技术大学,Fachhochschule Südwestfalen,
维也纳技术应用科学大学,Fachhochschule Technikum Wien,
西海岸应用技术大学,"Fachhochschule Westküste, Hochschule für Wirtschaft und Technik",
维也纳新城应用科学大学,Fachhochschule Wiener Neustadt,
AIEC学院,Faculdade AIEC,
佩洛塔斯阿尼杨格拉学院,Faculdade Anhanguera de Pelotas,
北里奥格兰德科学、文化与推广学院,"Faculdade de Ciências, Cultura e Extensão do Rio Grande do Norte",
阿曼多·阿尔瓦雷斯·彭特亚多基金会法学院,Faculdade de Direito da Fundação Armando Alvares Penteado,
巴拉那高等教育学院,Faculdade de Educação Superior do Paraná,
南部技术学院,Faculdade de Tecnologia da Zona Sul,
伊塔佩蒂宁加技术学院,Faculdade de Tecnologia de Itapetininga,
堂·佩德罗二世学院,Faculdade Dom Pedro II,
管理与商业学院,Faculdade FIA de Administração e Negócios,
玛莎·法尔考学院,Faculdade Martha Falcão,
伯南布哥卫生学院,Faculdade Pernambucana de Saúde,
里约麦肯锡长老会学院,Faculdade Presbiteriana Mackenzie Rio,
利马宗座神学与世俗学院,Facultad de Teología Pontificia y Civil de Lima,
拉丁美洲社会科学院（FLACSO）,Facultad Latinoamericana de Ciencias Sociales (FLACSO),
伊斯兰宣教学院,Faculty of Islamic Call,
费尔菲尔德大学,Fairfield University,
菲尔莱狄更斯大学,Fairleigh Dickinson University,
费尔蒙特州立大学,Fairmont State University,
福尔茅斯大学,Falmouth University,
范莎应用艺术与技术学院,Fanshawe College of Applied Arts and Technology,
远东大学,Far Eastern University,
服装设计营销学院,Fashion Institute of Design & Merchandising,
法蒂玛真纳女子大学,Fatima Jinnah Women University,
法塔尼大学,Fatoni University,
菲耶特维尔州立大学,Fayetteville State University,
阿贝奥库塔联邦农业大学,"Federal University of Agriculture, Abeokuta",
阿库雷联邦理工大学,"The Federal University of Technology, Akure",
明纳联邦理工大学,"Federal University of Technology, Minna",
奥韦里联邦理工大学,"Federal University of Technology, Owerri",
联邦乌尔都文学与科技大学,"Federal Urdu University of Arts, Sciences and Technology",
费利西安大学,Felician University,
费尔干纳公共卫生医学院,Ferghana Medical Institute of Public Health,
费蒂阿伯斯塞提夫大学,Ferhat Abbas University of Setif,
费里斯州立大学,Ferris State University,
费鲁姆学院,Ferrum College,
远东学院（奎松校区）,Feu Fern College(Quezon City),
维也纳经济应用科学大学,FHWien der WKW,
斐济国立大学,Fiji National University,
菲拉默基督教大学,Filamer Christian University,
巴贝尔斯伯格电影大学,Filmuniversität Babelsberg Konrad Wolf,
纽约市立大学费烈罗H.拉瓜迪亚社区学院,Fiorello H. LaGuardia Community College of the City University of New York,
第一城市大学学院,First City University College,
费舍尔学院,Fisher College,
五系大学,"Five Branches University, Graduate School of Traditional Chinese Medicine",
物理与技术科学中心,Fizinių ir technologijos mokslų centras,
弗拉格勒学院,Flagler College,
佛州中医学院,Florida College of Integrative Medicine,
佛罗里达海湾海岸大学,Florida Gulf Coast University,
佛罗里达南方学院,Florida Southern College,
杰克逊维尔佛罗里达州立学院,Florida State College at Jacksonville,
富克旺根艺术大学,Folkwang Universität der Künste,
埃森经济与管理应用技术大学,FOM Hochschule für Oekonomie & Management,
丰博纳学院,Fontbonne College,
丰博纳大学,Fontbonne University,
方提斯应用科学大学,Fontys University of Applied Sciences,
富特希尔学院,Foothill College,
外贸大学,Foreign Trade University,
福尔曼基督教学院,Forman Christian College,
福尔玛蒂学院,FORMATIVES,
福赛斯技术社区学院,Forsyth Technical Community College,
富特海斯州立大学,Fort Hays State University,
路易斯堡学院,Fort Lewis College,
伊斯兰堡基金会大学,Foundation University Islamabad,
弗雷明汉州立大学,Framingham State University,
弗朗西斯马里恩大学,Francis Marion University,
斯托本弗朗西斯大学,Franciscan University of Steubenville,
法兰克福金融与管理学院,Frankfurt School of Finance & Management,
法兰克福应用技术大学,Frankfurt University of Applied Sciences,
富兰克林和马歇尔学院,Franklin and Marshall College,
富兰克林皮尔斯大学,Franklin Pierce University,
富兰克林大学,Franklin University,
富兰克林·欧林工程学院,Franklin W. Olin College of Engineering,
弗雷德里克理工学院,Frederick Institute of Technology,
弗雷德里克大学,Frederick University,
摩尔多瓦自由国际大学,Free International University of Moldova,
第比利斯自由大学,Free University of Tbilisi,
斯图加特自由应用技术大学,Freie Hochschule Stuttgart-Seminar für Waldorfpädagogik,
亚美尼亚法语大学,French University in Armenia,
弗雷斯诺城市学院,Fresno City College,
弗雷斯诺太平洋大学,Fresno Pacific University,
佛罗斯堡州立大学,Frostburg State University,
越南富布赖特大学,Fulbright University Vietnam,
福赛大学,Full Sail University,
富勒研究生院,Fuller Graduate Schools,
富勒神学院,Fuller Theological Seminary,
富勒顿学院,Fullerton College,
富尔顿蒙哥马利社区学院,Fulton-Montgomery Community College,
北天主教大学基金会,Fundación Universitaria Católica del Norte,
安第斯地区大学基金会,Fundación Universitaria del Área Andina,
解放者大学基金会,Fundación Universitaria Los Libertadores,
圣马丁大学基金会,Fundación Universitaria San Martin,
哥伦比亚自治基金会大学,Fundación Universidad Autónoma de Colombia,
波哥大豪尔赫·塔德奥·洛萨诺基金会大学,Fundación Universidad de Bogotá Jorge Tadeo Lozano,
普埃布拉美洲大学基金会,Fundación Universidad de las Américas Puebla,
福尔曼大学,Furman University,
戈芬德巴拉布彭特农业技术大学,G.B.Pant University of Agriculture & Technology,
加劳德特大学,Gallaudet University,
甘地技术管理大学,Gandhi Institute of Technology and Management  University,
甘地格拉姆乡村学院,The Gandhigram Rural Institute,
甘农大学,Gannon University,
花园城市大学,Garden City University,
加德纳韦伯大学,Gardner-Webb University,
盖特威神学院,Gateway Seminary,
耶夫勒大学学院,Gävle University College,
约翰科特罗瓦将军国防大学,General Sir John Kotelawala Defence University,
日内瓦学院,Geneva College,
和立大学学院,Genovasi University College,
乔治布朗应用艺术与技术学院,George Brown College of Applied Arts and Technology,
乔治福克斯大学,George Fox University,
乔治敦学院,Georgetown College,
佐治亚学院暨州立大学,Georgia College & State University,
佐治亚格威内特学院,Georgia Gwinnett College,
佐治亚西南州立大学,Georgia Southwestern State University,
乔治亚应用艺术与技术学院,Georgian College of Applied Arts and Technology,
乔治亚法庭大学,Georgian Court University,
格鲁吉亚公共事务学院,Georgian Institute of Public Affairs (GIPA),
格鲁吉亚国立大学,Georgian National University SEU,
格鲁吉亚工业大学,Georgian Technical University,1401+
开罗德国大学,The German University in Cairo,1401+
利特维尔美术学院,Gerrit Rietveld Academie,
巴黎东部高等教育集团,GESCEP: GROUPE D'ENSEIGN SUP EST PARISIEN,
盖茨堡学院,Gettysburg College,
加利卜大学,Ghalib University,
古兰伊沙克汗工程科学技术研究所,Ghulam Ishaq Khan Institute of Engineering Sciences and Technology,
格伦代尔社区学院,Glendale Community College,
环球领袖大学,Global Leadership University,
果阿大学,Goa University,
高布林图像学院,"GOBELINS, l'école de l'image",
金门大学,Golden Gate University,
戈尔登西部学院,Golden West College,
高地毕肯学院,Goldey-Beacom College,
伦敦大学格尔德史密斯学院,"Goldsmiths College, University of London",
古列斯坦大学,Golestan University,
戈马尔大学,Gomal University,
贡萨格大学,Gonzaga University,
戈登学院,Gordon College,
高盛学院,Goshen College,
古彻学院,Goucher College,
锡亚尔科特政府女子大学学院,"Government College Women University, Sialkot",
巴哈瓦尔布尔政府萨迪克女子大学学院,The Government Sadiq College Women University Bahawalpur,
州长州立大学,Governors State University,
格雷斯教会大学,Grace Mission University,
格里斯兰大学,Graceland University,
社会科学研究院,Graduate Academy of Social Sciences,
神学研究联盟,Graduate Theological Union,
蒙古研究大学,Graduate University of Mongolia,
格兰布林州立大学,Grambling State University,
格兰萨索科学研究院,Gran Sasso Science Institute - Scuola di Dottorato Internazionale,
大峡谷大学,Grand Canyon University,
大河谷州立大学,Grand Valley State University,
格兰特麦克埃文大学,Grant MacEwan University,
绿河学院,Green River College,
绿河社区学院,Green River Community College,
格林斯博罗学院,Greensboro College,
格林维尔学院,Greenville College,
格林威尔大学,Greenville University,
格勒诺布尔经济管理学院,Grenoble Ecole de Management,
格林奈尔学院,Grinnell College,
格罗斯蒙特学院,Grossmont College,
BLM集团非洲高等通信学院,GROUPE BLM ISACOM: Institut Supérieur Africain de la Communication,
国立经济与统计学院集团国立统计与经济管理学院,"Groupe des Ecoles Nationales d'Economie et Statistique, Ecole Nationale de la Statistique et de l'Administration Economique",
国立经济与统计学院集团国立信息统计与分析学院,"Groupe des Ecoles Nationales d'Economie et Statistique, Ecole Nationale de la Statistique et de l'Analyse de l'Information",
经济、艺术与交流高等研究中心,"Groupe EAC:Centre d'études supérieures en Economie, Art et Communication",
巴黎EFAP传播学院,Groupe EDH - Groupe des écoles Denis Huisman (EDH) - EFAP,
ICART文化管理与艺术市场学院,Groupe EDH SAS - ICART - Ecole du management de la culture et du marché d'art,
特鲁瓦高等商业学院,Groupe ESC Troyes: Ecole Supérieure de Commerce de Troyes,
广告与数字高等学院集团,Groupe ESP-ESD: Ecole Supérieure de Publicité - Ecole Supérieure du Digital,
格罗夫城市学院,Grove City College,
吉尔德霍尔音乐与戏剧学院,Guildhall School of Music and Drama,
吉尔福德学院,Guilford College,
古吉拉特技术大学,Gujarat Technological University,
古卢大学,Gulu University,
古鲁戈宾德辛格因德勒布勒斯特大学,Guru Gobind Singh Indraprastha University,1001-1200
古鲁杰默贝什沃尔科技大学,Guru Jambeshwar University of Science and Technology,
古斯塔夫斯艾道佛斯学院,Gustavus Adolphus College,
格温内德梅西大学,Gwynedd Mercy University,
久姆里国立师范学院,Gyumri State Pedagogical Institute after M. Nalbandian,
哈尔科夫国立师范大学,H.S.Skovoroda Kharkiv National Pedagogical University,
哈格哈里亚应用科学大学,Haaga-Helia University of Applied Sciences,
汉堡港口城市大学,HafenCity Universität Hamburg,
海牙应用科学大学,The Hague University of Applied Sciences,
海牙艺术大学,The Hague University of the Arts,
海防大学,Hai Phong University,
哈维里大学,The Hajvery University,
HAL大阪专门学校,HAL大阪,
HAL东京专门学校,HAL東京,
HAL名古屋专门学校,HAL名古屋,
万豪劳伦斯坦应用科学大学,Van Hall Larenstein University of Applied Sciences,
哈尔姆斯塔德大学学院,Halmstad University College,
哈马大学,Hama University,
海门应用科学大学,Häme University of Applied Sciences,
汉密尔顿学院,Hamilton College,
哈姆林大学,Hamline University,
汉普顿-悉尼学院,Hampden-Sydney College,
罕布什尔学院,Hampshire College,
汉普顿大学,Hampton University,
韩江传媒大学学院,Han Chiang University College of Communication,
阿纳姆与奈梅亨应用科学大学,HAN University of Applied Sciences,
汉肯经济学院,Hanken School of Economics,
汉尼拔拉格朗日大学,Hannibal-LaGrange University,
河内法律大学,Hanoi Law University,
河内师范大学,Hanoi National University of Education,
河内开放大学,Hanoi Open University,
河内大学,Hanoi University,
河内文化大学,Hanoi University of Culture,
河内工业大学,Hanoi University of Industry,
汉诺威学院,Hanover College,
格罗宁根应用科学大学,Hanze University of Applied Sciences Groningen,
哈丁-西蒙斯大学,Hardin-Simmons University,
哈丁大学,Harding University,
哈珀•亚当斯大学,Harper Adams University,
哈里斯纪念学院,Harris Memorial College,
哈里斯堡社区学院,Harrisburg Area Community College,
哈里斯堡科技大学,The Harrisburg University of Science and Technology,
哈特伯瑞大学,Hartpury University,
哈特维克学院,Hartwick College,
哈维马德学院,Harvey Mudd College,
HAS应用科学大学,HAS University of Applied Sciences,
雷克雅未克大学,Háskólinn í Reykjavík,
合艾大学,Hatyai University,
阿尔贝·雅卡尔高等学院,Haute Ecole Albert Jacquard,
莱茵高等艺术学院,Haute Ecole des Arts du Rhin,
布鲁塞尔伊利亚·普里高津高等学院,Haute Ecole Libre de Bruxelles-Ilya Prigogine,
露西亚布鲁凯尔高等学院,Haute Ecole Lucia de Brouckère,
哈弗福德学院,Haverford College,
夏威夷太平洋大学,Hawaii Pacific University,
夏威夷东海国际学院,Hawaii Tokai International College,
乌兹别克斯坦科学院热物理系,"The Heat Physics Department, Academy of Sciences of Uzbekistan",
蒙特利尔大学高等商学院,"HEC Montréal, Université de Montréal",
巴黎HEC高等商学院,HEC Paris：Ecole des hautes études commerciales de Paris,
高等工业学院,HEI: Ecole des Hautes Etudes d'Ingénieur,
JUNIA高等工程师学院,HEI Junia: Ecole des Hautes Etudes d'Ingénieur de JUNIA,
莫萨内高等自由学院,HELMo: Haute Ecole Libre Mosane,
汉堡国防大学,Helmut-Schmidt-Universität/Universität der Bundeswehr Hamburg,
精英大学,HELP University,
赫尔万大学,Helwan University,
加瓦尔黑姆瓦迪嫩登综合性大学,Hemwati Nandan Bahuguna Garhwal University,
亨德森州立大学,Henderson State University,
亨德里克斯学院,Hendrix College,
亨里管理学院,Henley Business School,
亨利福特学院,Henry Ford College,
赫拉特大学,Herat University,
赫尔基摩郡社区学院,Herkimer County Community College,
柏林赫尔梯学院,Hertie School,
荷晶大学,Herzing University,
瑞士西部高等专业学院,HES-SO Haute école spécialisée de Suisse occidentale,
信息与通信高等研究技术学院,HETIC: Hautes Etudes des Technologies de l'Information et de la Communication,
莱比锡HHL管理学院,HHL Leipzig Graduate School of Management,
海波特大学,High Point University,
拉什特贾哈德·达内什加希高等教育学院,"Higher Education Institute of Jihad Daneshgahi, rasht",
行政与合作研究高等学院,Higher Institute of Administrative and Cooperative Studies,
亚历山大马里奥特国王计算机高等学院,Higher Institute of Computer King Marriott-Alex,
五月十五日高等工程学院,Higher Institute of Engineering 15th of May,
亚历山大马里奥特国王旅游酒店高等学院,"Higher Institute of Tourism and Hotels,King Marriott, Alexandria",
海莱恩学院,Highline College,
希尔斯堡社区学院,Hillsborough Community College,
喜马偕尔邦大学,Himachal Pradesh University,
印度斯坦科技学院,Hindustan Institute of Technology and Science,
希拉姆学院,Hiram College,
乌特勒支艺术大学,HKU University of the Arts Utrecht,
胡志明市开放大学,Ho Chi Minh City Open University,
胡志明市师范大学,Ho Chi Minh City University of Education,
莲花大学,Hoa Sen University,
霍巴特和威廉史密斯学院,Hobart & William Smith Colleges,
霍巴特和威廉史密斯学院（霍巴特学院）,"Hobart College, Hobart and William Smith Colleges",
阿伦应用技术大学,Hochschule Aalen,
阿尔布施塔特-锡格马林根应用技术大学,Hochschule Albstadt-Sigmaringen,
安哈尔特应用技术大学,Hochschule Anhalt,
比伯拉赫应用技术大学,Hochschule Biberach,
波鸿应用技术大学,Hochschule Bochum,
波恩-莱茵-锡格应用技术大学,Hochschule Bonn-Rhein-Sieg,
不来梅应用技术大学,Hochschule Bremen,
不来梅哈芬应用技术大学,Hochschule Bremerhaven,
达姆施塔特应用技术大学,Hochschule Darmstadt,
巴伐利亚经济应用技术大学,Hochschule der Bayerischen Wirtschaft,
埃森造型艺术学院,Hochschule der Bildenden Künste Essen,
萨尔造型艺术学院,Hochschule der Bildenden Künste Saar,
斯图加特媒体学院,Hochschule der Medien Stuttgart,
杜塞尔多夫应用技术大学,Hochschule Düsseldorf,
艾母登/里尔应用技术大学,Hochschule Emden/Leer,
埃斯林根应用技术大学,Hochschule Esslingen,
费森尤斯应用技术大学,Hochschule Fresenius,
富尔达应用技术大学,Hochschule Fulda,
希尔德斯海姆/霍尔茨明登/哥廷根应用技术大学,"Hochschule für angewandte Wissenschaft und Kunst, Hildesheim/Holzminden/Göttingen",
安斯巴赫应用技术大学,Hochschule für angewandte Wissenschaften Ansbach,
科堡应用技术大学,Hochschule für angewandte Wissenschaften Coburg,
汉堡应用技术大学,Hochschule für Angewandte Wissenschaften Hamburg,
霍夫应用技术大学,Hochschule für Angewandte Wissenschaften Hof,
肯普滕应用技术大学,Hochschule für angewandte Wissenschaften Kempten,
慕尼黑应用技术大学,Hochschule für angewandte Wissenschaften München,
新乌尔姆应用技术大学,Hochschule für angewandte Wissenschaften Neu-Ulm,
布伦瑞克造型艺术学院,Hochschule für Bildende Künste Braunschweig,
汉堡造型艺术学院,Hochschule für Bildende Künste Hamburg,
波恩储蓄银行财团学院,Hochschule für Finanzwirtschaft & Management-Finanzgruppe,
奥芬巴赫设计学院,Hochschule für Gestaltung Offenbach,
施瓦本格明德设计学院,Hochschule für Gestaltung Schwäbisch Gmünd,
莱比锡平面设计及书籍艺术学院,Hochschule für Grafik und Buchkunst Leipzig,
雷根斯堡天主教教堂音乐和音乐教育学院,Hochschule für Katholische Kirchenmusik und Musikpädagogik Regensburg,
不来梅艺术学院,Hochschule für Künste Bremen,
奥特斯贝格艺术学院,"Hochschule für Künste im Sozialen, Ottersberg",
德累斯顿音乐学院,Hochschule für Musik Carl Maria von Weber Dresden,
代特莫尔德音乐学院,Hochschule für Musik Detmold,
魏玛李斯特音乐学院,Hochschule für Musik Franz Liszt Weimar,
弗赖堡音乐学院,Hochschule für Musik Freiburg im Breisgau,
柏林音乐学院,"Hochschule für Musik ""Hanns Eisler"" Berlin",
卡尔斯鲁厄音乐学院,Hochschule für Musik Karlsruhe,
纽伦堡音乐学院,Hochschule für Musik Nürnberg,
萨尔音乐和戏剧学院,Hochschule für Musik Saar,
汉诺威音乐、戏剧与媒体学院,"Hochschule für Musik, Theater und Medien Hannover",
法兰克福音乐和表演艺术学院,Hochschule für Musik und Darstellende Kunst Frankfurt am Main,
科隆音乐与舞蹈学院,Hochschule für Musik und Tanz Köln,
莱比锡音乐和戏剧学院,Hochschule für Musik und Theater Felix Mendelssohn Bartholdy Leipzig,
汉堡音乐与戏剧学院,Hochschule für Musik und Theater Hamburg,
慕尼黑音乐和戏剧学院,Hochschule für Musik und Theater München,
罗斯托克音乐和戏剧学院,Hochschule für Musik und Theater Rostock,
维尔茨堡音乐学院,Hochschule für Musik Würzburg,
埃伯斯瓦尔德应用技术大学,Hochschule für Nachhaltige Entwicklung Eberswalde,
柏林表演艺术学院,"Hochschule für Schauspielkunst ""Ernst Busch""",
斯图加特工程应用技术大学,Hochschule für Technik Stuttgart,
柏林工程与经济应用技术大学,Hochschule für Technik und Wirtschaft Berlin,
萨尔布吕肯工程与经济应用技术大学,Hochschule für Technik und Wirtschaft des Saarlandes,
德累斯顿工程和经济应用技术大学,Hochschule für Technik und Wirtschaft Dresden,
莱比锡技术、经济与文化应用技术大学,"Hochschule für Technik, Wirtschaft und Kultur Leipzig",
路德维希港经济与社会应用技术大学,Hochschule für Wirtschaft und Gesellschaft Ludwigshafen,
柏林经济与法律应用技术大学,Hochschule für Wirtschaft und Recht Berlin,
尼尔廷根-盖斯林根经济与环境应用技术大学,Hochschule für Wirtschaft und Umwelt Nürtingen-Geislingen,
富特旺根应用技术大学,Hochschule Furtwangen,
盖森海姆应用技术大学,Hochschule Geisenheim,
汉姆-利普斯塔特应用技术大学,Hochschule Hamm-Lippstadt,
汉诺威应用技术大学,Hochschule Hannover,
哈尔茨应用技术大学,"Hochschule Harz, Hochschule für angewandte Wissenschaften",
海尔布隆应用技术大学,Hochschule Heilbronn,
凯泽斯劳滕应用技术大学,Hochschule Kaiserslautern,
卡尔斯鲁厄应用技术大学,Hochschule Karlsruhe-Technik und Wirtschaft,
科布伦茨应用技术大学,Hochschule Koblenz,
康斯坦茨应用技术大学,"Hochschule Konstanz Technik, Wirtschaft und Gestaltung",
兰茨胡特应用技术大学,Hochschule Landshut-Hochschule für angewandte Wissenschaften,
卢塞恩/瑞士中部高等专业学院,Hochschule Luzern/Fachhochschule Zentralschweiz,
慕尼黑媒体学院,Hochschule Macromedia,
马格德堡-施滕达尔应用技术大学,Hochschule Magdeburg-Stendal,
美因茨应用技术大学,Hochschule Mainz,
曼海姆应用技术大学,Hochschule Mannheim,
梅泽堡应用技术大学,Hochschule Merseburg,
米特韦达应用技术大学,Hochschule Mittweida,
新勃兰登堡应用技术大学,Hochschule Neubrandenburg,
下莱茵应用技术大学,Hochschule Niederrhein,
北豪森应用技术大学,Hochschule Nordhausen,
奥芬堡应用技术大学,Hochschule Offenburg,
奥斯纳布吕克应用技术大学,Hochschule Osnabrück,
普福尔茨海姆应用技术大学,Hochschule Pforzheim,
拉芬斯堡-魏恩加腾应用技术大学,Hochschule Ravensburg-Weingarten,
罗伊特林根应用技术大学,Hochschule Reutlingen,
莱茵瓦尔应用技术大学,Hochschule Rhein-Waal,
莱茵曼应用技术大学,Hochschule RheinMain,
鲁尔西区应用技术大学,Hochschule Ruhr West,
施马卡尔登应用技术大学,Hochschule Schmalkalden,
施特拉尔松德应用技术大学,Hochschule Stralsund,
特里尔应用技术大学,Hochschule Trier-Trier University of Applied Sciences,
魏恩施蒂芬·特里斯多夫应用技术大学,Hochschule Weihenstephan-Triesdorf,
维斯马应用技术大学,Hochschule Wismar,
沃尔姆斯应用技术大学,Hochschule Worms,
齐陶/格利茨应用技术大学,Hochschule Zittau/Görlitz,
荷台达大学,Hodeidah University,
霍夫斯特拉大学,Hofstra University,
根特高等专业学院,Hogeschool Gent,
西弗拉芒大学学院,Hogeschool West-Vlaanderen,
荷兰学院,Holland College,
霍林斯大学,Hollins University,
霍尔姆斯学院,Holmes Institute,
霍姆斯格兰技术与继续教育学院,Holmesglen Institute,
圣安琪大学,Holy Angel University,
圣使徒神学院,Holy Apostles College and Seminary,
圣名大学,Holy Name University,
胡德学院,Hood College,
霍普学院,Hope College,
希望国际大学,Hope International University,
海牙酒店学院,Hotelschool The Hague,
休斯敦基督教大学,Houston Christian University,
休斯敦社区学院,Houston Community College,
霍华德社区学院,Howard Community College,
佩列亚斯拉夫-格里戈里·斯科沃罗达大学,Hryhorii Skovoroda University in Pereiaslav,
汉堡工商管理学院,HSBA Hamburg School of Business Administration,
华侨崇圣大学,Huachiew Chalermprakiet University,
顺化大学附属外国语学院,Hue University - College of Foreign Languages,
霍特国际商学院,Hult International Business School,
人文应用科学大学,Humak University of Applied Sciences,
汉伯学院,Humber College Institute of Technology and Advanced Learning,
汉弗莱斯大学,Humphreys University,
亨廷顿大学,Huntington University,
哈森大学,Husson University,
哈金森社区学院,Hutchinson Community College,
泽兰应用科学大学,HZ University of Applied Sciences,
韩国理工I大学,한국폴리텍 I 대학,
圣彼得堡国立交通大学,Петербургский государственный университет путей сообщения Императора Александра I,
基辅国立戏剧、电影与电视大学,"I.K. Karpenko-Kary Kyiv National University of Theatre, Cinema and Television",
IACT学院,IACT College,
伊卜大学,Ibb University,
伊本·托法尔大学,Ibn Tofail University,
数字创作与动画学院,ICAN:Institut de Création et Animation Numériques,
巴黎国际商业拓展学院,ICD: Institut International du Commerce et du Développement,
ICFAI大学,The ICFAI University,
国际酒店管理学院,ICHM,
ICL教育,ICL Education Limited,
ICL研究生商学院,ICL Graduate Business School,
南锡-梅斯商业学院,ICN Business School Nancy-Metz,
ICS艺术学院专门学校,専門学校ICSカレッジオブアーツ,
应用艺术发展学院,IDAA: Institut de Développement des Arts Appliqués,
爱达荷州立大学,Idaho State University,
商业研究与商业行为学院,IDRAC Lyon: Institut de Recherche et d'Action Commerciale,
IE大学,IE Universidad,446
普罗旺斯艾克斯政治学院,IEP Aix-en-Provence: Institut d'Etudes Politiques d'Aix-en-Provence,
波尔多政治学院,IEP Bordeaux:Institut d'Etudes Politiques de Bordeaux,
里尔政治学院,IEP Lille: Institut d'Etudes Politiques de Lille,
里昂政治学院,IEP Lyon: Institut d'Etudes Politiques de Lyon,
雷恩政治学院,IEP RENNES: Institut d'Etudes Politiques de Rennes,
圣日耳曼昂莱政治学院,IEP Saint-Germain-en-Laye: Institut d'Etudes Politiques de  Saint-Germain-en-Laye,
图卢兹政治学院,IEP TOULOUSE: Institut d'Etudes Politiques de Toulouse,
高等艺术研究学院,IESA: Institut d'Etudes Supérieures des Arts,
IESA多媒体学院,IESA Multimédia,
科学经济与管理学院,IESEG Lille: Institut d'Economie Scientifique et de Gestion,
IÉSEG管理学院,IÉSEG School of Management,
商务与管理培训学院,IFAG：Institut de Formation aux Affaires et à la Gestion,
法国时尚学院,IFM: Institut Français de la Mode,
IFOCOP商业培训学院,IFOCOP: Institut de Formation Commerciale Permanente,
IGL医疗福祉专门学校,IGL医療福祉専門学校,
IGQ高尔夫学院,IGQ Golf College,
毕尔肯大学,Ihsan Dogramaci Bilkent University,
韩国理工II大学,한국폴리텍 II 대학,
圣彼得堡矿业大学,Санкт-Петербургский горный университет императрицы Екатерины II,
IIC理工大学,IIC University of Technology,
达芬奇互联网与多媒体学院,IIM:Institut de l'internet et du Multimédia Léonard de vinci,
斋浦尔IIS学院,"IIS (Deemed to be University), Jaipur",
大札撒国际大学,Ikh Zasag International University,
伊利诺伊学院,Illinois College,
伊利诺伊东部社区学院,Illinois Eastern Community Colleges,
伊利诺伊卫斯理大学,Illinois Wesleyan University,
伊洛伊洛科技大学,Iloilo Science and Technology University,
克莱姆斯应用科学大学,IMC Fachhochschule Krems GmbH.,
市场营销管理研究学院,IMM Graduate School of Marketing,
伊马库雷塔大学,Immaculata University,
矿业与电信学院集团大西洋布列塔尼卢瓦尔河国立高等电信学院,IMT - Ecole nationale supérieure Mines-Télécom Atlantique Bretagne Pays de la Loire,
里尔-杜埃高等矿业电信学院,IMT Lille Douai,
杜埃国立高等矿业学院,IMT Lille Douai - Ecole nationale supérieure Mines-Télécom Lille Douai,
阿尔比-加莫国立高等矿业学院,IMT Mines Albi - Ecole nationale supérieure des mines d'Albi-Carmaux,
阿莱斯国立高等矿业学院,IMT Mines Alès - Ecole nationale supérieure des mines d'Alès,
圣太田国立高等矿业学院,IMT Mines Saint-Etienne - Ecole nationale supérieure des mines de Saint-Etienne,
北欧高等矿业电信学院,IMT Nord Europe,
巴黎东方语言文化学院,INALCO: Institut National des Langues et Civilisation Orientales,
INCEIF大学,INCEIF University,
独立教育学院,The Independent Institute of Education,
基加利莱阿德文蒂斯独立学院,Independent Institute of Lay Adventists of Kigali,
印度科学培育协会学院,Indian Association for the Cultivation of Science,
印多尔印度管理学院,Indian Institute of Management Indore,
印度科学学院,Indian Institute of Science,
印度理工学院比莱分校,Indian Institute of Technology Bhilai,
印度理工学院果阿分校,Indian Institute of Technology Goa,
印第安河州立学院,Indian River State College,
印度统计学院,Indian Statistical Institute,
印第安纳州立大学,Indiana State University,
印第安纳大学东部分校,Indiana University East,
印第安纳大学科科莫分校,Indiana University Kokomo,
印第安纳大学西北分校,Indiana University Northwest,
宾夕法尼亚州印第安纳大学,Indiana University of Pennsylvania,
印第安纳大学-普渡大学印第安纳波利斯分校,Indiana University Purdue University at Indianapolis,
印第安纳大学南本德分校,Indiana University South Bend,
印第安纳卫斯里大学,Indiana Wesleyan University,
印度尼西亚教育大学,Indonesia University of Education,
INECAT艺术治疗学院,INECAT Art et Thérapie: Institut National d'Expression de Création d'Art et Transformation,
马尼拉信息学院,Informatics College Manila,
吉隆坡建设大学,Infrastructure University Kuala Lumpur,
荷兰应用科学大学,INHOLLAND University of Applied Sciences,
南锡国立高等矿业学院,INP Lorraine-Ecole Nationale Supérieure des Mines de Nancy,
洛林国立综合理工学院,INP Lorraine: Institut National Polytechnique de Lorraine,
图卢兹国立高等农艺学院,INP Toulouse-Ecole Nationale Supérieure Agronomique de Toulouse,
国立高等电工技术、电子、信息、水力与电信学院,"INP Toulouse-Ecole Nationale Supérieure d'Electrotechnique, d'Electronique, d'Informatique, d'Hydraulique et des Télécommunications",
图卢兹国立高等化学工艺与技术工程师学院,INP Toulouse-Ecole Nationale Supérieure des Ingénieurs en Arts Chimiques et Technologiques,
图卢兹国立综合理工学院,INP Toulouse: Institut National Polytechnique de Toulouse,
国家应用科学学院卢瓦尔分院,INSA Centre Val de Loire,
上法兰西国立应用科学学院,INSA DE HAUTS-DE-FRANCE: Institut National des Sciences Appliquées de Hauts-de-France,
雷恩国立应用科学学院,INSA DE RENNES: Institut National des Sciences Appliquées de Rennes,
鲁昂国立应用科学学院,INSA DE ROUEN: Institut National des Sciences Appliquées de Rouen,
斯特拉斯堡国立应用科学学院,INSA Strasbourg: Institut National des Sciences Appliquées de Strasbourg,
国立会计科学与企业管理学院,INSCAE: Institut National des Sciences Comptables et de l'Administration d'Entreprises,
Inscape教育集团,Inscape Education Group,
欧洲商务管理学院,INSEAD: Institut Européen d'Administration des Affaires,
高等经济与商业研究学院,INSEEC: Institut des Hautes Etudes Economiques et Commerciales,
高等传播与营销学院,INSEEC U.Sup de Pub:Institut Supérieur de Communication et de Marketing,
Insper教学与研究学院,Insper Instituto de Ensino e Pesquisa,
美洲哥伦布大学学院,Institución Universitaria Colombo Americana,
ESUMER大学学院,Institución Universitaria ESUMER,
萨拉查·埃雷拉大学学院,Institución Universitaria Salazar y Herrera,
非洲技术学院,Institut Africain de Technologie,
雷恩-昂热农学院-国立高等农业、食品与环境学院,"Institut Agro Rennes-Angers - Institut national d'enseignement supérieur pour l'agriculture, l'alimentation et l'environnement",
印度尼西亚国际生命科学研究所,Institut Bio Scientia Internasional Indonesia,
欧洲与地中海高等音乐教育学院,Institut d'Enseignement Supérieur de la Musique Europe et Méditerranée,
利摩日计算机工程学院,Institut d'Ingénierie Informatique de Limoges,
光学理论与应用学院,Institut d'Optique Théorique et Appliquée,
企业管理学院-巴黎美国商业学院,Institut de Gestion Sociale-The American Business School Paris,
日内瓦国际关系及发展高等学院,"Institut de hautes études internationales et du développement, Genève IHEID",
南特大学电子技术研究与高等教育学院,Institut de Recherche et d'Enseignement Supérieur aux Techniques de l'Electronique de l'Université de Nantes,
传播艺术学院,Institut des Arts de Diffusion,
F2I欧洲学院,Institut Européen F2I,
3is国际音像学院,Institut international de l'image et du son (3iS),
雅加达艺术学院,Institut Kesenian Jakarta,
佩巴纳斯亚洲银行金融与信息研究所,Institut Keuangan Perbankan Dan Informatika Asia Perbanas,
矿业与电信学院商业学院,Institut Mines-Télécom Business School,
矿业与电信学院集团巴黎高等电信学院,"Institut Mines-Télécom, Télécom ParisTech",
保罗·博古斯学院,Institut Paul Bocuse,
波尔多综合理工学院,Institut Polytechnique de Bordeaux,
波尔多综合理工学院-波尔多国家高等电子、计算机、电信、数学与机械学院,"Institut Polytechnique de Bordeaux, Ecole nationale supérieure d'électronique, informatique, télécommunications, mathématique et mécanique de Bordeaux",
波尔多综合理工学院-波尔多国家高等生物分子技术学院,"Institut Polytechnique de Bordeaux, Ecole Nationale Supérieure de Technologie des Biomolécules de Bordeaux",
格勒诺布尔-阿尔卑斯大学综合理工学院,Institut Polytechnique de Grenoble de l'Université Grenoble Alpes,
巴黎理工学院-矿业与电信学院集团南巴黎电信学院,"Institut Polytechnique de Paris:Institut Mines-Télécom, Télécom SudParis",
前沿科学理工学院,Institut Polytechnique des Sciences Avancées,
沙洛姆私立理工学院,INSTITUT POLYTECHNIQUE PRIVE SHALOM,
拉萨尔综合理工学院,Institut Polytechnique UniLaSalle,
巴黎高等电子学院,Institut Supérieur d'Electronique de Paris,
卡萨布兰卡商业与工商管理高级学院,"Institut Supérieur de Commerce et d'Administration des Entreprises, Casablanca",
高等航空与空间学院,Institut Supérieur de l'Aéronautique et de l'Espace,
第戎大学汽车与交通学院,Institut Supérieur de l'Automobile et des Transports de Nevers de l'Université de Dijon,
里尔高等电子与数字学院,Institut Supérieur de l'Electronique et du Numérique de Lille,
高等音乐与教育学院,Institut Supérieur de Musique et de Pédagogie,
图卢兹高等艺术学院,Institut supérieur des arts de Toulouse,
图卢兹高等艺术与设计学院,Institut Supérieur des Arts et du Design de Toulouse,
贝桑松高等美术学院,Institut Supérieur des Beaux-Arts de Besançon,
泗水阿迪塔玛理工学院,Institut Teknologi Adhi Tama Surabaya,
万隆理工大学,Institut Teknologi Bandung,
巴厘省科技与商业学院,Institut Teknologi Dan Bisnis STIKOM Bali,
印度尼西亚科技学院,Institut Teknologi Indonesia,
玛琅国立技术学院,Institut Teknologi Nasional Malang,
瓦岱尔酒店管理学院,"Institut Vatel: Ecole Supérieure de Commerce et de Gestion, Hôtellerie-Tourisme",
教育高级研究院,Institute of Advanced Studies in Education Deemed University,
卡拉奇工商管理学院,Institute of Business Administration Karachi,
伦敦大学癌症研究所皇家癌症医院,"Institute of Cancer Research: Royal Cancer Hospital, University of London",
乌克兰国家科学院细胞生物学研究所,Institute of Cell Biology National Academy of Sciences of Ukraine,
化学技术学院,Institute of Chemical Technology,
乌克兰国家科学院工程热物理研究所,Institute of Engineering Thermophysics of National Academy of Sciences of Ukraine,
乌克兰国家科学院食品生物技术与基因组学研究所,Institute of Food Biotechnology and Genomics of National Academy of Sciences of Ukraine,
基础科学高等研究学院,Institute for Advanced Studies in Basic Sciences,
管理学综合学院,Institute for Integrated Learning in Management,
乌克兰国家科学院核研究所,Institute for Nuclear Research of National Academy of Science of Ukraine,
基础科学研究学院,Institute for Research in Fundamental Sciences,
国际研究学院,The Institute of International Studies,
乌克兰国家科学院高分子化学研究所,Institute of Macromolecular Chemistry of National Academy of Sciences of Ukraine,
拉合尔管理科技学院,The Institute of Management Sciences Lahore,
加济阿巴德管理技术学院,"Institute of Management Technology, Ghaziabad",
数学研究所,Institute of Mathematics,
乌兹别克斯坦科学院数学研究所,"Institute of Mathematics, Academy of Sciences of Uzbekistan",
阿塞拜疆国家科学院分子生物学与生物技术研究所,Institute of Molecular Biology and Biotechnologies of the Azerbaijan National Academy of Sciences,
新西兰太平洋联合学院,Institute of the Pacific United New Zealand,
多多马农村发展规划学院,Institute of Rual Development Planning Dodoma,
奥地利科学与技术学院,Institute of Science and Technology Austria,
木尔坦南旁遮普学院,"Institute of Southern Punjab, Multan",
旅游研究学院,Institute of Tourism Studies,
巴西利亚教育、发展与研究学院,"Instituto Brasileiro de Ensino, Desenvolvimento e Pesquisa de Brasília",
北美高等学院,Instituto de Estudios Superiores de América del Norte,
企业管理高等学院,Instituto de Estudios Superiores en Dirección de Empresas,
佩德罗科里热带医学院,"Instituto de Medicina Tropical ""Pedro Kouri""",
高级技术学院,Instituto de Tecnología Avanzada,
伽利略亚马孙技术与教育学院,Instituto de Tecnologia e Educação Galileo da Amazônia,
KUEPA学院,Instituto KUEPA,
国立纯数学与应用数学研究所,Instituto Nacional de Matemática Pura e Aplicada,
国家电信学院,Instituto Nacional de Telecomunicações,
贝雅理工学院,Instituto Politécnico de Beja,
科英布拉理工学院,Instituto Politécnico de Coimbra,
莱利亚理工学院,Instituto Politécnico de Leiria,
里斯本理工学院,Instituto Politécnico de Lisboa,
圣塔伦理工学院,Instituto Politécnico de Santarém,
维塞乌理工学院,Instituto Politécnico de Viseu,
INACAP职业学院,Instituto Profesional INACAP,
汉西翻译专科学校,Instituto Superior de Intérpretes de Idioma Chino,
何塞·安东尼奥·埃切维里亚理工学院,Instituto Superior Politécnico José Antonio Echeverría,
墨西哥自治技术学院,Instituto Tecnológico Autónomo de México,751-760
哥斯达黎加科技学院,Instituto Tecnológico de Costa Rica,
蒙特雷高等技术学院,Instituto Tecnológico y de Estudios Superiores de Monterrey,
西部高等技术学院,Instituto Tecnológico y de Estudios Superiores de Occidente,
布宜诺斯艾利斯精神分析协会心理健康大学学院,Instituto Universitario de Salud Mental de la Asociación Psicoanalítica de Buenos Aires,
国际管理学院“ IMI-NOVA”,"Institutul Internaţional de Management ""IMI - NOVA""",
国立核科技学院,INSTN: Institut National des Sciences et Techniques Nucléaires,
波兰科学院物理化学研究所,Instytut Chemii Fizycznej Polskiej Akademii Nauk,
核化学与技术研究所,Instytut Chemii i Techniki Jądrowej,
波兰科学院物理研究所,Instytut Fizyki Polskiej Akademii Nauk w Warszawie,
波兰科学院流体机械研究所,Instytut Maszyn Przepływowych im. Roberta Szewalskiego Polskiej Akademii Nauk,
波兰科学院数学研究所,Instytut Matematyczny Polskiej Akademii Nauk,
波兰科学院低温与结构研究所,Instytut Niskich Temperatur i Badań Strukturalnych im. Włodzimierza Trzebiatowskiego Polskiej Akademii Nauk,
跨地区人事管理学院,Inter-Regional Academy of Personnel Management,
国际学院,Intercollege,
国际美国大学,International American University,
国际伯奇大学,International Burch University,
IBS国际商学院,International Business School,
奥克兰国际学院,International College of Auckland,
国际创意艺术技术学院,International College of Creative Arts Technology,
因佩里亚国际学院,International College Imperia,
管理与体育国际学院,International College of Management and Sports,
悉尼国际管理学院,"International College of Management, Sydney",
国际人文大学,International Humanitarian University,
地震工程与地震学国际学院,International Institute of Earthquake Engineering and Seismology,
国际伊斯兰学院,International Islamic College,
国际伊斯兰大学,International Islamic University,
吉大港国际伊斯兰大学,International Islamic University Chittagong,
国际海洋法学院,International Maritime Law Institute,
国际石油天然气大学,International Oil and Gas University,
多特蒙德国际管理学院,International School of Management,
国际空间大学,International Space University,
国际技术大学“尼古拉耶夫理工学院”,"International Technological University ""Mykolayiv Polytechnics""",
国际神学院,International Theological Seminary,
国际土库曼-土耳其大学,International Turkmen-Turkish University,
非洲国际大学,International University of Africa,
布尔奇科特区国际大学,International University Brcko district Bosnia and Herzegovina,
加勒比国际大学,International University of the Caribbean,
东非国际大学,International University of East Africa,
马来亚-威尔士国际大学,International University of Malaya-Wales,
摩纳哥国际大学,International University of Monaco,
蒙中国际大学,International University of Mongolia and China,
乌兰巴托国际大学,International University of Ulaanbaatar,
慕尼黑应用语言学院,Internationale Hochschule SDI München -Hochschule für angewandte Wissenschaften,
区域人力管理学院,Interregional Academy of Personnel Management,
英迪学院汝来校区,INTI College Nilai,
英迪国际学院槟城校区,INTI International College Penang,
英迪国际学院梳邦校区,INTI International College Subang,
英迪国际大学,INTI International University,406
基希讷乌国立师范大学,"""Ion Creanga"" State Pedagogical University, Chisinau",
布加勒斯特建筑与城市规划大学,Ion Mincu University of Architecture and Urbanism,
爱纳学院,Iona College,
爱荷华湖社区学院,Iowa Lakes Community College,
格勒诺布尔国立高等信息与应用数学学院,IP Grenoble-Ecole Nationale Supérieure d'Informatique et de Mathématiques Appliquées de Grenoble,
格勒诺布尔国立高等工业工程学院,IP Grenoble-Ecole Nationale Supérieure de Génie Industriel de Grenoble,
格勒诺布尔国际造纸、印刷与生物材料学院,"IP Grenoble-EIPCIB: Ecole Internationale du Papier, de la Communication Imprimée, et des Biomatériaux",
格勒诺布尔国立高等能源、水与环境学院,"IP Grenoble-ENSEEE: Ecole Nationale Supérieure de l'Energie, de l'Eau et de l'Environnement",
格勒诺布尔国立高等物理、电力与材料学院,"IP Grenoble-ENSPEM: Ecole Nationale Supérieure de Physique, Electronique, Matériaux",
格勒诺布尔综合理工学院,IP Grenoble: Institut Polytechnique de Grenoble,
巴黎理工学院,IP Paris: Institut Polytechnique de Paris,
IPAC 学院,IPAC,
IPAG高等商学院,IPAG Business School,
巴黎地球物理学院,IPGP: Institut de Physique du Globe de Paris,
伊克拉国民大学,Iqra National University,
伊克拉大学,Iqra University,
伊雷尔与马内拉希望之城生物科学研究生院,Irell & Manella Graduate School of Biological Sciences at City of Hope,
国际关系与战略学院,IRIS: Institut de Relations Internationales et Stratégiques,
尔湾谷学院,Irvine Valley College,
里尔高等农业学院,ISA: Institut Superieur d'Agriculture de Lille,
伊莎贝拉国立大学,Isabela State University,
罗纳－阿尔卑斯高等农业学院,ISARA : Institut supérieur d’Agriculture Rhône-Alpes,
高等数码艺术学院,ISART DIGITAL,
伊斯巴特大学,Isbat University,
高等商业学院,ISC Paris: Institut Supérieur du Commerce,
高等传播、商业与管理学院,"ISCAM: Institut Supérieur de la Communication, des Affaires et du Management",
高等传播学院,ISCOM: Institut Supérieur de Communication,
高等新闻与视听传播学院,ISCPA: Institut Supérieur de la Communication de la Presse et de l'Audiovisuel,
欧洲高等管理学院,ISEG Group: Institut Supérieur Européen de Gestion,
ISEG营销与传播学院,ISEG Marketing & Communication School,
JUNIA高等工程师学院-里尔高等电子与数字学院,ISEN JUNIA - Institut Supérieur de l'Electronique et du Numérique de Lille,
上法兰西英科高等电子与数字学院,ISEN Yncréa HDF: Institut supérieur de l'électronique et du numérique Yncréa Hauts-de-France,
高等管理学院,ISG Paris: Institut Supérieur de Gestion,
传播与跨文化管理学院,ISIT: Institut de Management et de Communication Interculturels,
白沙瓦伊斯兰学院,Islamia College Peshawar,
伊斯兰大学,Islamic University,
波尔多自然与农业食品科学学院,ISNAB: Institut des Sciences de la Nature et de l'Agroalimentaire de Bordeaux,
宜世高等精神运动与康复学院,ISRP: Institut Supérieur de Rééducation Psychomotrice et de Relaxation Psychosomatique,
伊斯坦布尔比尔基大学,Istanbul Bilgi University,
伊斯坦布尔商业大学,Istanbul Commerce University,
伊斯坦布尔埃森尤特大学,Istanbul Esenyurt University,
伊斯坦布尔文化大学,Istanbul Kultur University,
伊斯坦布尔奥坎大学,Istanbul Okan University,
伊斯坦布尔萨巴哈丁大学,Istanbul Sabahattin Zaim University,
高等科学技术与经济商业学院,"ISTEC Paris: Institut Supérieur des Sciences, Techniques et Economie Commerciales",
应用艺术与设计学院,Istituto d'Arte Applicata e Design (IAAD),
欧洲设计学院,Istituto Europeo di Design (IED),
马兰欧尼学院,Istituto Marangoni,
马兰戈尼时装设计学院,Istituto Marangoni France SAS,
万神殿设计与科技学院,Istituto Pantheon Design & Technology,
克雷莫纳高等音乐学院,"Istituto Superiore di Studi Musicali di CREMONA ""Claudio Monteverdi""",
摩德纳-卡普里高等音乐学院,"Istituto Superiore di Studi Musicali di MODENA e CARPI ""Orazio Vecchi - Antonio Tonelli""",
拉文纳高等音乐学院,"Istituto Superiore di Studi Musicali di RAVENNA ""Giuseppe Verdi""",
瓦莱达奥斯塔高等音乐学院,Istituto superiore pareggiato di studi musicali della Valle d'Aosta/Conservatoire de la Vallée d'Aoste,
罗马艺术产业高等研究院,Istituto Superiore per le Industrie Artistiche (ISIA) di ROMA,
东和IT专门学校,東和IT専門学校,
ORION信息技术专门学校,オリオンIT専門学校,
日本国际IT学院专门学校,専門学校ニホン国際ITカレッジ,
哥本哈根信息技术大学,IT University of Copenhagen,
伊萨卡学院,Ithaca College,
IU国际应用技术大学,IU Internationale Hochschule,
韩国理工Ⅳ大学,한국폴리텍 IV 대학,
IVA德里贝亨商学院,IVA Driebergen Business School,
利沃夫国立大学,Ivan Franko National University of Lviv,1201-1400
哈尔科夫国立空军大学,Ivan Kozhedub Kharkiv National Air Force University,
乌克兰国家教育科学院师范教育与成人教育研究所,Ivan Ziaziun Institute of Pedagogical Education and Adult Education of the National Academy of Educational Sciences of Ukraine,
伊万诺-弗兰科夫斯克国立石油天然气技术大学,Ivano-Frankivsk National Technical University of Oil and Gas,
常春藤技术社区学院,Ivy Tech Community College,
伊兹密尔经济大学,Izmir University of Economics,
杰克逊学院,Jackson College,
杰克逊州立大学,Jackson State University,
杰克逊维尔州立大学,Jacksonville State University,
杰克逊维尔大学,Jacksonville University,
贾达普大学,Jadavpur University,
奥登堡/艾尔斯弗雷特/威廉港应用技术大学,Jade Hochschule-Wilhelmshaven/Oldenburg/Elsfleth,
贾甘纳特大学,Jagannath University,
贾汉高等教育学院,Jahan Institute of Higher Education,
杰伊纳拉扬维亚斯大学,Jai Narain Vyas University,
贾伊恩学院,JAIN (Deemed-to-be University),
斋浦尔国家大学,Jaipur National University,
维也纳爵士与流行音乐大学,Jam Music Lab - Privatuniversität für Jazz und Popularmusik Wien,
贾米亚哈姆达德学院,Jamia Hamdard,
于韦斯屈莱应用科学大学,JAMK University of Applied Sciences,
雅纳切克音乐艺术学院,Janáčkova akademie múzických umění v Brně,
拉贾斯坦邦贾纳丹·赖·纳加尔维迪亚佩斯学院,Janardan Rai Nagar Rajasthan Vidyapeeth University,
尼赫鲁高级科学研究中心,Jawaharlal Nehru Centre For Advanced Scientific Research,
尼赫鲁科技大学,Jawaharlal Nehru Technological University,
尼赫鲁科技大学阿嫩达布尔,Jawaharlal Nehru Technological University Anantapur,
海得拉巴尼赫鲁科技大学,Jawaharlal Nehru Technological University Hyderabad,
卡基纳达尼赫鲁科技大学,Jawaharlal Nehru Technological University Kakinada,
贾伊比信息技术大学,Jaypee University of Information Technology,
约瑟夫惠特尔拉脱维亚音乐学院,Jāzepa Vītola Latvijas Mūzikas akadēmija,
耶路撒冷音乐舞蹈学院,The Jerusalem Academy of Music and Dance,
哲士顿大学学院,Jesselton University College,
捷克布杰约维采南波西米亚大学,Jihočeská univerzita v Českých Budějovicích,
真纳女子大学,Jinnah University for Women,
吉瓦吉大学,Jiwaji University,
JMC学院,JMC Academy,
约翰阿伯特学院,John Abbott College,
约翰布朗大学,John Brown University,
约翰卡罗尔大学,John Carroll University,
约翰帕特里克健康与应用科学大学,John Patrick University of Health and Applied Sciences,
约翰伍德社区学院,John Wood Community College,
约翰逊威尔士大学,Johnson & Wales University,
约翰逊C.史密斯大学,Johnson C.Smith University,
约翰逊郡社区学院,Johnson County Community College,
约翰逊大学,Johnson University,
乔莫肯雅塔农业与技术大学,Jomo Kenyatta University of Agriculture and Technology,
黎刹大学,Jose Rizal University,
茱莉亚音乐学院,The Juilliard School,
朱尼亚塔学院,Juniata College,
不列颠哥伦比亚司法学院,Justice Institute of British Columbia,
喀布尔理工大学,Kabul Polytechnic University,
喀布尔大学,Kabul University,
阿布·阿里·伊本·西那喀布尔医科大学,Kabul University of Medical Sciences Abu Ali Ibn Sina,
卡亚尼应用科学大学,Kajaani University of Applied Sciences,
卡卡提亚大学,Kakatiya University,
卡理多斯高等专业学院,Kalaidos Fachhochschule,
卡拉马祖学院,Kalamazoo College,
羯陵伽大学,Kalinga University,
甘烹碧皇家大学,Kamphaeng Phet Rajabhat University,
北碧皇家大学,Kanchanaburi Rajabhat University,
坎大哈大学,Kandahar University,
康格学院,Kangan Institute,
格恩努尔大学,Kannur University,
武迪尔卡诺科技大学,"Kano University of Science and Technology, Wudil",
堪萨斯卫斯理大学,Kansas Wesleyan University,
卡比奥拉尼社区学院,Kapi'olani Community College,
卡普兰商学院,Kaplan Business School,
喀喇昆仑国际大学,Karakurum International University,
卡丹大学,Kardan University,
卡瑞尔格若特学院-安特卫普天主教学院,"Karel de Grote-Hogeschool, Katholieke Hogeschool Antwerpen",
卡累利阿应用科学大学,Karelia University of Applied Sciences,
卡尔斯鲁厄国际应用技术大学,Karlshochschule International University,
达尔瓦德卡纳塔克大学,Karnatak University，Dharwad,
匈牙利卡洛里·加斯帕新教大学,Károli Gáspár University of the Reformed Church in Hungary,
卡罗林斯卡医学院,Karolinska Institutet,
博乐大学,Kasem Bundit University,
卡泰布大学,Kateb University,
加德满都大学,Kathmandu University,
南方比维斯天主教高等专业学院,Katholieke Hogeschool VIVES Zuid,
艾希施泰特天主教大学,Katholische Universität Eichstätt-Ingolstadt,
伟大的诗人迦梨陀娑梵语大学,Kavi Kulguru Kalidas Sanskrit Vishwavidyalaya,
肯恩大学,Kean University,
阿列罗凯比州立科技大学,"Kebbi State University of Science and Technology, Aliero",
KEDGE商业学院,KEDGE Business School,
基恩州立学院,Keene State College,
凯泽大学,Keiser University,
澳大利亚肯特学院,Kent Institute Australia,
肯塔基州立大学,Kentucky State University,
肯雅塔大学,Kenyatta University,
凯尼恩学院,Kenyon College,
喀拉拉邦农业大学,Kerala Agricultural University,
KES学院,KES College,
凯特琳大学,Kettering University,
库克学院,Keuka College,
吉斯通学院,Keystone College,
卡杰·纳西尔·图西科技大学,Khajeh Nasir Toosi University of Technology,
哈里发大学,Khalifa University,147
康凯师范学院,Khangkhay Teacher Training College,
哈尔科夫国立汽车道路大学,Kharkiv National Automobile and Highway University,
哈尔科夫国立医科大学,Kharkiv National Medical University,
哈尔科夫国立内务大学,Kharkiv National University of Internal Affairs,
哈尔科夫国立无线电电子大学,Kharkiv National University of Radio Electronics,
哈尔科夫国立文化学院,Kharkiv State Academy of Culture,
哈尔科夫国立工艺美术学院,Kharkiv State Academy of Design and Arts,
哈尔科夫国立体育学院,Kharkiv State Academy of Physical Culture,
喀土穆国际阿拉伯语学院,Khartoum International Institute for Arabic Language,
卡扎尔大学,Khazar University,801-850
凯玛拉大学,Khemarak University,
赫尔松国立技术大学,Kherson National Technical University,
赫尔松国立海事学院,Kherson State Maritime Academy,
赫尔松国立大学,Kherson State University,
赫梅利尼茨基国立大学,Khmelnytskyi National University,
拉希姆亚尔汗哈瓦德法雷德工程与信息技术大学,"Khwaja Fareed University of Engineering & Information Technology, Rahim Yar Khan",
开伯尔·普赫图赫瓦农业大学,Khyber Pakhtunkhwa Agricultural University,
基辅商业与技术学院,Kiev Institute of Business and Technologies,
基加利独立大学,Kigali Independent University,
泰国国王科技大学,King Mongkut's University of Technology Thonburi,
国王学院,King's College,
国王大学,The King's University,
国王大学学院,Kings University College,
纽约市立大学金斯堡社区学院,Kingsborough Community College of the City University of New York,
基西大学,Kisii University,
康育大学,KIU,
克拉巴大学,Klabat University,
克莱佩达大学,Klaipėdos universitetas,
诺克斯学院,Knox College,
艺术、工艺与设计大学,"Konstfack - University of Arts, Crafts and Design",
韩国开发研究院公共政策与管理学院,"Korea Development Institute, School of Public Policy and Management",
中欧大学,Közép-európai Egyetem,
科兹明斯基大学,Kozminski University,
KPJ医疗大学学院,KPJ Healthcare University College,
克拉科夫莫德爵夫斯基学院,Krakowska Akademia im. Andrzeja Frycza Modrzewskiego w Krakowie,
克拉玛托尔斯克经济与人文学院,Kramatorsk Institute of Economics and Humanities,
革命家什亚姆吉克里希纳沃尔马格杰奇大学,Krantiguru Shyamji Krishna Verma Kachchh University,
第聂伯彼得罗夫斯克阿尔弗雷德·诺贝尔大学克列缅丘格分校,"Kremenchuk Institute of Private Educational Establishment ""Alfred Nobel University Dnipropetrovsk""",
格乐大学,Krirk University,
克里斯蒂安斯塔德大学学院,Kristianstad University College,
克里沃罗格国立大学,Kryvyi Rih National University,
克里沃罗格国立师范大学,Kryvyi Rih State Pedagogical University,
吉隆坡都市大学学院,Kuala Lumpur Metropolitan University College,
汉堡物流与企业管理学院,Kühne Logistics University-Wissenschaftliche Hochschule für Logistik und Unternehmensführung,
库马温大学,Kumaun University,
杜塞尔多夫艺术学院,Kunstakademie Düsseldorf,
明斯特艺术学院,"Kunstakademie Münster,Hochschule für Bildende Künste",
科隆媒体艺术学院,Kunsthochschule für Medien Köln,
古鲁格谢德拉大学,Kurukshetra University,
宾夕法尼亚库茨敦大学,Kutztown University of Pennsylvania,
昆特兰理工大学,Kwantlen Polytechnic University,
坎帕拉大学,Kyambogo University,
基辅商业与法律合作学院,Kyiv Cooperative Institute of business and law,
基辅市立马戏艺术学院,Kyiv Municipal Academy of Circus and Variety Arts,
基辅国立经济大学,Kyiv National Economic University named after Vadym Hetman,
基辅国立语言大学,Kyiv National Linguistic University,
基辅国立建筑大学,Kyiv National University of Construction and Architecture,
基辅国立文化艺术大学,Kyiv National University of Culture and Arts,
基辅国立工艺与设计大学,Kyiv National University of Technologies and Design,
基辅文化大学,Kyiv University of Culture,
基辅旅游、经济与法律大学,"Kyiv University of Tourism, Economics and Law",
马尼拉拉康索列学院,La Consolacion College Manila,
菲律宾莱康大学,La Consolacion University Philippines,
时尚与奢侈品高等生产学院,La Fabrique - Ecole Supérieure de la Production de la Mode et du Luxe,
拉罗什大学,La Roche University,
拉罗谢尔大学,La Rochelle Université,
喇沙大学,La Salle University,
拉谢拉大学,La Sierra University,
拉筹伯学院,La Trobe College,
网络工厂学院,La Web School Factory,
LAB应用科学大学,LAB University of Applied Sciences,
拉法耶特学院,Lafayette College,
拉各斯州立大学,Lagos State University,
拉格朗日学院,LaGrange College,
纽约市立大学拉瓜迪亚社区学院,LaGuardia Community College of the City University of New York,
拉古纳艺术与设计学院,Laguna College of Art and Design,
拉古纳国立理工大学,Laguna State Polytechnic University,
拉合尔女子大学,Lahore College for Women University,
莱德劳学院,Laidlaw College,
莱克福里斯特学院,Lake Forest College,
莱克福里斯特管理研究生院,Lake Forest Graduate School of Management,
华盛顿湖理工学院,Lake Washington Institute of Technology,
湖滨大学,Lakeland University,
拉马尔理工学院,Lamar Institute of Technology,
拉玛尔大学,Lamar University,
莱姆顿应用艺术与技术学院,Lambton College of Applied Arts and Technology,
南邦国际技术学院,Lampang Inter-Tech College,
南邦皇家大学,Lampang Rajabhat University,
兰卡斯特圣经学院,Lancaster Bible College,
兰德大学,Lander University,
雷恩社区学院,Lane Community College,
莱尼学院,Laney College,
兰加拉学院,Langara College,
老挝苏州大学,Lao Soochow University,
拉普兰应用科学大学,Lapland University of Applied Sciences,
拉彭兰塔-拉赫蒂工业大学,Lappeenranta-Lahti University of Technology LUT,
拉勒米郡社区学院,Laramie County Community College,
拉斯维加斯塔斯学院,Las Positas College,
拉萨尔学院,LaSalle College,
拉萨尔艺术学院,LASALLE College of the Arts,
温哥华拉萨尔学院,Lasalle College Vancouver,
拉斯贝拉农业水和海洋科学大学,"Lasbela University of Agriculture, Water and Marine Sciences",
拉塞尔大学,Lasell University,
拉瑞尔应用科学大学,Laurea University of Applied Sciences,
劳伦斯理工大学,Lawrence Technological University,
劳伦斯大学,Lawrence University,
拉扎尔斯基大学,Lazarski University in Warsaw,
拉萨尔学院墨尔本分校,LCI Melbourne,
澳大利亚蓝带学院,Le Cordon Bleu Australia,
新西兰蓝带学院,Le Cordon Bleu New Zealand,
莱莫恩学院,Le Moyne College,
布列塔尼-卢瓦尔河现场表演高等教育中心,Le Pont Supérieur - Pôle d’Enseignement Supérieur Spectacle Vivant Bretagne-Pays de la Loire,
伊巴丹领导城市大学,"Lead City University, Ibadan",
黎巴嫩美国大学,Lebanese American University,477
黎巴嫩谷学院,Lebanon Valley College,
李大学,Lee University,
利兹艺术大学,Leeds Arts University,
利兹三一大学,Leeds Trinity University,
利哈伊碳社区学院,Lehigh Carbon Community College,
卡蒙多装饰艺术学院,Les Arts Décoratifs-Ecole Camondo,
莱斯利大学,Lesley University,
沃伦国立大学,Lesya Ukrainka Volyn National University,
莱斯桥学院,Lethbridge College,
莱图尔诺大学,Letourneau University,
路易斯克拉克学院,Lewis and Clark College,
路易斯克拉克州立大学,Lewis-Clark State College,
莱特师范大学,Leyte Normal University,
布雷西亚自由美术学院,Libera Accademia di Belle Arti (LABA) – Brescia,
佛罗伦萨自由美术学院,Libera Accademia di Belle Arti (LABA) – Firenze,
玛丽亚圣阿苏塔自由大学,"Libera Università degli Studi ""Maria SS.Assunta""",
波尔扎诺自由大学,Libera Università di BOLZANO,
语言与传播自由大学,Libera Università di Lingue e Comunicazione IULM-MI,
路易斯▪圭多▪卡利大学,Libera Università Internazionale degli Studi Sociali “Guido Carli” LUISS ROMA,
圣拉斐尔生命健康自由大学,"Libera Università ""Vita Salute S.Raffaele"" di MILANO",
自由大学,Liberty University,
立陶宛体育大学,Lietuvos Sporto Universitetas,
生命脊骨神经医学院（西部）,Life Chiropractic College West,
生命大学,Life University,
纽约利姆时装管理学院,LIM College,
林国荣创意科技大学,Limkokwing University of Creative Technology,
林肯基督教大学,Lincoln Christian University,
林肯纪念大学,Lincoln Memorial University,
林肯大学（加利福尼亚州）,Lincoln University,
林肯大学学院,Lincoln University College,701-710
林顿伍德大学,Lindenwood University,
林赛威尔逊学院,Lindsey Wilson College,
林菲尔德学院,Linfield College,
林菲尔德大学,Linfield University,
领克大学,Link Campus University,
林恩-本顿社区学院,Linn-Benton Community College,
林登大学学院,Linton University College,
利普斯科姆大学,Lipscomb University,
高等应用艺术学院,LISAA: L'Institut Supérieur des Arts Appliqués,
冰岛艺术大学,Listaháskóli Íslands,
李斯特音乐学院,Liszt Ferenc Academy of Music,
立陶宛音乐与戏剧学院,Lithuanian Academy of Music and Theatre,
利物浦希望大学,Liverpool Hope University,
宾夕法尼亚洛克黑文大学,Lock Haven University of Pennsylvania,
黎府皇家大学,Loei Rajabhat University,
洛干大学,Logan University,
正道福音神学院,Logos Evangelical Seminary,
伦敦城市大学,London Metropolitan University,1001-1200
伦敦大学伦敦卫生与热带医学学院,"London School of Hygiene and Tropical Medicine, University of London",
长岛大学,Long Island University,
朗沃德大学,Longwood University,
洛杉矶城市学院,Los Angeles City College,
洛杉矶音乐学院,Los Angeles College of Music,
洛杉矶电影学院,The Los Angeles Film School,
洛杉矶海港学院,Los Angeles Harbor College,
纪念斯隆-凯特琳癌症中心小路易斯·V·郭士纳生物医学研究生院,"Louis V. Gerstner, Jr. Graduate School of Biomedical Sciences at Memorial Sloan-Kettering Cancer Center",
路易斯安那州立大学和农工学院,Louisiana State University and Agricultural and Mechanical College,
路易斯安纳州立大学健康科学中心新奥尔良分校,Louisiana State University Health Sciences Center at New Orleans,
路易斯安那州立大学什里夫波特分校,Louisiana State University at Shreveport,
路易斯安那理工大学,Louisiana Tech University,
洛约拉玛丽蒙特大学,Loyola Marymount University,
马里兰洛约拉大学,Loyola University Maryland,
新奥尔良洛约拉大学,Loyola University New Orleans,
拉伯克基督大学,Lubbock Christian University,
LUCA艺术学院,LUCA School of Arts,
卢甘斯克国立文化艺术学院,Lugansk State Academy of Culture and Arts,
卢甘斯克国立医科大学,Lugansk State Medical University,
卢甘斯克国立大学,Luhansk Taras Shevchenko National University,
蓝毗尼佛教大学,Lumbini Buddhist University,
LUNEX应用科学大学,LUNEX University of Applied Sciences,
路德学院,Luther College,
卢森堡商学院,Luxembourg School of Business,
利沃夫国立艺术学院,Lviv National Academy of Arts,
利沃夫国立音乐学院,Lviv National Music Academy named after Mykola Lysenko,
利沃夫国立技术大学,Lviv Polytechnic National University,1201-1400
利沃夫国立体育大学,Lviv State University of Physical Culture named after Ivan Boberskyj,
莱西姆学院,Lyceum College,
北吕宋学院,Lyceum Northern Luzon,
西北学会大学,Lyceum-Northwestern University,
菲律宾莱西姆大学,Lyceum of the Philippines University,
莱西姆大学八打雁校区,Lyceum of the Philippines University Batangas,
利康明学院,Lycoming College,
林恩大学,Lynn University,
里昂学院,Lyons College,
顿涅茨克国立医科大学,M.Gorky Donetsk National Medical University,
M.J.P.罗希尔汉德大学,M.J.P. Rohilkhand University,
麦卡莱斯特学院,Macalester College,
马查科斯大学,Machakos University,
麦迪逊区技术学院,Madison Area Technical College,
麦当娜大学,Madonna University,
马杜赖卡马拉杰大学,Madurai Kamaraj University,
梅州大学,Maejo University,
马格特大学,Magadh University,
匈牙利农学与生命科学大学,Magyar Agrár- és Élettudományi Egyetem,
匈牙利美术大学,Magyar Képzőművészeti Egyetem,
匈牙利舞蹈大学,Magyar Táncművészeti Egyetem,
匈牙利体育与运动科学大学,Magyar Testnevelési és Sporttudományi Egyetem,
摩诃朱拉隆功大学,Mahachulalongkornrajavidyalaya University,
马汉科理工大学,Mahanakorn University of Technology,
阿格拉森喜玛拉雅加瓦尔大学,Maharaja Agrasen Himalayan Garhwal University,
克里希纳库玛尔辛格帕沃纳格尔国王大学,Maharaja Krishnakumarsinhji Bhavnagar University,
国王瑟亚吉拉奥巴罗达大学,Maharaja Sayajirao University of Baroda,
玛赫西国际大学,Maharishi International University,
马哈尔希达亚南德萨拉斯瓦蒂大学,"Maharshi Dayanand Saraswati University, Ajmer",
罗塔克马哈希达亚南德大学,"Maharshi Dayanand University, Rohtak",
玛哈沙拉坎大学,Mahasarakham University,
圣雄甘地农业大学,Mahatma Gandhi Kashi Vidyapeeth,
玛莎大道国际学院,MAHSA Avenue International College,
玛莎大学,MAHSA University,
麦旺高等教育学院,Maiwand Institute of Higher Education,
玛克恩拉尔杰杜尔韦蒂国立新闻与传播大学,Makhanlal Chaturvedi National University of Journalism & Communication,
马来西亚科技大学,Malaysia University of Science and Technology,
马来西亚艺术学院,Malaysian Institute of Art,
马来西亚海事学院,Malaysian Maritime Academy,
马尔代夫国立大学,The Maldives National University,
管理与科学大学,Management and Science University,608
马拉纳特国际大学,Manarat International University,
MANCOSA学院,MANCOSA,
曼达赫大学,Mandakh University,
门格洛尔大学,Mangalore University,
曼哈顿学院,Manhattan College,
曼哈顿音乐学院,Manhattan School of Music,
曼哈顿维尔学院,Manhattanville College,
马尼拉时报学院,The Manila Times College of Subic,
马尼帕尔高等教育学院,Manipal Academy of Higher Education,
马尼萨塞拉尔巴亚尔大学,Manisa Celal Bayar University,
曼尼托巴贸易与技术学院,Manitoba Institute of Trades and Technology,
宾夕法尼亚联邦大学曼斯菲尔德大学,"Mansfield University, Commonwealth University of Pennsylvania",
曼纽尔奎松大学,Manuel L. Quezon University,
曼纽安佛各大学卢塞纳校区,Manuel S. Enverga University Foundation-Lucena,
曼努考理工学院,Manukau Institute of Technology,
马普尔大学,Mapua University,
马里亚诺马科斯国立大学,Mariano Marcos State University,
马里亚诺波利斯学院,Marianopolis College,
玛利-贝尔纳德学院,Marie - Bernarde College,
玛丽埃塔学院,Marietta College,
海洋工程研究学院,Marine Engineering and Research Institute,
马里斯特学院,Marist College,
马里乌波尔国立大学,Mariupol State University,
马尔斯希尔大学,Mars Hill University,
马歇尔大学,Marshall University,
马歇尔敦社区学院,Marshalltown Community College,
马丁路德学院,Martin Luther College,
玛弗洛斯技术学院,"Marvelous College of Technology,Inc.",
马里兰艺术学院,Maryland Institute College of Art,
玛丽蒙特曼哈顿学院,Marymount Manhattan College,
玛丽蒙特大学,Marymount University,
玛丽维尔学院,Maryville College,
圣路易斯玛丽维尔大学,Maryville University of Saint Louis,
玛丽伍德大学,Marywood University,
马萨诸塞艺术与设计学院,Massachusetts College of Art and Design,
马萨诸塞文科学院,Massachusetts College of Liberal Arts,
材料与能源研究中心,Materials and Energy Research Center,
西孟加拉邦毛拉·阿布·卡拉姆·阿扎德技术大学,"Maulana Abul Kalam Azad University of Technology, West Bengal",
毛拉那阿扎德国家乌尔都大学,Maulana Azad National Urdu University,
梅奥临床医学院,Mayo Clinic College of Medicine and Science,
贝尔格莱德MB大学,MB University Belgrade,
麦克丹尼尔学院布达佩斯分校,McDaniel College Budapest,
因斯布鲁克管理中心,MCI Internationale Hochschule GmbH,
麦克马斯特神学院,McMaster Divinity College,
麦克默里大学,McMurry University,
麦克尼斯州立大学,McNeese State University,
麻省药科与健康科学大学,MCPHS University,
媒体设计学院,Media Design School,
柏林媒体设计与计算机应用技术大学,Mediadesign Hochschule für Design und Informatik,
卡托维兹西里西亚医科大学,Medical University of Silesia in Katowice,
麦迪森海特学院,Medicine Hat College,
梅加特伦德大学,Megatrend University,
迈赫兰工程技术大学,Mehran University of Engineering and Technology,
墨尔本商业技术学院,Melbourne Institute of Business and Technology,
墨尔本技术学院,Melbourne Institute of Technology,
墨尔本理工学院,Melbourne Polytechnic,
曼隆学院,Menlo College,
默塞徳学院,Merced College,
默瑟大学,Mercer University,
梅西赫斯特大学,Mercyhurst University,
梅瑞迪斯学院,Meredith College,
美里塔斯大学,Meritus University,
梅里马克学院,Merrimack College,
梅里特学院,Merritt College,
斯图加特设计、艺术与媒体学院,"Merz Akademie Hochschule für Gestaltung, Kunst und Medien, Stuttgart",
梅萨社区学院,Mesa Community College,
弥赛亚大学,Messiah University,
毕理学院,Methodist Pilley Institute,
卫理公会大学,Methodist University,
城市应用科学大学,Metropolia University of Applied Sciences,
纽约大都会学院,Metropolitan College of New York,
大都会社区学院,Metropolitan Community College,
大都会州立大学,Metropolitan State University,
丹佛大都会州立大学,Metropolitan State University of Denver,
布拉格城市大学,Metropolitan University Prague,
梅沃尔大学,Mewar University,
挪威宗教与社会神学院,"MF Norwegian School of Theology, Religion and Society",
麻省综合医院健康职业学院,MGH Institute of Health Professions,
迈阿密达德学院,Miami Dade College,
迈阿密国际艺术与设计大学,Miami International University of Art and Design,
米科大学学院,The Mico University College,
中美浸会神学院,Mid-America Baptist Theological Seminary,
中密歇根学院,Mid Michigan College,
中美拿撒勒大学,MidAmerica Nazarene University,
中佐治亚州立大学,Middle Georgia State University,
中田纳西州立大学,Middle Tennessee State University,
米德尔伯里学院,Middlebury College,
米德兰大学,Midland University,
米德兰国立大学,Midlands State University,
中途海事基金会,Midway Maritime Foundation,
中西部大学,Midwest University,
中西州立大学,Midwestern State University,
中西大学,Midwestern University,
美兰大学,MILA University,
宾夕法尼亚米勒斯维尔大学,Millersville University of Pennsylvania,
国防大学,Milli Savunma Üniversitesi,
密利克大学,Millikin University,
密尔斯学院,Mills College,
米尔萨普斯学院,Millsaps College,
密尔沃基艺术与设计学院,Milwaukee Institute of Art and Design,
密尔沃基工程学院,Milwaukee School of Engineering,
棉兰老国立大学,Mindanao State University,
密涅瓦大学,Minerva University,
巴黎高等矿业学院,MINES ParisTech,
明盖恰乌尔理工学院,Mingachevir Polytechnic Institute,
拉合尔民哈吉大学,Minhaj University Lahore,
明尼阿波利斯艺术设计学院,Minneapolis College of Art and Design,
明尼苏达州立大学曼凯托分校,"Minnesota State University, Mankato",
明尼苏达州立大学摩海德分校,Minnesota State University Moorhead,
米拉科斯塔学院,Mira Costa College,
米莱姆学院,Miriam College,
埃及国际大学,Misr International University,
密西西比学院,Mississippi College,
密西西比女子大学,Mississippi University for Women,
密苏里浸会大学,Missouri Baptist University,
密苏里南部州立大学,Missouri Southern State University,
密苏里州立大学,Missouri State University,
西密苏里州立大学,Missouri Western State University,
米佐拉姆大学,Mizoram University,
MJM 平面设计学院,MJM Graphic Design,
巴黎国际时尚艺术学院,MOD'ART INTERNATIONAL,
MOD'SPE巴黎高等时尚专业学院,MOD'SPE Paris - lnstitut Supérieur Spécialise de la Mode,
Mode Estah学院,Mode Estah: Enseignement Supérieur des Techniques et de l'Art de l'Habillement,
莫德斯托专科学院,Modesto Junior College,
约拉莫迪博·阿达马理工大学,"Modibbo Adama University of Technology, Yola",
维也纳模都尔大学,Modul Universität Wien,
穆罕默德·本·扎耶德人工智能大学,Mohamed Bin Zayed,
穆罕默德·阿里·金纳大学,Mohammad Ali Jinnah University,
莫霍克应用艺术与技术学院,Mohawk College of Applied Arts and Technology,
莫霍克谷社区学院,Mohawk Valley Community College,
莫伊大学,Moi University,
摩尔德大学学院,Molde University College,
摩尔多瓦国立大学,Moldova State University,
蒙奥蒂乌斯大学,Mon-Altius University,
莫纳什学院,Monash College,
蒙德拉贡大学,Mondragón Unibertsitatea,
蒙古额图根大学,Mongolia Etugen University,
蒙古伊德大学,Mongolia Ider University,
蒙古工程技术学院,Mongolia Institute of Engineering and Technology,
蒙古国际大学,Mongolia International University,
蒙古国防大学,Mongolian National Defence University,
蒙古民族大学,Mongolian National University,
蒙古国立文化艺术大学,Mongolian National University of Arts and Culture,
蒙古国立教育大学,Mongolian National University of Education,
蒙古国立医科大学,Mongolian National University of Medical Sciences,
蒙古国立音乐学院,Mongolian State Conservatory,
蒙古生命科学大学,Mongolian University of Life Sciences,
蒙古药科大学,Mongolian University of Pharmaceutical Sciences,
蒙古科技大学,Mongolian University of Science and Technology,
蒙莫斯学院,Monmouth College,
蒙莫斯大学,Monmouth University,
门罗学院,Monroe College,
门罗社区学院,Monroe Community College,
门罗大学,Monroe University,
蒙大拿州立大学比灵斯分校,Montana State University Billings,
蒙大拿州立大学北部分校,Montana State University Northern,
莱奥本矿业大学,Montanuniversität Leoben,851-900
蒙哥马利学院,Montgomery College,
蒙哥马利郡社区学院,Montgomery County Community College,
蒙彼利埃高等商业学院,Montpellier Business School,
蒙彼利埃国际高等农学研究中心,Montpellier SupAgro: Centre International d'Etudes Supérieures en Sciences Agronomiques,
蒙彼利埃国立高等农业、食品与环境教育学院,"Montpellier SupAgro - Institut National d'Enseignement Supérieur pour l'Agriculture,l'Alimentation et l'Environnement",
蒙彼利埃国立高等农业研究学院,Montpellier SupAgro: Institut National d'Etudes Supérieures Agronomiques de Montpellier,
慕迪圣经学院,Moody Bible Institute,
摩尔艺术设计学院,Moore College of Art and Design,
穆尔帕克学院,Moorpark College,
摩拉维亚大学,Moravian University,
莫海德州立大学,Morehead State University,
莫尔豪斯学院,Morehouse College,
摩根州立大学,Morgan State University,
莫里斯学院,Morris College,
蒙特埃里森大学,Mount Allison University,
蒙特霍利奥克学院,Mount Holyoke College,
摩西山大学,Mount Mercy University,
皇家山大学,Mount Royal University,
圣玛丽山学院,Mount Saint Mary College,
圣玛丽山大学,Mount Saint Mary's University,
山景学院,Mountain View College,
芒特圣安东尼奥学院,Mt San Antonio College,
芒特圣哈辛托学院,Mt. San Jacinto College,
柏林媒体应用技术大学,MU Media University of Applied Sciences,
穆塔大学,Mu'tah University,
穆巴拉克·艾勒阿卜杜拉联合指挥参谋学院,Mubarak Al-Abdullah Joint Command and Staff College,
玛格拉锡特卡克茨曼大学,Mugla Sitki Kocman University,
穆伦堡学院,Muhlenberg College,
多媒体大学,Multimedia University,771-780
肯尼亚多媒体大学,Multimedia University of Kenya,
慕尼黑商学院,Munich Business School,
芒斯特省理工大学,Munster Technological University,
默多克技术学院,Murdoch Institute of Technology,
莫瑞州立大学,Murray State University,
国家自然历史博物馆,Muséum National d'Histoire Naturelle,
音乐家学院,Musicians Institute,
维也纳音乐与艺术市立大学,Musik und Kunst Privatuniversität der Stadt Wien,
吕贝克音乐学院,Musikhochschule Lübeck,
玛斯金格姆大学,Muskingum University,
穆斯坦西里亚大学,Mustansiriyah University,1001-1200
基尔艺术学院,Muthesius Kunsthochschule,
缅甸海事大学,Myanmar Maritime University,
米科罗斯·罗梅里斯大学,MYKOLO ROMERIO UNIVERSITETAS,
那格浦尔大学,Nagpur University,
佛统皇家大学,Nakhon Pathom Rajabhat University,
那空帕农大学,Nakhon Phanom University,
呵叻皇家大学,Nakhon Ratchasima Rajabhat University,
那空沙旺皇家大学,Nakhon Sawan Rajabhat University,
呵叻学院,Nakhonratchasima College,
纳兰达学院,"Nalanda College, Biharsharif",
纳曼干工程技术学院,Namangan Institute of Engineering and Technology,
纳米比亚科技大学,Namibia University of Science and Technology,
楠格哈尔大学,Nangarhar University,
南特大学综合理工学院,"Nantes Université, Ecole Polytechnique de Nantes Université",
南洋艺术学院,Nanyang Academy of Fine Arts,
南洋理工学院,Nanyang Polytechnic,
那洛巴大学,Naropa University,
纽约州立大学拿骚社区学院,"Nassau Community College, State University of New York College",
国立文化与艺术管理学院,National Academy of Culture and Arts Management,
国立艺术与建筑学院,National Academy of Fine Arts and Architecture,
国立造型艺术与建筑学院,National Academy of Fine Arts and Architecture,
索非亚国家音乐学院“潘乔•乌拉迪格洛夫教授”,"National Academy of Music ""Pancho Vladigerov"" - Sofia",
索非亚国家音乐学院,"National Academy of Music “Professor Pancho Vladigerov”, Sofia",
国家公共管理学院,National Academy of Public Administration,
国立统计、会计与审计学院,"National Academy of Statistics, Accounting and Audit",
国家艺术学院,National Art School,
国立航空学院,National Aviation Academy,
国立航空大学,National Aviation University,
拉合尔国家艺术学院,"National College of Arts, Lahore",
工商管理与经济国家学院,National College of Business Administration and Economics,
乌克兰国防大学,National Defence University of Ukraine named after Ivan Cherniakhovskyi,
国民经济大学,National Economics University,
国家影视学院,National Film and Television School,
国立发展管理学院,National Institute of Development Administration,
国家教育学院,National Institute of Education,
国家时装技术学院,National Institute of Fashion Technology,
国立艺术与设计学院,National Institute of Fine Art and design named after Kamoliddin Bekhzod,
国立基因工程与生物技术研究院,National Institute of Genetic Engineering and Biotechnology,
国立药物教育研究学院,National Institute of Pharmaceutical Education and Research,
民族体育学院,National Institute of the Physical Education,
安得拉邦国家理工学院,National Institute of Technology Andhra Pradesh,
卡利卡特国家技术学院,National Institute of Technology Calicut,
杜尔加布尔国家技术学院,"National Institute of Technology, Durgapur",
卡纳塔克邦塞阿斯卡尔国家技术学院,"National Institute of Technology Karnataka, Surathkal",
梅加拉亚国家技术学院,National Institute of Technology Meghalaya,
米佐拉姆国家技术学院,National Institute of Technology Mizoram,
那加兰邦国家技术学院,National Institute of Technology Nagaland,
路易斯大学,National Louis University,
亚美尼亚国立理工大学,National Polytechnic University of Armenia,
国家研究型大学塔什干灌溉与农业机械学院,"National Research University ""Tashkent Institute of Irrigation and Agricultural Mechanization Engineers""",
国立技术大学哈尔科夫工学院,"National Technical University ""Kharkiv Polytechnic Institute""",1001-1200
乌克兰国立技术大学基辅工学院,"National Technical University of Ukraine ""Igor Sikorsky Kyiv Polytechnic Institute""",851-900
国立交通大学,National Transport University,
国家大学,National University,
国立大学,National University,
亚美尼亚国立建筑大学,National University of Architecture and Construction of Armenia,
国家计算机与新兴科学大学,National University of Computer and Emerging Sciences,
国立食品技术大学,National University of Food Technologies,
爱尔兰国立大学梅努斯分校,"National University of Ireland, Maynooth",
国立大学“基辅莫吉拉学院”,"National University of ""Kyiv-Mohyla Academy""",1201-1400
老挝国立大学,National University of Laos,
乌克兰国立生物资源与自然环境大学,National University of Life and Environmental Sciences of Ukraine,
国立现代语言大学,National University of Modern Languages,
蒙古国立大学,The National University of Mongolia,
国家自然医学大学,National University of Natural Medicine,
国立大学敖德萨法学院,"National University ""Odesa Law Academy""",
国立大学“敖德萨海洋学院”,"National University ""Odessa Maritime Academy""",
乌克兰国立体育与运动大学,National University of Ukraine on Physical Education and Sport,
乌兹别克斯坦国立大学,National University of Uzbekistan named after Mirzo Ulugbek,801-850
国立水与环境工程大学,National University of Water and Environmental Engineering,
国立大学“波尔塔瓦理工学院”,National University “Yuri Kondratyuk Poltava Polytechnic”,
拿撒勒大学,Nazareth University,
那不勒斯大学,Neapolis University,
内布拉斯加卫理公会学院,Nebraska Methodist College,
内德工程技术大学,NED University of Engineering and Technology,
纳尔逊·曼德拉大学,Nelson Mandela University,1401+
尼尔森马尔伯勒理工学院,Nelson Marlborough Institute of Technology,
国家行政大学,Nemzeti Közszolgálati Egyetem,
NEOMA高等商学院,NEOMA Business School (NEOMA),
荷兰NLBA商学院,Netherlands Business Academy,
诺伊曼大学,Neumann University,
新三维通用教育学院,New 3D General Education,
新不伦瑞克社区学院,New Brunswick Community College,
新保加利亚大学,New Bulgarian University,
新佛罗里达学院,New College of Florida,
新英格兰学院,New England College,
新英格兰视光学院,The New England College of Optometry,
新英格兰音乐学院,New England Conservatory of Music,
新英格兰法学院,New England Law | Boston,
新纪元大学,New Era University,
新纪元大学学院,New Era University College,
新高等教育学院,New Higher Education Institute,
新泽西城市大学,New Jersey City University,
新墨西哥高地大学,New Mexico Highlands University,
新墨西哥矿业技术学院,New Mexico Institute of Mining and Technology,
新河社区学院,New River Community College,
新学院,The New School,
纽约美术学院,New York Academy of Art,
纽约健康职业学院,New York College of Health Professions,
纽约中医学院,New York College of Traditional Chinese Medicine,
纽约电影学院,New York Film Academy,
纽约理工学院,New York Institute of Technology,
纽约法学院,New York Law School,
纽约室内设计学院,New York School of Interior Design,
新西兰商学院,New Zealand College of Business,
新西兰中医学院,New Zealand College of Chinese Medicine,
新西兰脊椎神经学院,New Zealand College of Chiropractic,
新西兰商业与技术学院,New Zealand Institute of Business and Technology,
新西兰教育学院,New Zealand Institute of Education,
新西兰研究学院,New Zealand Institute of Studies,
新西兰管理学院,New Zealand Management Academies,
新西兰中医针灸学院,New Zealand School of Acupuncture and Traditional Chinese Medicine,
新西兰高等教育学院,New Zealand Tertiary College,
新西兰训练中心,New Zealand Training Centre,
纽柏利学院,Newberry College,
纽卡斯尔国际学院,Newcastle International College,
新建筑与设计学院,NewSchool of Architecture and Design,
巴尼亚卢卡独立大学,Nezavisni univerzitet Banja Luka,
义安理工学院,Ngee Ann Polytechnic,
芽庄大学,Nha Trang University,
挪威经济学院,NHH Norwegian School of Economics,
斯坦顿应用科学大学,NHL Stenden University of Applied Sciences,
尼亚加拉应用艺术与技术学院,Niagara College of Applied Arts and Technology,
尼亚加拉大学,Niagara University,
尼亚加拉大学安大略分校,Niagara University (Ontario),
尼科尔斯州立大学,Nicholls State University,
国立医药大学,Nicolae Testemiţanu State University of Medicine and Pharmacy,
汝莱大学,Nilai University,
尼皮辛大学,Nipissing University,
NIPPON待客服务专门学校,NIPPONおもてなし専門学校,
尼尔玛大学,Nirma University,
尼桑塔斯大学,Nisantasi University,
涅任国立大学,Nizhyn Mykola Gogol State University,
NLA 大学学院,NLA University College,
纳姆迪•阿齐克韦大学,Nnamdi Azikiwe University,
诺克巴甘高等教育学院,Nokhbagan Institute of Higher Education,
诺曼萨达特高等教育学院,Noman Sadat Institute of Higher Education,
北方经济应用技术大学,Nordakademie Hochschule der Wirtschaft,
诺福克州立大学,Norfolk State University,
诺奎斯特学院,NorQuest College,
北美大学（德克萨斯州）,North American University,
曼谷北部大学,North Bangkok University,
北婆罗洲大学学院,North Borneo University College,
北卡罗莱纳中央大学,North Carolina Central University,
北卡罗莱纳卫斯理学院,North Carolina Wesleyan College,
北部中心学院,North Central College,
北清迈大学,North-Chiang Mai University,
东北山区大学,North-Eastern Hill University,
北格林威尔大学,North Greenville University,
北爱达荷学院,North Idaho College,
北岛学院,North Island College,
北园大学,North Park University,
北西雅图学院,North Seattle College,
北西雅图社区学院,North Seattle Community College,
北方中央大学,Northcentral University,
东北伊利诺伊大学,Northeastern Illinois University,
东北初级学院,Northeastern Junior College,
东北州立大学,Northeastern State University,
北阿尔伯塔理工学院,Northern Alberta Institute of Technology,
北加勒比大学,Northern Caribbean University,
北方应用艺术与技术学院,Northern College of Applied Arts and Technology,
北肯塔基大学,Northern Kentucky University,
北吉隆坡国际学院,Northern Kuala Lumpur International College,
北马里亚纳学院,Northern Marianas College,
北密歇根大学,Northern Michigan University,
北方州立大学,Northern State University,
北孟加拉大学,Northern University Bangladesh,
北弗吉尼亚社区学院,Northern Virginia Community College,
诺思兰学院,Northland College,
北方理工学院,Northland Polytechnic,
西北阿肯色社区学院,Northwest Arkansas Community College,
西北密苏里州立大学,Northwest Missouri State University,
西北拿撒勒大学,Northwest Nazarene University,
西北萨玛尔国立大学,Northwest Samar State University,
西北大学（华盛顿州）,Northwest University,1001-1200
西北学院,Northwestern College,
西北健康科学大学,Northwestern Health Sciences University,
西北密歇根学院,Northwestern Michigan College,
西北州立大学,Northwestern State University,
诺斯伍徳大学,Northwood University,
挪威音乐学院,Norwegian Academy of Music,
诺威治大学,Norwich University,
诺里奇艺术大学,Norwich University of the Arts,
达将戈斯圣母大学,Notre Dame of Dadiangas University,
纳穆尔圣母大学,Notre Dame de Namur University,
新斯科舍艺术与设计学院,Nova Scotia College of Art and Design,
新斯科舍社区学院,Nova Scotia Community College,
诺维亚应用科学大学,Novia University of Applied Sciences,
新斯科舍艺术与设计大学,NSCAD University,
雷省国立科技大学,Nueva Ecija University of Science and Technology,
NABA美术学院,Nuova Accademia di Belle Arti (NABA),
奈耶诺德工商大学,Nyenrode Business Universiteit,
尼赖吉哈佐大学,Nyíregyházi Egyetem,
乌克兰国家科学院表面化学研究所,O. O. Chuiko Institute of Surface Chemistry of National Academy of Sciences of Ukraine,
O.P.金达尔全球学院,O.P. Jindal Global University,751-760
欧克伍德大学,Oakwood University,
奥柏林学院,Oberlin College,
巴黎文理研究大学 - 巴黎天文台,Observatoire de Paris-PSL,
欧布达大学,Óbudai Egyetem,
OCA大阪设计与技术专门学校,OCA大阪デザイン＆テクノロジー専門学校,
安大略艺术与设计大学,OCAD University,
西方学院,Occidental College,
十月六日大学,October 6 University,
敖德萨国立农业大学,Odesa State Agrarian University,
敖德萨国立经济大学,Odessa National Economic University,
敖德萨国立海洋大学,Odessa National Maritime University,
敖德萨国立医科大学,Odessa National Medical University,
敖德萨国立理工大学,Odessa Polytechnic National University,
欧迪西大学学院,Odisee University College,
奥里萨邦农业与技术大学,Odisha University of Agriculture and Technology,
奥格尔绍普大学,Oglethorpe University,
俄亥俄多米尼肯大学,Ohio Dominican University,
俄亥俄北方大学,Ohio Northern University,
俄亥俄卫斯理大学,Ohio Wesleyan University,
奥隆学院,Ohlone College,
奥克纳根学院,Okanagan College,
俄克拉荷马浸会大学,Oklahoma Baptist University,
俄克拉荷马基督教会大学,Oklahoma Christian University,
俄克拉荷马城市社区学院,Oklahoma City Community College,
俄克拉荷马城市大学,Oklahoma City University,
俄克拉荷马狭地州立大学,Oklahoma Panhandle State University,
俄克拉荷马州立大学技术学院,Oklahoma State University Institute of Technology,
奥尔兹学院,Olds College,
格卢霍夫国立师范大学,Oleksandr Dovzhenko Hlukhiv National Pedagogical University,
奥利瓦雷兹学院,Olivarez College,
奥利弗拿撒勒大学,Olivet Nazarene University,
奥利弗大学,Olivet University,
奥林匹克学院,Olympic College,
恩图曼伊斯兰大学,Omdurman Islamic University,
立万国际美术学院,The One Academy of Communication Design,
槟城立万国际美术学院,The One Academy Penang,
南特-大西洋国立兽医、农业与食品工业技术学院,"ONIRIS-Ecole Nationale Vétérinaire, Agroalimentaire et de l'Alimentation de Nantes-Atlantique",
人类发展开放国际大学“乌克兰”,"Open International UNIVERSITY of Human Development ""UKRAINE""",
新西兰开放理工学院,Open Polytechnic of New Zealand,
斯里兰卡开放大学,The Open University of Sri Lanka,
奥勒尔罗伯茨大学,Oral Roberts University,
奥兰治海岸学院,Orange Coast College,
奥肯大学,Orkhon University,
奥特布劳德学院,Ort Braude College,
奥西亚斯教育基金会,Osias Educational Foundation,
奥斯陆国立艺术学院,Oslo National Academy of the Arts,
奥斯陆建筑与设计学院,The Oslo School of Architecture and Design,
奥斯马尼亚大学,Osmania University,
安贝格-魏登应用技术大学,Ostbayerische Technische Hochschule Amberg-Weiden,
雷根斯堡应用技术大学,Ostbayerische Technische Hochschule Regensburg,
东法利亚应用技术大学,Ostfalia Hochschule für angewandte Wissenschaften,
奥斯特拉发大学,Ostravská Univerzita,
奥孙州立大学,Osun State University,
奥塔戈理工学院,Otago Polytechnic,
奥特根腾格尔大学,Otgontenger University,
奥蒂斯艺术与设计学院,Otis College of Art and Design,
奥托奇·曼兰巴大学,Otoch Manramba University,
奥特本大学,Otterbein University,
马格德堡大学,Otto-von-Guericke-Universität Magdeburg,
沃希托浸会大学,Ouachita Baptist University,
奥卢应用科学大学,Oulu University of Applied Sciences,
法蒂玛大学,Our Lady of Fatima University,
圣母湖女子大学,Our Lady of the Lake University,
欧扎克基督学院,Ozark Christian College,
澳津高等教育学院,OZFORD Institute of Higher Education,
佩斯大学,Pace University,
太平洋高等教育研究院大学,Pacific Academy of Higher Education Research University,
太平洋健康与科学学院,Pacific College of Health and Science,
太平洋国际酒店管理学校,Pacific International Hotel Management School,
太平洋路德大学,Pacific Lutheran University,
西北太平洋艺术学院,Pacific Northwest College of Art,
太平洋诸州大学,Pacific States University,
太平洋联合学院,Pacific Union College,
太平洋大学（俄勒冈州）,Pacific University,
帕西菲卡研究所,Pacifica Graduate Institute,
弗赖堡教育学院,Pädagogische Hochschule Freiburg,
海德堡教育学院,Pädagogische Hochschule Heidelberg,
路德维希堡教育学院,Pädagogische Hochschule Ludwigsburg,
施瓦本格明德教育学院,Pädagogische Hochschule Schwäbisch Gmünd,
巴基斯坦经济发展学院,Pakistan Institute of Development Economics,
棕榈滩大西洋大学,Palm Beach Atlantic University,
帕默脊骨神经医学院（佛罗里达校区）,Palmer College of Chiropractic (Florida Campus),
帕默脊骨神经医学院（西校区）,Palmer College of Chiropractic (West Campus),
帕洛阿尔托大学,Palo Alto University,
巴伦苏埃拉城市大学,Pamantasan ng Lungsod ng Valenzuela,
菲律宾师范大学,Pamantasang Normal Ng Pilipinas,
帕姆卡莱大学,Pamukkale University,
泛欧大学,Paneurópska vysoká škola,
邦雅斯兰国立大学,Pangasinan State University,
柬埔寨智慧大学,Pannasastra University of Cambodia,
潘农大学,Pannon Egyetem,
泛太平洋大学,Panpacific  University,
罗兹国立电影电视戏剧学校,"Państwowa Wyższa Szkoła Filmowa, Telewizyjna i Teatralna im. Leona Schillera w Łodzi",
莱格尼察国立高等职业学校,Państwowa Wyższa Szkoła Zawodowa im. Witelona w Legnicy,
潘蒂翁社会政治大学,Panteion University of Social and Political Sciences,
正大管理学院,Panyapiwat Institute of Management,
帕拉贡国际大学,Paragon International University,
巴黎商学院,Paris School of Business,
帕克大学,Parker University,
帕克兰学院,Parkland College,
帕萨迪纳城市学院,Pasadena City College,
巴吞他尼大学,Pathumthani University,
乌曼国立师范大学,Pavlo Tychyna Uman State Pedagogical University,
帕兹玛尼·彼得天主教大学,Pázmány Péter Catholic University,
华沙社会科学师范教育高等学校,Pedagogium-Wyższa Szkoła Nauk Społecznych w Warszawie,
派里希比州立社区学院,Pellissippi State Community College,
槟城技能发展中心,Penang Skills Development Centre,
半岛学院,Peninsula College,
宾夕法尼亚美术学院,Pennsylvania Academy of the Fine Arts,
彭萨科拉基督教学院,Pensacola Christian College,
彭萨科拉基督学院,Pensacola Christian College,
彭萨科拉州立学院,Pensacola State College,
五旬节生命大学,Pentecostal Life University,
佩波戴恩大学,Pepperdine University,
首要大学,Perdana University,
黑海国立大学,Petro Mohyla Black Sea National University,
费佛大学,Pfeiffer University,
哥廷根私立应用技术大学,PFH-Private Hochschule Göttingen,
碧差汶皇家大学,Phetchabun Rajabhat University,
碧武里皇家大学,Phetchaburi Rajabhat University,
菲律宾健康科学学院,"Philipine College of Health Sciences, INC",
菲律宾基督教大学,Philippine Christian University,
菲律宾商船学校,Philippine Merchant Marine School,
菲律宾达沃女子学院,Philippine Women's College of Davao,
菲律宾女子大学,The Philippine Women's University,
帕纳空皇家大学,Phranakhon Rajabhat University,
大城皇家大学,Phranakhon Si Ayutthaya Rajabhat University,
普吉皇家大学,Phuket Rajabhat University,
乌克兰国家科学院金属与合金物理技术研究所,Physical and Technological Institute of Metals and Alloys of National Academy of Sciences of Ukraine,
披汶·颂堪皇家大学,Pibulsongkram Rajabhat University,
皮尔斯学院,Pierce College,
皮马社区学院,Pima Community College,
必达智学院,Pintar College,
皮尔·迈赫·阿里·沙阿干旱农业大学,Pir Mehr Ali Shah Arid Agriculture University,
匹兹堡州立大学,Pittsburg State University,
皮特泽学院,Pitzer College,
PJ艺术与设计学院,PJ College of Art and Design,
普利茅斯州立大学,Plymouth State University,
波音特洛马拿撒勒大学,Point Loma Nazarene University,
博恩特帕克大学,Point Park University,
博卡拉大学,Pokhara University,
阿基坦大区波尔多高等音乐与舞蹈教育学院,Pôle d'enseignement supérieur de la musique et de la danse Bordeaux-Aquitaine,
大巴黎塞纳圣丹尼高等音乐教育中心,Pôle d'Enseignement Supérieur de la Musique Seine-Saint-Denis île-de-France (Pôle Sup’93),
警察学院,Police Academy,
比亚威斯托克技术大学,Politechnika Białostocka,
比得哥熙理工大学,Politechnika Bydgoska im. Jana i Jędrzeja Śniadeckich,
克拉科夫技术大学,Politechnika Krakowska im. Tadeusza Kościuszki,
奥波莱技术大学,Politechnika Opolska,
热舒夫技术大学,Politechnika Rzeszowska im. Ignacego Lukasiewicza,
西里西亚技术大学,Politechnika Śląska,
凯尔采圣十字技术大学,Politechnika Świętokrzyska w Kielcach,
华沙理工大学,Politechnika Warszawska,
哥伦比亚海梅·伊萨萨·卡达维德理工学院,Politécnico Colombiano Jaime Isaza Cadavid,
贝尔卡莫综合艺术学院,Politecnico delle Arti statale di Bergamo “Gaetano Donizetti-Giacomo Carrara”,
万隆卫生部理工学院,Politeknik Kesehatan Kementerian Kesehatan Bandung,
玛琅公立理工学院,Politeknik Negeri Malang,
波德申工艺学院,Politeknik Port Dickson,
波兰-日本信息技术学院,Polsko-Japońska Akademia Technik Komputerowych w Warszawie,
波尔塔瓦国立农学院,Poltava State Agrarian Academy,
波尔塔瓦国立医科大学,Poltava State Medical University,
波尔塔瓦经济与贸易大学,Poltava University of Economics and Trade,
波尔塔瓦国立师范大学,Poltava V.G. Korolenko National Pedagogical University,
澳大利亚理工学院,Polytechnic Institute Australia,
菲律宾理工大学,Polytechnic University of the Philippines,
西澳大利亚理工学院,The Polytechnic of Western Australia,
波莫纳学院,Pomona College,
什切青波美拉尼亚医科大学,Pomorski Uniwersytet Medyczny w Szczecinie,
约瑟夫农宗座学院,The Pontifical College Josephinum,
阿根廷天主教大学,"Pontificia Universidad Católica Argentina ""Santa María de los Buenos Aires""",
坎皮纳斯天主教大学,Pontifícia Universidade Católica de Campinas,
圣保罗天主教大学,Pontifícia Universidade Católica de São Paulo,1001-1200
厄瓜多尔天主教大学,Pontificia Universidad Católica del Ecuador,1001-1200
慈母与导师天主教宗座大学,Pontificia Universidad Católica Madre y Maestra,1401+
波特兰社区学院,Portland Community College,
普斯特大学,Post University,
巴黎PPA商学院,PPA: Pôle Paris Alternance Business School,
普利维尔农工大学,Prairie View A&M University,
普拉特学院,Pratt Institute,
长老会学院,Presbyterian College,
普雷斯科特学院,Prescott College,
雷蒙马赛总统国立大学,President Ramon Magsaysay State University,
总统大学,President University,
普雷绍夫大学,Prešovská univerzita v Prešove,
普莱斯顿管理科学与技术大学,"Preston Institute of Management, Science and Technology",
普莱斯顿大学,Preston University,
普里米西亚大学,Primeasia University,
费希塔/迪普霍尔茨应用技术大学,Private Fachhochschule für Wirtschaft und Technik Vechta/Diepholz,
职业商业与餐饮学院,Professional Business and Restaurant School,
职业高尔夫球手职业学院,Professional Golfers Career College,
普罗维登斯学院,Providence College,
亚速滨海国立技术大学,Pryazovskyi State Technical University,
Pt拉维申格尔舒格拉大学,Pt. Ravishankar Shukla University,
亚美尼亚共和国公共行政学院,Public Administration Academy of the Republic of Armenia,
旁遮普技术大学,Punjab Technical University,
普班查尔大学,Purbanchal University,
普渡大学韦恩堡分校,Purdue University Fort Wayne,
普渡大学全球分校,Purdue University Global,
普渡大学西北分校,Purdue University Northwest,
博特拉商学院,Putra Business School,
PXL大学学院,PXL University College,
质量领导大学,Quality Leadership University,
昆藤商业与技术学院,Quantic School of Business and Technology,
爱丁堡玛格丽特女王大学,"Queen Margaret University, Edinburgh",1201-1400
夏洛特皇后大学,Queens University of Charlotte,
纽约市立大学皇后区社区学院,Queensborough Community College of the City University of New York,
昆士兰商业技术学院,Queensland Institute of Business and Technology,
皇后镇旅游学院,Queenstown Resort College,
奎斯特国际大学,Quest International University,
加拿大奎斯特大学,Quest University Canada,
昆西学院,Quincy College,
昆宁佩克大学,Quinnipiac University,
基辅市立音乐学院,R. Glier Kyiv Municipal Academy of Music,
罗宾德拉纳特泰戈尔大学（前身为AISECT大学）,Rabindranath Tagore University (formerly known as AISECT University),
瑞德福大学,Radford University,
莱佛士大学,Raffles University,
皇家玛哈沙拉坎大学,Rajabhat Maha Sarakham University,
北柳皇家大学,Rajabhat Rajanagarindra University,
东北皇家理工大学,Rajamangala University of Technology Isan,
曼谷皇家理工大学,Rajamangala University of Technology Krungthep,
兰那皇家理工大学,Rajamangala University of Technology Lanna,
帕纳空皇家理工大学,Rajamangala University of Technology Phra Nakhon,
兰塔纳功欣皇家理工大学,Rajamangala University of Technology Rattanakosin,
东方皇家理工大学,Rajamangala University of Technology Tawan-ok,
塔亚武里皇家理工大学,Rajamangala University of Technology Thanyaburi,
皇家园大学,Rajapark Institute,
瑞嘉普大学,Rajapruk University,
拉吉夫甘地科技大学,Rajiv Gandhi Prodoyogiki Vishwavidyalaya,
拉吉夫甘地健康科学大学,Rajiv Gandhi University of Health Sciences,
哈伊马角医药卫生科学大学,RAK Medical and Health Sciences University,
罗摩克里希那传道会维韦卡南达教育与研究学院,Ramakrishna Mission Vivekananda Educational and Research Institute,
新泽西瑞曼波学院,Ramapo College of New Jersey,
兰帕潘尼皇家大学,Rambhai Barni Rajabhat University,
兰甘亨大学,Ramkhamhaeng University,
拉纳大学,Rana University,
兰道夫学院,Randolph College,
兰实大学,Rangsit University,
女王杜尔加瓦蒂大学,Rani Durgavati Vishwavidyalaya,
国家圣徒图克多基马哈拉伊那格浦尔大学,Rashtrasant Tukadoji Maharaj Nagpur University,
拉塔纳工商大学,Rattana Bundit University,
东欧大学,Rauf Ablyazov East European University,
伦敦雷文斯本大学,Ravensbourne University London,
拉雅拉西马大学,Rayalaseema University,
红鹿学院,Red Deer College,
红河学院,Red River College,
救世主大学,Redeemer University,
里德学院,Reed College,
改革宗神学院,Reformed Theological Seminary,
雷根西斯商学院,Regenesys Business School,
雷根特商学院,Regent Business School,
维真学院,Regent College,
伦敦摄政大学,Regent's University London,
瑞金大学,Regent University,
瑞吉斯学院,Regis College,
瑞吉斯大学,Regis University,
接力教育研究生院,Relay Graduate School of Education,
雷恩高等商学院,Rennes School of Business,
共和国中央大学,Republic Central Colleges,
共和理工学院,Republic Polytechnic,
共和党学院,Republican College,
共和学院,Republican College,
莱茵应用技术大学,Rheinische Fachhochschule Köln,
莱茵兰-普法尔茨工业大学,Rheinland-Pfälzische Technische Universität Kaiserslautern-Landau,
罗德岛设计学院,Rhode Island School of Design,
罗德学院,Rhodes College,
利亚学院,Ri-Yaz College,
里亚拉大学,Riara University,
里奇菲尔德理工学院,Richfield Graduate Institute of Technology,
美国里士满国际大学伦敦分校,"Richmond, The American International University in London",
瑞德大学,Rider University,
里加斯特拉迪什大学,Rīgas Stradiņa universitāte,
里加技术学院,RĪGAS TEHNISKĀ KOLEDŽA,
瑞格林艺术与设计学院,Ringling College of Art and Design,
里奥洪多学院,Rio Hondo College,
里法国际大学,Riphah International University,1201-1400
里彭学院,Ripon College,
克罗地亚罗切斯特理工学院,RIT Croatia,
里沃兰德社区学院,Riverland Community College,
河滨城市学院,Riverside City College,
里夫纳国立人文大学,Rivne State University of the Humanities,
罗诺克学院,Roanoke College,
罗伯特高登大学,"Robert Gordon University, Aberdeen",
罗伯特莫里斯大学,Robert Morris University,
杜塞尔多夫罗伯特-舒曼音乐学院,Robert-Schumann-Hochschule Düsseldorf,
罗伯茨卫斯理大学,Roberts Wesleyan University,
罗克福德大学,Rockford University,
罗克赫斯特大学,Rockhurst University,
落基山学院,Rocky Mountain College,
罗汉普顿大学,Roehampton University,
罗杰威廉姆斯大学,Roger Williams University,
若林斯学院,Rollins College,
罗马RUFA美术学院,Rome University of Fine Arts (RUFA),
罗斯福大学,Roosevelt University,
罗莎琳德富兰克林医科大学,Rosalind Franklin University of Medicine and Science,
罗斯布鲁弗戏剧演艺学院,Rose Bruford College of Theatre and Performance,
罗斯霍曼理工学院,Rose-Hulman Institute of Technology,
罗斯蒙特学院,Rosemont College,
鹿特丹应用科学大学,Rotterdam University of Applied Sciences,
皇家音乐学院,The Royal Academy of Music,
伦敦大学皇家音乐学院,"Royal Academy of Music, University of London",
皇家农业大学,Royal Agricultural University,
伦敦大学皇家中央演讲与戏剧学院,"Royal Central School of Speech and Drama, University of London",
皇家艺术学院,Royal College of Art,
苏格兰皇家音乐学院,The Royal Conservatoire of Scotland,
丹麦皇家学院-建筑、设计与修复学院,"Royal Danish Academy – Architecture, Design, Conservation",
丹麦皇家音乐学院,The Royal Danish Academy of Music,
伦敦大学皇家霍洛威和贝德福德新学院,"Royal Holloway and Bedford New College, University of London",
皇家国际大学,Royal International University,
皇家北方音乐学院,Royal Northern College of Music,
皇家路大学,Royal Roads University,
皇家法律经济大学,Royal University of Law and Economics,
金边皇家大学,The Royal University of Phnom Penh,
伦敦大学皇家兽医院,"The Royal Veterinary College, University of London",
鲁宾学术中心,Ruppin Academic Center,
俄罗斯亚美尼亚（斯拉夫）大学,Russian-Armenian (Slavonic) University,
土库曼农业大学,S.A. Niyazov Turkmen Agricultural University,
S P Jain全球管理学院,S P Jain School of Global Management,
沙巴艺术学院,Sabah Institute of Art,
萨巴拉加穆瓦大学,Sabaragamuwa University,
萨巴马蒂大学,Sabarmati University,
萨克拉门托市立学院,Sacramento City College,
萨德尔巴克学院,Saddleback College,
萨贾德理工大学,Sadjad University of Technology,
SAE创意媒体学院,SAE Creative Media Institute,
萨基诺州立大学,Saginaw Valley State University,
圣安德鲁格鲁吉亚大学,Saint Andrew the First-Called Georgian Univerity of the Patriarchate of Georgia,
圣安瑟伦学院,Saint Anselm College,
坦桑尼亚圣奥古斯丁大学,Saint Augustine University of Tanzania,
圣弗朗西斯大学（宾夕法尼亚州）,Saint Francis University,
圣约瑟夫学院（缅因州）,Saint Joseph's College of Maine,
纽约圣约瑟夫学院,"Saint Joseph's College, New York",
圣约瑟夫大学,Saint Joseph's University,
圣里奥大学,Saint Leo University,
圣费尔南多圣路易斯学院,Saint Louis College City of San Fernando,
圣路易斯音乐学院,Saint Louis College of Music,
圣马丁大学,Saint Martin's University,
圣玛丽学院,Saint Mary's College,
加利福尼亚圣玛丽学院,Saint Mary's College of California,
明尼苏达圣玛丽大学,Saint Mary's University of Minnesota,
伍德圣玛丽学院,Saint Mary-of-the-Woods College,
圣迈克尔学院,Saint Michael's College,
塔克洛班圣保罗商学院,Saint Paul's Business School of Tacloban,
圣彼得大学,Saint Peter's University,
圣泽维尔大学,Saint Xavier University,
斋藤大学学院,Saito University College,
沙功那空皇家大学,Sakon Nakhon Rajabhat University,
埃尔比勒萨拉哈丁大学,Salahaddin University-Erbil,
萨拉姆大学,Salam University,
塞勒姆学院,Salem College,
塞勒姆州立大学,Salem State University,
塞伦大学,Salem University,
索尔兹伯里大学,Salisbury University,
盐湖城社区学院,Salt Lake Community College,
塞拉斯大学,Salus University,
萨尔夫里贾纳大学,Salve Regina University,
山姆希金波顿农业、技术与科学研究所,"Sam Higginbottom Institute of Agriculture, Technology & Sciences",
撒马尔罕经济与服务学院,Samarkand Institute of Economics and Service,
撒马尔罕国立大学,Samarkand State University named after Sharof Rashidov,
桑福德大学,Samford University,
三宝麟大学,Sampoerna University,
塞缪尔梅里特学院,Samuel Merritt University,
圣地亚哥基督学院,San Diego Christian College,
旧金山湾大学,San Francisco Bay University,
旧金山音乐学院,San Francisco Conservatory of Music,
圣荷塞市立学院,San Jose City College,
圣塞巴斯蒂安学院,San Sebastian College,
萨那大学,Sana'a University,
圣隆格奥瓦尔工程技术学院,Sant Longowal Institute of Engineering and Technology,
圣巴巴拉城市学院,Santa Barbara City College,
圣卡塔利娜学院,Santa Catalina College,
圣达菲学院,Santa Fe College,
圣莫尼卡学院,Santa Monica College,
圣罗莎初级学院,Santa Rosa Junior College,
圣地亚哥峡谷学院,Santiago Canyon College,
萨拉劳伦斯学院,Sarah Lawrence College,
萨达尔帕特尔大学,Sardar Patel University,
白沙瓦萨哈德科学与信息技术大学,"Sarhad University of Science & Information Technology, Peshawar",
萨斯卡彻温理工学院,Saskatchewan Polytechnic,
萨塔昆塔应用科学大学,Satakunta University of Applied Sciences,
萨雅巴玛学院,Sathyabama University,
索尔特应用艺术与技术学院,Sault College of Applied Arts and Technology,
索拉什特拉大学,Saurashtra University,
萨凡纳艺术与设计学院,Savannah College of Art and Design,
萨凡纳州立大学,Savannah State University,
萨沃尼亚应用科学大学,Savonia University of Applied Sciences,
萨克逊应用科学大学,Saxion University of Applied Sciences,
塞布鲁克大学,Saybrook University,
瑞士商学院,SBS Swiss Business School,
席勒国际大学,Schiller International University,
伦敦大学高等研究学院（瓦尔堡研究院）,"School of Advanced Study (Warburg Institute), University of London",
伦敦大学高级研究学院（高等法律研究院）,School of Advanced Study（Institute of Advanced Legal Studies），University of London,
芝加哥艺术学院,School of the Art Institute of Chicago,
伦敦大学亚非研究学院,"School of Oriental and African Studies, University of London",
视觉艺术学院,School of Visual Arts,
瑞士中医药大学学院,Schweizerisches universitäres Institut für traditionelle chinesische Medizin,
斯克里普斯学院,Scripps College,
斯克里普斯研究所,The Scripps Research Institute,
卢卡机构、市场、技术高等研究学院,"Scuola IMT - Istituzioni, Mercati, Tecnologie - Alti Studi - LUCCA",
的里雅斯特国际高等研究院,Scuola Internazionale Superiore di Studi Avanzati di TRIESTE,
瑞士意大利语区高等专业学院,"Scuola universitaria professionale della Svizzera italiana, SUPSI",
苏莱曼·德米雷尔大学,SDU University,
西雅图中央学院,Seattle Central College,
西雅图中央社区学院,Seattle Central Community College,
西雅图太平洋大学,Seattle Pacific University,
西雅图大学,Seattle University,1201-1400
世纪学院,SEGi College,
世纪学院吉隆坡校区,SEGi College Kuala Lumpur,
世纪大学,SEGi University,701-710
塞伊奈约基应用科学大学,Seinäjoki University of Applied Sciences,
西亚苏姆乌鲁姆苏加武眉伊斯兰学院,Sekolah Tinggi Agama Islam（STAI）Syamsul’Ulum Sukabumi,
阿尔塔博迪伊斯瓦拉经济学院,Sekolah Tinggi Ilmu Ekonomi Artha Bodhi Iswara,
IBMT商学院,Sekolah Tinggi Ilmu Ekonomi IBMT,
商务与管理发展经济研究学校,Sekolah Tinggi Ilmu Ekonomi Pengembangan Bisnis Dan Manajemen,
佛罗里达塞米诺尔州立学院,Seminole State College of Florida,
塞梅维什大学,Semmelweis Egyetem,
圣力嘉应用艺术与技术学院,Seneca College of Applied Arts and Technology,
马六甲斯里斯坦福学院,Seri Stamford College Melaka,
西顿大学,Seton Hall University,
土库曼国立师范学院,Seyitnazar Seydi Turkmen State Pedagogical Institute,
沙雷米什帕特学院,Sha'arei Mishpat College,
凯尔布尔沙阿·阿卜杜勒·拉提夫大学,"Shah Abdul Latif University, Khairpur",
沙赫德大学,Shahed University,
沙希德·贝娜齐尔·布托大学,Shaheed Benazir Bhutto University,
沙希德拉巴尼教授教育大学,Shaheed Prof.Rabbani Education University,
沙希德佐勒菲卡尔·阿里·布托科技学院,Shaheed Zulfikar Ali Bhutto Institute of Science and Technology,
沙希德佐勒菲卡尔阿里布托科技学院,Shaheed Zulfiqar Ali Bhutto Institute of Science and Technology,
沙希德·贝赫什蒂大学,Shahid Beheshti University,
谢赫扎耶德大学,Shaikh Zayed University,
尚迪兹高等教育学院,Shandiz Institute of Higher Education,
肖尼州立大学,Shawnee State University,
山南道大学,Shenandoah University,
尚卡工程设计与艺术学院,Shenkar Engineering. Design. Art,
谢伯德大学,Shepherd University,
谢尔丹学院,Sheridan College Institute of Technology and Advanced Learning,
西那瓦国际大学,Shinawatra University,
宾夕法尼亚州西盆斯贝格大学,Shippensburg University of Pennsylvania,
绍皮德大学,Shobhit University,
雪兰社区学院,Shoreline Community College,
贾迪什普拉萨德切伯尔默尔迪伯雷瓦拉先生大学,Shri Jagdish Prasad Jhabarmal Tibrewala University,
暹罗技术学院,Siam Technology College,
暹罗大学,Siam University,
锡耶纳高地大学,Siena Heights University,
锡耶拉学院,Sierra College,
西格蒙德弗洛伊德私立大学,Sigmund Freud Privatuniversität,
锡金邦玛尼帕尔大学,Sikkim Manipal University,
奥帕瓦西里西亚大学,Silesian University in Opava,
“丝绸之路”国际旅游与文化遗产大学,"""Silk Road"" International University of Tourism and Cultural Heritage",
西利曼大学,Silliman University,
艺术大学,Silpakorn University,1401+
西蒙斯大学,Simmons University,
哈尔科夫国立经济大学,Simon Kuznets Kharkiv National University of Economics,
辛普森大学,Simpson University,
西奈大学,Sinai University,
辛克莱社区学院,Sinclair Community College,
信德农业大学,Sindh Agriculture University Tandojam,
新加坡航空学院,Singapore Aviation Academy,
新加坡理工大学,Singapore Institute of Technology,
新加坡理工学院,Singapore Polytechnic,
新加坡社科大学,Singapore University of Social Sciences,
西尼亚大学,Singhania University,
辛基杜努姆大学,Singidunum University,
新特格莱斯卡大学,Sinte Gleska University,
弗莱明应用艺术与技术学院,Sir Sandford Fleming College of Applied Arts and Technology,
赛义德先生工程与技术大学,Sir Syed University of Engineering and Technology,
锡瓦斯库胡里耶特大学,Sivas Cumhuriyet Üniversitesi,
斯卡吉特谷学院,Skagit Valley College,
SKEMA商学院,SKEMA Business School,
斯克德摩尔学院,Skidmore College,
斯科达汽车大学,ŠKODA AUTO Vysoká škola o.p.s.,
舍伍德大学学院,Skövde University College,
蓝天学院,Skyline College,
地平线大学学院,Skyline University College,
宾夕法尼亚滑石大学,Slippery Rock University of Pennsylvania,
斯洛伐克农业大学,Slovenská poľnohospodárska univerzita v Nitre,
史密斯学院,Smith College,
斯诺学院,Snow College,
索德脱恩大学学院,Södertörn University College,
索菲亚大学,Sofia University,
美国创价大学,Soka University of America,
苏呼米国立大学,Sokhumi State University,
索科因农业大学,Sokoine University of Agriculture,
索伦特大学,Solent University,
索诺玛州立大学,Sonoma State University,
肖普朗大学,Soproni Egyetem,
苏富比艺术学院,Sotheby's Institute of Art,
南非应用心理学学院,The South African College of Applied Psychology,
南非电影媒体和现场表演学院,The South African School of Motion Picture Medium and Live Performance,
南澳大利亚商业技术学院,South Australian Institute of Business and Technology,
南湾中医药大学,South Baylo University,
南卡罗莱纳州立大学,South Carolina State University,
南方学院,South College,
南达科他矿业与技术学院,South Dakota School of Mines and Technology,
东南欧大学,South East European University - Tetovo,
东南理工大学,South East Technological University,
芬兰东南应用科学大学,South-Eastern Finland University of Applied Sciences,
南原学院,South Plains College,
南普吉湾社区学院,South Puget Sound Community College,
南西雅图学院,South Seattle College,
南西雅图社区学院,South Seattle Community College,
南乌克兰国立师范大学,South Ukrainian National Pedagogical University named after K.D.Ushynsky,
南方大学,South University,530
东南亚大学,Southeast Asia University,
东南曼谷大学,Southeast Bangkok University,
东南密苏里州立大学,Southeast Missouri State University,
东南浸会神学院,Southeastern Baptist Theological Seminary,
东南路易斯安那大学,Southeastern Louisiana University,
东南俄克拉荷马州立大学,Southeastern Oklahoma State University,
东南大学（佛罗里达州）,Southeastern University,
南基督复临大学,Southern Adventist University,
南阿尔伯塔理工学院,Southern Alberta Institute of Technology,
南阿肯色大学,Southern Arkansas University,
南方浸会学院,Southern Baptist College,
南部浸会神学院,The Southern Baptist Theological Seminary,
南加利福尼亚建筑学院,Southern California Institute of Architecture,
南加利福尼亚州立大学,Southern California State University,
南康涅狄格州立大学,Southern Connecticut State University,
南十字星教育学院,Southern cross education institute,
南伊利诺伊大学爱德华兹维尔分校,Southern Illinois University Edwardsville,
南方理工学院,Southern Institute of Technology,
南拿撒勒大学,Southern Nazarene University,
南新罕布什尔大学,Southern New Hampshire University,
南俄勒冈大学,Southern Oregon University,
南方大学与农工学院,Southern University and A & M College,
南方大学学院,Southern University College,
南方大学新奥尔良分校,Southern University at New Orleans,
南犹他大学,Southern Utah University,
西南浸会大学,Southwest Baptist University,
西南明尼苏达州立大学,Southwest Minnesota State University,
西南浸信会神学院,Southwestern Baptist Theological Seminary,
西南基督大学,Southwestern Christian University,
西南学院（堪萨斯州）,Southwestern College,
西南社区学院,Southwestern Community College,
西南法学院,Southwestern Law School,
西南俄克拉荷马州立大学,Southwestern Oklahoma State University,
西南俄勒冈社区学院,Southwestern Oregon Community College,
斯伯丁大学,Spalding University,
斯巴达航空技术学院,Spartan College of Aeronautics and Technology,
斯佩尔曼学院,Spelman College,
巴黎摄影学院,SPEOS：Paris Photographic Institute,
斯派塞纪念学院,Spicer Memorial College,
斯比卢哈雷特大学,Spiru Haret University,
社会科学大学,Społeczna Akademia Nauk z siedzibą w Łodzi,
斯波坎社区学院,Spokane Community College,
斯波坎瀑布社区学院,Spokane Falls Community College,
斯普林奥博大学,Spring Arbor University,
春田学院,Springfield College,
斯里·奇特拉·蒂鲁纳尔医学科学与技术学院,Sree Chitra Tirunal Institute for Medical Sciences and,
海德堡应用技术大学,SRH University of Applied Sciences Heidelberg,
室利克里什纳大学,Sri krishnadevaraya University,
室利文格黛斯瓦拉大学,Sri Venkateswara University,
诗纳卡琳威洛大学,Srinakharinwirot University,
斯巴顿大学,Sripatum University,
室利佛逝大学,Sriwijaya University,
SRM大学,SRM University,
圣安布鲁斯大学,St. Ambrose University,
圣文德大学,St. Bonaventure University,
圣凯瑟琳大学,St. Catherine University,
圣克莱尔应用艺术与技术学院,St. Clair College of Applied Arts and Technology,
圣克劳德州立大学,St. Cloud State University,
亚洲圣多米尼克学院,St. Dominic College of Asia,
圣多米克沙维奥学院,St Dominic Savio College,
圣爱德华大学,St. Edward's University,
圣弗朗西斯学院,St. Francis College,
圣弗朗西斯泽维尔大学,St. Francis Xavier University,
伦敦大学圣乔治医学院,"St George's Hospital Medical School, University of London",
圣乔治大学,St. George's University,
圣约翰学院,St. John's College,
甲米地圣约瑟夫学院,St. Joseph College Cavite City,
奎松市圣约瑟夫学院,St. Joseph's College Quezon City,
圣劳伦斯应用艺术与技术学院,St. Lawrence College of Applied Arts and Technology,
圣劳伦斯大学,St. Lawrence University,
马里兰州圣玛丽学院,St. Mary's College of Maryland,
圣玛丽大学,St.Mary's University,
德克萨斯圣安东尼奥圣玛丽大学,"St. Mary's University of San Antonio, Texas",
特威克南圣玛丽大学,St Mary's University Twickenham London,
圣奥拉夫学院,St. Olaf College,
杜马盖地圣保罗大学,St. Paul University Dumaguete,
马尼拉圣保罗大学,St.Paul University Manila,
圣保罗大学土格加劳校区,St.Paul University Philippines,
奎松市圣保罗大学,St. Paul University Quezon City,
圣彼得堡学院,St. Petersburg College,
圣汤姆斯大学,St. Thomas University,
圣托马斯大学（佛罗里达州）,St. Thomas University,
卡尔斯鲁厄国立造型艺术学院,Staatliche Akademie der Bildenden Künste Karlsruhe,
斯图加特国立造型艺术学院,Staatliche Akademie der Bildenden Künste Stuttgart,
法兰克福造型艺术学院,Staatliche Hochschule für Bildende Künste (Städelschule) Frankfurt am Main,
卡尔斯鲁厄国立设计学院,Staatliche Hochschule für Gestaltung Karlsruhe,
特罗辛根国立音乐学院,Staatliche Hochschule für Musik Trossingen,
国立曼海姆音乐与表演艺术学院,Staatliche Hochschule für Musik und Darstellende Kunst Mannheim,
斯图加特国立音乐与表演艺术学院,Staatliche Hochschule für Musik und Darstellende Kunst Stuttgart,
斯塔笛奥学院,Stadio,
斯塔福德郡大学,Staffordshire University,
八打灵再也斯坦福学院,Stamford College Petaling Jaya,
斯坦福国际大学,Stamford International University,
孟加拉国斯坦福大学,Stamford University Bangladesh,
斯坦利学院,Stanley College,
亚美尼亚国立美术学院,State Academy of Fine Arts of Armenia,
国立生物技术大学,State Biotechnological University,
乌兹别克斯坦国立音乐学院,The State Conservatory of Uzbekistan,
孟加拉国国立大学,State University of Bangladesh,
国立信息与通信技术大学,State University of Information and Communication Technology,
国立智能技术与通信大学,State University of Intellectual Technologies and Communications,
玛琅州立大学,State University of Malang,
纽约州立大学宾汉姆顿分校,State University of New York at Binghamton,
纽约州立大学布法罗州立大学,State University of New York Buffalo State University,
纽约州立大学科贝尔斯基农业技术学院,State University of New York College of Agriculture and Technology at Cobleskill,
纽约州立大学莫里斯维尔农业技术学院,State University of New York College of Agriculture & Technology at Morrisville,
纽约州立大学古西堡学院,State University of New York College at Old Westbury,
纽约州立大学视光学院,State University of New York College of Optometry,
纽约州立大学波兹坦分校,"State University of New York, College at Potsdam",
纽约州立大学帕切斯分校,State University of New York College at Purchase,
纽约州立大学法明代尔州立学院,"State University of New York, Farmingdale State College",
纽约州立大学时装技术学院,"State University of New York, Fashion Institute of Technology",
纽约州立大学弗雷多尼亚分校,State University of New York at Fredonia,
纽约州立大学杰尼索欧分校,State University of New York at Geneseo,
纽约州立大学海事学院,State University of New York Maritime College,
纽约州立大学纽帕兹分校,State University of New York New Paltz,
纽约州立大学奥斯威戈分校,State University of New York at Oswego,
纽约州立大学理工学院,State University of New York Polytechnic Institute,
国立经贸大学,State University of Trade and Economics,
乌日戈罗德国立大学,"State University ""Uzhhorod National University""",
桑给巴尔国立大学,The State University of Zanzibar,
柏林斯泰恩拜斯应用技术大学,Steinbeis-Hochschule Berlin,
斯提芬奥斯汀州立大学,Stephen F. Austin State University,
史丹森大学,Stetson University,
STI西内格罗斯大学,STI West Negros University,
汉诺威兽医学院,Stiftung Tierärztliche Hochschule Hannover,
斯德哥尔摩经济学院,Stockholm School of Economics,
斯托克顿大学,Stockton University,
石山学院,Stonehill College,
斯道兹学院,Stotts Colleges,
斯道尔斯医学研究所,Stowers Institute for Medical Research,
斯特拉特设计学院,Strate Ecole de Design,
斯特拉斯莫尔大学,Strathmore University,
斯特雷耶大学,Strayer University,
圣基里尔迈拖迪大学,Sts. Cyril and Methodius University - Skopje,
川登喜大学,Suan Dusit University,
宣素那他皇家大学,Suan Sunandha Rajabhat University,
苏丹科技大学,Sudan University of Science and Technology,
萨福克郡社区学院,Suffolk County Community College,
苏库尔IBA大学,Sukkur IBA University,
苏尔罗斯州立大学,Sul Ross State University,
苏莱曼•拉吉哈大学,Sulaiman Alrajhi University,
沙利文郡社区大学,Sullivan County Community College,
沙利文大学,Sullivan University,
苏曼迪普·维迪亚佩斯学院,Sumandeep Vidyapeeth,
苏梅国立农业大学,Sumy National Agrarian University,
苏梅国立师范大学,Sumy State Pedagogical University named after A.S.Makarenko,
苏梅国立大学,Sumy State University,1201-1400
桑瑞斯技术与继续教育学院,Sunraysia Institute of TAFE,
高等生物技术学院,Sup'Biotech: Institut Supérieur des Biotechnologies,
SDC传媒学院,Sup'de Com:l'Ecole de Tous les Métiers de la Communication,
拉合尔高等学院,The Superior College Lahore,
高等信息传播学院,Supinfocom Rubika,
泰国素叻他尼皇家大学,Suratthani Rajabhat University,
素林皇家大学,Surindra Rajabhat University,
萨斯克汉那大学,Susquehanna University,
素万那普理工学院,Suvarnabhumi Institute of Technology,
斯瓦米拉玛嫩德朝圣默拉特瓦拉大学,Swami Ramanand Teerth Marathwada University,
辨喜瑜伽研究学院,Swami Vivekananda Yoga Anusandhana Samsthana,
斯沃斯莫尔学院,Swarthmore College,
瑞士德国大学,Swiss German University,
瑞士UMEF应用科学大学学院,Swiss UMEF University of Applied Sciences Institute,
悉尼商业技术学院,Sydney Institute of Business and Technology,
悉尼传统中医学院,Sydney Institute of Traditional Chinese Medicine,
悉尼理工学院,Sydney Polytechnic Institute,
叙利亚虚拟大学,Syrian Virtual University,
塞切尼•伊什特万大学,Széchenyi István Egyetem,
戏剧与电影艺术大学,Színház- és Filmművészeti Egyetem,
华沙经济学院,Szkoła Główna Handlowa w Warszawie,
塔巴里高等教育学院,Tabari Institute of Higher Education,
塔科马社区学院,Tacoma Community College,
西澳国际技术与继续教育学院,TAFE International Western Australia,
新南威尔士技术与继续教育学院,TAFE NSW,
昆士兰技术与继续教育学院,TAFE Queensland,
南澳大利亚技术与继续教育学院,TAFE SA,
泰普迪尼理工学院,Tai Poutini Polytechnic,
塔伊兹大学,Taiz University,
塔哈尔大学,Takhar University,
新贵国际学院,Talent International Institute,
TALIS学院,Talis Compétences & Certifications,
塔拉哈西社区学院,Tallahassee Community College,
塔林大学,Tallinn University,901-950
泰米尔纳德邦农业大学,Tamil Nadu Agricultural University,
泰米尔纳德邦博士M.G.拉马钱德兰医科大学,The Tamilnadu Dr. M.G.R. Medical University,
坦佩雷应用科学大学,Tampere University of Applied Sciences,
坦塔高等工程技术学院,Tanta Higher Institute of Engineering and Technology,
太历国立大学,Tarlac State University,
塔勒顿州立大学,Tarleton State University,
塔鲁玛迦大学,Tarumanagara University,
塔什干制药学院,Tashkent Pharmaceutical Institute,
塔什干国立农业大学,Tashkent State Agrarian University,
塔什干国立师范大学,Tashkent State Pedagogical University named after Nizami,
塔什干国立技术大学,Tashkent State Technical University named after Islam Karimov,
塔什干国立经济大学,Tashkent State University of Economics,1201-1400
塔什干国立法律大学,Tashkent State University of Law,
塔什干国立东方研究大学,Tashkent state university of oriental studies,
塔什干国立乌兹别克语言与文学大学,Tashkent State University of the Uzbek Language and Literature,
塔什干信息技术大学,Tashkent University of Information Technologies,
塔斯曼国际学院,Tasman International Academies,
塔斯马尼亚技术与继续教育学院,TasTAFE,
塔塔社科学院,Tata Institute of Social Sciences,
泰勒大学,Taylor University,
泰勒学院,Taylors College,
新西兰技能与技术学院,Te Pūkenga - New Zealand Institute of Skills and Technology,
新西兰幼儿教育师范学院,Te Rito Maioha Early Childhood New Zealand,
摩尔多瓦技术大学,Technical University of Moldova,
索非亚技术大学,Technical University of Sofia,1401+
阿沙芬堡应用技术大学,Technische Hochschule Aschaffenburg,
奥格斯堡应用技术大学,Technische Hochschule Augsburg,
宾根应用技术大学,Technische Hochschule Bingen,
勃兰登堡应用技术大学,Technische Hochschule Brandenburg,
代根多夫应用技术大学,Technische Hochschule Deggendorf,
英戈尔施塔特应用技术大学,Technische Hochschule Ingolstadt,
科隆应用技术大学,Technische Hochschule Köln,
吕贝克应用技术大学,Technische Hochschule Lübeck,
中部黑森应用技术大学,Technische Hochschule Mittelhessen-THM,
纽伦堡应用技术大学,Technische Hochschule Nürnberg Georg Simon Ohm,
东威斯特法伦-利普应用技术大学,Technische Hochschule Ostwestfalen-Lippe,
罗森海姆应用技术大学,Technische Hochschule Rosenheim,
乌尔姆应用技术大学,Technische Hochschule Ulm,
维尔道工程应用技术大学,Technische Hochschule Wildau (FH),
维尔茨堡-施韦因富特应用技术大学,Technische Hochschule Würzburg-Schweinfurt,
埃因霍芬理工大学,Technische Universiteit Eindhoven,
格拉茨技术大学,Technische Universität Graz,
维也纳技术大学,Technische Universität Wien,
菲律宾技术学院,Technological Institute of the Philippines,
曼德勒理工大学,Technological University(Mandalay),
缅甸理工大学,Technological University (Hmawbi),
都柏林理工大学,Technological University Dublin,791-800
菲律宾科技大学,Technological University of the Philippines,
香农理工大学-中部中西部,Technological University of the Shannon: Midlands Midwest,
埃卡提佩高等技术学院,Tecnológico de Estudios Superiores de Ecatepec,
蒂赛德大学,Teesside University,
淡马锡理工学院,Temasek Polytechnic,
田纳西州立大学,Tennessee State University,
田纳西理工大学,Tennessee Technological University,
泰尔梅兹国立大学,Termez State University,
捷尔诺波尔国立师范大学,Ternopil Volodymyr Hnatiuk National Pedagogical University,
德克萨斯农工国际大学,Texas A&M International University,
德克萨斯农工大学科珀斯科里斯蒂分校,Texas A&M University-Corpus Christi,
德克萨斯农工大学金斯维尔分校,Texas A&M University-Kingsville,
德克萨斯农工大学特克萨卡纳分校,Texas A&M University-Texarkana,
德克萨斯脊椎指压疗法学院,Texas Chiropractic College,
德克萨斯学院,Texas College,
德克萨斯南方大学,Texas Southern University,
德克萨斯卫斯理大学,Texas Wesleyan University,
德克萨斯女子大学,Texas Woman's University,
太原大学,Thai Nguyen University,
太原大学附属经济与经营管理大学,Thai Nguyen University-University of Economics and Business Administration,
太原大学附属师范大学,Thai Nguyen University - University Of Education,
太原大学附属科学大学,Thai Nguyen University - University of Sciences,
泰国国立体育大学,Thailand National Sports University,
扎马尔大学,Thamar University,
升龙大学,Thang Long University,
帕蒂亚拉塔帕尔工程技术学院,"Thapar Institute of Engineering and Technology, Patiala",701-710
特尔学院,Thiel College,
提鲁瓦鲁瓦大学,Thiruvalluvar University,
托马斯阿奎那斯学院,Thomas Aquinas College,
托马斯爱迪生州立大学,Thomas Edison State University,
托马斯杰弗逊法学院,Thomas Jefferson School of Law,
托马斯摩尔学院,Thomas More Kempen,
托马斯大学,Thomas University,
汤普森河大学,Thompson Rivers University,
东硕学院,Thongsook College,
提亚斯商学院,TIAS School for Business and Society,
蒂芬大学,Tiffin University,
蒂拉克马哈拉施特拉邦学院,Tilak Maharashtra Vidyapeeth,
TIO应用科学大学,Tio University of Applied Sciences,
提什林大学,Tishreen University,
托科阿瀑布学院,Toccoa Falls College,
新西兰国立中部理工学院,Toi Ohomai Institute of Technology,
多莫利·帕尔学院,Tomori Pál Főiskola,
多伦多都会大学,Toronto Metropolitan University,669
托伦斯大学,Torrens University Australia,
陶格鲁学院,Tougaloo College,
图卢兹高等商学院,Toulouse Business School,
托罗大学,Touro University,
陶森大学,Towson University,
丰田工业大学芝加哥分校,The Toyota Technological Institute at Chicago,
特兰西瓦尼亚大学,Transylvania University,
亚历山大·杜布切克大学,Trenčianska univerzita Alexandra Dubčeka v Trenčíne,
特里夫卡拿撒勒大学,Trevecca Nazarene University,
柴恩大学,Trine University,
三一基督学院,Trinity Christian College,
三一学院,Trinity College,
三一国际大学,Trinity International University,
圣三一拉邦音乐与舞蹈学院,Trinity Laban Conservatoire of Music and Dance,
三一大学,Trinity University,
亚洲圣三一大学,Trinity University of Asia,
西三一大学,Trinity Western University,
特里萨克蒂旅游学院,Trisakti School of Tourism,
特洛伊州立大学,Troy State University,
特洛伊大学,Troy University,
杜鲁门州立大学,Truman State University,
TSM商学院,TSM Business School,
马库米拉图玛伊尼大学,Tumaini University Makumira,
东姑阿都拉曼管理及工艺大学,Tunku Abdul Rahman University of Management and Technology,
图尔库应用科学大学,Turku University of Applied Sciences,
马来西亚双德科技大学,Twintech International University College of Technology,
天道大学学院与神学院,Tyndale University College and Seminary,
乌汶皇家大学,Ubon Ratchathani Rajabhat University,
乌汶大学,Ubon Ratchathani University,
鲁汶林堡大学学院,UC Leuven-Limburg,
林堡天主教大学,UC Limburg,
彭亨教育基金大学,UCYP University,
UDLAP詹金斯学院,UDLAP Jenkins Graduate School,
乌隆他尼皇家大学,Udon Thani Rajabhat University,
UiT挪威北极圈大学,UiT The Arctic University of Norway,
乌克兰天主教大学,Ukrainian Catholic University,
乌克兰国立柴可夫斯基音乐学院,Ukrainian National Tchaikovsky Academy of Music,
乌克兰国立化学技术大学,Ukrainian State University of Chemical Technology,
乌克兰国立铁路运输大学,Ukrainian state university of railway transport,
乌兰巴托额尔德木大学,Ulaanbaatar Erdem University,
欧麦尔穆萨亚拉杜瓦大学,Umaru Musa Yar'Adua University,
优西亚诺学院,Unciano Colleges,
联合国教科文组织水教育学院,UNESCO-IHE Institute for Water Education,
桑坦德技术学院,Unidades Tecnológicas de Santander,
联合基督复临大学,Union Adventist University,
联合学院（纽约州）,Union College (New York),
联合学院与大学,Union Institute & University,
联合神学院,Union Theological Seminary,
联合大学,Union University,
优理国际大学,UNITAR International University,
联合理工学院,Unitec Institute of Technology,
美国国际大学,United States International University,
美国军事学院,United States Military Academy,
美国海军学院,United States Naval Academy,
悉尼环球商学院,Universal Business School Sydney,
国立联合学院,Universal College of Learning,
亚历山大伊万库兹大学,Universitatea &quot;Alexandru Ioan Cuza&quot; din Iasi,
奥莱尔·维拉库阿拉德大学,"Universitatea ""Aurel Vlaicu"" din Arad",
巴比什-波雅依大学,Universitatea Babeș-Bolyai din Cluj-Napoca,
“迪米特里耶·坎泰米尔” 基督大学,"Universitatea Creştină „Dimitrie Cantemir"" din Bucureşti",
克卢日·纳波卡艺术与设计大学,Universitatea de Artă şi Design din Cluj-Napoca,
雅西格里戈里·波帕医药大学,UNIVERSITATEA DE MEDICINĂ ŞI FARMACIE „GRIGORE T. POPA” DIN IAŞI,
克卢日-纳波卡农业科学与兽医大学,UNIVERSITATEA DE STIINTE AGRICOLE SI DE MEDICINA VETERINARA DIN CLUJ-NAPOCA,
布加勒斯特许珀里翁大学,Universitatea Hyperion din Bucureşti,
“卡罗尔一世” 国防大学,"Universitatea Naţională de Apărare ""Carol I""",
国立戏剧与电影大学,Universitatea Națională de Artă Teatrală și Cinematografică „I.L. Caragiale” București,
布加勒斯特国立艺术大学,Universitatea Nationala de Arte din Bucuresti,
雅西国立艺术大学,"Universitatea Națională de Arte ""George Enescu"" Iasi",
布加勒斯特国立音乐大学,Universitatea Națională de Muzică din București,
康斯坦察奥维迪乌斯大学,Universitatea Ovidius din Constanța,
罗马尼亚美国大学,Universitatea Româno-Americană,
苏恰瓦斯特凡大公大学,Universitatea „Ştefan Cel Mare” din Suceava,
克卢日·纳波卡技术大学,Universitatea Tehnică din Cluj-Napoca,
雅西技术大学,Universitatea Tehnică Gheorghe Asachi din Iasi,
巴克乌瓦西里亚历山德里大学,Universitatea „Vasile Alecsandri” din Bacău,
亚历山大乔瓦尼大学,"Universiteti ""Aleksander Xhuvani"" Elbasan",
阿尔巴尼亚地中海大学,Universiteti Mesdhetar I Shqiperise,
地拉那理工大学,Universiteti Politeknik i Tiranës,
1955年8月20日斯基克达大学,Université 20 août 1955-Skikda,
莫斯塔加涅姆阿卜杜勒·哈米德·伊本·巴迪斯大学,Université Abdelhamid Ibn Badis Mostaganem,
阿卜杜勒马利克·艾萨阿迪大学,Université Abdelmalek Essâadi,
阿卜杜·穆穆尼大学,Université Abdou Moumouni,
美洲开放大学,Universidad Abierta Interamericana,
基督教人文主义学院大学,Universidad Academia de Humanismo Cristiano,
ACEEM大学,Université ACEEM,
亚丁大学,University of Aden,
先进技术大学,University of Advancing Technology,
印度尼西亚复临大学,Universitas Advent Indonesia,
马库尔迪农业大学,"University of Agriculture, Makurdi",
白沙瓦农业大学,The University of Agriculture Peshawar,
阿赫玛达兰大学,Universitas Ahmad Dahlan,
艾尔郎加大学,Universitas Airlangga,
印度尼西亚阿拉扎大学,Universitas Al Azhar Indonesia,
阿拉斯加大学安克雷奇分校,University of Alaska Anchorage,
阿拉斯加大学东南分校,University of Alaska Southeast,
智者阿方索十世大学,Universidad Alfonso X El Sabio,
圣保罗阿尼扬格拉大学,Universidade Anhanguera de São Paulo,
安汉比莫隆比大学,Universidade Anhembi Morumbi,
安东尼奥·德·内夫里哈大学,Universidad Antonio de Nebrija,
安东尼奥·纳里尼奥大学,Universidad Antonio Nariño,
应用科技与技术大学,University of Applied Science and Technology,
胡志明市建筑大学,University of Architecture Ho Chi Minh City,
阿根廷企业大学,Universidad Argentina de la Empresa,1001-1200
阿根廷约翰·肯尼迪大学,Universidad Argentina John F. Kennedy,
阿肯色大学菲耶特维尔分校,"University of Arkansas, Fayetteville",1201-1400
阿肯色大学史密斯堡分校,University of Arkansas at Fort Smith,
阿肯色大学小石城分校,University of Arkansas at Little Rock,
阿肯色大学派恩布拉夫分校,University of Arkansas at Pine Bluff,
德黑兰艺术大学,University of Art of Tehran,
工业美术大学,University of Arts and Design,
贝尔格莱德艺术大学,University of Arts in Belgrade,
赫尔辛基艺术大学,University of the Arts Helsinki,
伦敦艺术大学,University of the Arts London,851-900
印度尼西亚ASA大学,Universitas ASA Indonesia,
亚洲太平洋大学,University of Asia and the Pacific,
亚太大学,University of Asia Pacific,
日惹阿特玛阇耶大学,Universitas Atma Jaya Yogyakarta,
瓦哈卡州贝尼托·胡亚雷斯自治大学,"Universidad Autónoma ""Benito Juárez"" de Oaxaca",
阿瓜斯卡连特斯自治大学,Universidad Autónoma de Aguascalientes,
布卡拉曼加自治大学,Universidad Autónoma de Bucaramanga,
胡亚雷斯城自治大学,Universidad Autónoma de Ciudad Juárez,
西部自治大学,Universidad Autónoma de Occidente,
克雷塔罗自治大学,Universidad Autónoma de Querétaro,
圣多明各自治大学,Universidad Autónoma de Santo Domingo,
尤卡坦自治大学,Universidad Autónoma de Yucatán,
墨西哥州立自治大学,Universidad Autónoma del Estado de México,1201-1400
加夫列尔·勒内·莫雷诺自治大学,Universidad Autónoma Gabriel René Moreno,
都会自治大学,Universidad Autónoma Metropolitana,
碧瑶大学,University of Baguio,
巴克里大学,Universitas Bakrie,
俾路支斯坦大学,University of Balochistan,
巴尔的摩大学,The University of Baltimore,
巴门达大学,The University of Bamenda,
班达楠榜大学,Universitas Bandar Lampung,
邦加勿里洞大学,Universitas Bangka Belitung,
八打雁大学,University of Batangas,
贝福德郡大学,University of Bedfordshire,
明古鲁大学,University of Bengkulu,
贝宁大学,University of Benin,
比勒菲尔德大学,Universität Bielefeld,
比尔詹德大学,University of Birjand,
卜利达阿里劳尼其第二大学,Université Blida 2 Ali Lounici,
博尔顿大学,University of Bolton,
波尔多第三大学,Université Bordeaux Montaigne,
布迈德斯大学,University of Boumerdes,
勃艮第-弗朗什孔泰大学,Université Bourgogne Franche-Comté,
布劳爪哇大学,Universitas Brawijaya,
桥港大学,University of Bridgeport,
白金汉大学,The University of Buckingham,
菩提达摩大学,Universitas Buddhi Dharma,
布埃亚大学,University of Buea,
邦达穆利亚大学,Universitas Bunda Mulia,
诺维萨德大学商学院,University Business Academy in Novi Sad,
威尼斯东方大学,"Università ""Ca' Foscari"" VENEZIA",
卡拉巴尔大学,University of Calabar,
卡利卡特大学,University of Calicut,
加利福尼亚大学旧金山法学院,"University of California College of the Law, San Francisco",
卡米洛何塞塞拉大学,Universidad Camilo José Cela,
加西大学,University Canada West,
门德斯大学,Universidade Candido Mendes,
卡德纳尔埃雷拉大学,Universidad Cardenal Herrera-CEU,
卡洛卡塔内奥大学,"Università ""Carlo Cattaneo""",
（法语）鲁汶天主教大学,Université catholique de Louvain,
安德烈斯·贝略天主教大学,Universidad Católica Andrés Bello,1001-1200
玻利维亚天主教大学,"Universidad Católica Boliviana ""San Pablo""",
科尔多瓦天主教大学,Universidad Católica de Córdoba,
戈亚斯天主教大学,Universidade Católica de Goiás,
佩洛塔斯天主教大学,Universidade Católica de Pelotas,
瓜亚基尔圣地亚哥天主教大学,Universidad Católica de Santiago de Guayaquil,
瓦伦西亚圣维森特玛蒂尔天主教大学,Universidad Católica de Valencia San Vicente Mártir,
乌拉圭天主教大学,Universidad Católica del Uruguay,801-850
萨尔瓦多天主教大学,Universidade Católica do Salvador,
圣安东尼奥天主教大学,Universidad Católica San Antonio,
圣心天主教大学,Università Cattolica del Sacro Cuore,
宿务大学,University of Cebu,
中阿肯色大学,University of Central Arkansas,
智利中央大学,Universidad Central de Chile,
委内瑞拉中央大学,Universidad Central de Venezuela,801-850
中央兰开夏大学塞浦路斯分校,University of Central Lancashire - Cyprus,
拉斯维亚斯中心大学,Universidad Central “Marta Abreu” de Las Villas,1201-1400
中密苏里大学,University of Central Missouri,
中俄克拉荷马大学,University of Central Oklahoma,
塞萨尔·巴列霍大学,Universidad César Vallejo,
CESUMAR大学,Universidade Cesumar,
查尔斯顿大学,University of Charleston,
切斯特大学,University of Chester,
奇切斯特大学,University of Chichester,
圣保罗城市大学,Universidade Cidade de São Paulo,
克莱蒙奥弗涅大学,Université Clermont Auvergne,
克莱蒙-奥弗涅大学综合理工学院,"Université Clermont Auvergne, Ecole Polytechnique Universitaire de Clermont Auvergne INP",
克莱蒙奥弗涅大学奥弗涅信息学院,"Université Clermont Auvergne, Institut d'Informatique d'Auvergne (ex-ISIMA)",
克莱蒙奥弗涅大学高等计算机、模型及应用学院,"Université Clermont Auvergne, Institut Supérieur d'Informatique, de Modélisation et de leurs Applications",
押沙龙大学学院,University College Absalon,
伯明翰大学学院,University College Birmingham,
MAIWP国际大学学院,University College of MAIWP International,
北丹麦大学学院,University College of Northern Denmark,
鲁兹巴罕大学学院,University College of Rouzbahan,
西部大学学院,University College West,
博科尼商业大学,"Università Commerciale ""Luigi Bocconi"" MILANO",
曼德勒计算机研究大学,"University of Computer Studies, Mandalay",
凯迪雷拉大学,University of the Cordilleras,
坎伯兰大学,University of the Cumberlands,
坎布里亚大学,University of Cumbria,
赛城大学,University of Cyberjaya,951-1000
阿波美-卡拉维大学 - 国立应用经济与管理学院,Université d'Abomey-Calavi - Ecole Nationale d'Economie Appliquée et de Management,
亚眠大学,Université d'Amiens Picardie-Jules Verne,
安道尔大学,Universitat d'Andorra,
塔那那利佛大学,Université d'Antananarivo,
埃夫里大学,Université d'Evry Val d'Essonne,
奥尔良大学综合理工学院,"Université d'Orléans, Ecole Polytechnique de l'Université d'Orléans",
亚马孙大学,Universidade da Amazônia,
贝拉英特拉大学,Universidade da Beira Interior,
马德拉大学,Universidade da Madeira,
若因维利地区大学,Universidade da Região de Joinville,
阿卜·艾勒卡西姆·萨达拉阿尔及尔第二大学,Université d’Alger 2 Abou el Kacem Saâdallah,
达拉斯大学,The University of Dallas,
达曼大学,University of Dammam,
越南岘港大学附属经济大学,The University of Danang- University of Economics,
巴特纳第二大学,Université de Batna 2,
贝尔格拉诺大学,Universidad de Belgrano,1001-1200
弗朗什－孔泰大学（贝桑松大学）,Université de Besançon Franche Comté,
勃艮第大学第戎综合理工学院,"Université de Bourgogne, Ecole Polytechnique de Dijon",
西布列塔尼大学,Université de Brest Bretagne Occidentale,
西布列塔尼大学大西洋布列塔尼高等农产食品工程学院,"Université de Brest, Ecole Supérieure d'Ingénieurs en Agroalimentaire de Bretagne Atlantique",
南布列塔尼大学,Université de Bretagne-Sud,
南布列塔尼大学国立高等工程师学院,"Université de Bretagne-Sud, Ecole Nationale Supérieure d'Ingénieurs de Bretagne-Sud",
卡塔赫纳大学,Universidad de Cartagena,
塞吉－蓬图瓦兹大学,Université de Cergy-Pontoise,
尚贝里大学综合理工学院,"Université de Chambéry, Ecole Polytechnique Universitaire de Savoie",
企业与社会科学大学,Universidad de Ciencias Empresariales y Sociales,
哈瓦那医科大学,Universidad de Ciencias Médicas de La Habana,
恩里克· 何塞· 巴罗纳教育大学,Universidad de Ciencias Pedagógicas Enrique José Varona,
科利马大学,Universidad de Colima,
君士坦丁第二大学,Université de Constantine 2 - Abdelhamid Mehri,
科西嘉大学,Université de Corse Pascal Paoli,
上克鲁斯大学,Universidade de Cruz Alta,
昆卡大学,Universidad de Cuenca,
勃艮第大学（第戎大学）,Université de Dijon Bourgogne,
杰尔法大学,Université de Djelfa,
福塔雷萨大学,Universidade de Fortaleza,
戈马大学,Université de Goma,
瓜亚基尔大学,Universidad de Guayaquil,
上阿尔萨斯大学（米鲁兹大学）,Université de Haute Alsace-Mulhouse,
YACHAY实验技术研究大学,Universidad de Investigación de Tecnología Experimental YACHAY,
哈瓦那大学,Universidad de La Habana,851-900
海事商务大学,Universidad de la Marina Mercante,
法国波利尼西亚大学,Université de la Polynésie Française,
留尼汪大学,Université de la Réunion,
拉萨尔大学,Universidad de La Salle,
巴希奥拉萨尔大学,Universidad de la Salle Bajío,
美洲大学,"Universidad de las Américas, A.C.",
普埃布拉美洲大学,Universidad de las Américas Puebla,1001-1200
里尔大学综合理工学院,"Université de Lille, Ecole Polytechnique de Lille",
利马大学,Universidad de Lima,1201-1400
利摩日大学ENSIL-ENSCI工程师学院,"Université de Limoges, Ecole d'Ingénieurs ENSIL-ENSCI",
利摩日大学国立高等工程师学院,"Université de Limoges, Ecole Nationale Supérieure d'Ingénieurs de Limoges",
洛美大学,Université de Lomé,
洛林大学欧洲材料工程工程师学院,Université de Lorraine-Ecole Européenne d'Ingénieurs en Génie des Matériaux,
洛林大学国立高等农艺与食品工业学院,Université de Lorraine-Ecole Nationale Supérieure d'Agronomie et des Industries Alimentaires,
洛林大学国立高等电工与机械学院,"Université de Lorraine, Ecole Nationale Supérieure d'Electricité et de Mécanique",
洛林大学国立高等化工学院,Université de Lorraine-Ecole Nationale Supérieure des Industries Chimiques,
洛林大学南锡国立高等矿业学院,Université de Lorraine-Ecole Nationale Supérieure des Mines de Nancy,
洛林大学综合理工学院,"Université de Lorraine, Ecole Polytechnique de l'Université de Lorraine",
洛林大学南锡电信学院,"Université de Lorraine, TELECOM Nancy",
安第斯大学,Universidad de los Andes,233
洛斯亚诺斯大学,Universidad de los Llanos,
里昂大学,Université de Lyon,
里昂大学里昂国立应用科学学院,Université de Lyon-INSA DE LYON:Institut National des Sciences Appliquées de Lyon,
姆西拉大学,Université de M'sila – Mohamed Boudiaf,
马尼拉市立大学,Universidad de Manila,
麦德林大学,Universidad de Medellín,
蒙特雷大学,Universidad de Monterrey,1201-1400
蒙得维的亚大学,Universidad de Montevideo,851-900
米鲁兹南阿尔萨斯国立高等工程师学院,"Université de Mulhouse, Ecole Nationale Supérieure d'Ingénieurs Sud-Alsace",
米鲁兹大学米鲁兹国立高等化工学院,"Université de Mulhouse, Ecole Nationale Supérieure de Chimie de Mulhouse",
纽沙泰尔大学,Université de Neuchâtel,
恩戈齐大学,Université de Ngozi,
尼姆大学,Université de Nîme,
东方大学,Universidad de Oriente,
巴拿马大学,Universidad de Panamá,
巴黎第一大学,Université de Paris 1 Panthéon-Sorbonne,246
巴黎第十大学,Université de Paris 10 Nanterre,
巴黎第十二大学,Université de Paris 12 Est Créteil Val de Marne,
巴黎第二大学,Université de Paris 2 Panthéon Assas,
巴黎第八大学,Université de Paris 8 Vincennes Saint-Denis,
巴黎东大学,Université de Paris-Est,
帕苏丰杜大学,Universidade de Passo Fundo,
伯南布哥大学,Universidade de Pernambuco,
比那尔里奥大学,"Universidad de Pinar del Río ""Hermanos Saíz Montes de Oca""",
皮乌拉大学,Universidad de Piura,
普瓦提埃大学,Université de Poitiers,
普瓦提埃大学国立高等工程师学院,"Université de Poitiers, Ecole Nationale Supérieure d'Ingénieurs de Poitiers",
普瓦提埃大学高等工程师学院,"Université de Poitiers, Ecole Supérieure d'Ingénieurs de Poitiers",
普罗旺斯大学,Université de Provence,
雷恩大学,Université de Rennes,
雷恩第二大学,Université de Rennes 2 Haute Bretagne,
赛义达穆莱·塔哈尔博士大学,Université de Saida Dr.Moulay Tahar,
圣太田大学圣太田高等技术学院,"Université de Saint-Etienne, Institut Supérieur des Techniques Avancées de Saint-Etienne",
圣太田大学,Université de Saint-Etienne Jean Monnet,
圣太田大学圣太田电信学院,"Université de Saint-Etienne, Télécom Saint-Etienne",
圣安德烈斯大学,Universidad de San Andrés,
圣布埃纳文图拉大学,Universidad de San Buenaventura,
危地马拉圣卡洛斯大学,Universidad de San Carlos de Guatemala,1401+
圣马丁·德·伯勒斯大学,Universidad de San Martin de Porres,
圣斯皮里图斯大学,Universidad de Sancti Spíritus José Martí Pérez,
舍布鲁克大学,Université de Sherbrooke,951-1000
索罗卡巴大学,Universidade de Sorocaba,
斯特拉斯堡大学地球科学实验室与学院,"Université de Strasbourg, Ecole et Observatoire des Sciences de la Terre",
斯特拉斯堡大学欧洲化学、聚合物与材料学院,"Université de Strasbourg, Ecole Européenne de Chimie, Polymères et Matériaux de Strasbourg",
斯特拉斯堡大学斯特拉斯堡生物技术高等学院,"Université de Strasbourg, Ecole Supérieure de Biotechnologie de Strasbourg",
斯特拉斯堡大学斯特拉斯堡经济管理学院,"Université de Strasbourg, EM Strasbourg: Ecole de Management de Strasbourg",
斯特拉斯堡大学斯特拉斯堡电信与物理学院,"Université de Strasbourg, Télécom Physique Strasbourg",
特鲁瓦技术大学,Université de Technologie de Troyes,
特莱姆森大学,Université  de Tlemcen – Abou Bekr Belkaid,
图卢兹大学,Université de Toulouse,
图卢兹第二大学,Université de Toulouse 2 Jean Jaurès,
图卢兹第三大学,Université de Toulouse 3 Paul Sabatier,
图尔大学,Université de Tours,
图尔大学综合理工学院,"Université de Tours, Ecole Polytechnique de l'Université de Tours",
山后-上杜罗大学,Universidade de Trás-os-Montes e Alto Douro,
瓦朗谢纳大学国立高等计算机、电子能源及机械自动化工程师学院,"Université de Valenciennes, Ecole Nationale Supérieure d'Ingénieurs en Informatique, Automatique Mécanique, Energétique Electronique",
凡尔赛大学,Université de Versailles Saint-Quentin-en-Yvelines,
比戈大学,Universidad de Vigo,
卡帕尼亚大学,"Università degli Studi della CAMPANIA ""Luigi Vanvitelli""",951-1000
图思雅大学,Università degli Studi della TUSCIA,
贝尔卡莫大学,Università degli Studi di BERGAMO,
卡西诺-南拉齐奥大学,Università degli studi di CASSINO e del LAZIO Meridionale,
马切拉塔大学,Università degli Studi di MACERATA,
摩德纳-雷焦艾米利亚大学,Università degli Studi di MODENA e REGGIO EMILIA,
那不勒斯费德里克二世大学,Università degli Studi di NAPOLI Federico II,
那不勒斯东方大学,"Università degli Studi di NAPOLI ""L'Orientale""",
那不勒斯帕特诺普大学,"Università degli Studi di NAPOLI ""Parthenope""",
帕尔玛大学,Università degli Studi di PARMA,
佛罗意大里克大学,"Università degli Studi di ROMA ""Foro Italico""",
罗马大学,"Università degli Studi di ROMA ""La Sapienza""",
萨勒诺大学,Università degli Studi di SALERNO,
特拉莫大学,Università degli Studi di TERAMO,
佩斯卡拉大学,"Università degli Studi ""G. d'Annunzio"" CHIETI-PESCARA",
英苏布里亚大学,Università degli Studi INSUBRIA Varese-Como,
罗马国际研究大学,Università degli Studi Internazionali di ROMA,
雷焦卡拉布里亚大学,"Università degli Studi ""Mediterranea"" di REGGIO CALABRIA",
考卡大学,Universidad del Cauca,
CEMA大学,Universidad del CEMA,
北方大学,Universidad del Norte,1201-1400
太平洋大学,Universidad del Pacífico,
金迪奥大学,Universidad del Quindío,
圣心大学（波多黎各）,Universidad del Sagrado Corazón（Puerto Rico）,
萨兰托大学,Università del SALENTO,
萨尔瓦多大学,Universidad del Salvador,
阿泰马哈克山谷大学,Universidad del Valle de Atemajac,
危地马拉山谷大学,Universidad del Valle de Guatemala,1201-1400
墨西哥巴耶大学,Universidad del Valle de México,
苏利亚大学,Universidad del Zulia,
仰光口腔医学大学,"University of Dental Medicine,Yangon",
慕尼黑国防大学,Universität der Bundeswehr München,
柏林艺术大学,Universität der Künste Berlin,
安地列斯大学,Université des Antilles,
康斯坦丁门托里兄弟第一大学,Université des Frères Mentouri Constantine 1,
底特律梅西大学,University of Detroit Mercy,
哥伦比亚特区大学,University of the District of Columbia,
卡尔达斯弗朗西斯科何塞区域大学,Universidad Distrital Francisco José de Caldas,
圣卡塔琳娜南部大学,Universidade do Extremo Sul Catarinense,
圣心大学,Universidade do Sagrado Coração,
伊塔贾伊河谷大学,Universidade do Vale do Itajaí,
帕拉伊巴河谷大学,Universidade do Vale do Paraíba,
西诺斯谷大学,Universidade do Vale do Rio dos Sinos,
下戈里察大学,University of Donja Gorica,
苏托莫博士大学,Universitas Dr.Soetomo,
勒阿弗尔大学,Université du Havre,
勒阿弗尔大学高等物流管理学院,"Université du Havre, Institut Supérieur d'Etudes Logistiques",
滨海大学,Université du Littoral Côte d'Opale,
滨海大学敦刻尔克国际高等商学院,"Université du Littoral Côte d'Opale, Institut Supérieur de Commerce International de Dunkerque",
魁北克大学席库提米分校,Université du Québec à Chicoutimi,
魁北克大学里穆斯基分校,Université du Québec à Rimouski,
魁北克大学三河分校,Université du Québec à Trois-Rivières,
魁北克大学高等技术学院,"Université du Québec, École de Technologie Supérieure",
魁北克大学阿比蒂彼-特米斯卡明分校,Université du Québec en Abitibi-Témiscamingue,
魁北克大学渥塔崴分校,Université du Québec en Outaouais,
魁北克大学国立科学研究院,"Université du Québec, Institut national de la recherche scientifique",
土伦大学,Université du Sud Toulon-Var,
杜比克大学,University of Dubuque,
杜霍克大学,University of Duhok,
EAFIT大学,Universidad EAFIT,1001-1200
EAN大学,Universidad EAN,
东伦敦大学,University of East London,1001-1200
国际医药大学,University of East-West Medicine,
ECCI大学,Universidad ECCI,
卢布林经济与创新大学,University of Economics and Innovation in Lublin,
胡志明市经济大学,University of Economics Ho Chi Minh City,
爱德华多·孟德兰大学,Universidade Eduardo Mondlane,
拉合尔教育大学,"University of Education, Lahore",
温尼巴教育大学,"University of Education, Winneba",
恩布大学,University of Embu,
21世纪企业大学,Universidad Empresarial Siglo 21,
白沙瓦工程技术大学,"University of Engineering and Technology, Peshawar",
埃尔福特大学,Universität Erfurt,
美洲专业大学,Universidad Especializada de las Américas,
埃斯塔西奥·德·萨大学,Universidade Estácio de Sá,
南马纳比国立大学,Universidad Estatal del Sur de Manabí,
欧洲应用技术大学,University of Europe for Applied Sciences,
加纳利欧洲大学,Universidad Europea de Canarias,
马德里欧洲大学,Universidad Europea de Madrid,
瓦伦西亚欧洲大学,Universidad Europea de Valencia,
大西洋欧洲大学,Universidad Europea del Atlántico,
塞万提斯米格尔欧洲大学,Universidad Europea Miguel de Cervantes,
伊凡斯维尔大学,University of Evansville,
哥伦比亚埃克斯特纳多大学,Universidad Externado de Colombia,1001-1200
费萨拉巴德大学,The University of Faisalabad,
拉丁美洲一体化联邦大学,Universidade Federal da Integração Latino-Americana,
伊塔茹巴联邦大学,Universidade Federal de Itajubá,
里约热内卢州联邦大学,Universidade Federal do Estado do Rio de Janeiro,
费瓦利大学,Universidade Feevale,
费利克斯-乌弗埃-博瓦尼大学,Université Félix Houphouet -Boigny,
斐济大学,The University of Fiji,
金融与管理大学,The University of Finance and Administration,
财经大学,University of Finance and Economics,
芬德雷大学,The University of Findlay,
菲尼斯特拉大学,Universidad Finis Terrae,
创意艺术大学,University for the Creative Arts,
发展研究大学,University for Development Studies,
和平大学,University for Peace,
岘港大学附属外国语大学,"University of Foreign Language Studies, the University of Danang",
福特海尔大学,University of Fort Hare,
佛朗西斯科·马罗金大学,Universidad Francisco Marroquín,
弗雷泽河谷大学,University of the Fraser Valley,
维也纳应用艺术大学,Universität für angewandte Kunst Wien,
林茨艺术与工业设计大学,Universität für künstlerische und industrielle Gestaltung Linz,
格拉茨音乐与表演艺术大学,Universität für Musik und darstellende Kunst Graz,
维也纳音乐与表演艺术大学,Universität für Musik und darstellende Kunst Wien,
克莱姆斯继续教育大学,Universität für Weiterbildung Krems,
加布斯大学,University of Gabes,
高威大学,University of Galway,275
马来西亚测绘大学,Universiti Geomatika Malaysia,
格鲁吉亚大学,University of Georgia,
杰吉拉大学,University of Gezira,
格洛斯特郡大学,University of Gloucestershire,
高尔本格大学,University of Gour Banga,
格赖夫斯瓦尔德大学,Universität Greifswald,
关岛大学,University of Guam,
瓜鲁柳斯大学,Universidade Guarulhos,
哈特福德大学,University of Hartford,
塞塔特哈桑一世大学,"Université Hassan 1er, Settat",
夏威夷大学希罗分校,University of Hawaii at Hilo,
夏威夷大学西欧胡分校,University of Hawaii at West Oahu,
高地与群岛大学,University of the Highlands and Islands,
希尔德斯海姆大学,Universität Hildesheim,
诺门森大学,Universitas HKBP Nommensen,
古兰经与伊斯兰学大学,University of the Holy Quran and Islamic Sciences,
霍尔木兹甘大学,University of Hormozgan,
休斯顿大学明湖分校,University of Houston-Clear Lake,
休斯顿大学市中心分校,University of Houston-Downtown,
休斯顿大学维多利亚分校,University of Houston-Victoria,
人文大学,University of the Humanities,
伊比利亚美洲大学,"Universidad Iberoamericana, Ciudad de México",851-900
厄瓜多尔伊比利亚美洲大学,Universidad Iberoamericana del Ecuador,
伊本·图费勒大学,Université Ibn Tofaïl,
伊本·扎哈尔大学,Université Ibn Zohr,
ICESI大学,Universidad ICESI,1201-1400
伊利诺伊大学春田分校,University of Illinois at Springfield,
伊洛伊洛大学,University of Iloilo,
圣道大学,University of the Incarnate Word,
印第安纳波利斯大学,University of Indianapolis,
热舒夫信息技术与管理大学,University of Information Technology and Management in Rzeszow,
哥斯达黎加美洲大学,Universidad Interamericana de Costa Rica,
洲际大学,Universidad Intercontinental,
安达卢西亚国际大学,Universidad Internacional de Andalucía,
拉里奥哈国际大学,Universidad Internacional de La Rioja,
厄瓜多尔国际大学,Universidad Internacional del Ecuador,
伊比利亚美洲国际大学,Universidad Internacional Iberoamericana,
梅南德斯·佩拉尤国际大学,Universidad Internacional Menéndez Pelayo,
瓦伦西亚国际大学,Universitat Internacional Valenciana,
比亚努埃瓦国际大学,Universidad Internacional Villanueva,
蒙古内务大学,University of Internal Affairs,
苏丹阿都哈林姆阿占沙国际伊斯兰大学,Universiti Islam Antarabangsa Sultan Abdul Halim Mu'adzam Shah,
印度尼西亚伊斯兰大学,Universitas Islam Indonesia,
毛拉纳·马利克·易卜拉欣玛琅国立伊斯兰大学,Universitas Islam Negeri Maulana Malik Ibrahim Malang,
雅加达夏里夫·希达亚图拉国立伊斯兰大学,Universitas Islam Negeri Syarif Hidayatullah Jakarta,
威尼斯建筑大学,Università IUAV di VENEZIA,
贾夫纳大学,University of Jaffna,
占碑大学,University Jambi,
卡斯迪·梅尔巴大学,"Université Kasdi Merbah, Ouargla",
印度尼西亚阿特玛阇耶天主教大学,Universitas Katolik Indonesia Atma Jaya,
勃良安天主教大学,Universitas Katolik Parahyangan,
凯拉尼亚大学,University of Kelaniya,
喀拉拉大学,University of Kerala,
克拉根福大学,Universität Klagenfurt,683
科布伦茨大学,Universität Koblenz,
几内亚科菲安南大学,Université Kofi Annan de Guinée,
恩纳科雷大学,Università Kore di ENNA,
玛拉拿达基督教大学,Universitas Kristen Maranatha,
彼得拉基督教大学,Universitas Kristen Petra,
佩特拉基督教大学,Universitas Kristen Petra,
吉隆坡大学,Universiti Kuala Lumpur,1401+
库尔德斯坦埃尔比勒大学,University of Kurdistan Hewlêr,
拉文大学,University of La Verne,
拉基马尔瓦特大学,University of Lakki Marwat,
拉普兰大学,University of Lapland,
巴拿马拉丁大学,Universidad Latina de Panamá,
拉美大学,Universidad Latinoamericana,
拉丁美洲科学与技术大学,Universidad Latinoamericana de Ciencia y Tecnología,
法律大学,The University of Law,
列支敦士登大学,Universität Liechtenstein,
林波波大学,University of Limpopo,
伦敦大学,University of London,
斯特拉斯堡路易巴斯德大学,Université Louis Pasteur de Strasbourg,
安达卢西亚洛约拉大学,Universidad Loyola Andalucía,
安哥拉卢西亚达大学,Universidade Lusíada de Angola,
卢索佛纳大学,Universidade Lusófona,
卢塞恩大学,Universität Luzern,
里昂第一大学,Université Lyon 1 Claude Bernard,
里昂第二大学,Université Lyon 2 Lumière,
里昂第三大学,Université Lyon 3 Jean Moulin,
布默德斯穆罕默德·布加拉大学,Université M'Hamed Bougara - Boumerdes,
迈蒙尼德大学,Universidad Maimónides,
缅因大学法明顿分校,University of Maine at Farmington,
缅因大学普雷斯克艾尔分校,University of Maine at Presque Isle,
马来西亚计算机科学与工程大学,University Malaysia of Computer Science and Engineering,
马来西亚吉兰丹大学,Universiti Malaysia Kelantan,1401+
马来西亚彭亨苏丹阿卜杜拉大学,Universiti Malaysia Pahang Al-Sultan Abdullah,588
曼德勒大学,University of Mandalay,
马尼拉大学,The University of Manila,
马里安·恩古瓦比大学,Université Marien Ngouabi,
玛丽大学,University of Mary,
玛丽哈丁贝勒大学,University of Mary Hardin-Baylor,
玛丽华盛顿大学,University of Mary Washington,
美国马里兰东海岸大学,University of Maryland Eastern Shore,
马萨诸塞大学陈氏医学院,University of Massachusetts Chan Medical School,
马塔兰大学,Universitas Mataram,
毛里求斯大学,University of Mauritius,
棉兰区域大学,Universitas Medan Area,
曼德勒医科大学,"University of Medicine, Mandalay",
马六甲大学,University of Melaka,
默库布阿纳大学,Universitas Mercu Buana,
圣保罗卫理公会大学,Universidade Metodista de São Paulo,
都市大学,Universidad Metropolitana,
密歇根大学迪尔伯恩分校,"The University of Michigan, Dearborn",
密歇根大学弗林特分校,"The University of Michigan, Flint",
矿业与技术大学,University of Mines and Technology,
明尼苏达大学克鲁克斯顿分校,"University of Minnesota, Crookston",
明尼苏达大学莫里斯分校,"University of Minnesota, Morris",
密什科尔茨大学,University of Miskolc,1401+
密苏里大学哥伦比亚分校,University of Missouri-Columbia,721-730
莫比尔大学,University of Mobile,
穆罕默德·阿勒巴希尔·阿勒易卜拉欣-博尔吉·布阿雷里德大学,Université Mohamed El Bachir El Ibrahimi de Bordj Bou Arréridj El-Anasser,
穆罕默德一世大学,Université Mohamed Premier,
蒙大拿大学密苏拉分校,The University of Montana-Missoula,
蒙特瓦洛大学,University of Montevallo,
莫勒图沃大学,University of Moratuwa,1401+
穆莱·伊斯梅尔大学,Université Moulay Ismaïl,
提济乌祖穆卢德·马迈里大学,Université Mouloud Mammeri de Tizi Ouzou,
橄榄山大学,University of Mount Olive,
蒙特圣文森大学,University of Mount Saint Vincent,
萨尔茨堡莫扎特大学,Universität Mozarteum Salzburg,
Mpu坦图尔大学,Universitas Mpu Tantular,
日惹穆罕默迪亚大学,Universitas Muhammadiyah Yogyakarta,1201-1400
穆拉沃曼大学,Universitas Mulawarman,
努桑塔拉多媒体大学,Universitas Multimedia Nusantara,
孟买大学,University of Mumbai,901-950
国立工程大学,Universidad Nacional de Ingeniería,
拉里奥哈国立大学,Universidad Nacional de La Rioja,
拉努斯国立大学,Universidad Nacional de Lanús,
洛马斯德萨莫拉国立大学,Universidad Nacional de Lomas de Zamora,
罗萨里奥国立大学,Universidad Nacional de Rosario,
二月三日国立大学,Universidad Nacional de Tres de Febrero,
特鲁希略国立大学,Universidad Nacional de Trujillo,
南部国立大学,Universidad Nacional del Sur,
埃塞基耶尔·萨莫拉西部平原实验国立大学,Universidad Nacional Experimental de los Llanos Occidentales Ezequiel Zamora,
安东尼奥·何塞·德·苏克雷国立实验理工大学,"Universidad Nacional Experimental Politécnica ""Antonio José de Sucre""",
费德里科·比利亚雷亚尔国立大学,Universidad Nacional Federico Villarreal,
伊卡圣路易斯·贡萨加国立大学,"Universidad Nacional ""San Luis Gonzaga"" de Ica",
纳米比亚大学,University of Namibia,
诺罗瓦尔大学,University of Narowal,
国家与世界经济大学,University of National and World Economy,
内布拉斯加大学科尼分校,The University of Nebraska at Kearney,
内布拉斯加大学医学中心,University of Nebraska Medical Center,
内布拉斯加大学奥马哈分校,University of Nebraska-Omaha,
雅加达国立大学,Universitas Negeri Jakarta,
玛琅国立大学,Universitas Negeri Malang,
万鸦老国立大学,Universitas Negeri Manado,
棉兰国立大学,Universitas Negeri Medan,
巴东国立大学,Universitas Negeri Padang,1401+
三宝垄国立大学,Universitas Negeri Semarang,
泗水国立大学,Universitas Negeri Surabaya,
日惹州大学,Universitas Negeri Yogyakarta,1401+
内格罗斯大学雷科莱塔校区,University of Negros Occidental-Recoleto,
纽黑文大学,University of New Haven,
新奥尔良大学,University of New Orleans,
纽约大学布拉格分校,University of New York in Prague,
伍拉赖大学,Universitas Ngurah Rai,
农戈科纳克里大学,Université Nongo Conakry,
北阿拉巴马大学,University of North Alabama,
北美大学（弗吉尼亚州）,University of North America,
北孟加拉邦大学,University of North Bengal,
北卡罗莱纳大学阿什维尔分校,The University of North Carolina at Asheville,
北卡罗莱纳大学彭布罗克分校,The University of North Carolina at Pembroke,
北卡罗莱纳大学艺术学院,University of North Carolina School of the Arts,
北佐治亚大学,University of North Georgia,
北德克萨斯大学沃思堡健康科学中心,University of North Texas Health Science Center at Fort Worth,
北安普顿大学,The University of Northampton,1201-1400
北不列颠哥伦比亚大学,The University of Northern British Columbia,1201-1400
北科罗拉多大学,University of Northern Colorado,
北爱荷华大学,University of Northern Iowa,
菲律宾北部大学,University of Northern Philippines,
圣保罗西北大学,University of Northwestern - St.Paul,
新戈里察大学,University of Nova Gorica,
七月九日大学,Universidade Nove de Julho,
那牙卡雷斯大学,University of Nueva Caceres,
安省理工大学,University of Ontario Institute of Technology,
瓦加3S大学,Université Ouaga3S,
太平洋大学（加利福尼亚州）,University of the Pacific,
巴勒斯坦大学,University of Palestine,
泛美大学,Universidad Panamericana,711-720
潘查希拉大学,University Pancasila,
潘加西南大学,University of Pangasinan,
巴黎西岱大学,Université Paris Cité,303
巴黎第九大学 - 巴黎文理研究大学,Université Paris Dauphine-PSL,
东巴黎大学,Université Paris-Est,
巴黎萨克雷大学综合理工学院,"Université Paris-Saclay, Ecole Polytechnique de l'Université Paris-Saclay",
巴黎文理大学,Université Paris Sciences et Lettres,
圣灵专业大学,Universidad Particular de Especialidades Espíritu Santo,
帕绍大学,Universität Passau,1201-1400
保利斯塔大学,Universidade Paulista,
哥伦比亚师范与技术大学,Universidad Pedagógica y Tecnológica de Colombia,
希望之光大学,Universitas Pelita Harapan,
伯罗奔尼撒大学,University of Peloponnese,
伽内什教育大学,Universitas Pendidikan Ganesha,
国家教育大学,Universitas Pendidikan Nasional,
苏丹依德理斯教育大学,Universiti Pendidikan Sultan Idris,851-900
民众大学,University of the People,
雷焦卡拉布里亚外国人大学,"Università per Stranieri ""Dante Alighieri"" di REGGIO CALABRIA",
佩鲁贾外国人大学,Università per Stranieri di PERUGIA,
锡耶纳外国人大学,Università per Stranieri di SIENA,
永恒大学,University of Perpetual Help System Dalta,
永恒大学拉古纳分校,University of Perpetual Help System Laguna,
帕提威大学,Universitas Pertiwi,
帕尧大学,University of Phayao,
菲律宾大学碧瑶分校,University of the Philippines Baguio,
菲律宾大学宿务学院,University of the Philippines – College of Cebu,
菲律宾大学洛斯班那斯分校,"University of the Philippines, Los Banoss",
菲律宾大学维萨亚斯分校,"University of the Philippines, Visayas",
凤凰城大学,University of Phoenix,
派克维尔大学,University of Pikeville,
比雷埃夫斯大学,University of Piraeus,
皮塔戈拉斯尤诺帕尔大学,Universidade Pitágoras Unopar,
墨西哥巴耶理工大学,Universidad Politécnica del Valle de México,
上法兰西综合理工大学,Université Polytechnique Hauts-de-France,
上法兰西综合理工大学国立高等计算机、电子能源与机械自动化工程师学院,"Université Polytechnique Hauts-de-France, Ecole nationale supérieure d'ingénieurs en informatique, automatique, mécanique, énergétique et électronique",
玻利瓦尔主教大学,Universidad Pontificia Bolivariana,1001-1200
卡米亚斯宗座大学,Universidad Pontificia Comillas,
萨拉曼卡天主教大学,Universidad Pontificia de Salamanca,
普埃布拉州人民自治大学,Universidad Popular Autónoma del Estado de Puebla,
波特兰大学,University of Portland,
恩里克王子葡萄牙大学,Universidade Portucalense Infante D. Henrique,
波托马克大学,University of the Potomac,
普莱斯蒂亚·穆理亚大学,Universitas Prasetiya Mulya,
麦肯锡长老会大学,Universidade Presbiteriana Mackenzie,1401+
印度尼西亚普瑞玛大学,Universitas Prima Indonesia,
普里什蒂纳大学,University of Pristina,
安特诺尔·奥雷戈私立大学,Universidad Privada Antenor Orrego,
北方私立大学,Universidad Privada del Norte,
山谷私立大学,Universidad Privada del Valle,
西非新教大学,Université Protestante de l'Afrique de l'Ouest,
波多黎各大学马亚圭斯分校（波多黎各）,"University of Puerto Rico, Mayagüez Campus Campus（Puerto Rico）",
波多黎各大学里奥彼得拉斯分校（波多黎各）,"University of Puerto Rico, Rio Piedras Campus（Puerto Rico）",
普吉特海湾大学,University of Puget Sound,
库姆大学,University of Qom,
拉贾斯坦大学,University of Rajasthan,
雷德兰兹大学,University of Redlands,
雷恩第一大学国立高等技术与应用科学学院,"Université Rennes 1, Ecole Nationale Supérieure des Sciences Appliquees et de Technologie de Lannion",
里卡多·帕尔马大学,Universidad Ricardo Palma,
里士满大学,University of Richmond,
黎刹系统大学,University of Rizal System,
雅加达萨希德大学,Universitas Sahid Jakarta,
马来西亚伊斯兰科学大学,Universiti Sains Islam Malaysia,
圣弗朗西斯大学韦恩堡分校,University of Saint Francis-Fort Wayne,
圣约瑟夫大学（康涅狄格州）,University of Saint Joseph (Connecticut),
土格加劳圣路易斯大学,University of Saint Louis Tuguegarao,
圣奥古斯丁大学,University of San Agustin,
圣卡洛斯大学,University of San Carlos,
圣地亚哥大学,University of San Diego,1401+
旧金山大学,University of San Francisco,1201-1400
圣若泽雷科莱托斯大学,University of San Jose-Recoletos,
圣帕布洛大学,Universidad San Pablo-CEU,
圣玛丽亚大学,Universidad Santa María,
圣玛利亚拉安提瓜天主教大学,Universidad Santa María La Antigua,
圣托马斯大学,University of Santo Tomas,951-1000
圣犹大·达陡大学,Universidade São Judas Tadeu,
萨瓦大学综合理工学院,"Université Savoie Mont Blanc, Ecole Polytechnique Universitaire de Savoie",
本努科技大学,"University of Science and Technology, Bannu",
河内科技大学,University of Science and Technology of Hanoi,
斯克兰顿大学,University of Scranton,
梭罗三一一大学,"Universitas Sebelas Maret, Surakarta",
雪兰莪大学,Universiti Selangor,
西潘王大学,Universidad Señor de Sipán,
塞尔吉奥·阿博莱达大学,Universidad Sergio Arboleda,
塞维里诺·桑布拉大学,Universidade Severino Sombra,
斯库台大学,"University of Shkodra ""Luigj Gurakuqi""",
锡亚尔科特大学,University of Sialkot,
塞拉利昂大学,The University of Sierra Leone,
西蒙·玻利瓦尔大学,Universidad Simón Bolívar,1001-1200
信德大学,University of Sindh,
森纳尔大学,University of Sinnar,
锡斯坦和俾路支斯坦大学,University of Sistan and Baluchestan,
巴黎第三大学,Université Sorbonne Nouvelle Paris 3,
巴黎索邦北大学,Université Sorbonne Paris Nord,1201-1400
南亚大学,University of South Asia,
南澳大利亚大学,University of South Australia,
南卡罗莱纳大学艾肯分校,University of South Carolina-Aiken,
南卡罗莱纳大学上州分校,University of South Carolina Upstate,
南太平洋大学,The University of the South Pacific,
南威尔士大学,University of South Wales,1201-1400
菲律宾东南大学,University of Southeastern Philippines,
南印第安纳大学,University of Southern Indiana,
南缅因大学,University of Southern Maine,
南棉兰老大学,University of Southern Mindanao,
斯里贾亚瓦德纳普拉大学,University of Sri Jayewardenepura,
圣奥古斯汀健康科学大学,University of St. Augustine for Health Sciences,
圣弗朗西斯大学（伊利诺伊州）,University of St. Francis,
圣拉萨尔大学,University of St. La Salle,
圣马克与圣约翰大学,"University of St Mark and St John, Plymouth",
圣托马斯大学（德克萨斯州）,University of St. Thomas,
圣托马斯大学（明尼苏达州）,University of St. Thomas,
斯坦陵布什大学,University of Stellenbosch,
萨福克大学,University of Suffolk,
苏丹穆莱伊苏莱曼大学,University of Sultan Moulay Slimane,
北苏门答腊大学,Universitas Sumatera Utara,1001-1200
桑德兰大学,University of Sunderland,
泗水大学,University of Surabaya,
南哥伦比亚大学,Universidad Surcolombiana,
斯瓦比大学,University of Swabi,
斯瓦特大学,University of Swat,
坦帕大学,The University of Tampa,
TecMilenio大学,Universidad Tec Milenio,
牙买加技术大学,"University of Technology, Jamaica",
沙捞越科技大学,University of Technology Sarawak,
悉尼科技大学学院,University of Technology Sydney College,
马纳比技术大学,Universidad Técnica de Manabí,
智利技术大学INACAP,Universidad Tecnológica de Chile INACAP,
佩雷拉科技大学,Universidad Tecnológica de Pereira,
秘鲁科技大学,Universidad Tecnológica del Perú S.A.C.,
UTE大学,Universidad Tecnológica Equinoccial,
国立技术大学,Universidad Tecnológica Nacional,1401+
马来西亚马六甲技术大学,Universiti Teknikal Malaysia Melaka,1201-1400
田纳西大学查塔努加分校,The University of Tennessee at Chattanooga,
田纳西大学诺克斯维尔分校,"The University of Tennessee, Knoxville",701-710
田纳西大学马丁分校,The University of Tennessee at Martin,
洛科高等技术大学,Université Tertiaire et Technologique LOKO,
德克萨斯大学圣安东尼奥健康科学中心,The University of Texas Health Science Center at San Antonio,
德克萨斯大学安德森癌症中心,The University of Texas M. D. Anderson Cancer Center,
德克萨斯大学帕米亚盆地分校,The University of Texas Permian Basin,
德克萨斯大学泰勒分校,The University of Texas at Tyler,
泰国商会大学,The University of the Thai Chamber of Commerce,
地拉那大学,University of Tirana,
托尔夸托•迪特拉大学,Universidad Torcuato Di Tella,1001-1200
图卢兹第一大学,Université Toulouse 1 Capitole,
的黎波里大学,University of Tripoli,
特里萨克蒂大学,Universitas Trisakti,1401+
巴拉那图尤蒂大学,Universidade Tuiuti do Paraná,
塔尔萨大学,The University of Tulsa,
敦阿都拉萨大学,Universiti Tun Abdul Razak,
图兹拉大学,University of Tuzla,
乌达雅纳大学,Universitas Udayana,
马来西亚北方大学,Universiti Utara Malaysia,540
乌特勒支大学,Universiteit Utrecht,
乌约大学,University of Uyo,
拉合尔兽医与动物科学大学,"University of Veterinary and Animal Sciences, Lahore",
维萨亚斯大学,University of the Visayas,
Wah大学,University of Wah,
威尔士大学,University of Wales,
威尔士三一圣大卫大学,University of Wales Trinity Saint David,
瓦尔马德瓦大学,Universitas Warmadewa,
西部大学,University of the West,
西阿拉巴马大学,University of West Alabama,
西英格兰大学-布里斯托,"University of the West of England, Bristol",
西佛罗里达大学,The University of West Florida,
西佐治亚大学,University of West Georgia,
西伦敦大学,University of West London,
西洛杉矶大学,University of West Los Angeles,
西苏格兰大学,University of the West of Scotland,
西安大略大学,The University of Western Ontario,
温彻斯特大学,The University of Winchester,
温尼伯大学,The University of Winnipeg,
威斯康星大学欧克莱尔分校,University of Wisconsin-Eau Claire,
威斯康星大学绿湾分校,University of Wisconsin-Green Bay,
威斯康星大学拉克罗斯分校,University of Wisconsin-La Crosse,
威斯康星大学奥什科什分校,University of Wisconsin-Oshkosh,
威斯康星大学帕克赛德分校,University of Wisconsin-Parkside,
威斯康星大学普拉特维尔分校,University of Wisconsin-Platteville,
威斯康星大学河城分校,University of Wisconsin-River Falls,
威斯康星大学史蒂文分校,University of Wisconsin-Stevens Point,
威斯康星大学斯托特分校,University of Wisconsin-Stout,
威斯康星大学苏必利尔分校,University of Wisconsin-Superior,
威斯康星大学白水分校,University of Wisconsin-Whitewater,
维滕/黑尔德克大学,Universität Witten/Herdecke,
金山大学,"University of the Witwatersrand, Johannesburg",
伍伦贡大学马来西亚,University of Wollongong Malaysia,
伍赛斯特大学,University of Worcester,
世界经济与外交大学,University of World Economy and Diplomacy,
仰光大学,University of Yangon,
祖鲁兰大学,University of Zululand,
普利莫斯卡大学,Univerza na Primorskem,
智者康斯坦丁大学,Univerzita Konštantína Filozofa v Nitre,
马杰伊·贝尔大学,Univerzita Mateja Bela v Banskej Bystrici,
帕尔杜比采大学,Univerzita Pardubice,
波兹南艺术大学,Uniwersytet Artystyczny im. Magdaleny Abakanowicz w Poznaniu,
波兹南经济大学,Uniwersytet Ekonomiczny w Poznaniu,
弗罗茨瓦夫经济大学,Uniwersytet Ekonomiczny we Wrocławiu,
波兹南密茨凯维奇大学,Uniwersytet im. Adama Mickiewicza w Poznaniu,
凯尔采大学,Uniwersytet Jana Kochanowskiego w Kielcach,
比得哥熙卡基米日维尔基大学,Uniwersytet Kazimierza Wielkiego w Bydgoszczy,
居里夫人大学,Uniwersytet Marii Curie-Skłodowskiej w Lublinie,
托伦哥白尼大学,Uniwersytet Mikołaja Kopernika w Toruniu,
格丁尼亚海事大学,Uniwersytet Morski w Gdyni,
肖邦音乐大学,Uniwersytet Muzyczny Fryderyka Chopina,
卡托维兹西里西亚大学,Uniwersytet Śląski w Katowicach,
华沙社会心理学与人文大学,Uniwersytet SWPS,
比亚威斯托克大学,Uniwersytet w Białymstoku,
格但斯克WSB梅里托大学,Uniwersytet WSB Merito w Gdańsku,
伍伦贡学院,UOW College,
伍伦贡马来西亚伯乐槟城大学学院,UOW MALAYSIA KDU Penang University College,
上爱荷华大学,Upper Iowa University,
乌尔辛纳斯学院,Ursinus College,
乌尔苏拉学院,Ursuline College,
乌斯库达大学,Uskudar University,
索科托乌斯马努丹佛迪尤大学,Usmanu Danfodiyo University Sokoto,
犹他理工大学,Utah Tech University,
犹他山谷大学,Utah Valley University,
乌特勒支应用科学大学,Utrecht University of Applied Sciences,
程逸皇家大学,Uttaradit Rajabhat University,
北阿坎德邦梵语大学,Uttarakhand Sanskrit University,
北阿坎德邦技术大学,Uttarakhand Technical University,
UUNZ商业学院,UUNZ Institute of Business,
西印度群岛大学商业与应用研究学院,UWI School of Business and Applied Studies Limited,
乌兹别克斯坦国立体育与运动大学,Uzbekistan State University of Physical Education and Sports,
乌兹别克斯坦国立世界语言大学,Uzbekistan State World Languages University,
哈尔科夫国立大学,V.N.Karazin Kharkiv National University,851-900
瓦萨应用科学大学,Vaasa University of Applied Sciences,
瓦莱阿隆功皇家大学,Valaya Alongkorn Rajabhat University,
瓦尔多斯塔州立大学,Valdosta State University,
河谷市州立大学,Valley City State University,
谷景大学,Valley View University,
温哥华社区学院,Vancouver Community College,
温哥华岛大学,Vancouver Island University,
范德库克音乐学院,VanderCook College of Music,
南加利福尼亚先锋大学,Vanguard University of Southern California,
瓦尼埃学院,Vanier College,
瓦尔纳自由大学,Varna Free University Chernorizets Hrabar,
瓦萨尔学院,Vassar College,
喀尔巴阡国立大学,Vasyl Stefanyk Precarpathian National University,
沃恩航空科技学院,Vaughn College of Aeronautics and Technology,
维尔纳尔默德南古吉拉特大学,Veer Narmad South Gujarat University,
维里塔斯大学学院,Veritas University College,
VIA大学学院,VIA University College,
维多利亚国际应用技术大学,VICTORIA Internationale Hochschule,
维多利亚理工学院,Victorian Institute of Technology,
维德雅瑟格大学,Vidyasagar University,
维迪亚西里梅迪科学技术研究院,Vidyasirimedhi Institute of Science and Technology,
万象河内友谊技术职业学院,Vientiane-Hanoi Friendship Technical-Vocational College,
越南国家农业大学,Vietnam National University of Agriculture,
河内国家大学,"Vietnam National University, Hanoi",751-760
越南胡志明市国家大学附属科学大学,Vietnam National University Ho Chi Minh City-University of Science,
越南胡志明市国家大学附属人文社会科学大学,Vietnam National University Ho Chi Minh City-University of Social Sciences and Humanities,
越南胡志明市国家大学附属技术大学,Vietnam National University Ho Chi Minh City-University of Technology,
越南商业大学,Vietnam University of Commerce,
韩国理工VII大学,한국폴리텍 VII 대학,
维拉学院,Villa College,
维尔纽斯艺术学院,Vilniaus dailės akademija,
维纳耶格使命锡金邦大学,Vinayaka Missions Sikkim University,
温森斯大学,Vincennes University,
文尼察国立师范大学,Vinnytsia Mykhailo Kotsiubynskyi State Pedagogical University,
文尼察国立农业大学,Vinnytsia National Agrarian University,
文尼察国立技术大学,Vinnytsia National Technical University,
VIN大学,VinUniversity,
弗吉尼亚军事学院,Virginia Military Institute,
弗吉尼亚州立大学,Virginia State University,
弗吉尼亚联合大学,Virginia Union University,
弗吉尼亚卫斯理大学,Virginia Wesleyan University,
维什沃格尔玛大学,Vishwakarma University,
印度国际大学,Visva Bharati,
那格浦尔维斯瓦拉亚国家技术学院,"Visvesvaraya National Institute of Technology, Nagpur",
维特博大学,Viterbo University,
弗拉瑞克商学院,Vlerick Business School,
越南河内国家大学附属社会与人文科学学院,VNU College of Social Sciences and Humanities,
越南河内国家大学附属经济与商业大学,VNU University of Economics and Business,
越南河内国家大学附属语言与国际研究大学,VNU University of Languages and International Studies,
越南河内国家大学附属医药大学,VNU University of Medicine and Pharmacy,
越南河内国家大学附属社会与人文科学大学,VNU University of Social Sciences and Humanities,
东乌克兰国立大学,Volodymyr Dahl East Ukrainian National University,
翁查瓦里功大学,Vongchavalitkul University,
奥斯特拉发技术大学,VSB-Technical University of Ostrava,
布拉格经济大学,Vysoká škola ekonomická v Praze,
布拉迪斯拉发美术学院,Vysoká škola výtvarných umení v Bratislave,
沃巴什学院,Wabash College,
瓦赫宁根大学,Wageningen Universiteit,
瓦格纳学院,Wagner College,
怀卡托理工学院,Waikato Institute of Technology,
维克技术社区学院,Wake Technical Community College,
沃拉沃拉大学,Walla Walla University,
沃尔什会计与工商管理学院,Walsh College of Accountancy and Business Administration,
沃尔特西苏鲁大学,Walter Sisulu University,
旺阿努伊理工学院,Wanganui Polytechnic,
沃伦威尔逊学院,Warren Wilson College,
沃特伯格学院,Wartburg College,
沃西本恩大学,Washburn University,
华盛顿基督复临大学,Washington Adventist University,
华盛顿杰斐逊学院,Washington and Jefferson College,
华盛顿与杰斐逊学院,Washington & Jefferson College,
华盛顿与李大学,Washington and Lee University,
华盛顿学院,Washington College,
沃什特瑙社区学院,Washtenaw Community College,
韦兰浸会大学,Wayland Baptist University,
韦恩斯堡大学,Waynesburg University,
韦伯国际大学,Webber International University,
韦伯州立大学,Weber State University,
韦伯斯特大学,Webster University,
柏林白湖艺术学院,Weißensee Kunsthochschule Berlin,
维克勒•山道尔商业学院,Wekerle Sándor Üzleti Főiskola,
威尔斯利学院,Wellesley College,
惠灵顿理工学院,Wellington Institute of Technology,
韦纳奇谷学院,Wenatchee Valley College,
文特沃斯高等教育学院,Wentworth Institute of Higher Education,
温特沃斯理工学院,Wentworth Institute of Technology,
卫斯理安学院,Wesleyan College,
马尼拉维斯里安学院,Wesleyan College of Manila,
卫斯理大学,Wesleyan University,
菲律宾卫斯理大学,Wesleyan University-Philippines,
宾夕法尼亚州西切斯特大学,West Chester University of Pennsylvania,
西自由大学,West Liberty University,
西波美拉尼亚技术大学,West Pomeranian University of Technology in Szczecin,
西德克萨斯农工大学,West Texas A&M University,
西乌克兰国立大学,West Ukrainian National University,
西谷学院,West Valley College,
西弗吉尼亚州立大学,West Virginia State University,
西米沙鄢国立大学,West Visayas State University,
威彻斯特社区学院,Westchester Community College,
西崖大学,Westcliff University,
西卡罗莱纳大学,Western Carolina University,
西里海大学,Western Caspian University,
西康涅狄格州立大学,Western Connecticut State University,
西部州长大学,Western Governors University,
西伊利诺伊大学,Western Illinois University,
西部理工学院,Western Institute of Technology,
西方理工学院,Western Institute of Technology at Taranaki,
西肯塔基大学,Western Kentucky University,
西棉兰老岛国立大学,Western Mindanao State University,
西新英格兰大学,Western New England University,
西新墨西哥大学,Western New Mexico University,
西俄勒冈大学,Western Oregon University,
西部卫生科学大学,Western University of Health Sciences,
西法伦应用技术大学,Westfälische Hochschule,
韦斯特菲尔德州立大学,Westfield State University,
西敏斯特学院（密苏里州）,Westminster College,
西敏斯特学院（犹他州）,Westminster College,
威斯敏斯特神学院,Westminster Theological Seminary,
西敏斯特大学,Westminster University,
威斯蒙特学院,Westmont College,
茨维考西萨克森应用技术大学,Westsächsische Hochschule Zwickau,
霍特科社区学院,Whatcom Community College,
威顿学院（马萨诸塞州）,Wheaton College (Massachusetts),
威顿学院（伊利诺伊州）,Wheaton College,
怀特克利夫学院,Whitecliffe College,
澳大利亚怀特豪斯设计学院,"Whitehouse Institute of Design, Australia",
维特利亚理工学院,Whitireia Community Polytechnic,
惠特曼学院,Whitman College,
惠提尔学院,Whittier College,
惠特沃斯大学,Whitworth University,
法伦达尔WHU管理学院,WHU-Otto Beisheim School of Management,
威奇塔州立大学,Wichita State University,
维达大学学院,Widad University College,
韦德纳大学,Widener University,
维利学院,Wiley College,
威尔克斯大学,Wilkes University,
威拉姆特大学,Willamette University,
威廉安格利斯技术与继续教育学院,William Angliss Institute of TAFE,
威廉凯瑞大学,William Carey University,
威廉杰瑟普大学,William Jessup University,
威廉贾威尔学院,William Jewell College,
新泽西威廉佩特森大学,William Paterson University of New Jersey,
威廉匹斯大学,William Peace University,
霍巴特和威廉史密斯学院（威廉史密斯学院）,"William Smith College, Hobart and William Smith Colleges",
威廉伍德大学,William Woods University,
威廉姆斯学院,Williams College,851-900
威廉姆森学院,Williamson College,
威明顿大学,Wilmington University,
温德斯海姆应用科学大学,Windesheim University of Applied Sciences,
温盖特大学,Wingate University,
威诺纳州立大学,Winona State University,
温斯顿萨勒姆州立大学,Winston-Salem State University,
温斯洛普大学,Winthrop University,
威斯康星路德学院,Wisconsin Lutheran College,
威顿堡大学,Wittenberg University,
威登堡应用科学大学,Wittenborg University of Applied Sciences,
伍佛德学院,Wofford College,
木尔坦女子大学,The Women University Multan,
Won研究学院,The Won Institute of Graduate Studies,
伍德伯里大学,Woodbury University,
伍斯特州立大学,Worcester State University,
世界城市学院,World Citi Colleges,
世界伊斯兰科学与教育大学,The World Islamic Sciences and Education University,
世界海事大学,World Maritime University,
雷克瑟姆大学,Wrexham University,
赖特学院,The Wright Institute,
弗罗茨瓦夫语言学院,Wyższa Szkoła Filologiczna we Wrocławiu,
琴斯托霍瓦语言学院,Wyższa Szkoła Lingwistyczna w Częstochowie,
国际与区域合作高等学院,Wyższa Szkoła Współpracy Międzynarodowej i Regionalnej im. Zygmunta Glogera,
沃沃明国际与区域合作大学,Wyższa Szkoła Współpracy Międzynarodowej i Regionalnej im. Zygmunta Glogera w Wołominie,
弗罗茨瓦夫管理学院,"Wyższa szkoła zarządzania ""Edukacja"" we Wrocławiu",
新松奇商学院-路易斯大学,Wyzsza Szkola Biznesu-National-Louis University z Siedziba w Nowym Saczu,
泽维尔大学,Xavier University,
路易斯安那圣泽维尔大学,Xavier University of Louisiana,
XU指数应用技术大学,XU Exponential University of Applied Sciences,
雅丹那博大学,Yadanabon University,
仰光理工大学,Yangon Technological University,
仰光经济大学,Yangon University of Economics,
仰光外国语大学,Yangon University of Foreign Languages,
智者雅罗斯拉夫国立法律大学,Yaroslav Mudryi National Law University,
乌克兰国家科学院焊接研究所,Ye.O.Paton Electric Welding Institute of National Academy of Sciences of Ukraine,
埃里温国立语言与社会科学大学,Yerevan Brusov State University of Languages and Social Sciences,
埃里温格拉佐大学,Yerevan Gladzor University,
埃里温“艾布萨克”大学,Yerevan Haybusak University,
埃里温国立音乐学院,Yerevan State Conservatory after Komitas,
埃里温国立戏剧与电影学院,Yerevan State Institute of Theatre and Cinematography,
埃里温国立医学大学,Yerevan State Medical University after Mkhitar Heratsi,
埃里温国立大学,Yerevan State University,1001-1200
耶津农业大学,Yezin Agricultural University,
YIC京都宠物综合专门学校,YIC京都ペット総合専門学校,
YIC看护福祉专门学校,YIC看護福祉専門学校,
专门学校YIC京都工科汽车大学校,＜専＞YIC京都工科自動車大学校,
大阪YMCA国际专门学校,大阪YMCA国際専門学校,
和歌山YMCA国际福祉专门学校,和歌山YMCA国際福祉専門学校,
横滨YMCA学院专门学校,横浜YMCA学院専門学校,
熊本YMCA学院,熊本YMCA学院,
YNOV学院,YNOV,
友三中医大学,Yo San University of Traditional Chinese Medicine,
约吉维马拉大学,Yogi Vemana University,
Yoobee学院,Yoobee Colleges,
纽约市立大学约克学院,York College of the City University of New York,
宾夕法尼亚约克学院,York College of Pennsylvania,
约克圣约翰大学,York St John University,
约克维尔大学,Yorkville University,
扬斯敦州立大学,Youngstown State University,
YPC国际学院,YPC International College,
切尔诺夫策国立大学,Yuriy Fedkovych Chernivtsi National University,
卡诺优素福·麦塔玛苏莱大学,"Yusuf Maitama Sule University, Kano",
萨格勒布经济与管理学院,Zagreb School of Economics and Management,
桑给巴尔大学,The Zanzibar University,
比尔森西波西米亚大学,Západočeská Univerzita v Plzni,
扎波罗热经济与信息技术学院,Zaporizhzhia Institute of Economics and Information Technologies,
扎波罗热国立大学,Zaporizhzhia National University,
国立大学扎波罗热工学院,"""Zaporizhzhia Polytechnic"" National university",
扎卡大学,Zarqa University,1401+
西兰商务与技术学院,Zealand Institute of Business and Technology,
泽佩林大学,"Zeppelin Universität-Hochschule zwischen Wirtschaft, Kultur und Politik",
日托米尔国立大学,Zhytomyr Ivan Franko State University,
苏黎世艺术高等专业学院,Zürcher Hochschule der Künste ZHdK,
苏黎世应用科学高等专业学院,Zürcher Hochschule für Angewandte Wissenschaften ZHAW,
南方应用科学大学,Zuyd University of Applied Sciences,
