id,name,country,country_code,city,rank,is_ranked,is_tied,rank_label,global_score,enrollment,url,image_url
166027,Harvard University,United States,USA,Cambridge (U.S.),1,true,false,Best Global Universities,100,22164,https://www.usnews.com/education/best-global-universities/harvard-university-166027,https://www.usnews.com/object/image/0000014e-d02b-d0b6-afdf-d03b72820000/$150727harvard?size=responsive300&update-time=1444057405951
166683,Massachusetts Institute of Technology,United States,USA,Cambridge (U.S.),2,true,false,Best Global Universities,97,11777,https://www.usnews.com/education/best-global-universities/massachusetts-institute-of-technology-166683,https://www.usnews.com/object/image/0000014e-d05f-d0b6-afdf-d05f34b90000/$150727MIT?size=responsive300&update-time=1535646171759
243744,Stanford University,United States,USA,Stanford,3,true,false,Best Global Universities,94.4,17622,https://www.usnews.com/education/best-global-universities/stanford-university-243744,https://www.usnews.com/object/image/0000016c-9bb2-d1ec-a97f-9bba269e0000/$190816stanford_university0?size=responsive300&update-time=
503637,University of Oxford,United Kingdom,GBR,Oxford,4,true,false,Best Global Universities,88.1,,https://www.usnews.com/education/best-global-universities/university-of-oxford-503637,https://www.usnews.com/object/image/0000014e-d0b5-d0b6-afdf-d0b7fab40000/$150727Oxford?size=responsive300&update-time=1438090160344
502149,University of Cambridge,United Kingdom,GBR,Cambridge (U.K.),5,true,false,Best Global Universities,87.1,,https://www.usnews.com/education/best-global-universities/university-of-cambridge-502149,https://www.usnews.com/object/image/0000014e-d0dd-d0b6-afdf-d0dfa5e00000/$150727Cambridge?size=responsive300&update-time=1475263504175
503146,Tsinghua University,China,CHN,Beijing,6,true,false,Best Global Universities,86.5,,https://www.usnews.com/education/best-global-universities/tsinghua-university-503146,
110635,University of California--Berkeley,United States,USA,Berkeley,7,true,false,Best Global Universities,86.4,42858,https://www.usnews.com/education/best-global-universities/university-of-california-berkeley-110635,https://www.usnews.com/object/image/0000014e-d06d-d8a0-adee-fffdae2b0000/$150727Berkeley?size=responsive300&update-time=1558448629952
130794,Yale University,United States,USA,New Haven,8,true,false,Best Global Universities,86,,https://www.usnews.com/education/best-global-universities/yale-university-130794,https://www.usnews.com/object/image/00000148-c6fa-d81c-a5f8-f6fb25e40000/$140930_Yale?size=responsive300&update-time=1412088338375
501693,University College London,United Kingdom,GBR,London (U.K.),9,true,false,Best Global Universities,85.3,43330,https://www.usnews.com/education/best-global-universities/university-college-london-501693,https://www.usnews.com/object/image/00000157-8cae-dca0-ad7f-ccbf42550000/$161003_UCL?size=responsive300&update-time=1475534101225
190150,Columbia University,United States,USA,New York City,10,true,false,Best Global Universities,85,30210,https://www.usnews.com/education/best-global-universities/columbia-university-190150,https://www.usnews.com/object/image/0000014e-d115-d0b6-afdf-d1177b780000/$150727Columbia?size=responsive300&update-time=1476994392682
110662,University of California--Los Angeles,United States,USA,Los Angeles,11,true,false,Best Global Universities,84.8,44795,https://www.usnews.com/education/best-global-universities/university-of-california-los-angeles-110662,https://www.usnews.com/object/image/0000014e-d0f0-d8a0-adee-fff068d40000/$150727UCLA?size=responsive300&update-time=1438024763242
236948,University of Washington,United States,USA,Seattle,12,true,false,Best Global Universities,84.4,49428,https://www.usnews.com/education/best-global-universities/university-of-washington-236948,https://www.usnews.com/object/image/00000155-82e0-d393-a9f5-fae850c30000/$160624_university_of_washington?size=responsive300&update-time=1466789774392
190415,Cornell University,United States,USA,Ithaca,13,true,false,Best Global Universities,84.2,,https://www.usnews.com/education/best-global-universities/cornell-university-190415,https://www.usnews.com/object/image/00000158-2636-d7c3-a3ff-f7767d480000/$161102_Cornell?size=responsive300&update-time=1479223700443
505571,Imperial College London,United Kingdom,GBR,London (U.K.),14,true,true,Best Global Universities,83.9,21265,https://www.usnews.com/education/best-global-universities/imperial-college-london-505571,https://www.usnews.com/object/image/00000152-12d6-dafd-add2-b3f6ec120000/$160105_ImperialCollegeLondon?size=responsive300&update-time=1467838338695
186131,Princeton University,United States,USA,Princeton,14,true,true,Best Global Universities,83.9,,https://www.usnews.com/education/best-global-universities/princeton-university-186131,https://www.usnews.com/object/image/00000155-82f6-d393-a9f5-fafea4040000/$160624_princeton?size=responsive300&update-time=1466789902421
505009,National University of Singapore,Singapore,SGP,Singapore,16,true,false,Best Global Universities,83.8,35446,https://www.usnews.com/education/best-global-universities/national-university-of-singapore-505009,
162928,Johns Hopkins University,United States,USA,Baltimore,17,true,true,Best Global Universities,83.4,20875,https://www.usnews.com/education/best-global-universities/johns-hopkins-university-162928,https://www.usnews.com/object/image/00000155-82e7-d393-a9f5-faefdefc0000/$160624_johns_hopkins_university?size=responsive300&update-time=1466789856391
215062,University of Pennsylvania,United States,USA,Philadelphia,17,true,true,Best Global Universities,83.4,22945,https://www.usnews.com/education/best-global-universities/university-of-pennsylvania-215062,https://www.usnews.com/object/image/00000147-d5c9-d2c9-a37f-ddffc0770000/$140814_upenn_courtyard_EDITORIALONLY?size=responsive300&update-time=1408993165080
501148,Peking University,China,CHN,Beijing,19,true,false,Best Global Universities,83.1,35659,https://www.usnews.com/education/best-global-universities/peking-university-501148,
499968,University of Toronto,Canada,CAN,Toronto,20,true,false,Best Global Universities,82.8,,https://www.usnews.com/education/best-global-universities/university-of-toronto-499968,https://www.usnews.com/object/image/00000155-8341-d393-a9f5-fbe9b3ad0000/$160624_university_of_toronto?size=responsive300&update-time=1558360216697
170976,University of Michigan--Ann Arbor,United States,USA,Ann Arbor,21,true,false,Best Global Universities,82.5,49283,https://www.usnews.com/education/best-global-universities/university-of-michigan-ann-arbor-170976,https://www.usnews.com/object/image/00000155-8352-d3ec-a9fd-cbdf64dd0000/$160624_university_of_michigan?size=responsive300&update-time=1467820566023
110699,University of California--San Francisco,United States,USA,San Francisco,22,true,false,Best Global Universities,82.1,,https://www.usnews.com/education/best-global-universities/university-of-california-san-francisco-110699,https://www.usnews.com/object/image/00000157-f7fb-d7d1-aff7-f7fbfb590000/$161024_UCSF?size=responsive300&update-time=1558361309498
110404,California Institute of Technology,United States,USA,Pasadena,23,true,true,Best Global Universities,81.6,2463,https://www.usnews.com/education/best-global-universities/california-institute-of-technology-110404,https://www.usnews.com/object/image/0000014e-d0ea-d0b6-afdf-d0fa07120000/$150727Caltech?size=responsive300&update-time=1438024214020
110680,University of California--San Diego,United States,USA,La Jolla,23,true,true,Best Global Universities,81.6,,https://www.usnews.com/education/best-global-universities/university-of-california-san-diego-110680,https://www.usnews.com/object/image/00000148-a3d3-d3b0-a3fc-b3dbb41f0000/$140923_UniversityofCaliforniaSanDiego?size=responsive300&update-time=1442948636561
144050,University of Chicago,United States,USA,Chicago,25,true,false,Best Global Universities,81.3,16589,https://www.usnews.com/education/best-global-universities/university-of-chicago-144050,https://www.usnews.com/object/image/00000147-f4cb-d2c9-a37f-fdffc2c00000/$140820_universityofchicagocampus?size=responsive300&update-time=1444057324733
147767,Northwestern University,United States,USA,Evanston,26,true,false,Best Global Universities,80.7,19916,https://www.usnews.com/education/best-global-universities/northwestern-university-147767,https://www.usnews.com/object/image/00000158-6894-d46e-a7fe-6cb7c1ad0000/$161115_Northwestern?size=responsive300&update-time=1479223601773
503366,Nanyang Technological University,Singapore,SGP,Singapore,27,true,false,Best Global Universities,80.4,26817,https://www.usnews.com/education/best-global-universities/nanyang-technological-university-503366,
502973,Chinese University Hong Kong,Hong Kong,HKG,Shatin,28,true,true,Best Global Universities,79.7,18367,https://www.usnews.com/education/best-global-universities/chinese-university-hong-kong-502973,
501796,University of Melbourne,Australia,AUS,Parkville,28,true,true,Best Global Universities,79.7,,https://www.usnews.com/education/best-global-universities/university-of-melbourne-501796,
198419,Duke University,United States,USA,"Durham (North Carolina, U.S.)",30,true,false,Best Global Universities,79.5,,https://www.usnews.com/education/best-global-universities/duke-university-198419,https://www.usnews.com/object/image/00000155-838b-d393-a9f5-fbabb8f80000/$160624_duke_university?size=responsive300&update-time=1467822498181
505369,University of Sydney,Australia,AUS,Sydney,31,true,false,Best Global Universities,79,51324,https://www.usnews.com/education/best-global-universities/university-of-sydney-505369,https://www.usnews.com/object/image/00000157-8ffc-dca0-ad7f-cfffa0010000/$161004_UniofSydney?size=responsive300&update-time=1475589551709
179867,Washington University in St. Louis,United States,USA,St. Louis,32,true,false,Best Global Universities,78.8,14827,https://www.usnews.com/education/best-global-universities/washington-university-in-st-louis-179867,https://www.usnews.com/object/image/00000158-688e-df5e-a979-6b9fcfec0000/$161115_WashU?size=responsive300&update-time=1479223571033
502241,ETH Zurich,Switzerland,CHE,Zurich,33,true,true,Best Global Universities,78.6,23485,https://www.usnews.com/education/best-global-universities/eth-zurich-502241,
502434,University of New South Wales,Australia,AUS,Kensington,33,true,true,Best Global Universities,78.6,55874,https://www.usnews.com/education/best-global-universities/university-of-new-south-wales-502434,
504773,Zhejiang University,China,CHN,Hangzhou,35,true,false,Best Global Universities,78.1,54313,https://www.usnews.com/education/best-global-universities/zhejiang-university-504773,
193900,New York University,United States,USA,New York City,36,true,false,Best Global Universities,77.8,48633,https://www.usnews.com/education/best-global-universities/new-york-university-193900,https://www.usnews.com/object/image/00000158-88a4-d975-af7f-ecb526090000/$161121_NYU?size=responsive300&update-time=1479761269740
501915,Shanghai Jiao Tong University,China,CHN,Shanghai,37,true,false,Best Global Universities,77.7,41507,https://www.usnews.com/education/best-global-universities/shanghai-jiao-tong-university-501915,
500301,Monash University,Australia,AUS,Clayton,38,true,false,Best Global Universities,77.6,,https://www.usnews.com/education/best-global-universities/monash-university-500301,https://www.usnews.com/object/image/00000153-ec2c-d802-ab7f-feacb9230000/$160406_MonashU?size=responsive300&update-time=1459956316556
502957,University of Amsterdam,Netherlands,NLD,Amsterdam,39,true,false,Best Global Universities,77.5,,https://www.usnews.com/education/best-global-universities/university-of-amsterdam-502957,
505046,University of Hong Kong,Hong Kong,HKG,Pok Fu Lam,40,true,false,Best Global Universities,77.2,,https://www.usnews.com/education/best-global-universities/university-of-hong-kong-505046,
505832,University of Edinburgh,United Kingdom,GBR,Edinburgh,41,true,false,Best Global Universities,76.9,,https://www.usnews.com/education/best-global-universities/university-of-edinburgh-505832,https://www.usnews.com/object/image/00000157-8ca2-ddc3-af5f-cfab484d0000/$161003_UniofEdinburgh?size=responsive300&update-time=1475533316583
500330,King's College London,United Kingdom,GBR,London (U.K.),42,true,true,Best Global Universities,76.3,,https://www.usnews.com/education/best-global-universities/kings-college-london-500330,
499976,University of British Columbia,Canada,CAN,Vancouver,42,true,true,Best Global Universities,76.3,62606,https://www.usnews.com/education/best-global-universities/university-of-british-columbia-499976,https://www.usnews.com/object/image/00000155-7e9e-d3ec-a9fd-7fdfc7240000/$160623_UBC?size=responsive300&update-time=1466708333713
500164,University of Queensland Australia,Australia,AUS,Brisbane,42,true,true,Best Global Universities,76.3,43383,https://www.usnews.com/education/best-global-universities/university-of-queensland-australia-500164,https://www.usnews.com/object/image/00000157-902c-dca0-ad7f-d8bffa2f0000/$161004_UQ?size=responsive300&update-time=1475592705802
503710,University of Copenhagen,Denmark,DNK,Copenhagen,45,true,false,Best Global Universities,75.5,,https://www.usnews.com/education/best-global-universities/university-of-copenhagen-503710,
193405,Icahn School of Medicine at Mount Sinai,United States,USA,New York City,46,true,false,Best Global Universities,75.3,,https://www.usnews.com/education/best-global-universities/icahn-school-of-medicine-at-mount-sinai-193405,
502667,City University Hong Kong,Hong Kong,HKG,Kowloon,47,true,false,Best Global Universities,75.1,11023,https://www.usnews.com/education/best-global-universities/city-university-hong-kong-502667,
504785,KU Leuven,Belgium,BEL,Leuven,48,true,false,Best Global Universities,75,50364,https://www.usnews.com/education/best-global-universities/ku-leuven-504785,
500824,Fudan University,China,CHN,Shanghai,49,true,false,Best Global Universities,74.9,,https://www.usnews.com/education/best-global-universities/fudan-university-500824,
500951,University of Munich,Germany,DEU,Munich,50,true,false,Best Global Universities,74.8,,https://www.usnews.com/education/best-global-universities/university-of-munich-500951,
506698,Humboldt-Universität zu Berlin,Germany,DEU,Berlin,51,true,false,Best Global Universities,74.7,,https://www.usnews.com/education/best-global-universities/humboldt-universitat-zu-berlin-506698,https://www.usnews.com/object/image/00000156-8fa5-d0b3-ad56-dfe5c0e60000/$160815_HumboldtUniversitat?size=responsive300&update-time=1471289096134
500421,Hong Kong Polytechnic University,Hong Kong,HKG,Kowloon,52,true,false,Best Global Universities,74.6,19384,https://www.usnews.com/education/best-global-universities/hong-kong-polytechnic-university-500421,
529679,University of Chinese Academy of Sciences,China,CHN,Beijing,53,true,false,Best Global Universities,74.3,,https://www.usnews.com/education/best-global-universities/university-of-chinese-academy-of-sciences-529679,
505962,Utrecht University,Netherlands,NLD,Utrecht,54,true,false,Best Global Universities,74.1,,https://www.usnews.com/education/best-global-universities/utrecht-university-505962,https://www.usnews.com/object/image/00000157-7618-dca0-ad7f-7ebf35550000/$160929_UtrechtUniv?size=responsive300&update-time=1490132368352
199120,University of North Carolina--Chapel Hill,United States,USA,Chapel Hill,55,true,false,Best Global Universities,73.7,32287,https://www.usnews.com/education/best-global-universities/university-of-north-carolina-chapel-hill-199120,https://www.usnews.com/object/image/00000156-2ee0-d816-abf7-aeeb86670000/$160727_university-of-north-carolina-chapel-hill-hero?size=responsive300&update-time=1562015481454
228778,University of Texas--Austin,United States,USA,Austin,56,true,false,Best Global Universities,73.6,,https://www.usnews.com/education/best-global-universities/university-of-texas-austin-228778,https://www.usnews.com/object/image/0000016c-9c02-df7f-adfe-fdd3e1ce0000/$190816university_of_texas--austin0?size=responsive300&update-time=
503151,Karolinska Institute,Sweden,SWE,Stockholm,57,true,true,Best Global Universities,73.4,8140,https://www.usnews.com/education/best-global-universities/karolinska-institute-503151,https://www.usnews.com/object/image/0000014c-e29e-d76f-a55c-e2bebc5b0000/$150422_Karolinska_Institute_1.jpg?size=responsive300&update-time=1429731753740
215293,University of Pittsburgh,United States,USA,Pittsburgh,57,true,true,Best Global Universities,73.4,27835,https://www.usnews.com/education/best-global-universities/university-of-pittsburgh-215293,https://www.usnews.com/object/image/0000016c-9bfb-d1ec-a97f-9bfbdf8b0000/$190816university_of_pittsburgh2?size=responsive300&update-time=
505547,"University of Science & Technology of China, CAS",China,CHN,Hefei,59,true,false,Best Global Universities,73.2,23234,https://www.usnews.com/education/best-global-universities/university-of-science-technology-of-china-cas-505547,https://www.usnews.com/object/image/00000156-5c51-d0b3-ad56-dc75f4e30000/$160805_university_of_science_and_technology_of_china_1_small.jpg?size=responsive300&update-time=1470428006711
240444,University of Wisconsin--Madison,United States,USA,Madison,60,true,false,Best Global Universities,73.1,46046,https://www.usnews.com/education/best-global-universities/university-of-wisconsin-madison-240444,https://www.usnews.com/object/image/0000016c-9c0a-d1ec-a97f-9c0ac2330000/$190816university_of_wisconsin--madison18?size=responsive300&update-time=
503069,Leiden University,Netherlands,NLD,Leiden,61,true,true,Best Global Universities,73,,https://www.usnews.com/education/best-global-universities/leiden-university-503069,
529677,Université de Paris,France,FRA,Paris,61,true,true,Best Global Universities,73,,https://www.usnews.com/education/best-global-universities/universite-de-paris-529677,
502084,Freie Universität Berlin,Germany,DEU,Berlin,63,true,false,Best Global Universities,72.9,,https://www.usnews.com/education/best-global-universities/freie-universitat-berlin-502084,
139658,Emory University,United States,USA,Atlanta,64,true,true,Best Global Universities,72.8,13876,https://www.usnews.com/education/best-global-universities/emory-university-139658,
204796,Ohio State University--Columbus,United States,USA,Columbus,64,true,true,Best Global Universities,72.8,54645,https://www.usnews.com/education/best-global-universities/ohio-state-university-columbus-204796,https://www.usnews.com/object/image/0000016c-9c08-d1ec-a97f-9c0a322b0000/$190816ohio_state_university--columbus2?size=responsive300&update-time=
505287,University of Zurich,Switzerland,CHE,Zurich,64,true,true,Best Global Universities,72.8,26155,https://www.usnews.com/education/best-global-universities/university-of-zurich-505287,
529569,Sorbonne Universite,France,FRA,Paris,67,true,false,Best Global Universities,72.6,,https://www.usnews.com/education/best-global-universities/sorbonne-universite-529569,
506277,Heidelberg University,Germany,DEU,Heidelberg,68,true,true,Best Global Universities,72.5,21063,https://www.usnews.com/education/best-global-universities/heidelberg-university-506277,https://www.usnews.com/object/image/00000156-8f51-d0b3-ad56-df758b100000/$160815_HeidelbergUniversity?size=responsive300&update-time=1471283464981
499986,McGill University,Canada,CAN,Montreal,68,true,true,Best Global Universities,72.5,30196,https://www.usnews.com/education/best-global-universities/mcgill-university-499986,https://www.usnews.com/object/image/00000156-6b7c-d0b3-ad56-ff7dbd8b0000/$160808_McGillUniversity?size=responsive300&update-time=1470682544421
500273,University of Manchester,United Kingdom,GBR,Manchester,68,true,true,Best Global Universities,72.5,,https://www.usnews.com/education/best-global-universities/university-of-manchester-500273,
221999,Vanderbilt University,United States,USA,Nashville,68,true,true,Best Global Universities,72.5,12926,https://www.usnews.com/education/best-global-universities/vanderbilt-university-221999,
500248,University of Tokyo,Japan,JPN,Tokyo,72,true,false,Best Global Universities,72.3,26265,https://www.usnews.com/education/best-global-universities/university-of-tokyo-500248,https://www.usnews.com/object/image/00000157-013b-d00c-a1d7-4bbb24f90000/$160906_UTokyo?size=responsive300&update-time=1473194841577
503109,Technical University of Munich,Germany,DEU,Munich,73,true,false,Best Global Universities,72.1,,https://www.usnews.com/education/best-global-universities/technical-university-of-munich-503109,
506062,Sun Yat-sen University,China,CHN,Guangzhou,74,true,true,Best Global Universities,71.9,67509,https://www.usnews.com/education/best-global-universities/sun-yat-sen-university-506062,
123961,University of Southern California,United States,USA,Los Angeles,74,true,true,Best Global Universities,71.9,42449,https://www.usnews.com/education/best-global-universities/university-of-southern-california-123961,
174066,University of Minnesota--Twin Cities,United States,USA,Minneapolis,76,true,false,Best Global Universities,71.7,45239,https://www.usnews.com/education/best-global-universities/university-of-minnesota-twin-cities-174066,https://www.usnews.com/object/image/0000016c-9c0e-d1ec-a97f-9c0e5cd40000/$190816university_of_minnesota--twin_cities2?size=responsive300&update-time=
503849,Nanjing University,China,CHN,Nanjing,77,true,true,Best Global Universities,71.3,34217,https://www.usnews.com/education/best-global-universities/nanjing-university-503849,
500110,University of Glasgow,United Kingdom,GBR,Glasgow,77,true,true,Best Global Universities,71.3,32620,https://www.usnews.com/education/best-global-universities/university-of-glasgow-500110,
500967,University of Groningen,Netherlands,NLD,Groningen,77,true,true,Best Global Universities,71.3,32607,https://www.usnews.com/education/best-global-universities/university-of-groningen-500967,https://www.usnews.com/object/image/0000018a-cc8b-da41-a1fe-ee8bdfe50000/$230925_UniversityofGroningen?size=responsive300&update-time=1695648886064
501629,École Polytechnique Federale of Lausanne,Switzerland,CHE,Lausanne,80,true,false,Best Global Universities,71.2,13872,https://www.usnews.com/education/best-global-universities/ecole-polytechnique-federale-of-lausanne-501629,
503825,Australian National University,Australia,AUS,Canberra,81,true,false,Best Global Universities,71.1,17288,https://www.usnews.com/education/best-global-universities/australian-national-university-503825,https://www.usnews.com/object/image/00000157-9042-ddc3-af5f-dbebc79a0000/$161004_ANU?size=responsive300&update-time=1475594208348
503260,Hong Kong University of Science and Technology,Hong Kong,HKG,Hong Kong,82,true,true,Best Global Universities,71,10237,https://www.usnews.com/education/best-global-universities/hong-kong-university-of-science-and-technology-503260,
529676,Universite Paris Saclay,France,FRA,Saint-Aubin,82,true,true,Best Global Universities,71,,https://www.usnews.com/education/best-global-universities/universite-paris-saclay-529676,
163286,University of Maryland--College Park,United States,USA,College Park,82,true,true,Best Global Universities,71,34087,https://www.usnews.com/education/best-global-universities/university-of-maryland-college-park-163286,
530728,Adelaide University,Australia,AUS,Adelaide,85,true,true,Best Global Universities,70.9,44549,https://www.usnews.com/education/best-global-universities/adelaide-university-530728,
505153,University of Technology Sydney,Australia,AUS,Ultimo,85,true,true,Best Global Universities,70.9,,https://www.usnews.com/education/best-global-universities/university-of-technology-sydney-505153,
503252,Wuhan University,China,CHN,Wuhan,85,true,true,Best Global Universities,70.9,,https://www.usnews.com/education/best-global-universities/wuhan-university-503252,
500261,University of Barcelona,Spain,ESP,Barcelona,88,true,false,Best Global Universities,70.7,45486,https://www.usnews.com/education/best-global-universities/university-of-barcelona-500261,https://www.usnews.com/object/image/00000152-46f4-d86f-a7f6-cfff51660000/$160115_UniversityofBarcelona?size=responsive300&update-time=1452889458023
500349,Erasmus University Rotterdam,Netherlands,NLD,Rotterdam,89,true,false,Best Global Universities,70.6,,https://www.usnews.com/education/best-global-universities/erasmus-university-rotterdam-500349,
503979,University of Western Australia,Australia,AUS,Crawley,90,true,false,Best Global Universities,70.5,21934,https://www.usnews.com/education/best-global-universities/university-of-western-australia-503979,
500669,Vrije Universiteit Amsterdam,Netherlands,NLD,Amsterdam,91,true,false,Best Global Universities,70.3,,https://www.usnews.com/education/best-global-universities/vrije-universiteit-amsterdam-500669,
505190,Huazhong University of Science and Technology,China,CHN,Wuhan,92,true,true,Best Global Universities,70.2,63049,https://www.usnews.com/education/best-global-universities/huazhong-university-of-science-and-technology-505190,
214777,Pennsylvania State University--University Park,United States,USA,University Park,92,true,true,Best Global Universities,70.2,49144,https://www.usnews.com/education/best-global-universities/pennsylvania-state-university-university-park-214777,
139755,Georgia Institute of Technology,United States,USA,Atlanta,94,true,false,Best Global Universities,70.1,44320,https://www.usnews.com/education/best-global-universities/georgia-institute-of-technology-139755,
110644,University of California--Davis,United States,USA,Davis,95,true,false,Best Global Universities,70,,https://www.usnews.com/education/best-global-universities/university-of-california-davis-110644,
164988,Boston University,United States,USA,Boston,96,true,false,Best Global Universities,69.8,29202,https://www.usnews.com/education/best-global-universities/boston-university-164988,
501524,University of Birmingham,United Kingdom,GBR,Birmingham (U.K.),97,true,false,Best Global Universities,69.6,,https://www.usnews.com/education/best-global-universities/university-of-birmingham-501524,
145637,University of Illinois--Urbana-Champaign,United States,USA,Champaign,98,true,false,Best Global Universities,69.3,50637,https://www.usnews.com/education/best-global-universities/university-of-illinois-urbana-champaign-145637,
110653,University of California--Irvine,United States,USA,Irvine,99,true,false,Best Global Universities,69.2,36017,https://www.usnews.com/education/best-global-universities/university-of-california-irvine-110653,
110705,University of California--Santa Barbara,United States,USA,Santa Barbara,100,true,false,Best Global Universities,69.1,25399,https://www.usnews.com/education/best-global-universities/university-of-california-santa-barbara-110705,https://www.usnews.com/object/image/00000158-689d-d46e-a7fe-6cbf99a30000/$161115_UCSantaBarbara?size=responsive300&update-time=1479223988936
503389,"Queen Mary, University of London",United Kingdom,GBR,London (U.K.),101,true,false,Best Global Universities,68.9,24420,https://www.usnews.com/education/best-global-universities/queen-mary-university-of-london-503389,
104179,University of Arizona,United States,USA,Tucson,102,true,false,Best Global Universities,68.6,55649,https://www.usnews.com/education/best-global-universities/university-of-arizona-104179,
510489,King Abdullah University of Science and Technology,Saudi Arabia,SAU,Thuwal,103,true,false,Best Global Universities,68.5,,https://www.usnews.com/education/best-global-universities/king-abdullah-university-of-science-and-technology-510489,
506883,Ghent University,Belgium,BEL,Gent,104,true,false,Best Global Universities,68.4,42612,https://www.usnews.com/education/best-global-universities/ghent-university-506883,
126614,University of Colorado--Boulder,United States,USA,Boulder,105,true,true,Best Global Universities,68.3,38428,https://www.usnews.com/education/best-global-universities/university-of-colorado-boulder-126614,https://www.usnews.com/object/image/0000019c-521a-d170-a9fd-f23fd4db0000/$260212_CU%20Boulder%20Image.png?size=responsive300&update-time=1770904065960
134130,University of Florida,United States,USA,Gainesville,105,true,true,Best Global Universities,68.3,49251,https://www.usnews.com/education/best-global-universities/university-of-florida-134130,
502680,University of Oslo,Norway,NOR,Oslo,105,true,true,Best Global Universities,68.3,,https://www.usnews.com/education/best-global-universities/university-of-oslo-502680,
529378,PSL Research University Paris (ComUE),France,FRA,Paris,108,true,false,Best Global Universities,68.2,18665,https://www.usnews.com/education/best-global-universities/psl-research-university-paris-comue-529378,
501989,University of Helsinki,Finland,FIN,Helsinki,109,true,false,Best Global Universities,67.9,,https://www.usnews.com/education/best-global-universities/university-of-helsinki-501989,
501326,Tongji University,China,CHN,Shanghai,110,true,false,Best Global Universities,67.8,32744,https://www.usnews.com/education/best-global-universities/tongji-university-501326,
505604,Harbin Institute of Technology,China,CHN,Harbin,111,true,false,Best Global Universities,67.4,,https://www.usnews.com/education/best-global-universities/harbin-institute-of-technology-505604,
211440,Carnegie Mellon University,United States,USA,Pittsburgh,112,true,false,Best Global Universities,67.3,,https://www.usnews.com/education/best-global-universities/carnegie-mellon-university-211440,
505657,University of Bern,Switzerland,CHE,Bern,113,true,true,Best Global Universities,67.2,12140,https://www.usnews.com/education/best-global-universities/university-of-bern-505657,
228635,University of Texas Southwestern Medical Center--Dallas,United States,USA,Dallas,113,true,true,Best Global Universities,67.2,,https://www.usnews.com/education/best-global-universities/university-of-texas-southwestern-medical-center-dallas-228635,
505375,Hunan University,China,CHN,Changsha,115,true,true,Best Global Universities,67.1,36496,https://www.usnews.com/education/best-global-universities/hunan-university-505375,
505342,University of Bristol,United Kingdom,GBR,Bristol,115,true,true,Best Global Universities,67.1,,https://www.usnews.com/education/best-global-universities/university-of-bristol-505342,
502125,Aarhus University,Denmark,DNK,Aarhus,117,true,true,Best Global Universities,67,25714,https://www.usnews.com/education/best-global-universities/aarhus-university-502125,
503786,University of Auckland,New Zealand,NZL,Auckland,117,true,true,Best Global Universities,67,34476,https://www.usnews.com/education/best-global-universities/university-of-auckland-503786,
529428,Southern University of Science and Technology,China,CHN,Shenzhen,119,true,true,Best Global Universities,66.9,,https://www.usnews.com/education/best-global-universities/southern-university-of-science-and-technology-529428,
501112,Wageningen University and Research Center,Netherlands,NLD,Wageningen,119,true,true,Best Global Universities,66.9,15626,https://www.usnews.com/education/best-global-universities/wageningen-university-and-research-center-501112,
503456,Seoul National University,South Korea,KOR,Seoul,121,true,false,Best Global Universities,66.8,,https://www.usnews.com/education/best-global-universities/seoul-national-university-503456,https://www.usnews.com/object/image/0000014c-e71c-d87f-ab7c-e7bd99f40000/$150423_SNU%20University%20Library.jpg?size=responsive300&update-time=1429806614187
501597,King Abdulaziz University,Saudi Arabia,SAU,Jeddah,122,true,true,Best Global Universities,66.6,,https://www.usnews.com/education/best-global-universities/king-abdulaziz-university-501597,
504187,University of Cape Town,South Africa,ZAF,Cape Town,122,true,true,Best Global Universities,66.6,20953,https://www.usnews.com/education/best-global-universities/university-of-cape-town-504187,
500083,Lund University,Sweden,SWE,Lund,124,true,false,Best Global Universities,66.5,23748,https://www.usnews.com/education/best-global-universities/lund-university-500083,https://www.usnews.com/object/image/00000157-8c88-ddc3-af5f-cfab13170000/$161003_LundUniversity?size=responsive300&update-time=1475531623885
195049,Rockefeller University,United States,USA,New York City,125,true,true,Best Global Universities,66.4,,https://www.usnews.com/education/best-global-universities/rockefeller-university-195049,
504892,University of Southampton,United Kingdom,GBR,Southampton,125,true,true,Best Global Universities,66.4,,https://www.usnews.com/education/best-global-universities/university-of-southampton-504892,
503353,London School of Hygiene and Tropical Medicine,United Kingdom,GBR,London (U.K.),127,true,true,Best Global Universities,66.3,,https://www.usnews.com/education/best-global-universities/london-school-of-hygiene-and-tropical-medicine-503353,
171100,Michigan State University,United States,USA,East Lansing,127,true,true,Best Global Universities,66.3,46957,https://www.usnews.com/education/best-global-universities/michigan-state-university-171100,
504635,University of Geneva,Switzerland,CHE,Geneva,129,true,true,Best Global Universities,66.2,,https://www.usnews.com/education/best-global-universities/university-of-geneva-504635,
503987,Xi'an Jiaotong University,China,CHN,Xi'an,129,true,true,Best Global Universities,66.2,55518,https://www.usnews.com/education/best-global-universities/xian-jiaotong-university-503987,
505700,Autonomous University of Barcelona,Spain,ESP,Barcelona,131,true,true,Best Global Universities,66,33582,https://www.usnews.com/education/best-global-universities/autonomous-university-of-barcelona-505700,https://www.usnews.com/object/image/00000157-7725-ddc3-af5f-7fafc8690000/$160929_UABSpain?size=responsive300&update-time=1475173156695
501467,Central South University,China,CHN,Changsha,131,true,true,Best Global Universities,66,,https://www.usnews.com/education/best-global-universities/central-south-university-501467,
505648,Southeast University,China,CHN,Nanjing,133,true,false,Best Global Universities,65.8,46278,https://www.usnews.com/education/best-global-universities/southeast-university-505648,
500437,Universidade de São Paulo,Brazil,BRA,Sao Paulo,134,true,false,Best Global Universities,65.7,81876,https://www.usnews.com/education/best-global-universities/universidade-de-sao-paulo-500437,
506588,Beijing Normal University,China,CHN,Beijing,135,true,true,Best Global Universities,65.6,,https://www.usnews.com/education/best-global-universities/beijing-normal-university-506588,
234076,University of Virginia,United States,USA,Charlottesville,135,true,true,Best Global Universities,65.6,,https://www.usnews.com/education/best-global-universities/university-of-virginia-234076,
503801,Yonsei University,South Korea,KOR,Seoul,135,true,true,Best Global Universities,65.6,,https://www.usnews.com/education/best-global-universities/yonsei-university-503801,https://www.usnews.com/object/image/00000157-720d-d80b-a1f7-ffcf81480000/$160928_Yonsei?size=responsive300&update-time=1475087365772
502021,University of Exeter,United Kingdom,GBR,Exeter,138,true,false,Best Global Universities,65.5,,https://www.usnews.com/education/best-global-universities/university-of-exeter-502021,
503764,King Saud University,Saudi Arabia,SAU,Riyadh,139,true,true,Best Global Universities,65.4,42846,https://www.usnews.com/education/best-global-universities/king-saud-university-503764,
506145,Sichuan University,China,CHN,Chengdu,139,true,true,Best Global Universities,65.4,50106,https://www.usnews.com/education/best-global-universities/sichuan-university-506145,
110714,University of California--Santa Cruz,United States,USA,Santa Cruz,141,true,false,Best Global Universities,65.2,19764,https://www.usnews.com/education/best-global-universities/university-of-california-santa-cruz-110714,https://www.usnews.com/object/image/00000158-691d-df5e-a979-6b9f4e120000/$161115_UC_santacruz.jpg?size=responsive300&update-time=1479232363223
504884,Deakin University,Australia,AUS,Burwood,142,true,true,Best Global Universities,65.1,39383,https://www.usnews.com/education/best-global-universities/deakin-university-504884,
501519,Radboud University Nijmegen,Netherlands,NLD,Nijmegen,142,true,true,Best Global Universities,65.1,,https://www.usnews.com/education/best-global-universities/radboud-university-nijmegen-501519,
223223,Baylor College of Medicine,United States,USA,Houston,144,true,true,Best Global Universities,65,,https://www.usnews.com/education/best-global-universities/baylor-college-of-medicine-223223,
217156,Brown University,United States,USA,Providence,144,true,true,Best Global Universities,65,11174,https://www.usnews.com/education/best-global-universities/brown-university-217156,
505981,Nankai University,China,CHN,Nankai,146,true,true,Best Global Universities,64.9,34076,https://www.usnews.com/education/best-global-universities/nankai-university-505981,
501079,University of Hamburg,Germany,DEU,Hamburg,146,true,true,Best Global Universities,64.9,28518,https://www.usnews.com/education/best-global-universities/university-of-hamburg-501079,
505265,University of Leeds,United Kingdom,GBR,Leeds,146,true,true,Best Global Universities,64.9,,https://www.usnews.com/education/best-global-universities/university-of-leeds-505265,
501990,Uppsala University,Sweden,SWE,Uppsala,146,true,true,Best Global Universities,64.9,,https://www.usnews.com/education/best-global-universities/uppsala-university-501990,
502196,McMaster University,Canada,CAN,Hamilton,150,true,true,Best Global Universities,64.8,28647,https://www.usnews.com/education/best-global-universities/mcmaster-university-502196,
502210,University of Bologna,Italy,ITA,Bologna,150,true,true,Best Global Universities,64.8,,https://www.usnews.com/education/best-global-universities/university-of-bologna-502210,https://www.usnews.com/object/image/00000156-c787-d061-a7ff-cfdfc1470000/$160826_Unibo?size=responsive300&update-time=1472226590366
504704,Beijing Institute of Technology,China,CHN,Beijing,152,true,true,Best Global Universities,64.7,40769,https://www.usnews.com/education/best-global-universities/beijing-institute-of-technology-504704,
243780,Purdue University--West Lafayette,United States,USA,West Lafayette,152,true,true,Best Global Universities,64.7,47486,https://www.usnews.com/education/best-global-universities/purdue-university-west-lafayette-243780,
506780,University of Electronic Science and Technology of China,China,CHN,Chengdu,152,true,true,Best Global Universities,64.7,40892,https://www.usnews.com/education/best-global-universities/university-of-electronic-science-and-technology-of-china-506780,
503377,Curtin University,Australia,AUS,Bentley,155,true,true,Best Global Universities,64.6,,https://www.usnews.com/education/best-global-universities/curtin-university-503377,
151351,Indiana University Bloomington,United States,USA,Bloomington,155,true,true,Best Global Universities,64.6,68071,https://www.usnews.com/education/best-global-universities/indiana-university-bloomington-151351,
186380,"Rutgers, The State University of New Jersey--New Brunswick",United States,USA,Piscataway Township,155,true,true,Best Global Universities,64.6,,https://www.usnews.com/education/best-global-universities/rutgers-the-state-university-of-new-jersey-new-brunswick-186380,
506550,Sapienza University of Rome,Italy,ITA,Rome,155,true,true,Best Global Universities,64.6,68588,https://www.usnews.com/education/best-global-universities/sapienza-university-of-rome-506550,
503548,University of Nottingham,United Kingdom,GBR,Nottingham,155,true,true,Best Global Universities,64.6,34165,https://www.usnews.com/education/best-global-universities/university-of-nottingham-503548,
166629,University of Massachusetts--Amherst,United States,USA,Amherst,160,true,true,Best Global Universities,64.5,29798,https://www.usnews.com/education/best-global-universities/university-of-massachusetts-amherst-166629,
506478,University of Milan,Italy,ITA,Milan,160,true,true,Best Global Universities,64.5,,https://www.usnews.com/education/best-global-universities/university-of-milan-506478,https://www.usnews.com/object/image/00000156-c85b-d93d-a157-c8fb3a7f0000/$160826_UniversityofMilan?size=responsive300&update-time=1472240705862
505388,Kyoto University,Japan,JPN,Kyoto,162,true,true,Best Global Universities,64.4,,https://www.usnews.com/education/best-global-universities/kyoto-university-505388,https://www.usnews.com/object/image/0000014e-1cf4-d7a8-ab6e-def619550000/$150622_Kyoto_University_1.jpg?size=responsive300&update-time=1435004867754
505115,South China University of Technology,China,CHN,Guangzhou,162,true,true,Best Global Universities,64.4,41191,https://www.usnews.com/education/best-global-universities/south-china-university-of-technology-505115,
528823,Swinburne University of Technology,Australia,AUS,Hawthorn,164,true,true,Best Global Universities,64.3,16244,https://www.usnews.com/education/best-global-universities/swinburne-university-of-technology-528823,
499977,University of Alberta,Canada,CAN,Edmonton,164,true,true,Best Global Universities,64.3,34640,https://www.usnews.com/education/best-global-universities/university-of-alberta-499977,https://www.usnews.com/object/image/00000155-9d06-d3ec-a9fd-dddfb0a90000/$160629_universityofalberta?size=responsive300&update-time=1467218510381
529041,Shenzhen University,China,CHN,Shenzhen,166,true,true,Best Global Universities,64.2,35324,https://www.usnews.com/education/best-global-universities/shenzhen-university-529041,
503557,Tianjin University,China,CHN,Tianjin,166,true,true,Best Global Universities,64.2,27866,https://www.usnews.com/education/best-global-universities/tianjin-university-503557,
501221,University of Leicester,United Kingdom,GBR,Leicester,166,true,true,Best Global Universities,64.2,,https://www.usnews.com/education/best-global-universities/university-of-leicester-501221,
506611,University of Liverpool,United Kingdom,GBR,Liverpool,169,true,false,Best Global Universities,64.1,27820,https://www.usnews.com/education/best-global-universities/university-of-liverpool-506611,
505496,Delft University of Technology,Netherlands,NLD,Delft,170,true,true,Best Global Universities,64,,https://www.usnews.com/education/best-global-universities/delft-university-of-technology-505496,
230764,University of Utah,United States,USA,Salt Lake City,170,true,true,Best Global Universities,64,34257,https://www.usnews.com/education/best-global-universities/university-of-utah-230764,
504619,Queensland University of Technology,Australia,AUS,Brisbane,172,true,false,Best Global Universities,63.9,,https://www.usnews.com/education/best-global-universities/queensland-university-of-technology-504619,
502013,Macquarie University,Australia,AUS,North Ryde,173,true,true,Best Global Universities,63.8,,https://www.usnews.com/education/best-global-universities/macquarie-university-502013,
503858,RMIT University,Australia,AUS,Melbourne (Australia),173,true,true,Best Global Universities,63.8,32454,https://www.usnews.com/education/best-global-universities/rmit-university-503858,
502381,University of Padua,Italy,ITA,Padua,175,true,false,Best Global Universities,63.7,,https://www.usnews.com/education/best-global-universities/university-of-padua-502381,
506410,Xiamen University,China,CHN,Xiamen,176,true,false,Best Global Universities,63.6,,https://www.usnews.com/education/best-global-universities/xiamen-university-506410,
228723,Texas A&M University--College Station,United States,USA,College Station,177,true,true,Best Global Universities,63.5,72010,https://www.usnews.com/education/best-global-universities/texas-am-university-college-station-228723,
501869,University of Gothenburg,Sweden,SWE,Gothenburg,177,true,true,Best Global Universities,63.5,,https://www.usnews.com/education/best-global-universities/university-of-gothenburg-501869,
104151,Arizona State University--Tempe,United States,USA,Tempe,179,true,true,Best Global Universities,63.4,52894,https://www.usnews.com/education/best-global-universities/arizona-state-university-tempe-104151,
504578,University of Bonn,Germany,DEU,Bonn,179,true,true,Best Global Universities,63.4,,https://www.usnews.com/education/best-global-universities/university-of-bonn-504578,
505144,University of Lausanne,Switzerland,CHE,Lausanne,179,true,true,Best Global Universities,63.4,14647,https://www.usnews.com/education/best-global-universities/university-of-lausanne-505144,
504154,Northwestern Polytechnical University,China,CHN,Xi'an,182,true,false,Best Global Universities,63.2,,https://www.usnews.com/education/best-global-universities/northwestern-polytechnical-university-504154,
502158,Beihang University,China,CHN,Beijing,183,true,true,Best Global Universities,63.1,,https://www.usnews.com/education/best-global-universities/beihang-university-502158,
505759,Maastricht University,Netherlands,NLD,Maastricht,183,true,true,Best Global Universities,63.1,,https://www.usnews.com/education/best-global-universities/maastricht-university-505759,
506795,Weizmann Institute of Science,Israel,ISR,Rehovot,183,true,true,Best Global Universities,63.1,,https://www.usnews.com/education/best-global-universities/weizmann-institute-of-science-506795,
503922,University of Sheffield,United Kingdom,GBR,Sheffield,186,true,false,Best Global Universities,63,,https://www.usnews.com/education/best-global-universities/university-of-sheffield-503922,
502609,University of Göttingen,Germany,DEU,Gottingen,187,true,false,Best Global Universities,62.8,,https://www.usnews.com/education/best-global-universities/university-of-gottingen-502609,
100663,University of Alabama--Birmingham,United States,USA,Birmingham (U.S.),188,true,false,Best Global Universities,62.7,,https://www.usnews.com/education/best-global-universities/university-of-alabama-birmingham-100663,
201645,Case Western Reserve University,United States,USA,Cleveland,189,true,true,Best Global Universities,62.6,11408,https://www.usnews.com/education/best-global-universities/case-western-reserve-university-201645,
503016,Technical University of Denmark,Denmark,DNK,Kongens Lyngby,189,true,true,Best Global Universities,62.6,10674,https://www.usnews.com/education/best-global-universities/technical-university-of-denmark-503016,
502059,University of Basel,Switzerland,CHE,Basel,189,true,true,Best Global Universities,62.6,,https://www.usnews.com/education/best-global-universities/university-of-basel-502059,
500688,China Agricultural University,China,CHN,Beijing,192,true,false,Best Global Universities,62.5,,https://www.usnews.com/education/best-global-universities/china-agricultural-university-500688,
503424,"Eberhard Karls University, Tübingen",Germany,DEU,Tubingen,193,true,true,Best Global Universities,62.4,,https://www.usnews.com/education/best-global-universities/eberhard-karls-university-tubingen-503424,
505458,Stockholm University,Sweden,SWE,Stockholm,193,true,true,Best Global Universities,62.4,,https://www.usnews.com/education/best-global-universities/stockholm-university-505458,https://www.usnews.com/object/image/00000157-8c98-ddc3-af5f-cfbb949f0000/$161003_StockholmUniversity?size=responsive300&update-time=1475532678707
500052,Tel Aviv University,Israel,ISR,Tel Aviv,193,true,true,Best Global Universities,62.4,22989,https://www.usnews.com/education/best-global-universities/tel-aviv-university-500052,
529678,University of Colorado Anschutz Medical Campus,United States,USA,Aurora,193,true,true,Best Global Universities,62.4,,https://www.usnews.com/education/best-global-universities/university-of-colorado-anschutz-medical-campus-529678,https://www.usnews.com/object/image/0000019d-6d70-de66-adfd-edfbf0d90000/$260408_UniversityofColorado_ColoradoSchoolofPublicHealth?size=responsive300&update-time=1781628702391
506159,University of Montreal,Canada,CAN,Montreal,193,true,true,Best Global Universities,62.4,,https://www.usnews.com/education/best-global-universities/university-of-montreal-506159,https://www.usnews.com/object/image/00000155-9de0-d393-a9f5-ffe8d2810000/$160629_universityofmontreal?size=responsive300&update-time=1467232711163
505908,University of Vienna,Austria,AUT,Vienna,193,true,true,Best Global Universities,62.4,,https://www.usnews.com/education/best-global-universities/university-of-vienna-505908,
499966,University of Waterloo,Canada,CAN,Waterloo,199,true,false,Best Global Universities,62.3,34772,https://www.usnews.com/education/best-global-universities/university-of-waterloo-499966,
503443,University of Warwick,United Kingdom,GBR,Coventry,200,true,false,Best Global Universities,62.2,,https://www.usnews.com/education/best-global-universities/university-of-warwick-503443,
227757,Rice University,United States,USA,Houston,201,true,false,Best Global Universities,62.1,8167,https://www.usnews.com/education/best-global-universities/rice-university-227757,
505768,Chongqing University,China,CHN,Chongqing,202,true,true,Best Global Universities,62,46095,https://www.usnews.com/education/best-global-universities/chongqing-university-505768,
503247,Newcastle University,United Kingdom,GBR,Newcastle upon Tyne,202,true,true,Best Global Universities,62,,https://www.usnews.com/education/best-global-universities/newcastle-university-503247,
506930,China University of Geosciences,China,CHN,Wuhan,204,true,true,Best Global Universities,61.9,,https://www.usnews.com/education/best-global-universities/china-university-of-geosciences-506930,
503195,University of Wollongong,Australia,AUS,Wollongong,204,true,true,Best Global Universities,61.9,16707,https://www.usnews.com/education/best-global-universities/university-of-wollongong-503195,
505023,University of Antwerp,Belgium,BEL,Antwerp,206,true,true,Best Global Universities,61.7,16773,https://www.usnews.com/education/best-global-universities/university-of-antwerp-505023,
528951,University of Macau,Macau,MAC,Taipa,206,true,true,Best Global Universities,61.7,13091,https://www.usnews.com/education/best-global-universities/university-of-macau-528951,
499975,University of Calgary,Canada,CAN,Calgary,208,true,true,Best Global Universities,61.3,36696,https://www.usnews.com/education/best-global-universities/university-of-calgary-499975,
195030,University of Rochester,United States,USA,Rochester,208,true,true,Best Global Universities,61.3,,https://www.usnews.com/education/best-global-universities/university-of-rochester-195030,
502623,Zhengzhou University,China,CHN,Zhengzhou,208,true,true,Best Global Universities,61.3,,https://www.usnews.com/education/best-global-universities/zhengzhou-university-502623,
500071,Cardiff University,United Kingdom,GBR,Cardiff,211,true,false,Best Global Universities,61.1,,https://www.usnews.com/education/best-global-universities/cardiff-university-500071,
501011,Technical University of Dresden,Germany,DEU,Dresden,212,true,false,Best Global Universities,61,20696,https://www.usnews.com/education/best-global-universities/technical-university-of-dresden-501011,
504165,Medical University of Vienna,Austria,AUT,Vienna,213,true,true,Best Global Universities,60.9,7725,https://www.usnews.com/education/best-global-universities/medical-university-of-vienna-504165,
501570,Trinity College Dublin,Ireland,IRL,Dublin,213,true,true,Best Global Universities,60.9,20188,https://www.usnews.com/education/best-global-universities/trinity-college-dublin-501570,
201885,University of Cincinnati,United States,USA,Cincinnati,213,true,true,Best Global Universities,60.9,39853,https://www.usnews.com/education/best-global-universities/university-of-cincinnati-201885,
506348,University Catholique of Louvain,Belgium,BEL,Louvain-la-Neuve,216,true,true,Best Global Universities,60.8,,https://www.usnews.com/education/best-global-universities/university-catholique-of-louvain-506348,
505539,University of Naples Federico II,Italy,ITA,Naples,216,true,true,Best Global Universities,60.8,,https://www.usnews.com/education/best-global-universities/university-of-naples-federico-ii-505539,
503512,Johann Wolfgang Goethe University Frankfurt am Main,Germany,DEU,Frankfurt am Main,218,true,true,Best Global Universities,60.7,,https://www.usnews.com/education/best-global-universities/johann-wolfgang-goethe-university-frankfurt-am-main-503512,
209490,Oregon Health and Science University,United States,USA,Portland,218,true,true,Best Global Universities,60.7,,https://www.usnews.com/education/best-global-universities/oregon-health-and-science-university-209490,
500396,University of Münster,Germany,DEU,Munster,218,true,true,Best Global Universities,60.7,25490,https://www.usnews.com/education/best-global-universities/university-of-munster-500396,
501834,Cairo University,Egypt,EGY,Giza,221,true,false,Best Global Universities,60.6,234242,https://www.usnews.com/education/best-global-universities/cairo-university-501834,
505166,Shandong University,China,CHN,Jinan,222,true,false,Best Global Universities,60.5,,https://www.usnews.com/education/best-global-universities/shandong-university-505166,
500317,Johannes Gutenberg University of Mainz,Germany,DEU,Mainz,223,true,true,Best Global Universities,60.4,,https://www.usnews.com/education/best-global-universities/johannes-gutenberg-university-of-mainz-500317,
502076,London School of Economics and Political Science,United Kingdom,GBR,London (U.K.),223,true,true,Best Global Universities,60.4,12430,https://www.usnews.com/education/best-global-universities/london-school-of-economics-and-political-science-502076,
506441,RWTH Aachen University,Germany,DEU,Aachen,223,true,true,Best Global Universities,60.4,,https://www.usnews.com/education/best-global-universities/rwth-aachen-university-506441,
501686,Griffith University,Australia,AUS,Nathan,226,true,false,Best Global Universities,60.3,30632,https://www.usnews.com/education/best-global-universities/griffith-university-501686,
506407,East China Normal University,China,CHN,Shanghai,227,true,true,Best Global Universities,60.2,30644,https://www.usnews.com/education/best-global-universities/east-china-normal-university-506407,
504988,National and Kapodistrian University of Athens,Greece,GRC,Athens (Greece),227,true,true,Best Global Universities,60.2,65460,https://www.usnews.com/education/best-global-universities/national-and-kapodistrian-university-of-athens-504988,
503940,University of Freiburg,Germany,DEU,Freiburg,227,true,true,Best Global Universities,60.2,,https://www.usnews.com/education/best-global-universities/university-of-freiburg-503940,
502397,Charles University in Prague,Czech Republic,CZE,Prague,230,true,true,Best Global Universities,59.9,55644,https://www.usnews.com/education/best-global-universities/charles-university-in-prague-502397,
502528,University of Turin,Italy,ITA,Turin,230,true,true,Best Global Universities,59.9,59785,https://www.usnews.com/education/best-global-universities/university-of-turin-502528,https://www.usnews.com/object/image/00000156-c867-d061-a7ff-ca7ff38e0000/$160826_UniversityofTurin?size=responsive300&update-time=1472241173803
167358,Northeastern University,United States,USA,Boston,232,true,false,Best Global Universities,59.7,30784,https://www.usnews.com/education/best-global-universities/northeastern-university-167358,
501438,Jiangsu University,China,CHN,Zhenjiang,233,true,true,Best Global Universities,59.6,,https://www.usnews.com/education/best-global-universities/jiangsu-university-501438,
504077,National Taiwan University,Taiwan,TWN,Taipei,233,true,true,Best Global Universities,59.6,19010,https://www.usnews.com/education/best-global-universities/national-taiwan-university-504077,
135726,University of Miami,United States,USA,Coral Gables,233,true,true,Best Global Universities,59.6,18771,https://www.usnews.com/education/best-global-universities/university-of-miami-135726,
196097,Stony Brook University--SUNY,United States,USA,Stony Brook,236,true,false,Best Global Universities,59.5,25482,https://www.usnews.com/education/best-global-universities/stony-brook-university-suny-196097,
501347,Vita-Salute San Raffaele University,Italy,ITA,Milan,237,true,false,Best Global Universities,59.4,,https://www.usnews.com/education/best-global-universities/vita-salute-san-raffaele-university-501347,
503599,Norwegian University of Science and Technology,Norway,NOR,Trondheim,238,true,true,Best Global Universities,59.3,38122,https://www.usnews.com/education/best-global-universities/norwegian-university-of-science-and-technology-503599,
500060,University of Cologne,Germany,DEU,Koln,238,true,true,Best Global Universities,59.3,,https://www.usnews.com/education/best-global-universities/university-of-cologne-500060,
500909,University of Witwatersrand,South Africa,ZAF,Johannesburg,240,true,false,Best Global Universities,59.2,,https://www.usnews.com/education/best-global-universities/university-of-witwatersrand-500909,
505350,Queen's University Belfast,United Kingdom,GBR,Belfast,241,true,false,Best Global Universities,59,21815,https://www.usnews.com/education/best-global-universities/queens-university-belfast-505350,
500363,University of Newcastle,Australia,AUS,Callaghan,242,true,true,Best Global Universities,58.9,23475,https://www.usnews.com/education/best-global-universities/university-of-newcastle-500363,
506826,Western Sydney University,Australia,AUS,Penrith,242,true,true,Best Global Universities,58.9,34491,https://www.usnews.com/education/best-global-universities/western-sydney-university-506826,
500193,Sungkyunkwan University,South Korea,KOR,Seoul,244,true,false,Best Global Universities,58.8,19012,https://www.usnews.com/education/best-global-universities/sungkyunkwan-university-500193,
506336,Korea Advanced Institute of Science and Technology,South Korea,KOR,Daejeon,245,true,true,Best Global Universities,58.7,11438,https://www.usnews.com/education/best-global-universities/korea-advanced-institute-of-science-and-technology-506336,https://www.usnews.com/object/image/00000155-e571-d548-a175-ed7931a20000/$160713_KAIST?size=responsive300&update-time=1468433363032
501120,University of Lisbon,Portugal,PRT,Lisbon,245,true,true,Best Global Universities,58.7,49025,https://www.usnews.com/education/best-global-universities/university-of-lisbon-501120,
528917,University of Aix-Marseille,France,FRA,Marseille,247,true,true,Best Global Universities,58.6,,https://www.usnews.com/education/best-global-universities/university-of-aix-marseille-528917,
529769,University of Sharjah,United Arab Emirates,ARE,Sharjah University City,247,true,true,Best Global Universities,58.6,,https://www.usnews.com/education/best-global-universities/university-of-sharjah-529769,https://www.usnews.com/object/image/00000194-cd88-d14f-a7d6-edfd19610000/$250203_UniversityofSharjah?size=responsive300&update-time=1738616674364
505970,Royal Institute of Technology,Sweden,SWE,Stockholm,249,true,true,Best Global Universities,58.5,,https://www.usnews.com/education/best-global-universities/royal-institute-of-technology-505970,
153658,University of Iowa,United States,USA,Iowa City,249,true,true,Best Global Universities,58.5,28599,https://www.usnews.com/education/best-global-universities/university-of-iowa-153658,
505067,University of Würzburg,Germany,DEU,Wurzburg,249,true,true,Best Global Universities,58.5,,https://www.usnews.com/education/best-global-universities/university-of-wurzburg-505067,
506357,Technical University of Berlin,Germany,DEU,Berlin,252,true,true,Best Global Universities,58.4,19964,https://www.usnews.com/education/best-global-universities/technical-university-of-berlin-506357,
145600,University of Illinois--Chicago,United States,USA,Chicago,252,true,true,Best Global Universities,58.4,,https://www.usnews.com/education/best-global-universities/university-of-illinois-chicago-145600,
500236,Dalian University of Technology,China,CHN,Dalian,254,true,false,Best Global Universities,58.3,43000,https://www.usnews.com/education/best-global-universities/dalian-university-of-technology-500236,
506709,Jilin University,China,CHN,Changchun,255,true,true,Best Global Universities,58.1,76253,https://www.usnews.com/education/best-global-universities/jilin-university-506709,
505391,Korea University,South Korea,KOR,Seoul,255,true,true,Best Global Universities,58.1,,https://www.usnews.com/education/best-global-universities/korea-university-505391,
501033,University of Florence,Italy,ITA,Florence,255,true,true,Best Global Universities,58.1,44947,https://www.usnews.com/education/best-global-universities/university-of-florence-501033,
504418,University College Dublin,Ireland,IRL,Dublin,258,true,false,Best Global Universities,58,25252,https://www.usnews.com/education/best-global-universities/university-college-dublin-504418,
502502,Autonomous University of Madrid,Spain,ESP,Madrid,259,true,true,Best Global Universities,57.9,30494,https://www.usnews.com/education/best-global-universities/autonomous-university-of-madrid-502502,https://www.usnews.com/object/image/00000157-7800-ddc3-af5f-7bab602d0000/$160929_UAM?size=responsive300&update-time=1574988964026
131469,George Washington University,United States,USA,"Washington, D.C.",259,true,true,Best Global Universities,57.9,,https://www.usnews.com/education/best-global-universities/george-washington-university-131469,
528813,University of Montpellier,France,FRA,Montpellier,259,true,true,Best Global Universities,57.9,39988,https://www.usnews.com/education/best-global-universities/university-of-montpellier-528813,
110671,University of California--Riverside,United States,USA,Riverside,262,true,true,Best Global Universities,57.8,25462,https://www.usnews.com/education/best-global-universities/university-of-california-riverside-110671,
529146,University of Qatar,Qatar,QAT,Doha,262,true,true,Best Global Universities,57.8,,https://www.usnews.com/education/best-global-universities/university-of-qatar-529146,
505864,Osaka University,Japan,JPN,Suita,264,true,true,Best Global Universities,57.7,22435,https://www.usnews.com/education/best-global-universities/osaka-university-505864,
529052,University of Ibadan,Nigeria,NGA,Ibadan,264,true,true,Best Global Universities,57.7,,https://www.usnews.com/education/best-global-universities/university-of-ibadan-529052,
499972,University of Ottawa,Canada,CAN,Ottawa,264,true,true,Best Global Universities,57.7,41130,https://www.usnews.com/education/best-global-universities/university-of-ottawa-499972,
508398,Mansoura University,Egypt,EGY,Mansoura,267,true,false,Best Global Universities,57.6,,https://www.usnews.com/education/best-global-universities/mansoura-university-508398,
199193,North Carolina State University--Raleigh,United States,USA,Raleigh,268,true,true,Best Global Universities,57.5,33484,https://www.usnews.com/education/best-global-universities/north-carolina-state-university-raleigh-199193,
500862,Tohoku University,Japan,JPN,Sendai,268,true,true,Best Global Universities,57.5,17536,https://www.usnews.com/education/best-global-universities/tohoku-university-500862,
501717,Durham University,United Kingdom,GBR,Durham (U.K.),270,true,true,Best Global Universities,57.4,21590,https://www.usnews.com/education/best-global-universities/durham-university-501717,
504748,Pompeu Fabra University,Spain,ESP,Barcelona,270,true,true,Best Global Universities,57.4,13128,https://www.usnews.com/education/best-global-universities/pompeu-fabra-university-504748,
501006,University of Pisa,Italy,ITA,Pisa,270,true,true,Best Global Universities,57.4,29836,https://www.usnews.com/education/best-global-universities/university-of-pisa-501006,
502985,University of Tasmania,Australia,AUS,Hobart,270,true,true,Best Global Universities,57.4,13570,https://www.usnews.com/education/best-global-universities/university-of-tasmania-502985,
504510,University of Valencia,Spain,ESP,Valencia,270,true,true,Best Global Universities,57.4,49289,https://www.usnews.com/education/best-global-universities/university-of-valencia-504510,
168148,Tufts University,United States,USA,Medford,275,true,true,Best Global Universities,57.3,12614,https://www.usnews.com/education/best-global-universities/tufts-university-168148,
505303,Université Libre de Bruxelles,Belgium,BEL,Brussels,275,true,true,Best Global Universities,57.3,32829,https://www.usnews.com/education/best-global-universities/universite-libre-de-bruxelles-505303,
500374,University of Bergen,Norway,NOR,Bergen,275,true,true,Best Global Universities,57.3,15335,https://www.usnews.com/education/best-global-universities/university-of-bergen-500374,
500382,University of Southern Denmark,Denmark,DNK,Odense,278,true,false,Best Global Universities,57.2,,https://www.usnews.com/education/best-global-universities/university-of-southern-denmark-500382,
508017,Al Azhar University,Egypt,EGY,Cairo,279,true,true,Best Global Universities,57.1,46111,https://www.usnews.com/education/best-global-universities/al-azhar-university-508017,
504274,Shanghai University,China,CHN,Shanghai,279,true,true,Best Global Universities,57.1,40098,https://www.usnews.com/education/best-global-universities/shanghai-university-504274,
503600,Northwest A&F University - China,China,CHN,Shaanxi,281,true,true,Best Global Universities,57,,https://www.usnews.com/education/best-global-universities/northwest-af-university-china-503600,
528820,Universite de Bordeaux,France,FRA,Talence,281,true,true,Best Global Universities,57,,https://www.usnews.com/education/best-global-universities/universite-de-bordeaux-528820,
528854,University of Johannesburg,South Africa,ZAF,Johannesburg,281,true,true,Best Global Universities,57,33530,https://www.usnews.com/education/best-global-universities/university-of-johannesburg-528854,
502553,University of Tartu,Estonia,EST,Tartu,281,true,true,Best Global Universities,57,,https://www.usnews.com/education/best-global-universities/university-of-tartu-502553,
501305,La Trobe University,Australia,AUS,Melbourne (Australia),285,true,true,Best Global Universities,56.9,,https://www.usnews.com/education/best-global-universities/la-trobe-university-501305,
514827,United Arab Emirates University,United Arab Emirates,ARE,Al-Ain,285,true,true,Best Global Universities,56.9,,https://www.usnews.com/education/best-global-universities/united-arab-emirates-university-514827,
233921,Virginia Tech,United States,USA,Blacksburg,285,true,true,Best Global Universities,56.9,38393,https://www.usnews.com/education/best-global-universities/virginia-tech-233921,
501276,Aalborg University,Denmark,DNK,Aalborg,288,true,true,Best Global Universities,56.8,15263,https://www.usnews.com/education/best-global-universities/aalborg-university-501276,
500554,Hebrew University of Jerusalem,Israel,ISR,Jerusalem,288,true,true,Best Global Universities,56.8,19189,https://www.usnews.com/education/best-global-universities/hebrew-university-of-jerusalem-500554,
503645,Aalto University,Finland,FIN,Esbo,290,true,true,Best Global Universities,56.7,15399,https://www.usnews.com/education/best-global-universities/aalto-university-503645,
500744,Ain Shams University,Egypt,EGY,Cairo,290,true,true,Best Global Universities,56.7,162012,https://www.usnews.com/education/best-global-universities/ain-shams-university-500744,
131496,Georgetown University,United States,USA,"Washington, D.C.",290,true,true,Best Global Universities,56.7,17488,https://www.usnews.com/education/best-global-universities/georgetown-university-131496,
506723,University of Otago,New Zealand,NZL,Dunedin,290,true,true,Best Global Universities,56.7,18422,https://www.usnews.com/education/best-global-universities/university-of-otago-506723,
505685,University of Porto,Portugal,PRT,Porto,290,true,true,Best Global Universities,56.7,38137,https://www.usnews.com/education/best-global-universities/university-of-porto-505685,
530200,Westlake University,China,CHN,Hangzhou,290,true,true,Best Global Universities,56.7,,https://www.usnews.com/education/best-global-universities/westlake-university-530200,
506527,Complutense University of Madrid,Spain,ESP,Madrid,296,true,true,Best Global Universities,56.6,57878,https://www.usnews.com/education/best-global-universities/complutense-university-of-madrid-506527,
503906,University of Sussex,United Kingdom,GBR,Brighton,296,true,true,Best Global Universities,56.6,,https://www.usnews.com/education/best-global-universities/university-of-sussex-503906,
229027,University of Texas--San Antonio,United States,USA,San Antonio,296,true,true,Best Global Universities,56.6,28203,https://www.usnews.com/education/best-global-universities/university-of-texas-san-antonio-229027,
502442,Karlsruhe Institute of Technology,Germany,DEU,Karlsruhe,299,true,true,Best Global Universities,56.5,21201,https://www.usnews.com/education/best-global-universities/karlsruhe-institute-of-technology-502442,
503504,Leipzig University,Germany,DEU,Leipzig,299,true,true,Best Global Universities,56.5,,https://www.usnews.com/education/best-global-universities/leipzig-university-503504,
500980,Stellenbosch University,South Africa,ZAF,Stellenbosch,299,true,true,Best Global Universities,56.5,27277,https://www.usnews.com/education/best-global-universities/stellenbosch-university-500980,
501339,University of Milan - Bicocca,Italy,ITA,Milan,299,true,true,Best Global Universities,56.5,,https://www.usnews.com/education/best-global-universities/university-of-milan-bicocca-501339,
506361,Wuhan University of Technology,China,CHN,Wuhan,299,true,true,Best Global Universities,56.5,,https://www.usnews.com/education/best-global-universities/wuhan-university-of-technology-506361,
509708,Alexandria University,Egypt,EGY,Alexandria,304,true,true,Best Global Universities,56.4,224063,https://www.usnews.com/education/best-global-universities/alexandria-university-509708,
514033,Zagazig University,Egypt,EGY,Zagazig,304,true,true,Best Global Universities,56.4,,https://www.usnews.com/education/best-global-universities/zagazig-university-514033,
529704,King Khalid University,Saudi Arabia,SAU,Abha,306,true,true,Best Global Universities,56.3,,https://www.usnews.com/education/best-global-universities/king-khalid-university-529704,
503497,Linköping University,Sweden,SWE,Linkoping,306,true,true,Best Global Universities,56.3,,https://www.usnews.com/education/best-global-universities/linkoping-university-503497,
528964,Sejong University,South Korea,KOR,Seoul,306,true,true,Best Global Universities,56.3,,https://www.usnews.com/education/best-global-universities/sejong-university-528964,
504002,University of Erlangen Nuremberg,Germany,DEU,Erlangen,309,true,true,Best Global Universities,56.2,,https://www.usnews.com/education/best-global-universities/university-of-erlangen-nuremberg-504002,
499965,Western University,Canada,CAN,London (Canada),309,true,true,Best Global Universities,56.2,,https://www.usnews.com/education/best-global-universities/western-university-499965,
501730,University of Malaya,Malaysia,MYS,Kuala Lumpur,311,true,false,Best Global Universities,56.1,18503,https://www.usnews.com/education/best-global-universities/university-of-malaya-501730,
506714,Soochow University,China,CHN,Suzhou,312,true,true,Best Global Universities,56,48735,https://www.usnews.com/education/best-global-universities/soochow-university-506714,
129020,University of Connecticut,United States,USA,Storrs,312,true,true,Best Global Universities,56,29850,https://www.usnews.com/education/best-global-universities/university-of-connecticut-129020,
134097,Florida State University,United States,USA,Tallahassee,314,true,true,Best Global Universities,55.9,40096,https://www.usnews.com/education/best-global-universities/florida-state-university-134097,
505327,University of Duisburg-Essen,Germany,DEU,Essen,314,true,true,Best Global Universities,55.9,,https://www.usnews.com/education/best-global-universities/university-of-duisburg-essen-505327,
529618,University of Lagos,Nigeria,NGA,Lagos,314,true,true,Best Global Universities,55.9,,https://www.usnews.com/education/best-global-universities/university-of-lagos-529618,
504903,University of Tehran,Iran,IRN,Tehran,314,true,true,Best Global Universities,55.9,,https://www.usnews.com/education/best-global-universities/university-of-tehran-504903,
530530,"City St Georges, University of London",United Kingdom,GBR,London,318,true,true,Best Global Universities,55.8,,https://www.usnews.com/education/best-global-universities/city-st-georges-university-of-london-530530,
506399,Nanjing Agricultural University,China,CHN,Nanjing,318,true,true,Best Global Universities,55.8,,https://www.usnews.com/education/best-global-universities/nanjing-agricultural-university-506399,
529148,Australian Catholic University,Australia,AUS,Melbourne (Australia),320,true,true,Best Global Universities,55.7,22604,https://www.usnews.com/education/best-global-universities/australian-catholic-university-529148,
528916,Universite Grenoble Alpes (UGA),France,FRA,Saint-Martin-d'Heres,320,true,true,Best Global Universities,55.7,51609,https://www.usnews.com/education/best-global-universities/universite-grenoble-alpes-uga-528916,
506100,King Fahd University of Petroleum and Minerals (KFUPM),Saudi Arabia,SAU,Dhahran,322,true,true,Best Global Universities,55.6,6222,https://www.usnews.com/education/best-global-universities/king-fahd-university-of-petroleum-and-minerals-kfupm-506100,
163259,University of Maryland--Baltimore,United States,USA,Baltimore,322,true,true,Best Global Universities,55.6,,https://www.usnews.com/education/best-global-universities/university-of-maryland-baltimore-163259,
505051,Jinan University,China,CHN,Guangzhou,324,true,true,Best Global Universities,55.5,,https://www.usnews.com/education/best-global-universities/jinan-university-505051,
504720,Lancaster University,United Kingdom,GBR,Lancaster,324,true,true,Best Global Universities,55.5,,https://www.usnews.com/education/best-global-universities/lancaster-university-504720,
505430,University of Potsdam,Germany,DEU,Potsdam (Germany),324,true,true,Best Global Universities,55.5,,https://www.usnews.com/education/best-global-universities/university-of-potsdam-505430,
229300,University of Texas Health Science Center--Houston,United States,USA,Houston,324,true,true,Best Global Universities,55.5,,https://www.usnews.com/education/best-global-universities/university-of-texas-health-science-center-houston-229300,
530531,Institut Polytechnique de Paris,France,FRA,Palaiseau,328,true,true,Best Global Universities,55.4,,https://www.usnews.com/education/best-global-universities/institut-polytechnique-de-paris-530531,
501944,Nagoya University,Japan,JPN,Nagoya,328,true,true,Best Global Universities,55.4,15630,https://www.usnews.com/education/best-global-universities/nagoya-university-501944,
505776,University of York,United Kingdom,GBR,York,328,true,true,Best Global Universities,55.4,,https://www.usnews.com/education/best-global-universities/university-of-york-505776,
182670,Dartmouth College,United States,USA,Hanover,331,true,true,Best Global Universities,55.3,6603,https://www.usnews.com/education/best-global-universities/dartmouth-college-182670,
505482,Kyushu University,Japan,JPN,Fukuoka,331,true,true,Best Global Universities,55.3,,https://www.usnews.com/education/best-global-universities/kyushu-university-505482,
501292,University of Strasbourg,France,FRA,Strasbourg,331,true,true,Best Global Universities,55.3,,https://www.usnews.com/education/best-global-universities/university-of-strasbourg-501292,
503302,University Paul Sabatier - Toulouse 3,France,FRA,Toulouse,331,true,true,Best Global Universities,55.3,,https://www.usnews.com/education/best-global-universities/university-paul-sabatier-toulouse-3-503302,
139959,University of Georgia,United States,USA,"Athens (Georgia, U.S.)",335,true,false,Best Global Universities,55.2,,https://www.usnews.com/education/best-global-universities/university-of-georgia-139959,
506168,Pontificia University Católica de Chile,Chile,CHL,Santiago,336,true,true,Best Global Universities,55,28643,https://www.usnews.com/education/best-global-universities/pontificia-university-catolica-de-chile-506168,
221759,University of Tennessee,United States,USA,Knoxville,336,true,true,Best Global Universities,55,33737,https://www.usnews.com/education/best-global-universities/university-of-tennessee-221759,
530532,Institute of Science Tokyo,Japan,JPN,"Meguro, Tokyo",338,true,false,Best Global Universities,54.9,13330,https://www.usnews.com/education/best-global-universities/institute-of-science-tokyo-530532,
505401,University of Surrey,United Kingdom,GBR,Surrey,339,true,false,Best Global Universities,54.8,14650,https://www.usnews.com/education/best-global-universities/university-of-surrey-505401,
529390,Khalifa University of Science and Technology,United Arab Emirates,ARE,Abu Dhabi,340,true,true,Best Global Universities,54.7,,https://www.usnews.com/education/best-global-universities/khalifa-university-of-science-and-technology-529390,
502229,Polytechnic University of Milan,Italy,ITA,Milan,340,true,true,Best Global Universities,54.7,,https://www.usnews.com/education/best-global-universities/polytechnic-university-of-milan-502229,
504541,Scuola Normale Superiore di Pisa,Italy,ITA,Pisa,340,true,true,Best Global Universities,54.7,743,https://www.usnews.com/education/best-global-universities/scuola-normale-superiore-di-pisa-504541,
503167,Catholic University of Sacred Heart,Italy,ITA,Milan,343,true,true,Best Global Universities,54.6,23888,https://www.usnews.com/education/best-global-universities/catholic-university-of-sacred-heart-503167,
528921,Renmin University of China,China,CHN,Beijing,343,true,true,Best Global Universities,54.6,,https://www.usnews.com/education/best-global-universities/renmin-university-of-china-528921,
503003,Pohang University of Science and Technology,South Korea,KOR,Pohang,345,true,true,Best Global Universities,54.5,,https://www.usnews.com/education/best-global-universities/pohang-university-of-science-and-technology-503003,https://www.usnews.com/object/image/00000157-7183-dca0-ad7f-79b7138a0000/$160928_POSTECH?size=responsive300&update-time=1475078296308
529601,University of Southern Queensland,Australia,AUS,Toowoomba,345,true,true,Best Global Universities,54.5,10456,https://www.usnews.com/education/best-global-universities/university-of-southern-queensland-529601,
126818,Colorado State University,United States,USA,Fort Collins,347,true,false,Best Global Universities,54.4,29191,https://www.usnews.com/education/best-global-universities/colorado-state-university-126818,
505279,Chalmers University of Technology,Sweden,SWE,Gothenburg,348,true,true,Best Global Universities,54.3,,https://www.usnews.com/education/best-global-universities/chalmers-university-of-technology-505279,
504821,University of Buenos Aires,Argentina,ARG,Buenos Aires,348,true,true,Best Global Universities,54.3,,https://www.usnews.com/education/best-global-universities/university-of-buenos-aires-504821,
502651,University of Oulu,Finland,FIN,Oulu,348,true,true,Best Global Universities,54.3,12069,https://www.usnews.com/education/best-global-universities/university-of-oulu-502651,
503180,China Medical University Taiwan,Taiwan,TWN,Taichung,351,true,true,Best Global Universities,54.2,7270,https://www.usnews.com/education/best-global-universities/china-medical-university-taiwan-503180,
503034,Huazhong Agricultural University,China,CHN,Wuhan,351,true,true,Best Global Universities,54.2,,https://www.usnews.com/education/best-global-universities/huazhong-agricultural-university-503034,
529508,ShanghaiTech University,China,CHN,Pudong,351,true,true,Best Global Universities,54.2,,https://www.usnews.com/education/best-global-universities/shanghaitech-university-529508,
529680,Université de Lille,France,FRA,Lille,351,true,true,Best Global Universities,54.2,,https://www.usnews.com/education/best-global-universities/universite-de-lille-529680,
502101,National Autonomous University of Mexico,Mexico,MEX,Mexico City,355,true,true,Best Global Universities,54.1,175686,https://www.usnews.com/education/best-global-universities/national-autonomous-university-of-mexico-502101,
506176,University of Science and Technology Beijing,China,CHN,Beijing,355,true,true,Best Global Universities,54.1,,https://www.usnews.com/education/best-global-universities/university-of-science-and-technology-beijing-506176,
504800,Jiangnan University,China,CHN,Wuxi,357,true,true,Best Global Universities,54,35447,https://www.usnews.com/education/best-global-universities/jiangnan-university-504800,
155317,University of Kansas,United States,USA,Lawrence,357,true,true,Best Global Universities,54,25752,https://www.usnews.com/education/best-global-universities/university-of-kansas-155317,
501098,Beijing University of Chemical Technology,China,CHN,Beijing,359,true,true,Best Global Universities,53.9,,https://www.usnews.com/education/best-global-universities/beijing-university-of-chemical-technology-501098,
529432,Singapore University of Technology and Design,Singapore,SGP,Singapore,359,true,true,Best Global Universities,53.9,2980,https://www.usnews.com/education/best-global-universities/singapore-university-of-technology-and-design-529432,
504975,State University of Campinas,Brazil,BRA,Campinas,359,true,true,Best Global Universities,53.9,32735,https://www.usnews.com/education/best-global-universities/state-university-of-campinas-504975,
137351,University of South Florida,United States,USA,Tampa,362,true,true,Best Global Universities,53.8,40478,https://www.usnews.com/education/best-global-universities/university-of-south-florida-137351,
504089,University of Turku,Finland,FIN,Turku,362,true,true,Best Global Universities,53.8,14264,https://www.usnews.com/education/best-global-universities/university-of-turku-504089,
504942,Free University of Brussels,Belgium,BEL,Elsene,364,true,true,Best Global Universities,53.7,,https://www.usnews.com/education/best-global-universities/free-university-of-brussels-504942,
500459,Ruhr University Bochum,Germany,DEU,Bochum,364,true,true,Best Global Universities,53.7,,https://www.usnews.com/education/best-global-universities/ruhr-university-bochum-500459,
216339,Temple University,United States,USA,Philadelphia,364,true,true,Best Global Universities,53.7,27977,https://www.usnews.com/education/best-global-universities/temple-university-216339,
502427,University College Cork,Ireland,IRL,Cork,364,true,true,Best Global Universities,53.7,20075,https://www.usnews.com/education/best-global-universities/university-college-cork-502427,
502948,University of Pavia,Italy,ITA,Pavia,364,true,true,Best Global Universities,53.7,,https://www.usnews.com/education/best-global-universities/university-of-pavia-502948,
196088,University at Buffalo--SUNY,United States,USA,Buffalo,369,true,true,Best Global Universities,53.6,27162,https://www.usnews.com/education/best-global-universities/university-at-buffalo-suny-196088,
505316,University of Granada,Spain,ESP,Granada,369,true,true,Best Global Universities,53.6,,https://www.usnews.com/education/best-global-universities/university-of-granada-505316,
500870,Claude Bernard University Lyon 1,France,FRA,Villeurbanne,371,true,true,Best Global Universities,53.5,38423,https://www.usnews.com/education/best-global-universities/claude-bernard-university-lyon-1-500870,
502544,Hong Kong Baptist University,Hong Kong,HKG,Hong Kong,371,true,true,Best Global Universities,53.5,,https://www.usnews.com/education/best-global-universities/hong-kong-baptist-university-502544,
160755,Tulane University,United States,USA,New Orleans,371,true,true,Best Global Universities,53.5,12170,https://www.usnews.com/education/best-global-universities/tulane-university-160755,
504044,University of Trento,Italy,ITA,Trento,371,true,true,Best Global Universities,53.5,,https://www.usnews.com/education/best-global-universities/university-of-trento-504044,
503328,University of St. Andrews,United Kingdom,GBR,Fife,375,true,false,Best Global Universities,53.4,,https://www.usnews.com/education/best-global-universities/university-of-st-andrews-503328,
504837,Flinders University,Australia,AUS,Bedford Park,376,true,true,Best Global Universities,53.3,16166,https://www.usnews.com/education/best-global-universities/flinders-university-504837,
501749,University of Aberdeen,United Kingdom,GBR,Aberdeen,376,true,true,Best Global Universities,53.3,,https://www.usnews.com/education/best-global-universities/university-of-aberdeen-501749,
529794,Peking Union Medical College,China,CHN,Beijing,378,true,true,Best Global Universities,53.2,,https://www.usnews.com/education/best-global-universities/peking-union-medical-college-529794,
528826,Universiti Sains Malaysia,Malaysia,MYS,Penang,378,true,true,Best Global Universities,53.2,,https://www.usnews.com/education/best-global-universities/universiti-sains-malaysia-528826,
152080,University of Notre Dame,United States,USA,Notre Dame,378,true,true,Best Global Universities,53.2,12660,https://www.usnews.com/education/best-global-universities/university-of-notre-dame-152080,
506871,Xidian University,China,CHN,Xi'an,378,true,true,Best Global Universities,53.2,40527,https://www.usnews.com/education/best-global-universities/xidian-university-506871,
528832,Fuzhou University,China,CHN,Fuzhou,382,true,true,Best Global Universities,53.1,44550,https://www.usnews.com/education/best-global-universities/fuzhou-university-528832,
506320,James Cook University,Australia,AUS,Townsville City,382,true,true,Best Global Universities,53.1,12788,https://www.usnews.com/education/best-global-universities/james-cook-university-506320,
514931,Northeastern University - China,China,CHN,Shenyang,384,true,true,Best Global Universities,53,41594,https://www.usnews.com/education/best-global-universities/northeastern-university-china-514931,
529076,Zhejiang Normal University,China,CHN,Jinhua,384,true,true,Best Global Universities,53,33914,https://www.usnews.com/education/best-global-universities/zhejiang-normal-university-529076,
529506,Nanjing Forestry University,China,CHN,Nanjing,386,true,true,Best Global Universities,52.8,41122,https://www.usnews.com/education/best-global-universities/nanjing-forestry-university-529506,
506373,University of Bath,United Kingdom,GBR,Bath,386,true,true,Best Global Universities,52.8,,https://www.usnews.com/education/best-global-universities/university-of-bath-506373,
503778,University of Genoa,Italy,ITA,Genoa,386,true,true,Best Global Universities,52.8,20638,https://www.usnews.com/education/best-global-universities/university-of-genoa-503778,
504681,University of Kiel,Germany,DEU,Kiel,386,true,true,Best Global Universities,52.8,,https://www.usnews.com/education/best-global-universities/university-of-kiel-504681,
225511,University of Houston,United States,USA,Houston,390,true,false,Best Global Universities,52.7,46455,https://www.usnews.com/education/best-global-universities/university-of-houston-225511,
506056,Aristotle University of Thessaloniki,Greece,GRC,Thessaloniki,391,true,true,Best Global Universities,52.6,47364,https://www.usnews.com/education/best-global-universities/aristotle-university-of-thessaloniki-506056,
500808,University of Rome Tor Vergata,Italy,ITA,Rome,391,true,true,Best Global Universities,52.6,,https://www.usnews.com/education/best-global-universities/university-of-rome-tor-vergata-500808,
218663,University of South Carolina--Columbia,United States,USA,Columbia,391,true,true,Best Global Universities,52.6,,https://www.usnews.com/education/best-global-universities/university-of-south-carolina-columbia-218663,
529795,Duy Tan University,Vietnam,VNM,Danang,394,true,true,Best Global Universities,52.5,,https://www.usnews.com/education/best-global-universities/duy-tan-university-529795,
500039,Jagiellonian University,Poland,POL,Krakow,394,true,true,Best Global Universities,52.5,32288,https://www.usnews.com/education/best-global-universities/jagiellonian-university-500039,
505583,Swansea University,United Kingdom,GBR,Swansea,394,true,true,Best Global Universities,52.5,,https://www.usnews.com/education/best-global-universities/swansea-university-505583,
505919,Technion Israel Institute of Technology,Israel,ISR,Haifa,394,true,true,Best Global Universities,52.5,14740,https://www.usnews.com/education/best-global-universities/technion-israel-institute-of-technology-505919,
132903,University of Central Florida,United States,USA,Orlando,394,true,true,Best Global Universities,52.5,62364,https://www.usnews.com/education/best-global-universities/university-of-central-florida-132903,
500141,University of Navarra,Spain,ESP,Pamplona,394,true,true,Best Global Universities,52.5,12558,https://www.usnews.com/education/best-global-universities/university-of-navarra-500141,
501655,Eindhoven University of Technology,Netherlands,NLD,Eindhoven,400,true,true,Best Global Universities,52.4,,https://www.usnews.com/education/best-global-universities/eindhoven-university-of-technology-501655,
153603,Iowa State University,United States,USA,Ames,400,true,true,Best Global Universities,52.4,,https://www.usnews.com/education/best-global-universities/iowa-state-university-153603,
502475,University of Ulm,Germany,DEU,Ulm,400,true,true,Best Global Universities,52.4,10101,https://www.usnews.com/education/best-global-universities/university-of-ulm-502475,
234030,Virginia Commonwealth University,United States,USA,Richmond,400,true,true,Best Global Universities,52.4,,https://www.usnews.com/education/best-global-universities/virginia-commonwealth-university-234030,
500914,University of Trieste,Italy,ITA,Trieste,404,true,false,Best Global Universities,52.3,18638,https://www.usnews.com/education/best-global-universities/university-of-trieste-500914,
513421,Assiut University,Egypt,EGY,Assiut,405,true,true,Best Global Universities,52.2,,https://www.usnews.com/education/best-global-universities/assiut-university-513421,
501928,Hokkaido University,Japan,JPN,Sapporo,405,true,true,Best Global Universities,52.2,,https://www.usnews.com/education/best-global-universities/hokkaido-university-501928,
503561,University of East Anglia,United Kingdom,GBR,Norwich,405,true,true,Best Global Universities,52.2,15940,https://www.usnews.com/education/best-global-universities/university-of-east-anglia-503561,
501161,Kyung Hee University,South Korea,KOR,Seoul,408,true,true,Best Global Universities,52.1,20101,https://www.usnews.com/education/best-global-universities/kyung-hee-university-501161,
504198,University of Reading,United Kingdom,GBR,Reading,408,true,true,Best Global Universities,52.1,16740,https://www.usnews.com/education/best-global-universities/university-of-reading-504198,
529200,COMSATS University Islamabad (CUI),Pakistan,PAK,Islamabad,410,true,true,Best Global Universities,52,,https://www.usnews.com/education/best-global-universities/comsats-university-islamabad-cui-529200,
499990,Dalhousie University,Canada,CAN,Halifax,410,true,true,Best Global Universities,52,17682,https://www.usnews.com/education/best-global-universities/dalhousie-university-499990,
500506,Friedrich Schiller University of Jena,Germany,DEU,Jena,410,true,true,Best Global Universities,52,,https://www.usnews.com/education/best-global-universities/friedrich-schiller-university-of-jena-500506,
159391,Louisiana State University--Baton Rouge,United States,USA,Baton Rouge,410,true,true,Best Global Universities,52,35522,https://www.usnews.com/education/best-global-universities/louisiana-state-university-baton-rouge-159391,
501701,Universitat Politècnica de Catalunya,Spain,ESP,Barcelona,410,true,true,Best Global Universities,52,26031,https://www.usnews.com/education/best-global-universities/universitat-politecnica-de-catalunya-501701,
500484,Hanyang University,South Korea,KOR,Seoul,415,true,true,Best Global Universities,51.9,,https://www.usnews.com/education/best-global-universities/hanyang-university-500484,
500946,Queen's University,Canada,CAN,Kingston (Canada),415,true,true,Best Global Universities,51.9,28791,https://www.usnews.com/education/best-global-universities/queens-university-500946,
209542,Oregon State University,United States,USA,Corvallis,417,true,true,Best Global Universities,51.8,,https://www.usnews.com/education/best-global-universities/oregon-state-university-209542,
501543,University of Pretoria,South Africa,ZAF,Hatfied (South Africa),417,true,true,Best Global Universities,51.8,33910,https://www.usnews.com/education/best-global-universities/university-of-pretoria-501543,
506687,University of Twente,Netherlands,NLD,Enschede,417,true,true,Best Global Universities,51.8,8204,https://www.usnews.com/education/best-global-universities/university-of-twente-506687,
499967,University of Victoria,Canada,CAN,Victoria,417,true,true,Best Global Universities,51.8,,https://www.usnews.com/education/best-global-universities/university-of-victoria-499967,
528883,Ulsan National Institute of Science and Technology,South Korea,KOR,Ulsan,421,true,true,Best Global Universities,51.7,,https://www.usnews.com/education/best-global-universities/ulsan-national-institute-of-science-and-technology-528883,
502207,University of Chile,Chile,CHL,Santiago,421,true,true,Best Global Universities,51.7,,https://www.usnews.com/education/best-global-universities/university-of-chile-502207,
504296,University of KwaZulu Natal,South Africa,ZAF,Durban,421,true,true,Best Global Universities,51.7,34947,https://www.usnews.com/education/best-global-universities/university-of-kwazulu-natal-504296,
506253,University of Liège,Belgium,BEL,Liege,421,true,true,Best Global Universities,51.7,,https://www.usnews.com/education/best-global-universities/university-of-liege-506253,
502794,Lanzhou University,China,CHN,Lanzhou,425,true,true,Best Global Universities,51.6,,https://www.usnews.com/education/best-global-universities/lanzhou-university-502794,
502491,Ocean University of China,China,CHN,Qingdao,425,true,true,Best Global Universities,51.6,,https://www.usnews.com/education/best-global-universities/ocean-university-of-china-502491,
236939,Washington State University,United States,USA,Pullman,425,true,true,Best Global Universities,51.6,24593,https://www.usnews.com/education/best-global-universities/washington-state-university-236939,
529188,Tanta University,Egypt,EGY,Tanta,428,true,false,Best Global Universities,51.5,116900,https://www.usnews.com/education/best-global-universities/tanta-university-529188,
501632,Central China Normal University,China,CHN,Wuhan,429,true,true,Best Global Universities,51.4,,https://www.usnews.com/education/best-global-universities/central-china-normal-university-501632,
500468,Federal University of Rio Grande do Sul,Brazil,BRA,Porto Alegre,429,true,true,Best Global Universities,51.4,39203,https://www.usnews.com/education/best-global-universities/federal-university-of-rio-grande-do-sul-500468,
528827,Universiti Teknologi Malaysia,Malaysia,MYS,Johor,429,true,true,Best Global Universities,51.4,17012,https://www.usnews.com/education/best-global-universities/universiti-teknologi-malaysia-528827,
505560,University of Bari,Italy,ITA,Bari,429,true,true,Best Global Universities,51.4,41238,https://www.usnews.com/education/best-global-universities/university-of-bari-505560,
157085,University of Kentucky,United States,USA,Lexington,429,true,true,Best Global Universities,51.4,,https://www.usnews.com/education/best-global-universities/university-of-kentucky-157085,
209551,University of Oregon,United States,USA,Eugene,429,true,true,Best Global Universities,51.4,,https://www.usnews.com/education/best-global-universities/university-of-oregon-209551,
528941,Edith Cowan University,Australia,AUS,Joondalup,435,true,true,Best Global Universities,51.3,20446,https://www.usnews.com/education/best-global-universities/edith-cowan-university-528941,
502726,University of Warsaw,Poland,POL,Warsaw,435,true,true,Best Global Universities,51.3,33662,https://www.usnews.com/education/best-global-universities/university-of-warsaw-502726,
506606,University of Dundee,United Kingdom,GBR,Dundee,437,true,true,Best Global Universities,51.2,,https://www.usnews.com/education/best-global-universities/university-of-dundee-506606,
176017,University of Mississippi,United States,USA,University,437,true,true,Best Global Universities,51.2,,https://www.usnews.com/education/best-global-universities/university-of-mississippi-176017,
502822,University of Seville,Spain,ESP,Seville,437,true,true,Best Global Universities,51.2,63535,https://www.usnews.com/education/best-global-universities/university-of-seville-502822,
503659,Heinrich Heine University of Dusseldorf,Germany,DEU,Dusseldorf,440,true,false,Best Global Universities,51.1,,https://www.usnews.com/education/best-global-universities/heinrich-heine-university-of-dusseldorf-503659,
502308,Nanjing University of Science and Technology,China,CHN,Nanjing,441,true,true,Best Global Universities,51,,https://www.usnews.com/education/best-global-universities/nanjing-university-of-science-and-technology-502308,
504031,Umeå University,Sweden,SWE,Umea,441,true,true,Best Global Universities,51,,https://www.usnews.com/education/best-global-universities/umea-university-504031,
178396,University of Missouri,United States,USA,Columbia,441,true,true,Best Global Universities,51,26703,https://www.usnews.com/education/best-global-universities/university-of-missouri-178396,
500835,Nanjing University of Aeronautics and Astronautics,China,CHN,Nanjing,444,true,true,Best Global Universities,50.9,36523,https://www.usnews.com/education/best-global-universities/nanjing-university-of-aeronautics-and-astronautics-500835,
499981,Simon Fraser University,Canada,CAN,Burnaby,444,true,true,Best Global Universities,50.9,26669,https://www.usnews.com/education/best-global-universities/simon-fraser-university-499981,
501040,University of Coimbra,Portugal,PRT,Coimbra,444,true,true,Best Global Universities,50.9,23663,https://www.usnews.com/education/best-global-universities/university-of-coimbra-501040,
529026,Qingdao University,China,CHN,Qingdao,447,true,true,Best Global Universities,50.8,,https://www.usnews.com/education/best-global-universities/qingdao-university-529026,
126562,University of Colorado--Denver,United States,USA,Denver,447,true,true,Best Global Universities,50.8,12058,https://www.usnews.com/education/best-global-universities/university-of-colorado-denver-126562,
504813,University of Innsbruck,Austria,AUT,Innsbruck,447,true,true,Best Global Universities,50.8,,https://www.usnews.com/education/best-global-universities/university-of-innsbruck-504813,
529741,University of the Philippines Manila,Philippines,PHL,Manila,447,true,true,Best Global Universities,50.8,,https://www.usnews.com/education/best-global-universities/university-of-the-philippines-manila-529741,
223232,Baylor University,United States,USA,Waco,451,true,true,Best Global Universities,50.7,,https://www.usnews.com/education/best-global-universities/baylor-university-223232,
504028,Liverpool John Moores University,United Kingdom,GBR,Liverpool,451,true,true,Best Global Universities,50.7,,https://www.usnews.com/education/best-global-universities/liverpool-john-moores-university-504028,
503114,Quaid I Azam University,Pakistan,PAK,Islamabad,451,true,true,Best Global Universities,50.7,,https://www.usnews.com/education/best-global-universities/quaid-i-azam-university-503114,
530201,Tampere University,Finland,FIN,Tampere,451,true,true,Best Global Universities,50.7,,https://www.usnews.com/education/best-global-universities/tampere-university-530201,
500616,University of Belgrade,Serbia,SRB,Belgrade,451,true,true,Best Global Universities,50.7,,https://www.usnews.com/education/best-global-universities/university-of-belgrade-500616,
502718,University of the Basque Country,Spain,ESP,Leioa,451,true,true,Best Global Universities,50.7,40720,https://www.usnews.com/education/best-global-universities/university-of-the-basque-country-502718,
528997,Hohai University,China,CHN,Nanjing,457,true,true,Best Global Universities,50.6,,https://www.usnews.com/education/best-global-universities/hohai-university-528997,
528923,Koç University,Türkiye,TUR,Istanbul,457,true,true,Best Global Universities,50.6,7111,https://www.usnews.com/education/best-global-universities/koc-university-528923,
529682,Université Côte d'Azur,France,FRA,Nice,457,true,true,Best Global Universities,50.6,,https://www.usnews.com/education/best-global-universities/universite-cote-dazur-529682,
529627,Humanitas University,Italy,ITA,Milan,460,true,true,Best Global Universities,50.5,,https://www.usnews.com/education/best-global-universities/humanitas-university-529627,
528829,Islamic Azad University,Iran,IRN,Tehran,460,true,true,Best Global Universities,50.5,1326232,https://www.usnews.com/education/best-global-universities/islamic-azad-university-528829,
529690,Kafrelsheikh University,Egypt,EGY,Kafr el-sheikh,460,true,true,Best Global Universities,50.5,,https://www.usnews.com/education/best-global-universities/kafrelsheikh-university-529690,
528818,Murdoch University,Australia,AUS,Murdoch,460,true,true,Best Global Universities,50.5,17453,https://www.usnews.com/education/best-global-universities/murdoch-university-528818,
166708,University of Massachusetts--Worcester,United States,USA,Worcester,460,true,true,Best Global Universities,50.5,,https://www.usnews.com/education/best-global-universities/university-of-massachusetts-worcester-166708,
501104,University of Nantes,France,FRA,Nantes,460,true,true,Best Global Universities,50.5,,https://www.usnews.com/education/best-global-universities/university-of-nantes-501104,
504066,Boğaziçi University,Türkiye,TUR,Istanbul,466,true,true,Best Global Universities,50.3,,https://www.usnews.com/education/best-global-universities/bogazici-university-504066,
529568,Universite de Lorraine,France,FRA,Nancy,466,true,true,Best Global Universities,50.3,,https://www.usnews.com/education/best-global-universities/universite-de-lorraine-529568,
504106,University of Catania,Italy,ITA,Catania,466,true,true,Best Global Universities,50.3,,https://www.usnews.com/education/best-global-universities/university-of-catania-504106,
130943,University of Delaware,United States,USA,Newark,466,true,true,Best Global Universities,50.3,21557,https://www.usnews.com/education/best-global-universities/university-of-delaware-130943,
172644,Wayne State University,United States,USA,Detroit,466,true,true,Best Global Universities,50.3,,https://www.usnews.com/education/best-global-universities/wayne-state-university-172644,
500299,Donghua University,China,CHN,Shanghai,471,true,true,Best Global Universities,50.2,23649,https://www.usnews.com/education/best-global-universities/donghua-university-500299,
232186,George Mason University,United States,USA,Fairfax,471,true,true,Best Global Universities,50.2,33634,https://www.usnews.com/education/best-global-universities/george-mason-university-232186,
503954,University of Manitoba,Canada,CAN,Winnipeg,471,true,true,Best Global Universities,50.2,30078,https://www.usnews.com/education/best-global-universities/university-of-manitoba-503954,
187985,University of New Mexico,United States,USA,Albuquerque,471,true,true,Best Global Universities,50.2,,https://www.usnews.com/education/best-global-universities/university-of-new-mexico-187985,
506429,University of Tsukuba,Japan,JPN,Tsukuba,471,true,true,Best Global Universities,50.2,16466,https://www.usnews.com/education/best-global-universities/university-of-tsukuba-506429,
503226,Hannover Medical School,Germany,DEU,Hannover,476,true,true,Best Global Universities,50.1,,https://www.usnews.com/education/best-global-universities/hannover-medical-school-503226,
506024,Southwest University - China,China,CHN,Chongqing,476,true,true,Best Global Universities,50.1,,https://www.usnews.com/education/best-global-universities/southwest-university-china-506024,
504111,Victoria University of Wellington,New Zealand,NZL,Wellington,476,true,true,Best Global Universities,50.1,15728,https://www.usnews.com/education/best-global-universities/victoria-university-of-wellington-504111,
505463,Medical University of Innsbruck,Austria,AUT,Innsbruck,479,true,true,Best Global Universities,50,,https://www.usnews.com/education/best-global-universities/medical-university-of-innsbruck-505463,
529160,Nanjing University of Information Science and Technology,China,CHN,Nanjing,479,true,true,Best Global Universities,50,39535,https://www.usnews.com/education/best-global-universities/nanjing-university-of-information-science-and-technology-529160,
530000,University of Lahore,Pakistan,PAK,Lahore,479,true,true,Best Global Universities,50,,https://www.usnews.com/education/best-global-universities/university-of-lahore-530000,
505552,Beijing University of Technology,China,CHN,Beijing,482,true,true,Best Global Universities,49.9,,https://www.usnews.com/education/best-global-universities/beijing-university-of-technology-505552,
528982,Nanjing Normal University,China,CHN,Nanjing,482,true,true,Best Global Universities,49.9,,https://www.usnews.com/education/best-global-universities/nanjing-normal-university-528982,
196413,Syracuse University,United States,USA,Syracuse,482,true,true,Best Global Universities,49.9,22869,https://www.usnews.com/education/best-global-universities/syracuse-university-196413,
141574,University of Hawaii--Manoa,United States,USA,Honolulu,482,true,true,Best Global Universities,49.9,16222,https://www.usnews.com/education/best-global-universities/university-of-hawaii-manoa-141574,
504736,University of Strathclyde,United Kingdom,GBR,Glasgow,482,true,true,Best Global Universities,49.9,,https://www.usnews.com/education/best-global-universities/university-of-strathclyde-504736,
510873,Hamad Bin Khalifa University,Qatar,QAT,Doha,487,true,false,Best Global Universities,49.7,,https://www.usnews.com/education/best-global-universities/hamad-bin-khalifa-university-510873,
504608,Federal University of Rio de Janeiro,Brazil,BRA,Rio de Janeiro,488,true,true,Best Global Universities,49.6,56174,https://www.usnews.com/education/best-global-universities/federal-university-of-rio-de-janeiro-504608,
133951,Florida International University,United States,USA,Miami,488,true,true,Best Global Universities,49.6,35234,https://www.usnews.com/education/best-global-universities/florida-international-university-133951,
530061,Princess Nourah bint Abdulrahman University,Saudi Arabia,SAU,Riyadh,488,true,true,Best Global Universities,49.6,21785,https://www.usnews.com/education/best-global-universities/princess-nourah-bint-abdulrahman-university-530061,
164924,Boston College,United States,USA,Chestnut Hill,491,true,true,Best Global Universities,49.5,12989,https://www.usnews.com/education/best-global-universities/boston-college-164924,
505636,Chulalongkorn University,Thailand,THA,Bangkok,491,true,true,Best Global Universities,49.5,,https://www.usnews.com/education/best-global-universities/chulalongkorn-university-505636,
502840,University of Ljubljana,Slovenia,SVN,Ljubljana,491,true,true,Best Global Universities,49.5,37402,https://www.usnews.com/education/best-global-universities/university-of-ljubljana-502840,
506043,Federal University of Minas Gerais,Brazil,BRA,Belo Horizonte,494,true,true,Best Global Universities,49.4,,https://www.usnews.com/education/best-global-universities/federal-university-of-minas-gerais-506043,
506503,Loughborough University,United Kingdom,GBR,Loughborough,494,true,true,Best Global Universities,49.4,,https://www.usnews.com/education/best-global-universities/loughborough-university-506503,
529257,Southern Medical University - China,China,CHN,Guangzhou,494,true,true,Best Global Universities,49.4,,https://www.usnews.com/education/best-global-universities/southern-medical-university-china-529257,
529709,Sechenov First Moscow State Medical University,Russia,RUS,Moscow (Russia),497,true,true,Best Global Universities,49.3,20164,https://www.usnews.com/education/best-global-universities/sechenov-first-moscow-state-medical-university-529709,
530031,South Ural State University,Russia,RUS,Chelyabins,497,true,true,Best Global Universities,49.3,,https://www.usnews.com/education/best-global-universities/south-ural-state-university-530031,
528991,Southwest Jiaotong University,China,CHN,Chengdu,497,true,true,Best Global Universities,49.3,,https://www.usnews.com/education/best-global-universities/southwest-jiaotong-university-528991,
530043,Sunway University,Malaysia,MYS,Petaling Jaya,497,true,true,Best Global Universities,49.3,,https://www.usnews.com/education/best-global-universities/sunway-university-530043,
503091,Swedish University of Agricultural Sciences,Sweden,SWE,Uppsala,497,true,true,Best Global Universities,49.3,,https://www.usnews.com/education/best-global-universities/swedish-university-of-agricultural-sciences-503091,
511965,Taif University,Saudi Arabia,SAU,Taif,497,true,true,Best Global Universities,49.3,35179,https://www.usnews.com/education/best-global-universities/taif-university-511965,
529270,Guangdong University of Technology,China,CHN,Guangzhou,503,true,true,Best Global Universities,49.2,53716,https://www.usnews.com/education/best-global-universities/guangdong-university-of-technology-529270,
528824,International School for Advanced Studies,Italy,ITA,Trieste,503,true,true,Best Global Universities,49.2,,https://www.usnews.com/education/best-global-universities/international-school-for-advanced-studies-528824,
506569,University of Santiago of Compostela,Spain,ESP,Santiago de Compostela,503,true,true,Best Global Universities,49.2,,https://www.usnews.com/education/best-global-universities/university-of-santiago-of-compostela-506569,
228787,University of Texas--Dallas,United States,USA,Richardson,503,true,true,Best Global Universities,49.2,27071,https://www.usnews.com/education/best-global-universities/university-of-texas-dallas-228787,
505612,Eotvos Lorand University,Hungary,HUN,Budapest,507,true,true,Best Global Universities,49.1,33748,https://www.usnews.com/education/best-global-universities/eotvos-lorand-university-505612,
500715,Keio University,Japan,JPN,Tokyo,507,true,true,Best Global Universities,49.1,34336,https://www.usnews.com/education/best-global-universities/keio-university-500715,
505699,Laval University,Canada,CAN,Quebec City,507,true,true,Best Global Universities,49.1,30580,https://www.usnews.com/education/best-global-universities/laval-university-505699,
529163,Nottingham Trent University,United Kingdom,GBR,Nottingham,507,true,true,Best Global Universities,49.1,,https://www.usnews.com/education/best-global-universities/nottingham-trent-university-529163,
500186,China University of Petroleum,China,CHN,Qingdao,511,true,true,Best Global Universities,49,,https://www.usnews.com/education/best-global-universities/china-university-of-petroleum-500186,
529112,Nanchang University,China,CHN,Nanchang,511,true,true,Best Global Universities,49,,https://www.usnews.com/education/best-global-universities/nanchang-university-529112,
530003,Prince Sattam Bin Abdulaziz University,Saudi Arabia,SAU,Al Kharj,511,true,true,Best Global Universities,49,,https://www.usnews.com/education/best-global-universities/prince-sattam-bin-abdulaziz-university-530003,
501607,South China Normal University,China,CHN,Guangzhou,514,true,true,Best Global Universities,48.9,,https://www.usnews.com/education/best-global-universities/south-china-normal-university-501607,
207500,University of Oklahoma,United States,USA,Norman,514,true,true,Best Global Universities,48.9,29632,https://www.usnews.com/education/best-global-universities/university-of-oklahoma-207500,
199847,Wake Forest University,United States,USA,Winston-Salem,514,true,true,Best Global Universities,48.9,8726,https://www.usnews.com/education/best-global-universities/wake-forest-university-199847,
500445,M. V. Lomonosov Moscow State University,Russia,RUS,Moscow (Russia),517,true,true,Best Global Universities,48.8,,https://www.usnews.com/education/best-global-universities/m-v-lomonosov-moscow-state-university-500445,
502577,Polytechnic University of Turin,Italy,ITA,Turin,517,true,true,Best Global Universities,48.8,31782,https://www.usnews.com/education/best-global-universities/polytechnic-university-of-turin-502577,
505745,University of Portsmouth,United Kingdom,GBR,Portsmouth,517,true,true,Best Global Universities,48.8,,https://www.usnews.com/education/best-global-universities/university-of-portsmouth-505745,
218335,Medical University of South Carolina,United States,USA,Charleston,520,true,true,Best Global Universities,48.7,,https://www.usnews.com/education/best-global-universities/medical-university-of-south-carolina-218335,
501245,National Tsing Hua University,Taiwan,TWN,Hsinchu,520,true,true,Best Global Universities,48.7,14304,https://www.usnews.com/education/best-global-universities/national-tsing-hua-university-501245,
181464,University of Nebraska--Lincoln,United States,USA,Lincoln (U.S.),522,true,true,Best Global Universities,48.6,23763,https://www.usnews.com/education/best-global-universities/university-of-nebraska-lincoln-181464,
503896,University of Verona,Italy,ITA,Verona,522,true,true,Best Global Universities,48.6,,https://www.usnews.com/education/best-global-universities/university-of-verona-503896,
528944,Auckland University of Technology,New Zealand,NZL,Auckland,524,true,true,Best Global Universities,48.5,18071,https://www.usnews.com/education/best-global-universities/auckland-university-of-technology-528944,
501352,Beijing Jiaotong University,China,CHN,Beijing,524,true,true,Best Global Universities,48.5,,https://www.usnews.com/education/best-global-universities/beijing-jiaotong-university-501352,
502130,Beijing University of Posts,China,CHN,Beijing,524,true,true,Best Global Universities,48.5,,https://www.usnews.com/education/best-global-universities/beijing-university-of-posts-502130,
502232,Brunel University,United Kingdom,GBR,Uxbridge,524,true,true,Best Global Universities,48.5,13740,https://www.usnews.com/education/best-global-universities/brunel-university-502232,
529681,Università della Svizzera italiana,Switzerland,CHE,Lugano,524,true,true,Best Global Universities,48.5,4204,https://www.usnews.com/education/best-global-universities/universita-della-svizzera-italiana-529681,
504447,Université de Rennes 1,France,FRA,Rennes,524,true,true,Best Global Universities,48.5,,https://www.usnews.com/education/best-global-universities/universite-de-rennes-1-504447,
499962,York University,Canada,CAN,Toronto,530,true,false,Best Global Universities,48.4,41538,https://www.usnews.com/education/best-global-universities/york-university-499962,
504555,Capital Medical University,China,CHN,Beijing,531,true,true,Best Global Universities,48.3,,https://www.usnews.com/education/best-global-universities/capital-medical-university-504555,
506917,Masaryk University,Czech Republic,CZE,Brno,531,true,true,Best Global Universities,48.3,34399,https://www.usnews.com/education/best-global-universities/masaryk-university-506917,
505038,NUI Galway,Ireland,IRL,Galway,531,true,true,Best Global Universities,48.3,,https://www.usnews.com/education/best-global-universities/nui-galway-505038,
529357,Universidad Peruana Cayetano Heredia,Peru,PER,Lima,531,true,true,Best Global Universities,48.3,,https://www.usnews.com/education/best-global-universities/universidad-peruana-cayetano-heredia-529357,
148511,Rush University,United States,USA,Chicago,535,true,true,Best Global Universities,48.2,,https://www.usnews.com/education/best-global-universities/rush-university-148511,
216366,Thomas Jefferson University,United States,USA,Philadelphia,535,true,true,Best Global Universities,48.2,,https://www.usnews.com/education/best-global-universities/thomas-jefferson-university-216366,
506121,University of Nova de Lisboa,Portugal,PRT,Lisbon,535,true,true,Best Global Universities,48.2,,https://www.usnews.com/education/best-global-universities/university-of-nova-de-lisboa-506121,
502370,Bocconi University,Italy,ITA,Milan,538,true,true,Best Global Universities,48.1,,https://www.usnews.com/education/best-global-universities/bocconi-university-502370,
528945,University of Luxembourg,Luxembourg,LUX,Esch-sur-Alzette,538,true,true,Best Global Universities,48.1,,https://www.usnews.com/education/best-global-universities/university-of-luxembourg-528945,
501902,Ben-Gurion University of the Negev,Israel,ISR,Beer-Sheva,540,true,true,Best Global Universities,48,16839,https://www.usnews.com/education/best-global-universities/ben-gurion-university-of-the-negev-501902,
514869,King Faisal University,Saudi Arabia,SAU,Al Ahsa,540,true,true,Best Global Universities,48,,https://www.usnews.com/education/best-global-universities/king-faisal-university-514869,
501931,Waseda University,Japan,JPN,Tokyo,540,true,true,Best Global Universities,48,46450,https://www.usnews.com/education/best-global-universities/waseda-university-501931,
505997,East China University of Science and Technology,China,CHN,Shanghai,543,true,true,Best Global Universities,47.9,32678,https://www.usnews.com/education/best-global-universities/east-china-university-of-science-and-technology-505997,
500789,Universiti Putra Malaysia,Malaysia,MYS,Serdang,543,true,true,Best Global Universities,47.9,20358,https://www.usnews.com/education/best-global-universities/universiti-putra-malaysia-500789,
504532,University of Canterbury,New Zealand,NZL,Christchurch,543,true,true,Best Global Universities,47.9,15674,https://www.usnews.com/education/best-global-universities/university-of-canterbury-504532,
529537,Guangzhou University,China,CHN,Guangzhou,546,true,true,Best Global Universities,47.8,,https://www.usnews.com/education/best-global-universities/guangzhou-university-529537,
508025,Prince Sultan University,Saudi Arabia,SAU,Riyadh,546,true,true,Best Global Universities,47.8,,https://www.usnews.com/education/best-global-universities/prince-sultan-university-508025,
502811,Semmelweis University,Hungary,HUN,Budapest,546,true,true,Best Global Universities,47.8,10596,https://www.usnews.com/education/best-global-universities/semmelweis-university-502811,
506289,Universiti Kebangsaan Malaysia (UKM),Malaysia,MYS,Bangi Selangor,546,true,true,Best Global Universities,47.8,,https://www.usnews.com/education/best-global-universities/universiti-kebangsaan-malaysia-ukm-506289,
499994,American University of Beirut,Lebanon,LBN,Beirut,550,true,true,Best Global Universities,47.7,7954,https://www.usnews.com/education/best-global-universities/american-university-of-beirut-499994,
502092,Copenhagen Business School,Denmark,DNK,Frederiksberg,550,true,true,Best Global Universities,47.7,,https://www.usnews.com/education/best-global-universities/copenhagen-business-school-502092,
529237,Ural Federal University,Russia,RUS,Ekaterinburg,550,true,true,Best Global Universities,47.7,,https://www.usnews.com/education/best-global-universities/ural-federal-university-529237,
502163,Vienna University of Technology,Austria,AUT,Vienna,550,true,true,Best Global Universities,47.7,,https://www.usnews.com/education/best-global-universities/vienna-university-of-technology-502163,
529071,Zhejiang University of Technology,China,CHN,Hangzhou,550,true,true,Best Global Universities,47.7,31857,https://www.usnews.com/education/best-global-universities/zhejiang-university-of-technology-529071,
212054,Drexel University,United States,USA,Philadelphia,555,true,true,Best Global Universities,47.6,18619,https://www.usnews.com/education/best-global-universities/drexel-university-212054,
503481,Mahidol University,Thailand,THA,Salaya,555,true,true,Best Global Universities,47.6,29775,https://www.usnews.com/education/best-global-universities/mahidol-university-503481,
239169,Medical College of Wisconsin,United States,USA,Milwaukee,555,true,true,Best Global Universities,47.6,,https://www.usnews.com/education/best-global-universities/medical-college-of-wisconsin-239169,
530203,Ahmadu Bello University,Nigeria,NGA,Zaria,558,true,false,Best Global Universities,47.5,,https://www.usnews.com/education/best-global-universities/ahmadu-bello-university-530203,
529062,The Education University of Hong Kong,Hong Kong,HKG,Tai Po,559,true,true,Best Global Universities,47.4,,https://www.usnews.com/education/best-global-universities/the-education-university-of-hong-kong-529062,
504471,University of Eastern Finland,Finland,FIN,Joensuu,559,true,true,Best Global Universities,47.4,13321,https://www.usnews.com/education/best-global-universities/university-of-eastern-finland-504471,
499974,University of Guelph,Canada,CAN,Guelph,559,true,true,Best Global Universities,47.4,24030,https://www.usnews.com/education/best-global-universities/university-of-guelph-499974,
229115,Texas Tech University,United States,USA,Lubbock,562,true,true,Best Global Universities,47.3,38175,https://www.usnews.com/education/best-global-universities/texas-tech-university-229115,
510156,Umm Al-Qura University,Saudi Arabia,SAU,Makkah,562,true,true,Best Global Universities,47.3,,https://www.usnews.com/education/best-global-universities/umm-al-qura-university-510156,
529045,China University of Mining,China,CHN,Xuzhou,564,true,false,Best Global Universities,47.2,,https://www.usnews.com/education/best-global-universities/china-university-of-mining-529045,
500938,Nanjing Medical University,China,CHN,Gulou,565,true,true,Best Global Universities,47,25317,https://www.usnews.com/education/best-global-universities/nanjing-medical-university-500938,
507300,Sultan Qaboos University,Oman,OMN,Muscat,565,true,true,Best Global Universities,47,,https://www.usnews.com/education/best-global-universities/sultan-qaboos-university-507300,
500627,University of Jyväskylä,Finland,FIN,Jyvaskyla,565,true,true,Best Global Universities,47,11465,https://www.usnews.com/education/best-global-universities/university-of-jyvaskyla-500627,
529500,Macau University of Science and Technology,Macau,MAC,Taipa,568,true,true,Best Global Universities,46.9,,https://www.usnews.com/education/best-global-universities/macau-university-of-science-and-technology-529500,
501562,Medical University of Graz,Austria,AUT,Graz,568,true,true,Best Global Universities,46.9,,https://www.usnews.com/education/best-global-universities/medical-university-of-graz-501562,
503271,Middle East Technical University,Türkiye,TUR,Ankara,568,true,true,Best Global Universities,46.9,15441,https://www.usnews.com/education/best-global-universities/middle-east-technical-university-503271,
500790,University of Giessen,Germany,DEU,Giessen,568,true,true,Best Global Universities,46.9,,https://www.usnews.com/education/best-global-universities/university-of-giessen-500790,
502783,University of Zagreb,Croatia,HRV,Zagreb,568,true,true,Best Global Universities,46.9,57493,https://www.usnews.com/education/best-global-universities/university-of-zagreb-502783,
528929,Moscow Institute of Physics and Technology,Russia,RUS,Dolgoprudny,573,true,true,Best Global Universities,46.8,,https://www.usnews.com/education/best-global-universities/moscow-institute-of-physics-and-technology-528929,
529129,National Research University - Higher School of Economics,Russia,RUS,Moscow (Russia),573,true,true,Best Global Universities,46.8,40988,https://www.usnews.com/education/best-global-universities/national-research-university-higher-school-of-economics-529129,
504712,University of Konstanz,Germany,DEU,Konstanz,573,true,true,Best Global Universities,46.8,6599,https://www.usnews.com/education/best-global-universities/university-of-konstanz-504712,
530206,University of Management & Technology (UMT),Pakistan,PAK,Punjab,573,true,true,Best Global Universities,46.8,,https://www.usnews.com/education/best-global-universities/university-of-management-technology-umt-530206,
499917,University of Tennessee Health Science Center,United States,USA,Memphis,573,true,true,Best Global Universities,46.8,,https://www.usnews.com/education/best-global-universities/university-of-tennessee-health-science-center-499917,
502174,Philipps University of Marburg,Germany,DEU,Marburg,578,true,true,Best Global Universities,46.7,,https://www.usnews.com/education/best-global-universities/philipps-university-of-marburg-502174,
502898,Sharif University of Technology,Iran,IRN,Tehran,578,true,true,Best Global Universities,46.7,,https://www.usnews.com/education/best-global-universities/sharif-university-of-technology-502898,
530173,Shoolini University,India,IND,Bajhol,578,true,true,Best Global Universities,46.7,,https://www.usnews.com/education/best-global-universities/shoolini-university-530173,
503331,UNESP - Universidade Estadual Paulista,Brazil,BRA,Sao Paulo,578,true,true,Best Global Universities,46.7,35255,https://www.usnews.com/education/best-global-universities/unesp-universidade-estadual-paulista-503331,
503676,University of Hannover,Germany,DEU,Hannover,578,true,true,Best Global Universities,46.7,,https://www.usnews.com/education/best-global-universities/university-of-hannover-503676,
501953,Federal University of São Paulo,Brazil,BRA,Sao Paulo,583,true,true,Best Global Universities,46.6,,https://www.usnews.com/education/best-global-universities/federal-university-of-sao-paulo-501953,
529032,South China Agricultural University,China,CHN,Guangzhou,583,true,true,Best Global Universities,46.6,,https://www.usnews.com/education/best-global-universities/south-china-agricultural-university-529032,
529538,Jamia Millia Islamia,India,IND,New Delhi,585,true,true,Best Global Universities,46.5,10370,https://www.usnews.com/education/best-global-universities/jamia-millia-islamia-529538,
503294,Tehran University of Medical Sciences,Iran,IRN,Tehran,585,true,true,Best Global Universities,46.5,14564,https://www.usnews.com/education/best-global-universities/tehran-university-of-medical-sciences-503294,
500777,University of Bremen,Germany,DEU,Bremen,587,true,false,Best Global Universities,46.4,11398,https://www.usnews.com/education/best-global-universities/university-of-bremen-500777,
528970,North West University - South Africa,South Africa,ZAF,Potchefstroom,588,true,true,Best Global Universities,46.3,,https://www.usnews.com/education/best-global-universities/north-west-university-south-africa-528970,
500220,University of Regensburg,Germany,DEU,Regensburg,588,true,true,Best Global Universities,46.3,,https://www.usnews.com/education/best-global-universities/university-of-regensburg-500220,
529152,National University of Sciences and Technology - Pakistan,Pakistan,PAK,Islamabad,590,true,true,Best Global Universities,46.2,,https://www.usnews.com/education/best-global-universities/national-university-of-sciences-and-technology-pakistan-529152,
501535,University of Palermo,Italy,ITA,Palermo,590,true,true,Best Global Universities,46.2,,https://www.usnews.com/education/best-global-universities/university-of-palermo-501535,
529036,Addis Ababa University,Ethiopia,ETH,Addis Ababa,592,true,true,Best Global Universities,46.1,,https://www.usnews.com/education/best-global-universities/addis-ababa-university-529036,
505956,Indian Institute of Science - Bangalore,India,IND,Bangalore,592,true,true,Best Global Universities,46.1,5283,https://www.usnews.com/education/best-global-universities/indian-institute-of-science-bangalore-505956,https://www.usnews.com/object/image/00000157-8cb5-dca0-ad7f-ccb7ccf20000/$161003_IISc?size=responsive300&update-time=1475534623655
502531,University of Salerno,Italy,ITA,Fisciano,592,true,true,Best Global Universities,46.1,21891,https://www.usnews.com/education/best-global-universities/university-of-salerno-502531,
499969,University of Saskatchewan,Canada,CAN,Saskatoon,592,true,true,Best Global Universities,46.1,18821,https://www.usnews.com/education/best-global-universities/university-of-saskatchewan-499969,
529721,Imam Abdulrahman Bin Faisal University,Saudi Arabia,SAU,Dammam,596,true,true,Best Global Universities,46,24785,https://www.usnews.com/education/best-global-universities/imam-abdulrahman-bin-faisal-university-529721,
529781,National Yang Ming Chiao Tung University,Taiwan,TWN,Hsinchu,596,true,true,Best Global Universities,46,18672,https://www.usnews.com/education/best-global-universities/national-yang-ming-chiao-tung-university-529781,
502117,Singapore Management University,Singapore,SGP,Singapore,596,true,true,Best Global Universities,46,,https://www.usnews.com/education/best-global-universities/singapore-management-university-502117,
512144,University of Jordan,Jordan,JOR,Amman,599,true,true,Best Global Universities,45.9,,https://www.usnews.com/education/best-global-universities/university-of-jordan-512144,
182281,University of Nevada--Las Vegas,United States,USA,Las Vegas,599,true,true,Best Global Universities,45.9,,https://www.usnews.com/education/best-global-universities/university-of-nevada-las-vegas-182281,
504323,University of Siena,Italy,ITA,Siena,599,true,true,Best Global Universities,45.9,,https://www.usnews.com/education/best-global-universities/university-of-siena-504323,
228653,University of Texas Medical Branch--Galveston,United States,USA,Galveston,599,true,true,Best Global Universities,45.9,,https://www.usnews.com/education/best-global-universities/university-of-texas-medical-branch-galveston-228653,
529443,Anglia Ruskin University,United Kingdom,GBR,Cambridge (U.K.),603,true,true,Best Global Universities,45.8,,https://www.usnews.com/education/best-global-universities/anglia-ruskin-university-529443,
529343,Tecnologico de Monterrey,Mexico,MEX,Monterrey,603,true,true,Best Global Universities,45.8,47271,https://www.usnews.com/education/best-global-universities/tecnologico-de-monterrey-529343,
139940,Georgia State University,United States,USA,Atlanta,605,true,true,Best Global Universities,45.7,31973,https://www.usnews.com/education/best-global-universities/georgia-state-university-139940,
529205,Hangzhou Normal University,China,CHN,Hangzhou,605,true,true,Best Global Universities,45.7,,https://www.usnews.com/education/best-global-universities/hangzhou-normal-university-529205,
505620,Universidad Nacional de Colombia,Colombia,COL,Bogota,605,true,true,Best Global Universities,45.7,,https://www.usnews.com/education/best-global-universities/universidad-nacional-de-colombia-505620,
528846,University of the Andes Colombia,Colombia,COL,Bogota,605,true,true,Best Global Universities,45.7,15735,https://www.usnews.com/education/best-global-universities/university-of-the-andes-colombia-528846,
502589,Hiroshima University,Japan,JPN,Hiroshima,609,true,true,Best Global Universities,45.6,,https://www.usnews.com/education/best-global-universities/hiroshima-university-502589,
501774,Nanjing University of Technology,China,CHN,Nanjing,609,true,true,Best Global Universities,45.6,37609,https://www.usnews.com/education/best-global-universities/nanjing-university-of-technology-501774,
502286,University of Brescia,Italy,ITA,Brescia,609,true,true,Best Global Universities,45.6,10826,https://www.usnews.com/education/best-global-universities/university-of-brescia-502286,
100858,Auburn University,United States,USA,Auburn,612,true,true,Best Global Universities,45.5,29409,https://www.usnews.com/education/best-global-universities/auburn-university-100858,
502356,National Cheng Kung University,Taiwan,TWN,Tainan City,612,true,true,Best Global Universities,45.5,21716,https://www.usnews.com/education/best-global-universities/national-cheng-kung-university-502356,
530218,University of Rajshahi,Bangladesh,BGD,Rajshahi,612,true,true,Best Global Universities,45.5,,https://www.usnews.com/education/best-global-universities/university-of-rajshahi-530218,
217882,Clemson University,United States,USA,Clemson,615,true,true,Best Global Universities,45.4,26541,https://www.usnews.com/education/best-global-universities/clemson-university-217882,
530612,Cyprus International University,Cyprus,CYP,Nicosia,615,true,true,Best Global Universities,45.4,14569,https://www.usnews.com/education/best-global-universities/cyprus-international-university-530612,
505449,National Technical University of Athens,Greece,GRC,Athens (Greece),615,true,true,Best Global Universities,45.4,,https://www.usnews.com/education/best-global-universities/national-technical-university-of-athens-505449,
529637,Ton Duc Thang University,Vietnam,VNM,Ho Chi Minh City,615,true,true,Best Global Universities,45.4,,https://www.usnews.com/education/best-global-universities/ton-duc-thang-university-529637,
529189,Yunnan University,China,CHN,Kunming,615,true,true,Best Global Universities,45.4,,https://www.usnews.com/education/best-global-universities/yunnan-university-529189,
510765,Al Jouf University,Saudi Arabia,SAU,Sakaka,620,true,true,Best Global Universities,45.3,,https://www.usnews.com/education/best-global-universities/al-jouf-university-510765,
514104,Benha University,Egypt,EGY,Benha,620,true,true,Best Global Universities,45.3,,https://www.usnews.com/education/best-global-universities/benha-university-514104,
503390,Massey University,New Zealand,NZL,Palmerston North,620,true,true,Best Global Universities,45.3,15982,https://www.usnews.com/education/best-global-universities/massey-university-503390,
105330,Northern Arizona University,United States,USA,Flagstaff,620,true,true,Best Global Universities,45.3,28087,https://www.usnews.com/education/best-global-universities/northern-arizona-university-105330,
528847,University of Iceland,Iceland,ISL,Reykjavik,620,true,true,Best Global Universities,45.3,9021,https://www.usnews.com/education/best-global-universities/university-of-iceland-528847,
529079,University of Shanghai for Science,China,CHN,Shanghai,620,true,true,Best Global Universities,45.3,,https://www.usnews.com/education/best-global-universities/university-of-shanghai-for-science-529079,
530565,Bayero University,Nigeria,NGA,Kano,626,true,true,Best Global Universities,45.2,,https://www.usnews.com/education/best-global-universities/bayero-university-530565,
504372,Grenoble Institute of Technology,France,FRA,Grenoble,626,true,true,Best Global Universities,45.2,,https://www.usnews.com/education/best-global-universities/grenoble-institute-of-technology-504372,
502278,Indian Institute of Technology - Madras,India,IND,Chennai,626,true,true,Best Global Universities,45.2,,https://www.usnews.com/education/best-global-universities/indian-institute-of-technology-madras-502278,
530533,Anhui University of Finance & Economics,China,CHN,"Bengbu, Anhui",629,true,true,Best Global Universities,45.1,,https://www.usnews.com/education/best-global-universities/anhui-university-of-finance-economics-530533,
528815,Beijing Forestry University,China,CHN,Beijing,629,true,true,Best Global Universities,45.1,,https://www.usnews.com/education/best-global-universities/beijing-forestry-university-528815,
529389,Liverpool School of Tropical Medicine,United Kingdom,GBR,Liverpool,629,true,true,Best Global Universities,45.1,,https://www.usnews.com/education/best-global-universities/liverpool-school-of-tropical-medicine-529389,
502747,Martin Luther University of Halle-Wittenberg,Germany,DEU,Halle,629,true,true,Best Global Universities,45.1,,https://www.usnews.com/education/best-global-universities/martin-luther-university-of-halle-wittenberg-502747,
499991,Carleton University,Canada,CAN,Ottawa,633,true,true,Best Global Universities,45,,https://www.usnews.com/education/best-global-universities/carleton-university-499991,
529826,Chengdu University,China,CHN,"Sichuan, Chengdu",633,true,true,Best Global Universities,45,,https://www.usnews.com/education/best-global-universities/chengdu-university-529826,
501850,Polytechnic University of Valencia,Spain,ESP,Valencia,633,true,true,Best Global Universities,45,32461,https://www.usnews.com/education/best-global-universities/polytechnic-university-of-valencia-501850,
529633,Southwestern University of Finance and Economics - China,China,CHN,Chengdu,633,true,true,Best Global Universities,45,,https://www.usnews.com/education/best-global-universities/southwestern-university-of-finance-and-economics-china-529633,
529094,University of Agriculture Faisalabad,Pakistan,PAK,Faisalabad,633,true,true,Best Global Universities,45,,https://www.usnews.com/education/best-global-universities/university-of-agriculture-faisalabad-529094,
506202,University of Stuttgart,Germany,DEU,Stuttgart,633,true,true,Best Global Universities,45,,https://www.usnews.com/education/best-global-universities/university-of-stuttgart-506202,
529522,Changsha University of Science and Technology,China,CHN,Changsha,639,true,true,Best Global Universities,44.9,,https://www.usnews.com/education/best-global-universities/changsha-university-of-science-and-technology-529522,
529243,Guangxi University,China,CHN,Nanning,639,true,true,Best Global Universities,44.9,,https://www.usnews.com/education/best-global-universities/guangxi-university-529243,
503684,Istanbul Technical University,Türkiye,TUR,Istanbul,639,true,true,Best Global Universities,44.9,18150,https://www.usnews.com/education/best-global-universities/istanbul-technical-university-503684,
528833,Makerere University,Uganda,UGA,Kampala,639,true,true,Best Global Universities,44.9,,https://www.usnews.com/education/best-global-universities/makerere-university-528833,
512768,Taibah University,Saudi Arabia,SAU,Medina,639,true,true,Best Global Universities,44.9,,https://www.usnews.com/education/best-global-universities/taibah-university-512768,
529545,Universita della Campania Vanvitelli,Italy,ITA,Caserta,639,true,true,Best Global Universities,44.9,,https://www.usnews.com/education/best-global-universities/universita-della-campania-vanvitelli-529545,
529301,Wenzhou University,China,CHN,Wenzhou,639,true,true,Best Global Universities,44.9,24853,https://www.usnews.com/education/best-global-universities/wenzhou-university-529301,
197708,Yeshiva University,United States,USA,New York City,639,true,true,Best Global Universities,44.9,,https://www.usnews.com/education/best-global-universities/yeshiva-university-197708,
155399,Kansas State University,United States,USA,Manhattan,647,true,false,Best Global Universities,44.8,16494,https://www.usnews.com/education/best-global-universities/kansas-state-university-155399,
504263,Kobe University,Japan,JPN,Kobe,648,true,true,Best Global Universities,44.7,15401,https://www.usnews.com/education/best-global-universities/kobe-university-504263,
529235,Menofia University,Egypt,EGY,Shebin El Koum,648,true,true,Best Global Universities,44.7,,https://www.usnews.com/education/best-global-universities/menofia-university-529235,
508576,University Ha'il,Saudi Arabia,SAU,Ha'il,648,true,true,Best Global Universities,44.7,20663,https://www.usnews.com/education/best-global-universities/university-hail-508576,
514394,Beni-Suef University,Egypt,EGY,Beni Suef,651,true,true,Best Global Universities,44.6,90795,https://www.usnews.com/education/best-global-universities/beni-suef-university-514394,
529059,European University Institute,Italy,ITA,Florence,651,true,true,Best Global Universities,44.6,,https://www.usnews.com/education/best-global-universities/european-university-institute-529059,
528986,Harbin Engineering University,China,CHN,Harbin,651,true,true,Best Global Universities,44.6,32071,https://www.usnews.com/education/best-global-universities/harbin-engineering-university-528986,https://www.usnews.com/object/image/0000018a-a855-d563-a9de-efdd4f9c0000/$230918_HarbinInstituteofTechnology?size=responsive300&update-time=1695041358375
506035,Technical University of Darmstadt,Germany,DEU,Darmstadt,651,true,true,Best Global Universities,44.6,,https://www.usnews.com/education/best-global-universities/technical-university-of-darmstadt-506035,
499980,Tilburg University,Netherlands,NLD,Tilburg,651,true,true,Best Global Universities,44.6,12686,https://www.usnews.com/education/best-global-universities/tilburg-university-499980,
528980,Universidad de Antioquia,Colombia,COL,Antioquia,651,true,true,Best Global Universities,44.6,,https://www.usnews.com/education/best-global-universities/universidad-de-antioquia-528980,
503874,ENS De Lyon,France,FRA,Lyon,657,true,true,Best Global Universities,44.5,,https://www.usnews.com/education/best-global-universities/ens-de-lyon-503874,
505298,Hacettepe University,Türkiye,TUR,Ankara,657,true,true,Best Global Universities,44.5,34913,https://www.usnews.com/education/best-global-universities/hacettepe-university-505298,
501259,Indian Institute of Technology - Bombay,India,IND,Mumbai,657,true,true,Best Global Universities,44.5,,https://www.usnews.com/education/best-global-universities/indian-institute-of-technology-bombay-501259,
529703,Okinawa Institute of Science and Technology Graduate University,Japan,JPN,Kunigami,657,true,true,Best Global Universities,44.5,,https://www.usnews.com/education/best-global-universities/okinawa-institute-of-science-and-technology-graduate-university-529703,
529156,University of Auvergne,France,FRA,Clermont-Ferrand,657,true,true,Best Global Universities,44.5,,https://www.usnews.com/education/best-global-universities/university-of-auvergne-529156,
528949,University of the Western Cape,South Africa,ZAF,Belville,657,true,true,Best Global Universities,44.5,,https://www.usnews.com/education/best-global-universities/university-of-the-western-cape-528949,
528938,Aston University,United Kingdom,GBR,Birmingham (U.K.),663,true,true,Best Global Universities,44.4,15145,https://www.usnews.com/education/best-global-universities/aston-university-528938,
528886,Manipal University,India,IND,Manipal,663,true,true,Best Global Universities,44.4,28032,https://www.usnews.com/education/best-global-universities/manipal-university-528886,
506894,University of Cagliari,Italy,ITA,Cagliari,663,true,true,Best Global Universities,44.4,,https://www.usnews.com/education/best-global-universities/university-of-cagliari-506894,
528957,University of Tabriz,Iran,IRN,Tabriz,663,true,true,Best Global Universities,44.4,20978,https://www.usnews.com/education/best-global-universities/university-of-tabriz-528957,
231174,University of Vermont,United States,USA,Burlington,663,true,true,Best Global Universities,44.4,,https://www.usnews.com/education/best-global-universities/university-of-vermont-231174,
500540,"Northwest University, Xi'an",China,CHN,Xi'an,668,true,true,Best Global Universities,44.3,,https://www.usnews.com/education/best-global-universities/northwest-university-xian-500540,
179159,Saint Louis University,United States,USA,St. Louis,668,true,true,Best Global Universities,44.3,,https://www.usnews.com/education/best-global-universities/saint-louis-university-179159,
503123,University of Ferrara,Italy,ITA,Ferrara,668,true,true,Best Global Universities,44.3,,https://www.usnews.com/education/best-global-universities/university-of-ferrara-503123,
506228,University of Minho,Portugal,PRT,Braga,668,true,true,Best Global Universities,44.3,21125,https://www.usnews.com/education/best-global-universities/university-of-minho-506228,
528863,University of Paris-Est Creteil,France,FRA,Creteil,668,true,true,Best Global Universities,44.3,,https://www.usnews.com/education/best-global-universities/university-of-paris-est-creteil-528863,
512067,Abu Dhabi University,United Arab Emirates,ARE,Abu Dhabi,673,true,true,Best Global Universities,44.2,,https://www.usnews.com/education/best-global-universities/abu-dhabi-university-512067,
530033,Al-Imam Muhammad Ibn Saud Islamic University,Saudi Arabia,SAU,Riyadh,673,true,true,Best Global Universities,44.2,,https://www.usnews.com/education/best-global-universities/al-imam-muhammad-ibn-saud-islamic-university-530033,
504529,Babes-Bolyai University,Romania,ROU,Cluj-Napoca,673,true,true,Best Global Universities,44.2,40470,https://www.usnews.com/education/best-global-universities/babes-bolyai-university-504529,
529060,Bournemouth University,United Kingdom,GBR,Poole,673,true,true,Best Global Universities,44.2,,https://www.usnews.com/education/best-global-universities/bournemouth-university-529060,
529098,Czech University of Life Sciences Prague,Czech Republic,CZE,Prague,673,true,true,Best Global Universities,44.2,,https://www.usnews.com/education/best-global-universities/czech-university-of-life-sciences-prague-529098,
504426,Universidade de Aveiro,Portugal,PRT,Aveiro,673,true,true,Best Global Universities,44.2,14238,https://www.usnews.com/education/best-global-universities/universidade-de-aveiro-504426,
100751,University of Alabama,United States,USA,Tuscaloosa,673,true,true,Best Global Universities,44.2,45092,https://www.usnews.com/education/best-global-universities/university-of-alabama-100751,
501556,University of Crete,Greece,GRC,Rethymnon,673,true,true,Best Global Universities,44.2,11716,https://www.usnews.com/education/best-global-universities/university-of-crete-501556,
529474,University of Dhaka,Bangladesh,BGD,Dhaka,673,true,true,Best Global Universities,44.2,,https://www.usnews.com/education/best-global-universities/university-of-dhaka-529474,
500155,Polytechnic University of Madrid,Spain,ESP,Madrid,682,true,true,Best Global Universities,44.1,,https://www.usnews.com/education/best-global-universities/polytechnic-university-of-madrid-500155,
504483,Roma Tre University,Italy,ITA,Rome,682,true,true,Best Global Universities,44.1,,https://www.usnews.com/education/best-global-universities/roma-tre-university-504483,
513862,Suez Canal University,Egypt,EGY,Ismailia,682,true,true,Best Global Universities,44.1,55136,https://www.usnews.com/education/best-global-universities/suez-canal-university-513862,
529777,Tata Institute of Fundamental Research,India,IND,Mumbai,682,true,true,Best Global Universities,44.1,,https://www.usnews.com/education/best-global-universities/tata-institute-of-fundamental-research-529777,
528849,University of Fribourg,Switzerland,CHE,Fribourg,682,true,true,Best Global Universities,44.1,,https://www.usnews.com/education/best-global-universities/university-of-fribourg-528849,
505072,University of Graz,Austria,AUT,Graz,682,true,true,Best Global Universities,44.1,,https://www.usnews.com/education/best-global-universities/university-of-graz-505072,
514902,Jazan University,Saudi Arabia,SAU,Jazan,688,true,true,Best Global Universities,44,,https://www.usnews.com/education/best-global-universities/jazan-university-514902,
529215,Nanjing University of Posts and Telecommunications,China,CHN,Nanjing,688,true,true,Best Global Universities,44,,https://www.usnews.com/education/best-global-universities/nanjing-university-of-posts-and-telecommunications-529215,
186399,"Rutgers, The State University of New Jersey--Newark",United States,USA,Newark,688,true,true,Best Global Universities,44,,https://www.usnews.com/education/best-global-universities/rutgers-the-state-university-of-new-jersey-newark-186399,
529147,University of Canberra,Australia,AUS,Canberra,688,true,true,Best Global Universities,44,11497,https://www.usnews.com/education/best-global-universities/university-of-canberra-529147,
505661,University of Hertfordshire,United Kingdom,GBR,Hatfield (U.K.),688,true,true,Best Global Universities,44,27085,https://www.usnews.com/education/best-global-universities/university-of-hertfordshire-505661,
500257,Chiang Mai University,Thailand,THA,Chiang Mai,693,true,true,Best Global Universities,43.9,35428,https://www.usnews.com/education/best-global-universities/chiang-mai-university-500257,
530065,Islamia University of Bahawalpur,Pakistan,PAK,Bahawalpur,693,true,true,Best Global Universities,43.9,,https://www.usnews.com/education/best-global-universities/islamia-university-of-bahawalpur-530065,
528968,Manchester Metropolitan University,United Kingdom,GBR,Manchester,693,true,true,Best Global Universities,43.9,,https://www.usnews.com/education/best-global-universities/manchester-metropolitan-university-528968,
500178,University of Ulsan,South Korea,KOR,Ulsan,693,true,true,Best Global Universities,43.9,11219,https://www.usnews.com/education/best-global-universities/university-of-ulsan-500178,
530564,Indiana University Indianapolis,United States,USA,Indianapolis,697,true,true,Best Global Universities,43.8,,https://www.usnews.com/education/best-global-universities/indiana-university-indianapolis-530564,
500856,Indian Institute of Technology - Delhi,India,IND,New Delhi,697,true,true,Best Global Universities,43.8,,https://www.usnews.com/education/best-global-universities/indian-institute-of-technology-delhi-500856,
204857,Ohio University,United States,USA,"Athens (Ohio, U.S.)",697,true,true,Best Global Universities,43.8,,https://www.usnews.com/education/best-global-universities/ohio-university-204857,
501725,Pusan National University,South Korea,KOR,Busan,697,true,true,Best Global Universities,43.8,,https://www.usnews.com/education/best-global-universities/pusan-national-university-501725,
528840,Aligarh Muslim University,India,IND,Aligarh,701,true,true,Best Global Universities,43.7,,https://www.usnews.com/education/best-global-universities/aligarh-muslim-university-528840,
529427,Chang'an University,China,CHN,Xi'an,701,true,true,Best Global Universities,43.7,,https://www.usnews.com/education/best-global-universities/changan-university-529427,
530403,University of Botswana,Botswana,BWA,Gaborone,701,true,true,Best Global Universities,43.7,,https://www.usnews.com/education/best-global-universities/university-of-botswana-530403,
157289,University of Louisville,United States,USA,Louisville,701,true,true,Best Global Universities,43.7,,https://www.usnews.com/education/best-global-universities/university-of-louisville-157289,
528857,University of Luebeck,Germany,DEU,Lubeck,701,true,true,Best Global Universities,43.7,,https://www.usnews.com/education/best-global-universities/university-of-luebeck-528857,
500047,University of Tromsø,Norway,NOR,Tromso,701,true,true,Best Global Universities,43.7,,https://www.usnews.com/education/best-global-universities/university-of-tromso-500047,
529758,Çankaya University,Türkiye,TUR,Ankara,707,true,true,Best Global Universities,43.6,,https://www.usnews.com/education/best-global-universities/cankaya-university-529758,
502672,University of Essex,United Kingdom,GBR,Colchester,707,true,true,Best Global Universities,43.6,,https://www.usnews.com/education/best-global-universities/university-of-essex-502672,
529375,University of Ghana,Ghana,GHA,Legon,707,true,true,Best Global Universities,43.6,,https://www.usnews.com/education/best-global-universities/university-of-ghana-529375,
504564,Bielefeld University,Germany,DEU,Bielefeld,710,true,true,Best Global Universities,43.5,,https://www.usnews.com/education/best-global-universities/bielefeld-university-504564,
501157,University of Bodenkultur Wien,Austria,AUT,Vienna,710,true,true,Best Global Universities,43.5,,https://www.usnews.com/education/best-global-universities/university-of-bodenkultur-wien-501157,
501200,University of Haifa,Israel,ISR,Haifa,710,true,true,Best Global Universities,43.5,,https://www.usnews.com/education/best-global-universities/university-of-haifa-501200,
530399,Haramaya University,Ethiopia,ETH,Harar,713,true,true,Best Global Universities,43.4,,https://www.usnews.com/education/best-global-universities/haramaya-university-530399,
511732,Jordan University of Science and Technology,Jordan,JOR,Irbid,713,true,true,Best Global Universities,43.4,,https://www.usnews.com/education/best-global-universities/jordan-university-of-science-and-technology-511732,
528843,Panjab University,India,IND,Chandigarh,713,true,true,Best Global Universities,43.4,13508,https://www.usnews.com/education/best-global-universities/panjab-university-528843,
196060,University at Albany--SUNY,United States,USA,Albany,716,true,true,Best Global Universities,43.3,,https://www.usnews.com/education/best-global-universities/university-at-albany-suny-196060,
529209,Vellore Institute of Technology,India,IND,Tamil Nadu,716,true,true,Best Global Universities,43.3,44159,https://www.usnews.com/education/best-global-universities/vellore-institute-of-technology-529209,
238032,West Virginia University,United States,USA,Morgantown,716,true,true,Best Global Universities,43.3,,https://www.usnews.com/education/best-global-universities/west-virginia-university-238032,
131159,American University,United States,USA,"Washington, D.C.",719,true,true,Best Global Universities,43.2,12367,https://www.usnews.com/education/best-global-universities/american-university-131159,
530039,University of International Business & Economics,China,CHN,Beijing,719,true,true,Best Global Universities,43.2,,https://www.usnews.com/education/best-global-universities/university-of-international-business-economics-530039,
529037,Asia University Taiwan,Taiwan,TWN,Taichung City,721,true,true,Best Global Universities,43.1,10776,https://www.usnews.com/education/best-global-universities/asia-university-taiwan-529037,
529507,Henan University,China,CHN,Kaifeng,721,true,true,Best Global Universities,43.1,,https://www.usnews.com/education/best-global-universities/henan-university-529507,
195003,Rochester Institute of Technology,United States,USA,Rochester,721,true,true,Best Global Universities,43.1,,https://www.usnews.com/education/best-global-universities/rochester-institute-of-technology-195003,
529139,Shanghai University of Finance,China,CHN,Shanghai,721,true,true,Best Global Universities,43.1,,https://www.usnews.com/education/best-global-universities/shanghai-university-of-finance-529139,
505254,University of Hull,United Kingdom,GBR,Hull,721,true,true,Best Global Universities,43.1,12840,https://www.usnews.com/education/best-global-universities/university-of-hull-505254,
207342,University of Oklahoma Health Sciences Center,United States,USA,Oklahoma City,721,true,true,Best Global Universities,43.1,,https://www.usnews.com/education/best-global-universities/university-of-oklahoma-health-sciences-center-207342,
529441,Kwame Nkrumah University Science and Technology,Ghana,GHA,Kumasi,727,true,true,Best Global Universities,43,,https://www.usnews.com/education/best-global-universities/kwame-nkrumah-university-science-and-technology-529441,
529055,Northumbria University,United Kingdom,GBR,Newcastle upon Tyne,727,true,true,Best Global Universities,43,25260,https://www.usnews.com/education/best-global-universities/northumbria-university-529055,
506534,Palacky University Olomouc,Czech Republic,CZE,Olomouc,727,true,true,Best Global Universities,43,20026,https://www.usnews.com/education/best-global-universities/palacky-university-olomouc-506534,
529367,University of Indonesia,Indonesia,IDN,Depok,727,true,true,Best Global Universities,43,,https://www.usnews.com/education/best-global-universities/university-of-indonesia-529367,
500522,University of Messina,Italy,ITA,Messina,727,true,true,Best Global Universities,43,,https://www.usnews.com/education/best-global-universities/university-of-messina-500522,
178402,University of Missouri--Kansas City,United States,USA,"Kansas City (Missouri, U.S.)",727,true,true,Best Global Universities,43,,https://www.usnews.com/education/best-global-universities/university-of-missouri-kansas-city-178402,
199139,University of North Carolina--Charlotte,United States,USA,Charlotte,727,true,true,Best Global Universities,43,27731,https://www.usnews.com/education/best-global-universities/university-of-north-carolina-charlotte-199139,
529734,Beijing Technology and Business University,China,CHN,Beijing,734,true,true,Best Global Universities,42.9,,https://www.usnews.com/education/best-global-universities/beijing-technology-and-business-university-529734,
529602,Federation University Australia,Australia,AUS,Mt. Helen,734,true,true,Best Global Universities,42.9,,https://www.usnews.com/education/best-global-universities/federation-university-australia-529602,
529341,Dalian Maritime University,China,CHN,Dalian,736,true,true,Best Global Universities,42.8,,https://www.usnews.com/education/best-global-universities/dalian-maritime-university-529341,
500204,Federal University of Santa Catarina,Brazil,BRA,Florianopolis,736,true,true,Best Global Universities,42.8,,https://www.usnews.com/education/best-global-universities/federal-university-of-santa-catarina-500204,
529489,Hainan University,China,CHN,Haikou,736,true,true,Best Global Universities,42.8,,https://www.usnews.com/education/best-global-universities/hainan-university-529489,
528969,Aga Khan University,Pakistan,PAK,Karachi,739,true,true,Best Global Universities,42.7,,https://www.usnews.com/education/best-global-universities/aga-khan-university-528969,
530220,Chandigarh University,India,IND,Punjab,739,true,true,Best Global Universities,42.7,,https://www.usnews.com/education/best-global-universities/chandigarh-university-530220,
529533,Sabanci University,Türkiye,TUR,Tuzla,739,true,true,Best Global Universities,42.7,,https://www.usnews.com/education/best-global-universities/sabanci-university-529533,
445188,University of California--Merced,United States,USA,Merced,739,true,true,Best Global Universities,42.7,,https://www.usnews.com/education/best-global-universities/university-of-california-merced-445188,
227216,University of North Texas,United States,USA,Denton,739,true,true,Best Global Universities,42.7,,https://www.usnews.com/education/best-global-universities/university-of-north-texas-227216,
501495,University of Parma,Italy,ITA,Parma,739,true,true,Best Global Universities,42.7,32046,https://www.usnews.com/education/best-global-universities/university-of-parma-501495,
240453,University of Wisconsin--Milwaukee,United States,USA,Milwaukee,739,true,true,Best Global Universities,42.7,,https://www.usnews.com/education/best-global-universities/university-of-wisconsin-milwaukee-240453,
529420,Zhejiang Gongshang University,China,CHN,Xiasha University Town,739,true,true,Best Global Universities,42.7,,https://www.usnews.com/education/best-global-universities/zhejiang-gongshang-university-529420,
514678,Minia University,Egypt,EGY,Minya,747,true,true,Best Global Universities,42.6,,https://www.usnews.com/education/best-global-universities/minia-university-514678,
503882,Northeast Normal University - China,China,CHN,Changchun,747,true,true,Best Global Universities,42.6,32336,https://www.usnews.com/education/best-global-universities/northeast-normal-university-china-503882,
502362,University of La Laguna,Spain,ESP,La Laguna,747,true,true,Best Global Universities,42.6,,https://www.usnews.com/education/best-global-universities/university-of-la-laguna-502362,
166638,University of Massachusetts--Boston,United States,USA,Boston,747,true,true,Best Global Universities,42.6,,https://www.usnews.com/education/best-global-universities/university-of-massachusetts-boston-166638,
528963,Charles Darwin University,Australia,AUS,Casuarina,751,true,true,Best Global Universities,42.5,,https://www.usnews.com/education/best-global-universities/charles-darwin-university-528963,
504395,Dortmund University of Technology,Germany,DEU,Dortmund,751,true,true,Best Global Universities,42.5,,https://www.usnews.com/education/best-global-universities/dortmund-university-of-technology-504395,
528958,Hefei University of Technology,China,CHN,Hefei,751,true,true,Best Global Universities,42.5,,https://www.usnews.com/education/best-global-universities/hefei-university-of-technology-528958,
499985,Memorial University of Newfoundland,Canada,CAN,St. John's,751,true,true,Best Global Universities,42.5,,https://www.usnews.com/education/best-global-universities/memorial-university-of-newfoundland-499985,
528965,North China Electric Power University,China,CHN,Beijing,751,true,true,Best Global Universities,42.5,,https://www.usnews.com/education/best-global-universities/north-china-electric-power-university-528965,
529549,Universitetet i Stavanger,Norway,NOR,Stavanger,751,true,true,Best Global Universities,42.5,,https://www.usnews.com/education/best-global-universities/universitetet-i-stavanger-529549,
504367,Yeungnam University,South Korea,KOR,Gyeongsan,751,true,true,Best Global Universities,42.5,18809,https://www.usnews.com/education/best-global-universities/yeungnam-university-504367,
506312,Kyungpook National University,South Korea,KOR,Daegu,758,true,true,Best Global Universities,42.4,,https://www.usnews.com/education/best-global-universities/kyungpook-national-university-506312,
207388,Oklahoma State University,United States,USA,Stillwater,758,true,true,Best Global Universities,42.4,23469,https://www.usnews.com/education/best-global-universities/oklahoma-state-university-207388,
529480,Shandong University of Science and Technology,China,CHN,Qingdao,758,true,true,Best Global Universities,42.4,,https://www.usnews.com/education/best-global-universities/shandong-university-of-science-and-technology-529480,
528934,University of Waikato,New Zealand,NZL,Hamilton,758,true,true,Best Global Universities,42.4,11416,https://www.usnews.com/education/best-global-universities/university-of-waikato-528934,
165015,Brandeis University,United States,USA,Waltham,762,true,true,Best Global Universities,42.3,5302,https://www.usnews.com/education/best-global-universities/brandeis-university-165015,
530208,Mohammed V University in Rabat,Morocco,MAR,Rabat,762,true,true,Best Global Universities,42.3,78455,https://www.usnews.com/education/best-global-universities/mohammed-v-university-in-rabat-530208,
530563,Symbiosis International University,India,IND,Pune,762,true,true,Best Global Universities,42.3,,https://www.usnews.com/education/best-global-universities/symbiosis-international-university-530563,
501803,Universidad de Cantabria,Spain,ESP,Santander,762,true,true,Best Global Universities,42.3,,https://www.usnews.com/education/best-global-universities/universidad-de-cantabria-501803,
530207,University Brunei Darussalam,Brunei Darussalam,BRN,Brunei,762,true,true,Best Global Universities,42.3,,https://www.usnews.com/education/best-global-universities/university-brunei-darussalam-530207,
500728,University of Bayreuth,Germany,DEU,Bayreuth,762,true,true,Best Global Universities,42.3,,https://www.usnews.com/education/best-global-universities/university-of-bayreuth-500728,
529178,University of Punjab,Pakistan,PAK,Lahore,762,true,true,Best Global Universities,42.3,,https://www.usnews.com/education/best-global-universities/university-of-punjab-529178,
502343,University of Zaragoza,Spain,ESP,Zaragoza,762,true,true,Best Global Universities,42.3,28128,https://www.usnews.com/education/best-global-universities/university-of-zaragoza-502343,
528979,Charles Sturt University,Australia,AUS,Wagga Wagga,770,true,true,Best Global Universities,42.2,,https://www.usnews.com/education/best-global-universities/charles-sturt-university-528979,
126775,Colorado School of Mines,United States,USA,Golden,770,true,true,Best Global Universities,42.2,,https://www.usnews.com/education/best-global-universities/colorado-school-of-mines-126775,
499961,Concordia University,Canada,CAN,Montreal,770,true,true,Best Global Universities,42.2,,https://www.usnews.com/education/best-global-universities/concordia-university-499961,
528924,Lappeenranta University of Technology,Finland,FIN,Lappeenranta,770,true,true,Best Global Universities,42.2,6948,https://www.usnews.com/education/best-global-universities/lappeenranta-university-of-technology-528924,
528842,National Research Nuclear University MEPhI (Moscow Engineering Physics Institute),Russia,RUS,Moscow (Russia),770,true,true,Best Global Universities,42.2,5888,https://www.usnews.com/education/best-global-universities/national-research-nuclear-university-mephi-moscow-engineering-physics-institute-528842,
500018,University of Kent,United Kingdom,GBR,Canterbury,770,true,true,Best Global Universities,42.2,,https://www.usnews.com/education/best-global-universities/university-of-kent-500018,
529170,University of South Africa,South Africa,ZAF,Pretoria,770,true,true,Best Global Universities,42.2,237564,https://www.usnews.com/education/best-global-universities/university-of-south-africa-529170,
529253,Yangzhou University,China,CHN,Yangzhou,770,true,true,Best Global Universities,42.2,32705,https://www.usnews.com/education/best-global-universities/yangzhou-university-529253,
530029,Institut Agro,France,FRA,Paris,778,true,true,Best Global Universities,42.1,,https://www.usnews.com/education/best-global-universities/institut-agro-530029,
529025,Lulea University of Technology,Sweden,SWE,Lulea,778,true,true,Best Global Universities,42.1,,https://www.usnews.com/education/best-global-universities/lulea-university-of-technology-529025,
501581,University of Bucharest,Romania,ROU,Bucharest,778,true,true,Best Global Universities,42.1,31904,https://www.usnews.com/education/best-global-universities/university-of-bucharest-501581,
501966,University of Modena and Reggio Emilia,Italy,ITA,Modena,778,true,true,Best Global Universities,42.1,,https://www.usnews.com/education/best-global-universities/university-of-modena-and-reggio-emilia-501966,
529262,Wenzhou Medical University,China,CHN,Wenzhou,778,true,true,Best Global Universities,42.1,,https://www.usnews.com/education/best-global-universities/wenzhou-medical-university-529262,
530219,Ajman University,United Arab Emirates,ARE,Ajman,783,true,true,Best Global Universities,42,,https://www.usnews.com/education/best-global-universities/ajman-university-530219,
503075,Ankara University,Türkiye,TUR,Ankara,783,true,true,Best Global Universities,42,49765,https://www.usnews.com/education/best-global-universities/ankara-university-503075,
529097,Fujian Agriculture and Forestry University,China,CHN,Fuzhou,783,true,true,Best Global Universities,42,,https://www.usnews.com/education/best-global-universities/fujian-agriculture-and-forestry-university-529097,
504593,Keele University,United Kingdom,GBR,Staffordshire,783,true,true,Best Global Universities,42,10625,https://www.usnews.com/education/best-global-universities/keele-university-504593,
530227,Lingnan University,Hong Kong,HKG,Hong Kong,783,true,true,Best Global Universities,42,3183,https://www.usnews.com/education/best-global-universities/lingnan-university-530227,
529398,Mashhad University Medical Science,Iran,IRN,Mahshad,783,true,true,Best Global Universities,42,,https://www.usnews.com/education/best-global-universities/mashhad-university-medical-science-529398,
528825,Tarbiat Modares University,Iran,IRN,Tehran,783,true,true,Best Global Universities,42,,https://www.usnews.com/education/best-global-universities/tarbiat-modares-university-528825,
530202,Taylor's University,Malaysia,MYS,Subang Jaya,783,true,true,Best Global Universities,42,,https://www.usnews.com/education/best-global-universities/taylors-university-530202,
500492,All India Institute of Medical Sciences,India,IND,New Delhi,791,true,true,Best Global Universities,41.9,,https://www.usnews.com/education/best-global-universities/all-india-institute-of-medical-sciences-500492,
506266,Amirkabir University of Technology (AUT),Iran,IRN,Tehran,791,true,true,Best Global Universities,41.9,,https://www.usnews.com/education/best-global-universities/amirkabir-university-of-technology-aut-506266,
500533,Indian Institute of Technology - Kharagpur,India,IND,Kharagpur,791,true,true,Best Global Universities,41.9,,https://www.usnews.com/education/best-global-universities/indian-institute-of-technology-kharagpur-500533,
528927,Victoria University,Australia,AUS,Footscray,791,true,true,Best Global Universities,41.9,15351,https://www.usnews.com/education/best-global-universities/victoria-university-528927,
529426,Bahauddin Zakariya University,Pakistan,PAK,Multan,795,true,true,Best Global Universities,41.8,,https://www.usnews.com/education/best-global-universities/bahauddin-zakariya-university-529426,
502865,University of Mannheim,Germany,DEU,Mannheim,795,true,true,Best Global Universities,41.8,,https://www.usnews.com/education/best-global-universities/university-of-mannheim-502865,
505924,University of Vigo,Spain,ESP,Vigo,795,true,true,Best Global Universities,41.8,17347,https://www.usnews.com/education/best-global-universities/university-of-vigo-505924,
529603,Central Queensland University,Australia,AUS,Rockhampton North,798,true,true,Best Global Universities,41.7,,https://www.usnews.com/education/best-global-universities/central-queensland-university-529603,
503536,Marche Polytechnic University,Italy,ITA,Ancona,798,true,true,Best Global Universities,41.7,,https://www.usnews.com/education/best-global-universities/marche-polytechnic-university-503536,
530465,Universidad de la Costa,Colombia,COL,Barranquilla,798,true,true,Best Global Universities,41.7,,https://www.usnews.com/education/best-global-universities/universidad-de-la-costa-530465,
503462,Banaras Hindu University,India,IND,Varanasi,801,true,true,Best Global Universities,41.6,,https://www.usnews.com/education/best-global-universities/banaras-hindu-university-503462,
500702,Comenius University in Bratislava,Slovakia,SVK,Bratislava,801,true,true,Best Global Universities,41.6,22043,https://www.usnews.com/education/best-global-universities/comenius-university-in-bratislava-500702,
529286,Shiraz University of Medical Science,Iran,IRN,Shiraz,801,true,true,Best Global Universities,41.6,10591,https://www.usnews.com/education/best-global-universities/shiraz-university-of-medical-science-529286,
529423,Tabriz University of Medical Science,Iran,IRN,Tabriz,801,true,true,Best Global Universities,41.6,,https://www.usnews.com/education/best-global-universities/tabriz-university-of-medical-science-529423,
504916,University of Delhi,India,IND,New Delhi,801,true,true,Best Global Universities,41.6,,https://www.usnews.com/education/best-global-universities/university-of-delhi-504916,
502614,China Pharmaceutical University,China,CHN,Nanjing,806,true,true,Best Global Universities,41.5,20050,https://www.usnews.com/education/best-global-universities/china-pharmaceutical-university-502614,
502403,Istanbul University,Türkiye,TUR,Istanbul,806,true,true,Best Global Universities,41.5,59874,https://www.usnews.com/education/best-global-universities/istanbul-university-502403,
502705,University of Salamanca,Spain,ESP,Salamanca,806,true,true,Best Global Universities,41.5,25049,https://www.usnews.com/education/best-global-universities/university-of-salamanca-502705,
529457,Bohai University,China,CHN,Jinzhou,809,true,true,Best Global Universities,41.4,,https://www.usnews.com/education/best-global-universities/bohai-university-529457,
503793,Chiba University,Japan,JPN,Chiba-shi,809,true,true,Best Global Universities,41.4,,https://www.usnews.com/education/best-global-universities/chiba-university-503793,
530248,Mohammed VI Polytechnic University,Morocco,MAR,Hay Moulay Rachid Ben Guerir,809,true,true,Best Global Universities,41.4,,https://www.usnews.com/education/best-global-universities/mohammed-vi-polytechnic-university-530248,
529818,National Yunlin University Science and Technology,Taiwan,TWN,Yunlin,809,true,true,Best Global Universities,41.4,10470,https://www.usnews.com/education/best-global-universities/national-yunlin-university-science-and-technology-529818,
528918,Politecnico di Bari,Italy,ITA,Bari,809,true,true,Best Global Universities,41.4,,https://www.usnews.com/education/best-global-universities/politecnico-di-bari-528918,
529444,University of Nairobi,Kenya,KEN,Nairobi,809,true,true,Best Global Universities,41.4,,https://www.usnews.com/education/best-global-universities/university-of-nairobi-529444,
500972,University of Plymouth,United Kingdom,GBR,Plymouth,809,true,true,Best Global Universities,41.4,,https://www.usnews.com/education/best-global-universities/university-of-plymouth-500972,
507918,Yarmouk University,Jordan,JOR,Irbid,809,true,true,Best Global Universities,41.4,,https://www.usnews.com/education/best-global-universities/yarmouk-university-507918,
504859,AGH University of Krakow,Poland,POL,Krakow,817,true,true,Best Global Universities,41.3,,https://www.usnews.com/education/best-global-universities/agh-university-of-krakow-504859,
530027,Mekelle University,Ethiopia,ETH,Mekelle,817,true,true,Best Global Universities,41.3,,https://www.usnews.com/education/best-global-universities/mekelle-university-530027,
501237,"Royal Holloway, University of London (RHUL)",United Kingdom,GBR,Egham,817,true,true,Best Global Universities,41.3,12220,https://www.usnews.com/education/best-global-universities/royal-holloway-university-of-london-rhul-501237,
530211,UCSI University,Malaysia,MYS,Cheras,817,true,true,Best Global Universities,41.3,,https://www.usnews.com/education/best-global-universities/ucsi-university-530211,
501842,Ernst Moritz Arndt Universitat Greifswald,Germany,DEU,Greifswald,821,true,true,Best Global Universities,41.2,,https://www.usnews.com/education/best-global-universities/ernst-moritz-arndt-universitat-greifswald-501842,
528948,Graduate University for Advanced Studies - Japan,Japan,JPN,Hayama,821,true,true,Best Global Universities,41.2,,https://www.usnews.com/education/best-global-universities/graduate-university-for-advanced-studies-japan-528948,
145725,Illinois Institute of Technology,United States,USA,Chicago,821,true,true,Best Global Universities,41.2,,https://www.usnews.com/education/best-global-universities/illinois-institute-of-technology-145725,
511764,Port Said University,Egypt,EGY,Port Said Governorate,821,true,true,Best Global Universities,41.2,,https://www.usnews.com/education/best-global-universities/port-said-university-511764,
529470,University of Casablanca Hassan 2,Morocco,MAR,Casablanca,821,true,true,Best Global Universities,41.2,,https://www.usnews.com/education/best-global-universities/university-of-casablanca-hassan-2-529470,
506070,University of Concepción,Chile,CHL,Concepcion,821,true,true,Best Global Universities,41.2,,https://www.usnews.com/education/best-global-universities/university-of-concepcion-506070,
182290,University of Nevada--Reno,United States,USA,Reno,821,true,true,Best Global Universities,41.2,,https://www.usnews.com/education/best-global-universities/university-of-nevada-reno-182290,
528873,Dublin City University,Ireland,IRL,Dublin,828,true,true,Best Global Universities,41.1,14712,https://www.usnews.com/education/best-global-universities/dublin-city-university-528873,
503573,University of Murcia,Spain,ESP,Murcia,828,true,true,Best Global Universities,41.1,,https://www.usnews.com/education/best-global-universities/university-of-murcia-503573,
504697,University of Perugia,Italy,ITA,Perugia,828,true,true,Best Global Universities,41.1,,https://www.usnews.com/education/best-global-universities/university-of-perugia-504697,
530221,Airlangga University,Indonesia,IDN,Surabaya,831,true,true,Best Global Universities,41,,https://www.usnews.com/education/best-global-universities/airlangga-university-530221,
530158,Bahir Dar University,Ethiopia,ETH,Bahir Dar,831,true,true,Best Global Universities,41,,https://www.usnews.com/education/best-global-universities/bahir-dar-university-530158,
506575,Bilkent University,Türkiye,TUR,Ankara,831,true,true,Best Global Universities,41,8996,https://www.usnews.com/education/best-global-universities/bilkent-university-506575,
511205,Fayoum University,Egypt,EGY,Al Fayoum,831,true,true,Best Global Universities,41,53396,https://www.usnews.com/education/best-global-universities/fayoum-university-511205,
529307,Guangzhou Medical University,China,CHN,Guangzhou,831,true,true,Best Global Universities,41,,https://www.usnews.com/education/best-global-universities/guangzhou-medical-university-529307,
529806,Nazarbayev University,Kazakhstan,KAZ,Nur-Sultan,831,true,true,Best Global Universities,41,,https://www.usnews.com/education/best-global-universities/nazarbayev-university-529806,
529520,Northeast Agricultural University - China,China,CHN,Harbin,831,true,true,Best Global Universities,41,,https://www.usnews.com/education/best-global-universities/northeast-agricultural-university-china-529520,
502182,Saint Petersburg State University,Russia,RUS,St. Petersburg,831,true,true,Best Global Universities,41,,https://www.usnews.com/education/best-global-universities/saint-petersburg-state-university-502182,
530034,Zhongnan University of Economics & Law,China,CHN,Wuhan,831,true,true,Best Global Universities,41,,https://www.usnews.com/education/best-global-universities/zhongnan-university-of-economics-law-530034,
506622,Indian Institute of Technology - Kanpur,India,IND,Kanpur,840,true,true,Best Global Universities,40.9,,https://www.usnews.com/education/best-global-universities/indian-institute-of-technology-kanpur-506622,
106397,University of Arkansas,United States,USA,Fayetteville,840,true,true,Best Global Universities,40.9,29649,https://www.usnews.com/education/best-global-universities/university-of-arkansas-106397,
230038,Brigham Young University--Provo,United States,USA,Provo,842,true,true,Best Global Universities,40.8,,https://www.usnews.com/education/best-global-universities/brigham-young-university-provo-230038,
529201,Carol Davila University of Medicine and Pharmacy,Romania,ROU,Bucharest,842,true,true,Best Global Universities,40.8,,https://www.usnews.com/education/best-global-universities/carol-davila-university-of-medicine-and-pharmacy-529201,
502255,Czech Technical University in Prague,Czech Republic,CZE,Prague,842,true,true,Best Global Universities,40.8,15189,https://www.usnews.com/education/best-global-universities/czech-technical-university-in-prague-502255,
503050,National Taiwan Normal University,Taiwan,TWN,Taipei City,842,true,true,Best Global Universities,40.8,11152,https://www.usnews.com/education/best-global-universities/national-taiwan-normal-university-503050,
529337,University of Agder,Norway,NOR,Kristiansand S,842,true,true,Best Global Universities,40.8,,https://www.usnews.com/education/best-global-universities/university-of-agder-529337,
503205,University of Patras,Greece,GRC,Rio Achaia,842,true,true,Best Global Universities,40.8,27027,https://www.usnews.com/education/best-global-universities/university-of-patras-503205,
504338,University of Udine,Italy,ITA,Udine,842,true,true,Best Global Universities,40.8,,https://www.usnews.com/education/best-global-universities/university-of-udine-504338,
508838,Al-Ahliyya Amman University,Jordan,JOR,Amman,849,true,true,Best Global Universities,40.7,4510,https://www.usnews.com/education/best-global-universities/al-ahliyya-amman-university-508838,
530204,Nguyen Tat Thanh University (NTTU),Vietnam,VNM,Ho Chi Minh City,849,true,true,Best Global Universities,40.7,,https://www.usnews.com/education/best-global-universities/nguyen-tat-thanh-university-nttu-530204,
513540,Université Djillali Liabes,Algeria,DZA,Sidi Bel Abbes,849,true,true,Best Global Universities,40.7,,https://www.usnews.com/education/best-global-universities/universite-djillali-liabes-513540,
511520,Zayed University,United Arab Emirates,ARE,Dubai,849,true,true,Best Global Universities,40.7,,https://www.usnews.com/education/best-global-universities/zayed-university-511520,
529535,Government College University Faisalabad,Pakistan,PAK,Faisalabad,853,true,true,Best Global Universities,40.6,,https://www.usnews.com/education/best-global-universities/government-college-university-faisalabad-529535,
529103,Sichuan Agricultural University,China,CHN,Yaan,853,true,true,Best Global Universities,40.6,,https://www.usnews.com/education/best-global-universities/sichuan-agricultural-university-529103,
530228,University of Ilorin,Nigeria,NGA,Ilorin,853,true,true,Best Global Universities,40.6,,https://www.usnews.com/education/best-global-universities/university-of-ilorin-530228,
505206,Bar-Ilan University,Israel,ISR,Ramat Gan,856,true,true,Best Global Universities,40.5,21633,https://www.usnews.com/education/best-global-universities/bar-ilan-university-505206,
183044,University of New Hampshire,United States,USA,"Durham (New Hampshire, U.S.)",856,true,true,Best Global Universities,40.5,,https://www.usnews.com/education/best-global-universities/university-of-new-hampshire-183044,
529471,University of Nigeria,Nigeria,NGA,Nsukka,856,true,true,Best Global Universities,40.5,,https://www.usnews.com/education/best-global-universities/university-of-nigeria-529471,
500923,Adam Mickiewicz University,Poland,POL,Poznan,859,true,true,Best Global Universities,40.4,29600,https://www.usnews.com/education/best-global-universities/adam-mickiewicz-university-500923,
529702,Near East University,Türkiye,TUR,Nicosia,859,true,true,Best Global Universities,40.4,,https://www.usnews.com/education/best-global-universities/near-east-university-529702,
529786,University of Tabuk,Saudi Arabia,SAU,Tabuk,859,true,true,Best Global Universities,40.4,24434,https://www.usnews.com/education/best-global-universities/university-of-tabuk-529786,
529234,Qingdao University of Science and Technology,China,CHN,Qingdao,862,true,true,Best Global Universities,40.3,,https://www.usnews.com/education/best-global-universities/qingdao-university-of-science-and-technology-529234,
163268,University of Maryland--Baltimore County,United States,USA,Baltimore,862,true,true,Best Global Universities,40.3,12398,https://www.usnews.com/education/best-global-universities/university-of-maryland-baltimore-county-163268,
529740,Alfaisal University,Saudi Arabia,SAU,Riyadh,864,true,true,Best Global Universities,40.2,,https://www.usnews.com/education/best-global-universities/alfaisal-university-529740,
178411,Missouri University of Science and Technology,United States,USA,Rolla,864,true,true,Best Global Universities,40.2,7328,https://www.usnews.com/education/best-global-universities/missouri-university-of-science-and-technology-178411,
529724,Sohag University,Egypt,EGY,Nasir City,864,true,true,Best Global Universities,40.2,,https://www.usnews.com/education/best-global-universities/sohag-university-529724,
501451,Taipei Medical University,Taiwan,TWN,Taipei City,864,true,true,Best Global Universities,40.2,,https://www.usnews.com/education/best-global-universities/taipei-medical-university-501451,
529748,University of Colombo,Sri Lanka,LKA,Colombo,864,true,true,Best Global Universities,40.2,,https://www.usnews.com/education/best-global-universities/university-of-colombo-529748,
502999,Juntendo University,Japan,JPN,Tokyo,869,true,true,Best Global Universities,40.1,7943,https://www.usnews.com/education/best-global-universities/juntendo-university-502999,
529371,Oslo Metropolitan University (OsloMet),Norway,NOR,Olso,869,true,true,Best Global Universities,40.1,,https://www.usnews.com/education/best-global-universities/oslo-metropolitan-university-oslomet-529371,
530037,Tribhuvan University,Nepal,NPL,Kirtipur,869,true,true,Best Global Universities,40.1,,https://www.usnews.com/education/best-global-universities/tribhuvan-university-530037,
528095,University of New England,Australia,AUS,Armidale,869,true,true,Best Global Universities,40.1,,https://www.usnews.com/education/best-global-universities/university-of-new-england-528095,
230728,Utah State University,United States,USA,Logan,869,true,true,Best Global Universities,40.1,,https://www.usnews.com/education/best-global-universities/utah-state-university-230728,
529350,Wuhan University of Science and Technology,China,CHN,Wuhan,869,true,true,Best Global Universities,40.1,,https://www.usnews.com/education/best-global-universities/wuhan-university-of-science-and-technology-529350,
529692,Eastern Mediterranean University,Türkiye,TUR,Famagusta,875,true,true,Best Global Universities,40,,https://www.usnews.com/education/best-global-universities/eastern-mediterranean-university-529692,
529190,Shaanxi Normal University,China,CHN,Xi'an,875,true,true,Best Global Universities,40,,https://www.usnews.com/education/best-global-universities/shaanxi-normal-university-529190,
529338,Universiti Teknologi Petronas,Malaysia,MYS,Darul Ridzuan,875,true,true,Best Global Universities,40,,https://www.usnews.com/education/best-global-universities/universiti-teknologi-petronas-529338,
504217,University of Brasilia,Brazil,BRA,Brasilia,875,true,true,Best Global Universities,40,,https://www.usnews.com/education/best-global-universities/university-of-brasilia-504217,
530040,University of Opole,Poland,POL,Opole,875,true,true,Best Global Universities,40,,https://www.usnews.com/education/best-global-universities/university-of-opole-530040,
500634,University of Rostock,Germany,DEU,Rostock,875,true,true,Best Global Universities,40,,https://www.usnews.com/education/best-global-universities/university-of-rostock-500634,
228769,University of Texas--Arlington,United States,USA,Arlington,875,true,true,Best Global Universities,40,38611,https://www.usnews.com/education/best-global-universities/university-of-texas-arlington-228769,
529110,Anhui University,China,CHN,Hefei,882,true,true,Best Global Universities,39.9,,https://www.usnews.com/education/best-global-universities/anhui-university-529110,
501875,National Taiwan University of Science and Technology,Taiwan,TWN,Taipei City,882,true,true,Best Global Universities,39.9,9287,https://www.usnews.com/education/best-global-universities/national-taiwan-university-of-science-and-technology-501875,
529694,Obafemi Awolowo University,Nigeria,NGA,Ile-Ife,882,true,true,Best Global Universities,39.9,,https://www.usnews.com/education/best-global-universities/obafemi-awolowo-university-529694,
529616,Peoples Friendship University of Russia,Russia,RUS,Moscow (Russia),882,true,true,Best Global Universities,39.9,,https://www.usnews.com/education/best-global-universities/peoples-friendship-university-of-russia-529616,
530030,"Universidad de la Republica, Uruguay",Uruguay,URY,Montevideo,882,true,true,Best Global Universities,39.9,,https://www.usnews.com/education/best-global-universities/universidad-de-la-republica-uruguay-530030,
529675,University of Lincoln,United Kingdom,GBR,Lincoln (U.K.),882,true,true,Best Global Universities,39.9,,https://www.usnews.com/education/best-global-universities/university-of-lincoln-529675,
529303,Guizhou University,China,CHN,Guiyang,888,true,true,Best Global Universities,39.8,,https://www.usnews.com/education/best-global-universities/guizhou-university-529303,
176080,Mississippi State University,United States,USA,Mississippi State,888,true,true,Best Global Universities,39.8,21692,https://www.usnews.com/education/best-global-universities/mississippi-state-university-176080,
530041,South Valley University,Egypt,EGY,Qena Governorate,888,true,true,Best Global Universities,39.8,,https://www.usnews.com/education/best-global-universities/south-valley-university-530041,
528852,Bangor University,United Kingdom,GBR,Bangor,891,true,true,Best Global Universities,39.7,,https://www.usnews.com/education/best-global-universities/bangor-university-528852,
502293,University Hohenheim,Germany,DEU,Stuttgart,891,true,true,Best Global Universities,39.7,,https://www.usnews.com/education/best-global-universities/university-hohenheim-502293,
501065,University of Szeged,Hungary,HUN,Szeged,891,true,true,Best Global Universities,39.7,21893,https://www.usnews.com/education/best-global-universities/university-of-szeged-501065,
510086,American University of Sharjah,United Arab Emirates,ARE,Sharjah,894,true,true,Best Global Universities,39.6,,https://www.usnews.com/education/best-global-universities/american-university-of-sharjah-510086,
530567,Hosei University,Japan,JPN,Tokyo,894,true,true,Best Global Universities,39.6,,https://www.usnews.com/education/best-global-universities/hosei-university-530567,
500603,Universidad Carlos III de Madrid,Spain,ESP,Madrid,894,true,true,Best Global Universities,39.6,18573,https://www.usnews.com/education/best-global-universities/universidad-carlos-iii-de-madrid-500603,
530212,Abdul Wali Khan University,Pakistan,PAK,Mardan,897,true,true,Best Global Universities,39.5,,https://www.usnews.com/education/best-global-universities/abdul-wali-khan-university-530212,
530229,Chitkara University Punjab,India,IND,Punjab,897,true,true,Best Global Universities,39.5,,https://www.usnews.com/education/best-global-universities/chitkara-university-punjab-530229,
529356,Christian Medical College and Hospital - Vellore,India,IND,Vellore,897,true,true,Best Global Universities,39.5,,https://www.usnews.com/education/best-global-universities/christian-medical-college-and-hospital-vellore-529356,
190567,CUNY--City College,United States,USA,New York City,897,true,true,Best Global Universities,39.5,,https://www.usnews.com/education/best-global-universities/cuny-city-college-190567,
530057,Lovely Professional University,India,IND,Phagwara,897,true,true,Best Global Universities,39.5,,https://www.usnews.com/education/best-global-universities/lovely-professional-university-530057,
505128,National University of Defence Technology - China,China,CHN,Changsha,897,true,true,Best Global Universities,39.5,,https://www.usnews.com/education/best-global-universities/national-university-of-defence-technology-china-505128,
529393,Scuola Superiore Sant'Anna,Italy,ITA,Pisa,897,true,true,Best Global Universities,39.5,,https://www.usnews.com/education/best-global-universities/scuola-superiore-santanna-529393,
529515,Chongqing University of Posts and Telecommunications,China,CHN,Chongqing,904,true,true,Best Global Universities,39.4,,https://www.usnews.com/education/best-global-universities/chongqing-university-of-posts-and-telecommunications-529515,
528828,Indian Institute of Technology - Roorkee,India,IND,Roorkee,904,true,true,Best Global Universities,39.4,,https://www.usnews.com/education/best-global-universities/indian-institute-of-technology-roorkee-528828,
510947,Qassim University,Saudi Arabia,SAU,Buraydah,904,true,true,Best Global Universities,39.4,,https://www.usnews.com/education/best-global-universities/qassim-university-510947,
504230,University of Debrecen,Hungary,HUN,Debrecen,904,true,true,Best Global Universities,39.4,21646,https://www.usnews.com/education/best-global-universities/university-of-debrecen-504230,
500995,Cranfield University,United Kingdom,GBR,Cranfield,908,true,true,Best Global Universities,39.3,,https://www.usnews.com/education/best-global-universities/cranfield-university-500995,
529904,Jimma University,Ethiopia,ETH,Jimma,908,true,true,Best Global Universities,39.3,,https://www.usnews.com/education/best-global-universities/jimma-university-529904,
529158,Tomsk Polytechnic University,Russia,RUS,Tomsk,908,true,true,Best Global Universities,39.3,,https://www.usnews.com/education/best-global-universities/tomsk-polytechnic-university-529158,
529029,Universite de Sfax,Tunisia,TUN,Sfax,908,true,true,Best Global Universities,39.3,35041,https://www.usnews.com/education/best-global-universities/universite-de-sfax-529029,
506805,Birkbeck University London,United Kingdom,GBR,London (U.K.),912,true,true,Best Global Universities,39.2,,https://www.usnews.com/education/best-global-universities/birkbeck-university-london-506805,
529173,Dongguk University,South Korea,KOR,Seoul,912,true,true,Best Global Universities,39.2,,https://www.usnews.com/education/best-global-universities/dongguk-university-529173,
529991,Edinburgh Napier University,United Kingdom,GBR,Edinburgh,912,true,true,Best Global Universities,39.2,,https://www.usnews.com/education/best-global-universities/edinburgh-napier-university-529991,
504624,Ewha Womans University,South Korea,KOR,Seoul,912,true,true,Best Global Universities,39.2,14285,https://www.usnews.com/education/best-global-universities/ewha-womans-university-504624,
528960,Hasselt University,Belgium,BEL,Hasselt,912,true,true,Best Global Universities,39.2,6128,https://www.usnews.com/education/best-global-universities/hasselt-university-528960,
529994,Huzhou University,China,CHN,Huzhou,912,true,true,Best Global Universities,39.2,,https://www.usnews.com/education/best-global-universities/huzhou-university-529994,
504845,London Business School,United Kingdom,GBR,London (U.K.),912,true,true,Best Global Universities,39.2,,https://www.usnews.com/education/best-global-universities/london-business-school-504845,
503239,University of Alicante,Spain,ESP,Alicante,912,true,true,Best Global Universities,39.2,,https://www.usnews.com/education/best-global-universities/university-of-alicante-503239,
529933,Arizona State University--Downtown Phoenix,United States,USA,Phoenix,920,true,true,Best Global Universities,39.1,,https://www.usnews.com/education/best-global-universities/arizona-state-university-downtown-phoenix-529933,
530571,"Khwaja Fareed University of Engineering & Information Technology, Pakistan",Pakistan,PAK,Rahim Yar Khan,920,true,true,Best Global Universities,39.1,,https://www.usnews.com/education/best-global-universities/khwaja-fareed-university-of-engineering-information-technology-pakistan-530571,
502752,National University La Plata,Argentina,ARG,Buenos Aires,920,true,true,Best Global Universities,39.1,,https://www.usnews.com/education/best-global-universities/national-university-la-plata-502752,
529051,Universidad Pablo de Olavide,Spain,ESP,Seville,920,true,true,Best Global Universities,39.1,,https://www.usnews.com/education/best-global-universities/universidad-pablo-de-olavide-529051,
506486,University of Rovira i Virgili,Spain,ESP,Tarragona,920,true,true,Best Global Universities,39.1,14671,https://www.usnews.com/education/best-global-universities/university-of-rovira-i-virgili-506486,
530042,Nanjing University of Finance & Economics,China,CHN,Nanjing,925,true,true,Best Global Universities,39,,https://www.usnews.com/education/best-global-universities/nanjing-university-of-finance-economics-530042,
528990,Royal College of Surgeons - Ireland,Ireland,IRL,Dublin,925,true,true,Best Global Universities,39,,https://www.usnews.com/education/best-global-universities/royal-college-of-surgeons-ireland-528990,
528848,University of Cyprus,Cyprus,CYP,Nicosia,925,true,true,Best Global Universities,39,,https://www.usnews.com/education/best-global-universities/university-of-cyprus-528848,
514629,King Saud bin Abdulaziz University for Health Sciences,Saudi Arabia,SAU,Riyadh,928,true,true,Best Global Universities,38.9,,https://www.usnews.com/education/best-global-universities/king-saud-bin-abdulaziz-university-for-health-sciences-514629,
529038,Shanxi University,China,CHN,Taiyuan,928,true,true,Best Global Universities,38.9,,https://www.usnews.com/education/best-global-universities/shanxi-university-529038,
529731,Southwest University of Science and Technology,China,CHN,Mianyang,928,true,true,Best Global Universities,38.9,,https://www.usnews.com/education/best-global-universities/southwest-university-of-science-and-technology-529731,
503315,Vilnius University,Lithuania,LTU,Vilnius,928,true,true,Best Global Universities,38.9,,https://www.usnews.com/education/best-global-universities/vilnius-university-503315,
529092,AgroParisTech,France,FRA,Paris,932,true,true,Best Global Universities,38.8,,https://www.usnews.com/education/best-global-universities/agroparistech-529092,
529000,Ca' Foscari University of Venice,Italy,ITA,Venice,932,true,true,Best Global Universities,38.8,,https://www.usnews.com/education/best-global-universities/ca-foscari-university-of-venice-529000,
530234,Future University in Egypt,Egypt,EGY,New Cairo 3,932,true,true,Best Global Universities,38.8,7298,https://www.usnews.com/education/best-global-universities/future-university-in-egypt-530234,
529475,Jiangsu University of Science and Technology,China,CHN,Zhenjiang,932,true,true,Best Global Universities,38.8,,https://www.usnews.com/education/best-global-universities/jiangsu-university-of-science-and-technology-529475,
528837,Johannes Kepler University Linz,Austria,AUT,Linz,932,true,true,Best Global Universities,38.8,,https://www.usnews.com/education/best-global-universities/johannes-kepler-university-linz-528837,
122409,San Diego State University,United States,USA,San Diego,932,true,true,Best Global Universities,38.8,34358,https://www.usnews.com/education/best-global-universities/san-diego-state-university-122409,
504868,Université du Québec à Montréal,Canada,CAN,Montreal,932,true,true,Best Global Universities,38.8,,https://www.usnews.com/education/best-global-universities/universite-du-quebec-a-montreal-504868,
529153,University of Greenwich,United Kingdom,GBR,London (U.K.),932,true,true,Best Global Universities,38.8,,https://www.usnews.com/education/best-global-universities/university-of-greenwich-529153,
529278,University of Kragujevac,Serbia,SRB,Kragujevac,932,true,true,Best Global Universities,38.8,,https://www.usnews.com/education/best-global-universities/university-of-kragujevac-529278,
217484,University of Rhode Island,United States,USA,Kingston (U.S.),932,true,true,Best Global Universities,38.8,16013,https://www.usnews.com/education/best-global-universities/university-of-rhode-island-217484,
529638,University of Tenaga Nasional,Malaysia,MYS,Selangor,932,true,true,Best Global Universities,38.8,,https://www.usnews.com/education/best-global-universities/university-of-tenaga-nasional-529638,
529387,University of Wuppertal,Germany,DEU,Wuppertal,932,true,true,Best Global Universities,38.8,,https://www.usnews.com/education/best-global-universities/university-of-wuppertal-529387,
530222,Bucharest University of Economic Studies,Romania,ROU,București,944,true,true,Best Global Universities,38.7,,https://www.usnews.com/education/best-global-universities/bucharest-university-of-economic-studies-530222,
503088,Jeonbuk National University,South Korea,KOR,Jeonju,944,true,true,Best Global Universities,38.7,,https://www.usnews.com/education/best-global-universities/jeonbuk-national-university-503088,
501678,Shahid Beheshti University Medical Sciences,Iran,IRN,Tehran,944,true,true,Best Global Universities,38.7,,https://www.usnews.com/education/best-global-universities/shahid-beheshti-university-medical-sciences-501678,
228246,Southern Methodist University,United States,USA,Dallas,944,true,true,Best Global Universities,38.7,,https://www.usnews.com/education/best-global-universities/southern-methodist-university-228246,
503965,Universidad de Malaga,Spain,ESP,Malaga,944,true,true,Best Global Universities,38.7,,https://www.usnews.com/education/best-global-universities/universidad-de-malaga-503965,
512792,Capital University,Egypt,EGY,Cairo,949,true,true,Best Global Universities,38.6,,https://www.usnews.com/education/best-global-universities/capital-university-512792,
529990,Free University of Bozen-Bolzano,Italy,ITA,Bolzano,949,true,true,Best Global Universities,38.6,,https://www.usnews.com/education/best-global-universities/free-university-of-bozen-bolzano-529990,
529186,Gdansk University of Technology,Poland,POL,Gdansk,949,true,true,Best Global Universities,38.6,15081,https://www.usnews.com/education/best-global-universities/gdansk-university-of-technology-529186,
529154,ITMO University,Russia,RUS,St. Petersburg,949,true,true,Best Global Universities,38.6,15738,https://www.usnews.com/education/best-global-universities/itmo-university-529154,
146719,Loyola University Chicago,United States,USA,Chicago,949,true,true,Best Global Universities,38.6,,https://www.usnews.com/education/best-global-universities/loyola-university-chicago-146719,
529011,Tianjin Medical University,China,CHN,Tianjin,949,true,true,Best Global Universities,38.6,,https://www.usnews.com/education/best-global-universities/tianjin-medical-university-529011,
505886,University of Burgundy,France,FRA,Dijon,949,true,true,Best Global Universities,38.6,,https://www.usnews.com/education/best-global-universities/university-of-burgundy-505886,
528876,University of Stirling,United Kingdom,GBR,Stirling,949,true,true,Best Global Universities,38.6,,https://www.usnews.com/education/best-global-universities/university-of-stirling-528876,
530157,Hanoi Medical University,Vietnam,VNM,Hanoi,957,true,true,Best Global Universities,38.5,,https://www.usnews.com/education/best-global-universities/hanoi-medical-university-530157,
529164,University of West England,United Kingdom,GBR,Bristol,957,true,true,Best Global Universities,38.5,,https://www.usnews.com/education/best-global-universities/university-of-west-england-529164,
530691,Arba Minch University,Ethiopia,ETH,Arba Minch,959,true,true,Best Global Universities,38.4,,https://www.usnews.com/education/best-global-universities/arba-minch-university-530691,
502045,Harbin Medical University,China,CHN,Harbin,959,true,true,Best Global Universities,38.4,,https://www.usnews.com/education/best-global-universities/harbin-medical-university-502045,
530049,"International Islamic University, Pakistan",Pakistan,PAK,Islamabad,959,true,true,Best Global Universities,38.4,,https://www.usnews.com/education/best-global-universities/international-islamic-university-pakistan-530049,
512713,Kuwait University,Kuwait,KWT,Kuwait City,959,true,true,Best Global Universities,38.4,31840,https://www.usnews.com/education/best-global-universities/kuwait-university-512713,
529090,Mae Fah Luang University,Thailand,THA,Chiang Rai,959,true,true,Best Global Universities,38.4,,https://www.usnews.com/education/best-global-universities/mae-fah-luang-university-529090,
505334,Shanghai Normal University,China,CHN,Shanghai,959,true,true,Best Global Universities,38.4,,https://www.usnews.com/education/best-global-universities/shanghai-normal-university-505334,
240727,University of Wyoming,United States,USA,Laramie,959,true,true,Best Global Universities,38.4,9269,https://www.usnews.com/education/best-global-universities/university-of-wyoming-240727,
216597,Villanova University,United States,USA,Villanova,959,true,true,Best Global Universities,38.4,,https://www.usnews.com/education/best-global-universities/villanova-university-216597,
530210,American University Cairo,Egypt,EGY,Cairo,967,true,true,Best Global Universities,38.3,6138,https://www.usnews.com/education/best-global-universities/american-university-cairo-530210,
529300,Shandong Normal University,China,CHN,Jinan,967,true,true,Best Global Universities,38.3,,https://www.usnews.com/education/best-global-universities/shandong-normal-university-529300,
529179,Shantou University,China,CHN,Shantou,967,true,true,Best Global Universities,38.3,24192,https://www.usnews.com/education/best-global-universities/shantou-university-529179,
529787,Suez University,Egypt,EGY,El Salam City,967,true,true,Best Global Universities,38.3,,https://www.usnews.com/education/best-global-universities/suez-university-529787,
529418,Zhejiang A&F University,China,CHN,Hangzhou,967,true,true,Best Global Universities,38.3,,https://www.usnews.com/education/best-global-universities/zhejiang-af-university-529418,
529512,Amity University,India,IND,Noida,972,true,true,Best Global Universities,38.2,,https://www.usnews.com/education/best-global-universities/amity-university-529512,
529683,Skolkovo Institute of Science and Technology,Russia,RUS,Moscow (Russia),972,true,true,Best Global Universities,38.2,,https://www.usnews.com/education/best-global-universities/skolkovo-institute-of-science-and-technology-529683,
505594,University of Calabria,Italy,ITA,Arcavacata di Rende,972,true,true,Best Global Universities,38.2,,https://www.usnews.com/education/best-global-universities/university-of-calabria-505594,
503933,Federal University of Paraná,Brazil,BRA,Curitiba,975,true,true,Best Global Universities,38.1,,https://www.usnews.com/education/best-global-universities/federal-university-of-parana-503933,
529517,Fujian Normal University,China,CHN,Fuzhou,975,true,true,Best Global Universities,38.1,,https://www.usnews.com/education/best-global-universities/fujian-normal-university-529517,
530761,North South University (NSU),Bangladesh,BGD,Dhaka,975,true,true,Best Global Universities,38.1,,https://www.usnews.com/education/best-global-universities/north-south-university-nsu-530761,
529816,SRM Institute of Science and Technology,India,IND,Chengalpattu,975,true,true,Best Global Universities,38.1,,https://www.usnews.com/education/best-global-universities/srm-institute-of-science-and-technology-529816,
530217,Universidad San Francisco de Quito,Ecuador,ECU,Quito,975,true,true,Best Global Universities,38.1,,https://www.usnews.com/education/best-global-universities/universidad-san-francisco-de-quito-530217,
530038,Universiti Malaysia Terengganu,Malaysia,MYS,Terengganu,975,true,true,Best Global Universities,38.1,8850,https://www.usnews.com/education/best-global-universities/universiti-malaysia-terengganu-530038,
501087,INSEAD Business School,France,FRA,Fontainebleau,981,true,true,Best Global Universities,38,,https://www.usnews.com/education/best-global-universities/insead-business-school-501087,
505518,Iran University of Science and Technology,Iran,IRN,Tehran,981,true,true,Best Global Universities,38,,https://www.usnews.com/education/best-global-universities/iran-university-of-science-and-technology-505518,
529019,Tomsk State University,Russia,RUS,Tomsk,981,true,true,Best Global Universities,38,7989,https://www.usnews.com/education/best-global-universities/tomsk-state-university-529019,
501360,University of Ioannina,Greece,GRC,Ioannina,981,true,true,Best Global Universities,38,,https://www.usnews.com/education/best-global-universities/university-of-ioannina-501360,
528845,University of Seoul,South Korea,KOR,Seoul,981,true,true,Best Global Universities,38,,https://www.usnews.com/education/best-global-universities/university-of-seoul-528845,
502646,University of Wrocław,Poland,POL,Wroclaw,981,true,true,Best Global Universities,38,,https://www.usnews.com/education/best-global-universities/university-of-wroclaw-502646,
530160,Babol University of Medical Sciences,Iran,IRN,Babol,987,true,true,Best Global Universities,37.9,,https://www.usnews.com/education/best-global-universities/babol-university-of-medical-sciences-530160,
506215,China Medical University,China,CHN,Shenyang,987,true,true,Best Global Universities,37.9,,https://www.usnews.com/education/best-global-universities/china-medical-university-506215,
188030,New Mexico State University,United States,USA,Las Cruces,987,true,true,Best Global Universities,37.9,12758,https://www.usnews.com/education/best-global-universities/new-mexico-state-university-188030,
528853,University of Salento,Italy,ITA,Lecce,987,true,true,Best Global Universities,37.9,15654,https://www.usnews.com/education/best-global-universities/university-of-salento-528853,
529272,Ningbo University,China,CHN,Ningbo,991,true,true,Best Global Universities,37.8,,https://www.usnews.com/education/best-global-universities/ningbo-university-529272,
528861,Otto von Guericke University,Germany,DEU,Magdeburg,991,true,true,Best Global Universities,37.8,,https://www.usnews.com/education/best-global-universities/otto-von-guericke-university-528861,
529065,Peter the Great St. Petersburg Polytechnic University,Russia,RUS,St. Petersburg,991,true,true,Best Global Universities,37.8,,https://www.usnews.com/education/best-global-universities/peter-the-great-st-petersburg-polytechnic-university-529065,
528872,University of Ulster,United Kingdom,GBR,Coleraine,991,true,true,Best Global Universities,37.8,25435,https://www.usnews.com/education/best-global-universities/university-of-ulster-528872,
529516,Wuhan Institute of Technology,China,CHN,Wuhan,991,true,true,Best Global Universities,37.8,27443,https://www.usnews.com/education/best-global-universities/wuhan-institute-of-technology-529516,
508412,Aswan University,Egypt,EGY,Sahara City,996,true,true,Best Global Universities,37.7,,https://www.usnews.com/education/best-global-universities/aswan-university-508412,
530183,Prince Mohammad Bin Fahd University,Saudi Arabia,SAU,Dhahran,996,true,true,Best Global Universities,37.7,,https://www.usnews.com/education/best-global-universities/prince-mohammad-bin-fahd-university-530183,
528855,Universitat de les Illes Balears,Spain,ESP,Palma de Mallorca,996,true,true,Best Global Universities,37.7,,https://www.usnews.com/education/best-global-universities/universitat-de-les-illes-balears-528855,
529548,University of Malta,Malta,MLT,Msida,996,true,true,Best Global Universities,37.7,12460,https://www.usnews.com/education/best-global-universities/university-of-malta-529548,
508895,University of Nizwa,Oman,OMN,Muscat,996,true,true,Best Global Universities,37.7,,https://www.usnews.com/education/best-global-universities/university-of-nizwa-508895,
530238,University of Petroleum & Energy Studies (UPES),India,IND,Prem Nagar,996,true,true,Best Global Universities,37.7,,https://www.usnews.com/education/best-global-universities/university-of-petroleum-energy-studies-upes-530238,
529269,Anhui Medical University,China,CHN,Hefei,1002,true,true,Best Global Universities,37.6,,https://www.usnews.com/education/best-global-universities/anhui-medical-university-529269,
500132,Ataturk University,Türkiye,TUR,Erzurum,1002,true,true,Best Global Universities,37.6,30624,https://www.usnews.com/education/best-global-universities/ataturk-university-500132,
505131,Braunschweig University of Technology,Germany,DEU,Braunschweig,1002,true,true,Best Global Universities,37.6,,https://www.usnews.com/education/best-global-universities/braunschweig-university-of-technology-505131,
180461,Montana State University Bozeman,United States,USA,Bozeman,1002,true,true,Best Global Universities,37.6,14463,https://www.usnews.com/education/best-global-universities/montana-state-university-bozeman-180461,
503585,Novosibirsk State University,Russia,RUS,Novosibirsk,1002,true,true,Best Global Universities,37.6,,https://www.usnews.com/education/best-global-universities/novosibirsk-state-university-503585,
529589,Universidad Costa Rica,Costa Rica,CRI,San Pedro Montes de Oca,1002,true,true,Best Global Universities,37.6,,https://www.usnews.com/education/best-global-universities/universidad-costa-rica-529589,
180489,University of Montana,United States,USA,Missoula,1002,true,true,Best Global Universities,37.6,,https://www.usnews.com/education/best-global-universities/university-of-montana-180489,
529885,Foshan University,China,CHN,Foshan,1009,true,true,Best Global Universities,37.5,,https://www.usnews.com/education/best-global-universities/foshan-university-529885,
131520,Howard University,United States,USA,"Washington, D.C.",1009,true,true,Best Global Universities,37.5,,https://www.usnews.com/education/best-global-universities/howard-university-131520,
529346,Shanghai Maritime University,China,CHN,Shanghai,1009,true,true,Best Global Universities,37.5,,https://www.usnews.com/education/best-global-universities/shanghai-maritime-university-529346,
499973,University of New Brunswick,Canada,CAN,Fredericton,1009,true,true,Best Global Universities,37.5,9363,https://www.usnews.com/education/best-global-universities/university-of-new-brunswick-499973,
530209,California State University Los Angeles,United States,USA,Los Angeles,1013,true,true,Best Global Universities,37.4,,https://www.usnews.com/education/best-global-universities/california-state-university-los-angeles-530209,
501414,University of Poitiers,France,FRA,Poitiers,1013,true,true,Best Global Universities,37.4,,https://www.usnews.com/education/best-global-universities/university-of-poitiers-501414,
505014,Federal University of Sao Carlos,Brazil,BRA,Sao Carlos,1015,true,true,Best Global Universities,37.3,,https://www.usnews.com/education/best-global-universities/federal-university-of-sao-carlos-505014,
530182,Institut d'Etudes Politiques Paris (Sciences Po),France,FRA,Paris,1015,true,true,Best Global Universities,37.3,,https://www.usnews.com/education/best-global-universities/institut-detudes-politiques-paris-sciences-po-530182,
530412,JSS Academy of Higher Education & Research,India,IND,Sri Shivarathreeshwara Nagara Bannimantap,1015,true,true,Best Global Universities,37.3,,https://www.usnews.com/education/best-global-universities/jss-academy-of-higher-education-research-530412,
203517,Kent State University,United States,USA,Kent,1015,true,true,Best Global Universities,37.3,,https://www.usnews.com/education/best-global-universities/kent-state-university-203517,
529882,Shaanxi University of Science and Technology,China,CHN,Xi'an,1015,true,true,Best Global Universities,37.3,,https://www.usnews.com/education/best-global-universities/shaanxi-university-of-science-and-technology-529882,
529669,University Diego Portales,Chile,CHL,Santiago,1015,true,true,Best Global Universities,37.3,,https://www.usnews.com/education/best-global-universities/university-diego-portales-529669,
530199,Chengdu University of Technology,China,CHN,"Sichuan, Chengdu",1021,true,true,Best Global Universities,37.2,,https://www.usnews.com/education/best-global-universities/chengdu-university-of-technology-530199,
500565,Chung Ang University,South Korea,KOR,Seoul,1021,true,true,Best Global Universities,37.2,,https://www.usnews.com/education/best-global-universities/chung-ang-university-500565,
530762,City University of Macau,Macau,MAC,Taipa,1021,true,true,Best Global Universities,37.2,,https://www.usnews.com/education/best-global-universities/city-university-of-macau-530762,
529604,Hebei University of Technology,China,CHN,Tianjin,1021,true,true,Best Global Universities,37.2,,https://www.usnews.com/education/best-global-universities/hebei-university-of-technology-529604,
528966,Orebro University,Sweden,SWE,Orebro,1021,true,true,Best Global Universities,37.2,,https://www.usnews.com/education/best-global-universities/orebro-university-528966,
528856,Universitat de Girona,Spain,ESP,Girona,1021,true,true,Best Global Universities,37.2,,https://www.usnews.com/education/best-global-universities/universitat-de-girona-528856,
529027,Universite de Tunis-El-Manar,Tunisia,TUN,Tunis,1021,true,true,Best Global Universities,37.2,,https://www.usnews.com/education/best-global-universities/universite-de-tunis-el-manar-529027,
507804,University of Bahrain,Bahrain,BHR,Sakhir,1021,true,true,Best Global Universities,37.2,,https://www.usnews.com/education/best-global-universities/university-of-bahrain-507804,
529034,University of Thessaly,Greece,GRC,Volos,1021,true,true,Best Global Universities,37.2,,https://www.usnews.com/education/best-global-universities/university-of-thessaly-529034,
502590,Isfahan University of Technology,Iran,IRN,Isfahan,1030,true,true,Best Global Universities,37.1,10159,https://www.usnews.com/education/best-global-universities/isfahan-university-of-technology-502590,
528976,University of Limerick,Ireland,IRL,Limerick,1030,true,true,Best Global Universities,37.1,,https://www.usnews.com/education/best-global-universities/university-of-limerick-528976,
504309,University of St Gallen,Switzerland,CHE,St. Gallen,1030,true,true,Best Global Universities,37.1,9007,https://www.usnews.com/education/best-global-universities/university-of-st-gallen-504309,
528900,Birla Institute of Technology & Science Pilani (BITS Pilani),India,IND,Pilani,1033,true,true,Best Global Universities,37,,https://www.usnews.com/education/best-global-universities/birla-institute-of-technology-science-pilani-bits-pilani-528900,
529401,Coventry University,United Kingdom,GBR,Coventry,1033,true,true,Best Global Universities,37,26705,https://www.usnews.com/education/best-global-universities/coventry-university-529401,
506633,Federal University of Pernambuco,Brazil,BRA,Recife,1033,true,true,Best Global Universities,37,,https://www.usnews.com/education/best-global-universities/federal-university-of-pernambuco-506633,
529414,Iran University of Medical Sciences,Iran,IRN,Tehran,1033,true,true,Best Global Universities,37,,https://www.usnews.com/education/best-global-universities/iran-university-of-medical-sciences-529414,
529132,Jamia Hamdard University,India,IND,New Delhi,1033,true,true,Best Global Universities,37,,https://www.usnews.com/education/best-global-universities/jamia-hamdard-university-529132,
529623,Kermanshah University of Medical Sciences,Iran,IRN,Kermanshah,1033,true,true,Best Global Universities,37,,https://www.usnews.com/education/best-global-universities/kermanshah-university-of-medical-sciences-529623,
502638,National University of Cordoba,Argentina,ARG,Cordoba (Argentina),1033,true,true,Best Global Universities,37,,https://www.usnews.com/education/best-global-universities/national-university-of-cordoba-502638,
528998,Southern Cross University,Australia,AUS,East Lismore,1033,true,true,Best Global Universities,37,,https://www.usnews.com/education/best-global-universities/southern-cross-university-528998,
530162,Urmia University of Medical Sciences,Iran,IRN,Urmia,1033,true,true,Best Global Universities,37,,https://www.usnews.com/education/best-global-universities/urmia-university-of-medical-sciences-530162,
529923,Western Norway University of Applied Sciences,Norway,NOR,Bergen,1033,true,true,Best Global Universities,37,,https://www.usnews.com/education/best-global-universities/western-norway-university-of-applied-sciences-529923,
530213,Guangdong University of Foreign Studies,China,CHN,Guangzhou,1043,true,true,Best Global Universities,36.9,,https://www.usnews.com/education/best-global-universities/guangdong-university-of-foreign-studies-530213,
529089,Kunming University of Science and Technology,China,CHN,Kunming,1043,true,true,Best Global Universities,36.9,,https://www.usnews.com/education/best-global-universities/kunming-university-of-science-and-technology-529089,
528819,Norwegian University of Life Sciences,Norway,NOR,As,1043,true,true,Best Global Universities,36.9,,https://www.usnews.com/education/best-global-universities/norwegian-university-of-life-sciences-528819,
529386,Universite de Franche-Comte,France,FRA,Besançon,1043,true,true,Best Global Universities,36.9,,https://www.usnews.com/education/best-global-universities/universite-de-franche-comte-529386,
528905,University of Bradford,United Kingdom,GBR,Bradford,1043,true,true,Best Global Universities,36.9,10745,https://www.usnews.com/education/best-global-universities/university-of-bradford-528905,
530024,Zhejiang Ocean University,China,CHN,Changzhi Island,1043,true,true,Best Global Universities,36.9,,https://www.usnews.com/education/best-global-universities/zhejiang-ocean-university-530024,
213543,Lehigh University,United States,USA,Bethlehem,1049,true,true,Best Global Universities,36.8,7119,https://www.usnews.com/education/best-global-universities/lehigh-university-213543,
504249,Okayama University,Japan,JPN,Okayama City,1049,true,true,Best Global Universities,36.8,,https://www.usnews.com/education/best-global-universities/okayama-university-504249,
499982,Ryerson University,Canada,CAN,Toronto,1049,true,true,Best Global Universities,36.8,41601,https://www.usnews.com/education/best-global-universities/ryerson-university-499982,
528973,University of Brighton,United Kingdom,GBR,Brighton,1049,true,true,Best Global Universities,36.8,,https://www.usnews.com/education/best-global-universities/university-of-brighton-528973,
503830,University of Oviedo,Spain,ESP,Oviedo,1049,true,true,Best Global Universities,36.8,17643,https://www.usnews.com/education/best-global-universities/university-of-oviedo-503830,
528851,University of Split,Croatia,HRV,Split,1049,true,true,Best Global Universities,36.8,,https://www.usnews.com/education/best-global-universities/university-of-split-528851,
529166,University of the Free State,South Africa,ZAF,Bloemfontein,1049,true,true,Best Global Universities,36.8,,https://www.usnews.com/education/best-global-universities/university-of-the-free-state-529166,
503755,Chonnam National University,South Korea,KOR,Gwangju,1056,true,true,Best Global Universities,36.7,18443,https://www.usnews.com/education/best-global-universities/chonnam-national-university-503755,
506665,Fourth Military Medical University,China,CHN,Xi'an,1056,true,true,Best Global Universities,36.7,,https://www.usnews.com/education/best-global-universities/fourth-military-medical-university-506665,
506455,Open University,United Kingdom,GBR,Milton Keynes,1056,true,true,Best Global Universities,36.7,,https://www.usnews.com/education/best-global-universities/open-university-506455,
529198,Universite de Monastir,Tunisia,TUN,Monastir,1056,true,true,Best Global Universities,36.7,20897,https://www.usnews.com/education/best-global-universities/universite-de-monastir-529198,
529135,Vienna University of Economics,Austria,AUT,Vienna,1056,true,true,Best Global Universities,36.7,,https://www.usnews.com/education/best-global-universities/vienna-university-of-economics-529135,
482149,Augusta University,United States,USA,Augusta,1061,true,true,Best Global Universities,36.6,9891,https://www.usnews.com/education/best-global-universities/augusta-university-482149,
530568,Daffodil International University,Bangladesh,BGD,Birulia,1061,true,true,Best Global Universities,36.6,,https://www.usnews.com/education/best-global-universities/daffodil-international-university-530568,
529271,Henan Normal University,China,CHN,Xinxiang,1061,true,true,Best Global Universities,36.6,,https://www.usnews.com/education/best-global-universities/henan-normal-university-529271,
171128,Michigan Technological University,United States,USA,Houghton,1061,true,true,Best Global Universities,36.6,,https://www.usnews.com/education/best-global-universities/michigan-technological-university-171128,
529095,Northeast Forestry University - China,China,CHN,Harbin,1061,true,true,Best Global Universities,36.6,,https://www.usnews.com/education/best-global-universities/northeast-forestry-university-china-529095,
529454,Universitat Ramon Llull,Spain,ESP,Barcelona,1061,true,true,Best Global Universities,36.6,17403,https://www.usnews.com/education/best-global-universities/universitat-ramon-llull-529454,
530570,University of Central Punjab,Pakistan,PAK,Lahore,1061,true,true,Best Global Universities,36.6,,https://www.usnews.com/education/best-global-universities/university-of-central-punjab-530570,
512401,University of Khartoum,Sudan,SDN,Khartoum,1061,true,true,Best Global Universities,36.6,,https://www.usnews.com/education/best-global-universities/university-of-khartoum-512401,
501758,University of Savoie,France,FRA,Chambery,1061,true,true,Best Global Universities,36.6,,https://www.usnews.com/education/best-global-universities/university-of-savoie-501758,
529621,Mazandaran University Medical Sciences,Iran,IRN,Sari,1070,true,true,Best Global Universities,36.5,,https://www.usnews.com/education/best-global-universities/mazandaran-university-medical-sciences-529621,
185828,New Jersey Institute of Technology,United States,USA,Newark,1070,true,true,Best Global Universities,36.5,10914,https://www.usnews.com/education/best-global-universities/new-jersey-institute-of-technology-185828,
529224,Paracelsus Private Medical University,Austria,AUT,Salzburg,1070,true,true,Best Global Universities,36.5,,https://www.usnews.com/education/best-global-universities/paracelsus-private-medical-university-529224,
529268,Silesian University of Technology,Poland,POL,Gliwice,1070,true,true,Best Global Universities,36.5,,https://www.usnews.com/education/best-global-universities/silesian-university-of-technology-529268,
529035,Yokohama City University,Japan,JPN,Yokohama,1070,true,true,Best Global Universities,36.5,,https://www.usnews.com/education/best-global-universities/yokohama-city-university-529035,
530060,Al-Farabi Kazakh National University,Kazakhstan,KAZ,Almaty,1075,true,true,Best Global Universities,36.4,,https://www.usnews.com/education/best-global-universities/al-farabi-kazakh-national-university-530060,
529040,Brno University of Technology,Czech Republic,CZE,Brno,1075,true,true,Best Global Universities,36.4,17858,https://www.usnews.com/education/best-global-universities/brno-university-of-technology-529040,
528978,Universidad de Alcala,Spain,ESP,Madrid,1075,true,true,Best Global Universities,36.4,16487,https://www.usnews.com/education/best-global-universities/universidad-de-alcala-528978,
528952,University of Eastern Piedmont Amedeo Avogadro,Italy,ITA,Vercelli,1075,true,true,Best Global Universities,36.4,,https://www.usnews.com/education/best-global-universities/university-of-eastern-piedmont-amedeo-avogadro-528952,
529252,University of Jinan,China,CHN,Jinan,1075,true,true,Best Global Universities,36.4,,https://www.usnews.com/education/best-global-universities/university-of-jinan-529252,
528817,University of South Bohemia Ceske Budejovice,Czech Republic,CZE,Ceske Budejovice,1075,true,true,Best Global Universities,36.4,,https://www.usnews.com/education/best-global-universities/university-of-south-bohemia-ceske-budejovice-528817,
529563,De Montfort University,United Kingdom,GBR,Leicester,1081,true,true,Best Global Universities,36.3,22300,https://www.usnews.com/education/best-global-universities/de-montfort-university-529563,
502695,Marmara University,Türkiye,TUR,Istanbul,1081,true,true,Best Global Universities,36.3,59629,https://www.usnews.com/education/best-global-universities/marmara-university-502695,
529473,Nantong University,China,CHN,Nantong,1081,true,true,Best Global Universities,36.3,,https://www.usnews.com/education/best-global-universities/nantong-university-529473,
232982,Old Dominion University,United States,USA,Norfolk,1081,true,true,Best Global Universities,36.3,17747,https://www.usnews.com/education/best-global-universities/old-dominion-university-232982,
529482,Qilu University of Technology,China,CHN,Jinan,1081,true,true,Best Global Universities,36.3,,https://www.usnews.com/education/best-global-universities/qilu-university-of-technology-529482,
500400,Shiraz University,Iran,IRN,Shiraz,1081,true,true,Best Global Universities,36.3,,https://www.usnews.com/education/best-global-universities/shiraz-university-500400,
528879,University of Caen,France,FRA,Caen,1081,true,true,Best Global Universities,36.3,,https://www.usnews.com/education/best-global-universities/university-of-caen-528879,
529479,University of Peshawar,Pakistan,PAK,Peshawar,1081,true,true,Best Global Universities,36.3,,https://www.usnews.com/education/best-global-universities/university-of-peshawar-529479,
529487,Xi'an University of Architecture and Technology,China,CHN,Xi'an,1081,true,true,Best Global Universities,36.3,,https://www.usnews.com/education/best-global-universities/xian-university-of-architecture-and-technology-529487,
506192,Heriot Watt University,United Kingdom,GBR,Edinburgh,1090,true,true,Best Global Universities,36.2,9270,https://www.usnews.com/education/best-global-universities/heriot-watt-university-506192,
529080,Hubei University,China,CHN,Wuhan,1090,true,true,Best Global Universities,36.2,,https://www.usnews.com/education/best-global-universities/hubei-university-529080,
194824,Rensselaer Polytechnic Institute,United States,USA,Troy,1090,true,true,Best Global Universities,36.2,,https://www.usnews.com/education/best-global-universities/rensselaer-polytechnic-institute-194824,
505807,Universidad de Cordoba,Spain,ESP,Cordoba (Spain),1090,true,true,Best Global Universities,36.2,,https://www.usnews.com/education/best-global-universities/universidad-de-cordoba-505807,
529988,University of Peradeniya,Sri Lanka,LKA,Peradeniya,1090,true,true,Best Global Universities,36.2,14847,https://www.usnews.com/education/best-global-universities/university-of-peradeniya-529988,
504656,University of Sofia,Bulgaria,BGR,Sofia,1090,true,true,Best Global Universities,36.2,21989,https://www.usnews.com/education/best-global-universities/university-of-sofia-504656,
528947,Carl von Ossietzky Universitat Oldenburg,Germany,DEU,Oldenburg,1096,true,true,Best Global Universities,36.1,,https://www.usnews.com/education/best-global-universities/carl-von-ossietzky-universitat-oldenburg-528947,
529634,Central University of Finance and Economics,China,CHN,Beijing,1096,true,true,Best Global Universities,36.1,,https://www.usnews.com/education/best-global-universities/central-university-of-finance-and-economics-529634,
529497,Hunan Normal University,China,CHN,Changsha,1096,true,true,Best Global Universities,36.1,,https://www.usnews.com/education/best-global-universities/hunan-normal-university-529497,
529596,Pontificia Universidad Javeriana,Colombia,COL,Bogota,1096,true,true,Best Global Universities,36.1,,https://www.usnews.com/education/best-global-universities/pontificia-universidad-javeriana-529596,
529713,SUNY Upstate Medical University,United States,USA,Syracuse,1096,true,true,Best Global Universities,36.1,,https://www.usnews.com/education/best-global-universities/suny-upstate-medical-university-529713,
502854,Ferdowsi University Mashhad,Iran,IRN,Mashhad,1101,true,true,Best Global Universities,36,,https://www.usnews.com/education/best-global-universities/ferdowsi-university-mashhad-502854,
529419,Isfahan University Medical Science,Iran,IRN,Isfahan,1101,true,true,Best Global Universities,36,,https://www.usnews.com/education/best-global-universities/isfahan-university-medical-science-529419,
530190,Obuda University,Hungary,HUN,Budapest,1101,true,true,Best Global Universities,36,,https://www.usnews.com/education/best-global-universities/obuda-university-530190,
131283,The Catholic University of America,United States,USA,"Washington, D.C.",1101,true,true,Best Global Universities,36,,https://www.usnews.com/education/best-global-universities/the-catholic-university-of-america-131283,
512943,British University in Egypt,Egypt,EGY,Cairo,1105,true,true,Best Global Universities,35.9,11180,https://www.usnews.com/education/best-global-universities/british-university-in-egypt-512943,
508814,Najran University,Saudi Arabia,SAU,Saudi Arabia,1105,true,true,Best Global Universities,35.9,,https://www.usnews.com/education/best-global-universities/najran-university-508814,
529130,Tianjin Polytechnic University,China,CHN,Tianjin,1105,true,true,Best Global Universities,35.9,,https://www.usnews.com/education/best-global-universities/tianjin-polytechnic-university-529130,
529684,Transilvania University of Brașov,Romania,ROU,Brasov,1105,true,true,Best Global Universities,35.9,20702,https://www.usnews.com/education/best-global-universities/transilvania-university-of-brasov-529684,
505673,University of Castilla-La Mancha,Spain,ESP,Real,1105,true,true,Best Global Universities,35.9,,https://www.usnews.com/education/best-global-universities/university-of-castilla-la-mancha-505673,
127060,University of Denver,United States,USA,Denver,1105,true,true,Best Global Universities,35.9,,https://www.usnews.com/education/best-global-universities/university-of-denver-127060,
530214,University of Sulimanyah,Iraq,IRQ,Sulaimani,1105,true,true,Best Global Universities,35.9,,https://www.usnews.com/education/best-global-universities/university-of-sulimanyah-530214,
530022,Government College University Lahore,Pakistan,PAK,Lahore,1112,true,true,Best Global Universities,35.8,,https://www.usnews.com/education/best-global-universities/government-college-university-lahore-530022,
502450,Nicolaus Copernicus University,Poland,POL,Torun,1112,true,true,Best Global Universities,35.8,16319,https://www.usnews.com/education/best-global-universities/nicolaus-copernicus-university-502450,
529989,Universidade Catolica Portuguesa,Portugal,PRT,Lisboa,1112,true,true,Best Global Universities,35.8,,https://www.usnews.com/education/best-global-universities/universidade-catolica-portuguesa-529989,
528977,Universidade Federal da Bahia,Brazil,BRA,Cruz Das Almas,1112,true,true,Best Global Universities,35.8,,https://www.usnews.com/education/best-global-universities/universidade-federal-da-bahia-528977,
529407,Universidade Federal do Rio Grande do Norte,Brazil,BRA,Natal/RN,1112,true,true,Best Global Universities,35.8,,https://www.usnews.com/education/best-global-universities/universidade-federal-do-rio-grande-do-norte-529407,
102614,University of Alaska--Fairbanks,United States,USA,Fairbanks,1112,true,true,Best Global Universities,35.8,2918,https://www.usnews.com/education/best-global-universities/university-of-alaska-fairbanks-102614,
529742,International Medical University,Malaysia,MYS,Kuala Lumpur,1118,true,true,Best Global Universities,35.7,3554,https://www.usnews.com/education/best-global-universities/international-medical-university-529742,
505505,Second Military Medical University,China,CHN,Shanghai,1118,true,true,Best Global Universities,35.7,,https://www.usnews.com/education/best-global-universities/second-military-medical-university-505505,
530205,University of Cape Coast,Ghana,GHA,Cape Coast,1118,true,true,Best Global Universities,35.7,,https://www.usnews.com/education/best-global-universities/university-of-cape-coast-530205,
530239,Zhongkai University of Agriculture & Engineering,China,CHN,Guangzhou,1118,true,true,Best Global Universities,35.7,,https://www.usnews.com/education/best-global-universities/zhongkai-university-of-agriculture-engineering-530239,
506184,Graz University of Technology,Austria,AUT,Graz,1122,true,true,Best Global Universities,35.6,,https://www.usnews.com/education/best-global-universities/graz-university-of-technology-506184,
503729,Third Military Medical University,China,CHN,Shapingba,1122,true,true,Best Global Universities,35.6,,https://www.usnews.com/education/best-global-universities/third-military-medical-university-503729,
529442,University of Gondar,Ethiopia,ETH,Gondar,1122,true,true,Best Global Universities,35.6,,https://www.usnews.com/education/best-global-universities/university-of-gondar-529442,
505080,National Sun Yat-Sen University,Taiwan,TWN,Kaohsiung,1125,true,true,Best Global Universities,35.5,9020,https://www.usnews.com/education/best-global-universities/national-sun-yat-sen-university-505080,
529422,University of Huddersfield,United Kingdom,GBR,Huddersfield,1125,true,true,Best Global Universities,35.5,,https://www.usnews.com/education/best-global-universities/university-of-huddersfield-529422,
529354,Hunan Agricultural University,China,CHN,Changsha,1127,true,true,Best Global Universities,35.4,,https://www.usnews.com/education/best-global-universities/hunan-agricultural-university-529354,
529791,Pontificia Universidad Catolica del Peru,Peru,PER,Lima,1127,true,true,Best Global Universities,35.4,27795,https://www.usnews.com/education/best-global-universities/pontificia-universidad-catolica-del-peru-529791,
529002,Tallinn University of Technology,Estonia,EST,Tallinn,1127,true,true,Best Global Universities,35.4,,https://www.usnews.com/education/best-global-universities/tallinn-university-of-technology-529002,
501268,Universidad de Valladolid,Spain,ESP,Valladolid,1127,true,true,Best Global Universities,35.4,,https://www.usnews.com/education/best-global-universities/universidad-de-valladolid-501268,
529400,Wroclaw Medical University,Poland,POL,Wroclaw,1127,true,true,Best Global Universities,35.4,6606,https://www.usnews.com/education/best-global-universities/wroclaw-medical-university-529400,
529521,Henan Polytechnic University,China,CHN,Jiaozuo,1132,true,true,Best Global Universities,35.3,,https://www.usnews.com/education/best-global-universities/henan-polytechnic-university-529521,
529583,Pontificia Universidade Catolica Do Rio Grande Do Sul,Brazil,BRA,Porto Alegre,1132,true,true,Best Global Universities,35.3,15175,https://www.usnews.com/education/best-global-universities/pontificia-universidade-catolica-do-rio-grande-do-sul-529583,
528983,University of Insubria,Italy,ITA,Varese,1132,true,true,Best Global Universities,35.3,12277,https://www.usnews.com/education/best-global-universities/university-of-insubria-528983,
529086,Yanshan University,China,CHN,Qinhuangdao,1132,true,true,Best Global Universities,35.3,40986,https://www.usnews.com/education/best-global-universities/yanshan-university-529086,
506847,Gwangju Institute of Science and Technology,South Korea,KOR,Gwangju,1136,true,true,Best Global Universities,35.2,,https://www.usnews.com/education/best-global-universities/gwangju-institute-of-science-and-technology-506847,
506097,Polytechnic University of Bucharest,Romania,ROU,Bucharest,1136,true,true,Best Global Universities,35.2,37048,https://www.usnews.com/education/best-global-universities/polytechnic-university-of-bucharest-506097,
502879,Shahid Beheshti University Tehran (SBU),Iran,IRN,Tehran,1138,true,true,Best Global Universities,35.1,15198,https://www.usnews.com/education/best-global-universities/shahid-beheshti-university-tehran-sbu-502879,
528920,Universidade Federal do ABC (UFABC),Brazil,BRA,Santo Andre,1138,true,true,Best Global Universities,35.1,,https://www.usnews.com/education/best-global-universities/universidade-federal-do-abc-ufabc-528920,
529151,Universitat Kassel,Germany,DEU,Kassel,1138,true,true,Best Global Universities,35.1,,https://www.usnews.com/education/best-global-universities/universitat-kassel-529151,
529477,Xi'an University of Technology,China,CHN,Xi'an,1138,true,true,Best Global Universities,35.1,,https://www.usnews.com/education/best-global-universities/xian-university-of-technology-529477,
529732,Hebei University,China,CHN,Baoding,1142,true,true,Best Global Universities,35,,https://www.usnews.com/education/best-global-universities/hebei-university-529732,
504757,National Central University,Taiwan,TWN,Jhongli City,1142,true,true,Best Global Universities,35,11111,https://www.usnews.com/education/best-global-universities/national-central-university-504757,
529171,Shanghai Ocean University,China,CHN,Shanghai,1142,true,true,Best Global Universities,35,,https://www.usnews.com/education/best-global-universities/shanghai-ocean-university-529171,
529800,Universite Gustave-Eiffel,France,FRA,Marne-la-Vallée,1142,true,true,Best Global Universities,35,,https://www.usnews.com/education/best-global-universities/universite-gustave-eiffel-529800,
528860,University of Mons,Belgium,BEL,Mons,1142,true,true,Best Global Universities,35,,https://www.usnews.com/education/best-global-universities/university-of-mons-528860,
530226,London South Bank University,United Kingdom,GBR,London,1147,true,true,Best Global Universities,34.9,,https://www.usnews.com/education/best-global-universities/london-south-bank-university-530226,
529056,Medical University Gdansk,Poland,POL,Gdańsk,1147,true,true,Best Global Universities,34.9,6646,https://www.usnews.com/education/best-global-universities/medical-university-gdansk-529056,
514495,Middle East University,Jordan,JOR,Amman,1147,true,true,Best Global Universities,34.9,,https://www.usnews.com/education/best-global-universities/middle-east-university-514495,
529403,University of the Sunshine Coast,Australia,AUS,Sippy Downs,1147,true,true,Best Global Universities,34.9,11000,https://www.usnews.com/education/best-global-universities/university-of-the-sunshine-coast-529403,
206084,University of Toledo,United States,USA,Toledo,1147,true,true,Best Global Universities,34.9,,https://www.usnews.com/education/best-global-universities/university-of-toledo-206084,
529284,Xinjiang University,China,CHN,Xinjiang,1147,true,true,Best Global Universities,34.9,,https://www.usnews.com/education/best-global-universities/xinjiang-university-529284,
503741,Nagasaki University,Japan,JPN,Nagasaki,1153,true,true,Best Global Universities,34.8,,https://www.usnews.com/education/best-global-universities/nagasaki-university-503741,
529093,Shandong Agricultural University,China,CHN,Tai'an,1153,true,true,Best Global Universities,34.8,,https://www.usnews.com/education/best-global-universities/shandong-agricultural-university-529093,
530230,University of Hradec Kralove,Czech Republic,CZE,Hradec Kralove,1153,true,true,Best Global Universities,34.8,6295,https://www.usnews.com/education/best-global-universities/university-of-hradec-kralove-530230,
530059,University of Jeddah,Saudi Arabia,SAU,Al Sharafeyah,1153,true,true,Best Global Universities,34.8,,https://www.usnews.com/education/best-global-universities/university-of-jeddah-530059,
227368,University of Texas--Rio Grande Valley,United States,USA,Edinburg,1153,true,true,Best Global Universities,34.8,,https://www.usnews.com/education/best-global-universities/university-of-texas-rio-grande-valley-227368,
529642,Qingdao University of Technology,China,CHN,Qingdao,1158,true,true,Best Global Universities,34.7,,https://www.usnews.com/education/best-global-universities/qingdao-university-of-technology-529642,
186867,Stevens Institute of Technology,United States,USA,Hoboken,1158,true,true,Best Global Universities,34.7,7500,https://www.usnews.com/education/best-global-universities/stevens-institute-of-technology-186867,
530169,University of Vaasa,Finland,FIN,Vassa,1158,true,true,Best Global Universities,34.7,,https://www.usnews.com/education/best-global-universities/university-of-vaasa-530169,
502920,Warsaw University of Technology,Poland,POL,Warsaw,1158,true,true,Best Global Universities,34.7,21287,https://www.usnews.com/education/best-global-universities/warsaw-university-of-technology-502920,
529088,Zhejiang Sci-Tech University,China,CHN,Hangzhou,1158,true,true,Best Global Universities,34.7,,https://www.usnews.com/education/best-global-universities/zhejiang-sci-tech-university-529088,
529929,Kerman University of Medical Sciences,Iran,IRN,Kerman,1163,true,true,Best Global Universities,34.6,,https://www.usnews.com/education/best-global-universities/kerman-university-of-medical-sciences-529929,
529219,Pontificia Universidad Catolica de Valparaiso,Chile,CHL,Valparaiso,1163,true,true,Best Global Universities,34.6,,https://www.usnews.com/education/best-global-universities/pontificia-universidad-catolica-de-valparaiso-529219,
529177,Universidad de Santiago de Chile,Chile,CHL,Santiago,1163,true,true,Best Global Universities,34.6,,https://www.usnews.com/education/best-global-universities/universidad-de-santiago-de-chile-529177,
528992,University Campus Bio-Medico - Rome Italy,Italy,ITA,Rome,1163,true,true,Best Global Universities,34.6,,https://www.usnews.com/education/best-global-universities/university-campus-bio-medico-rome-italy-528992,
529759,Henan Agricultural University,China,CHN,Zhengzhou,1167,true,true,Best Global Universities,34.5,,https://www.usnews.com/education/best-global-universities/henan-agricultural-university-529759,
504761,Inha University,South Korea,KOR,Incheon,1167,true,true,Best Global Universities,34.5,14247,https://www.usnews.com/education/best-global-universities/inha-university-504761,
530424,Jishou University,China,CHN,Hunan,1167,true,true,Best Global Universities,34.5,,https://www.usnews.com/education/best-global-universities/jishou-university-530424,
529254,Magna Graecia University of Catanzaro,Italy,ITA,Catanzaro,1167,true,true,Best Global Universities,34.5,,https://www.usnews.com/education/best-global-universities/magna-graecia-university-of-catanzaro-529254,
239105,Marquette University,United States,USA,Milwaukee,1167,true,true,Best Global Universities,34.5,,https://www.usnews.com/education/best-global-universities/marquette-university-239105,
529554,Roskilde University,Denmark,DNK,Roskilde,1167,true,true,Best Global Universities,34.5,,https://www.usnews.com/education/best-global-universities/roskilde-university-529554,
530246,University of Nicosia,Cyprus,CYP,Nicosia,1167,true,true,Best Global Universities,34.5,,https://www.usnews.com/education/best-global-universities/university-of-nicosia-530246,
529167,Gachon University,South Korea,KOR,Seongnam,1174,true,true,Best Global Universities,34.4,,https://www.usnews.com/education/best-global-universities/gachon-university-529167,
529183,G d'Annunzio University of Chieti-Pescara,Italy,ITA,Chieti,1174,true,true,Best Global Universities,34.4,,https://www.usnews.com/education/best-global-universities/g-dannunzio-university-of-chieti-pescara-529183,
529031,Jawaharlal Nehru University,India,IND,New Delhi,1174,true,true,Best Global Universities,34.4,,https://www.usnews.com/education/best-global-universities/jawaharlal-nehru-university-529031,
529008,Medical University Warsaw,Poland,POL,Warsaw,1174,true,true,Best Global Universities,34.4,,https://www.usnews.com/education/best-global-universities/medical-university-warsaw-529008,
529009,Oxford Brookes University,United Kingdom,GBR,Oxford,1174,true,true,Best Global Universities,34.4,18100,https://www.usnews.com/education/best-global-universities/oxford-brookes-university-529009,
528999,Rhodes University,South Africa,ZAF,Grahamstown,1174,true,true,Best Global Universities,34.4,,https://www.usnews.com/education/best-global-universities/rhodes-university-528999,
528984,University of Rouen,France,FRA,Mont-Saint-Aignan,1174,true,true,Best Global Universities,34.4,,https://www.usnews.com/education/best-global-universities/university-of-rouen-528984,
499964,University of Windsor,Canada,CAN,Windsor,1174,true,true,Best Global Universities,34.4,,https://www.usnews.com/education/best-global-universities/university-of-windsor-499964,
528878,Yildiz Technical University,Türkiye,TUR,Istanbul,1174,true,true,Best Global Universities,34.4,23189,https://www.usnews.com/education/best-global-universities/yildiz-technical-university-528878,
530763,Alborz University of Medical Sciences,Iran,IRN,Karaj,1183,true,true,Best Global Universities,34.3,,https://www.usnews.com/education/best-global-universities/alborz-university-of-medical-sciences-530763,
511302,An Najah National University,Palestine,PSE,Nablus,1183,true,true,Best Global Universities,34.3,,https://www.usnews.com/education/best-global-universities/an-najah-national-university-511302,
198464,East Carolina University,United States,USA,Greenville,1183,true,true,Best Global Universities,34.3,,https://www.usnews.com/education/best-global-universities/east-carolina-university-198464,
500691,Ege University,Türkiye,TUR,Izmir,1183,true,true,Best Global Universities,34.3,28840,https://www.usnews.com/education/best-global-universities/ege-university-500691,
530572,Guilan University of Medical Sciences,Iran,IRN,Rasht,1183,true,true,Best Global Universities,34.3,,https://www.usnews.com/education/best-global-universities/guilan-university-of-medical-sciences-530572,
530231,Ibn Tofail University of Kenitra,Morocco,MAR,Kenitra,1183,true,true,Best Global Universities,34.3,,https://www.usnews.com/education/best-global-universities/ibn-tofail-university-of-kenitra-530231,
529024,Khon Kaen University,Thailand,THA,Khon Kaen,1183,true,true,Best Global Universities,34.3,35798,https://www.usnews.com/education/best-global-universities/khon-kaen-university-529024,
529202,Universidad Andres Bello,Chile,CHL,Santiago,1183,true,true,Best Global Universities,34.3,,https://www.usnews.com/education/best-global-universities/universidad-andres-bello-529202,
529749,University of the West Indies,Jamaica,JAM,Kingston 7,1183,true,true,Best Global Universities,34.3,,https://www.usnews.com/education/best-global-universities/university-of-the-west-indies-529749,
530215,Air University Islamabad,Pakistan,PAK,Islamabad,1192,true,true,Best Global Universities,34.2,,https://www.usnews.com/education/best-global-universities/air-university-islamabad-530215,
529903,Dalian Polytechnic University,China,CHN,Dalian,1192,true,true,Best Global Universities,34.2,,https://www.usnews.com/education/best-global-universities/dalian-polytechnic-university-529903,
530185,Dongbei University of Finance & Economics,China,CHN,Dalian,1192,true,true,Best Global Universities,34.2,,https://www.usnews.com/education/best-global-universities/dongbei-university-of-finance-economics-530185,
529155,Kazan Federal University,Russia,RUS,Kazan,1192,true,true,Best Global Universities,34.2,,https://www.usnews.com/education/best-global-universities/kazan-federal-university-529155,
529562,University of Foggia,Italy,ITA,Foggia,1192,true,true,Best Global Universities,34.2,,https://www.usnews.com/education/best-global-universities/university-of-foggia-529562,
530584,Central University of Punjab,India,IND,Bathinda,1197,true,true,Best Global Universities,34.1,,https://www.usnews.com/education/best-global-universities/central-university-of-punjab-530584,
528830,Firat University,Türkiye,TUR,Elazig,1197,true,true,Best Global Universities,34.1,,https://www.usnews.com/education/best-global-universities/firat-university-528830,
529526,Istanbul University - Cerrahpasa,Türkiye,TUR,Istanbul,1197,true,true,Best Global Universities,34.1,23523,https://www.usnews.com/education/best-global-universities/istanbul-university-cerrahpasa-529526,
529802,Liaocheng University,China,CHN,Liaocheng,1197,true,true,Best Global Universities,34.1,,https://www.usnews.com/education/best-global-universities/liaocheng-university-529802,
528943,Maynooth University,Ireland,IRL,Maynooth,1197,true,true,Best Global Universities,34.1,,https://www.usnews.com/education/best-global-universities/maynooth-university-528943,
529706,Universitas Gadjah Mada,Indonesia,IDN,Yogyakarta,1197,true,true,Best Global Universities,34.1,,https://www.usnews.com/education/best-global-universities/universitas-gadjah-mada-529706,
504494,Catholic University of Korea,South Korea,KOR,Bucheon,1203,true,true,Best Global Universities,34,7349,https://www.usnews.com/education/best-global-universities/catholic-university-of-korea-504494,
506852,Gazi University,Türkiye,TUR,Ankara,1203,true,true,Best Global Universities,34,41276,https://www.usnews.com/education/best-global-universities/gazi-university-506852,
504282,Saarland University,Germany,DEU,Saarbrucken,1203,true,true,Best Global Universities,34,,https://www.usnews.com/education/best-global-universities/saarland-university-504282,
529484,Sakarya University,Türkiye,TUR,Serdivan,1203,true,true,Best Global Universities,34,,https://www.usnews.com/education/best-global-universities/sakarya-university-529484,
529823,Suzhou University of Science and Technology,China,CHN,Suzhou,1203,true,true,Best Global Universities,34,,https://www.usnews.com/education/best-global-universities/suzhou-university-of-science-and-technology-529823,
529880,Universidad de La Serena,Chile,CHL,La Serena,1203,true,true,Best Global Universities,34,,https://www.usnews.com/education/best-global-universities/universidad-de-la-serena-529880,
529194,Universiti Teknologi MARA,Malaysia,MYS,Darul Ehsan,1203,true,true,Best Global Universities,34,56316,https://www.usnews.com/education/best-global-universities/universiti-teknologi-mara-529194,
529528,Anhui Agricultural University,China,CHN,Hefei,1210,true,true,Best Global Universities,33.9,,https://www.usnews.com/education/best-global-universities/anhui-agricultural-university-529528,
530280,Capital University of Economics & Business,China,CHN,Beijing,1210,true,true,Best Global Universities,33.9,,https://www.usnews.com/education/best-global-universities/capital-university-of-economics-business-530280,
508118,Damanhour University,Egypt,EGY,Damanhour,1210,true,true,Best Global Universities,33.9,,https://www.usnews.com/education/best-global-universities/damanhour-university-508118,
505102,Kumamoto University,Japan,JPN,Kumamoto,1210,true,true,Best Global Universities,33.9,9418,https://www.usnews.com/education/best-global-universities/kumamoto-university-505102,
530244,Universitas Padjadjaran,Indonesia,IDN,Kabupaten Sumedang,1210,true,true,Best Global Universities,33.9,,https://www.usnews.com/education/best-global-universities/universitas-padjadjaran-530244,
502904,Wrocław University of Science and Technology,Poland,POL,Wroclaw,1210,true,true,Best Global Universities,33.9,,https://www.usnews.com/education/best-global-universities/wroclaw-university-of-science-and-technology-502904,
505417,Chang Gung University,Taiwan,TWN,Taoyuan City,1216,true,true,Best Global Universities,33.8,7255,https://www.usnews.com/education/best-global-universities/chang-gung-university-505417,
529256,Hangzhou Dianzi University,China,CHN,Hangzhou,1216,true,true,Best Global Universities,33.8,,https://www.usnews.com/education/best-global-universities/hangzhou-dianzi-university-529256,
505474,Jadavpur University,India,IND,Kolkata,1216,true,true,Best Global Universities,33.8,,https://www.usnews.com/education/best-global-universities/jadavpur-university-505474,
529830,King Mongkuts University of Technology North Bangkok,Thailand,THA,Bangkok,1216,true,true,Best Global Universities,33.8,29460,https://www.usnews.com/education/best-global-universities/king-mongkuts-university-of-technology-north-bangkok-529830,
529142,Parthenope University Naples,Italy,ITA,Naples,1216,true,true,Best Global Universities,33.8,,https://www.usnews.com/education/best-global-universities/parthenope-university-naples-529142,
528834,Universidade Federal de Pelotas,Brazil,BRA,Pelotas,1216,true,true,Best Global Universities,33.8,,https://www.usnews.com/education/best-global-universities/universidade-federal-de-pelotas-528834,
528882,University of Maribor,Slovenia,SVN,Maribor,1216,true,true,Best Global Universities,33.8,13420,https://www.usnews.com/education/best-global-universities/university-of-maribor-528882,
529144,University of Marrakech Cadi Ayyad,Morocco,MAR,Marrakech,1216,true,true,Best Global Universities,33.8,,https://www.usnews.com/education/best-global-universities/university-of-marrakech-cadi-ayyad-529144,
529351,Changzhou University,China,CHN,Changzhou,1224,true,true,Best Global Universities,33.7,,https://www.usnews.com/education/best-global-universities/changzhou-university-529351,
529043,Chongqing Medical University,China,CHN,Yuzhong,1224,true,true,Best Global Universities,33.7,,https://www.usnews.com/education/best-global-universities/chongqing-medical-university-529043,
530566,Gorgan University of Agricultural Sciences & Natural Resources,Iran,IRN,Gorgan,1224,true,true,Best Global Universities,33.7,,https://www.usnews.com/education/best-global-universities/gorgan-university-of-agricultural-sciences-natural-resources-530566,
529466,Leuphana University Luneburg,Germany,DEU,Luneburg,1224,true,true,Best Global Universities,33.7,,https://www.usnews.com/education/best-global-universities/leuphana-university-luneburg-529466,
193830,New York Medical College,United States,USA,Valhalla,1224,true,true,Best Global Universities,33.7,,https://www.usnews.com/education/best-global-universities/new-york-medical-college-193830,
504351,Niigata University,Japan,JPN,Niigata,1224,true,true,Best Global Universities,33.7,,https://www.usnews.com/education/best-global-universities/niigata-university-504351,
528967,University of Angers,France,FRA,Angers,1224,true,true,Best Global Universities,33.7,,https://www.usnews.com/education/best-global-universities/university-of-angers-528967,
528959,University of Picardie-Jules-Verne,France,FRA,Amiens,1224,true,true,Best Global Universities,33.7,,https://www.usnews.com/education/best-global-universities/university-of-picardie-jules-verne-528959,
530257,University of Teesside,United Kingdom,GBR,Middlesbrough,1224,true,true,Best Global Universities,33.7,,https://www.usnews.com/education/best-global-universities/university-of-teesside-530257,
529543,Qufu Normal University,China,CHN,Qufu,1233,true,true,Best Global Universities,33.6,,https://www.usnews.com/education/best-global-universities/qufu-normal-university-529543,
528953,Salzburg University,Austria,AUT,Salzburg,1233,true,true,Best Global Universities,33.6,,https://www.usnews.com/education/best-global-universities/salzburg-university-528953,
529674,Tianjin University of Technology,China,CHN,Tianjin,1233,true,true,Best Global Universities,33.6,,https://www.usnews.com/education/best-global-universities/tianjin-university-of-technology-529674,
506008,Universite Paul-Valery Montpellier 3,France,FRA,Montpellier,1233,true,true,Best Global Universities,33.6,,https://www.usnews.com/education/best-global-universities/universite-paul-valery-montpellier-3-506008,
166513,University of Massachusetts--Lowell,United States,USA,Lowell,1233,true,true,Best Global Universities,33.6,,https://www.usnews.com/education/best-global-universities/university-of-massachusetts-lowell-166513,
530764,Birjand University of Medical Sciences,Iran,IRN,Birjand,1238,true,true,Best Global Universities,33.5,,https://www.usnews.com/education/best-global-universities/birjand-university-of-medical-sciences-530764,
133669,Florida Atlantic University,United States,USA,Boca Raton,1238,true,true,Best Global Universities,33.5,28254,https://www.usnews.com/education/best-global-universities/florida-atlantic-university-133669,
530233,Jahangirnagar University,Bangladesh,BGD,Dhaka,1238,true,true,Best Global Universities,33.5,,https://www.usnews.com/education/best-global-universities/jahangirnagar-university-530233,
503911,Konkuk University,South Korea,KOR,Seoul,1238,true,true,Best Global Universities,33.5,,https://www.usnews.com/education/best-global-universities/konkuk-university-503911,
529195,Medical University Lodz,Poland,POL,Lodz,1238,true,true,Best Global Universities,33.5,,https://www.usnews.com/education/best-global-universities/medical-university-lodz-529195,
530243,Universidad de Tarapaca,Chile,CHL,Tarapaca,1238,true,true,Best Global Universities,33.5,,https://www.usnews.com/education/best-global-universities/universidad-de-tarapaca-530243,
529145,Universite de Brest,France,FRA,Brittany,1238,true,true,Best Global Universities,33.5,,https://www.usnews.com/education/best-global-universities/universite-de-brest-529145,
228796,University of Texas--El Paso,United States,USA,El Paso,1238,true,true,Best Global Universities,33.5,,https://www.usnews.com/education/best-global-universities/university-of-texas-el-paso-228796,
502760,Chungnam National University,South Korea,KOR,Daejeon,1246,true,true,Best Global Universities,33.4,,https://www.usnews.com/education/best-global-universities/chungnam-national-university-502760,
529308,Nanjing University of Chinese Medicine,China,CHN,Nanjing,1246,true,true,Best Global Universities,33.4,,https://www.usnews.com/education/best-global-universities/nanjing-university-of-chinese-medicine-529308,
505943,Tokai University,Japan,JPN,Hiratsuka,1246,true,true,Best Global Universities,33.4,,https://www.usnews.com/education/best-global-universities/tokai-university-505943,
528961,University of L'Aquila,Italy,ITA,L'Aquila,1246,true,true,Best Global Universities,33.4,,https://www.usnews.com/education/best-global-universities/university-of-laquila-528961,
200332,North Dakota State University,United States,USA,Fargo,1250,true,true,Best Global Universities,33.3,10701,https://www.usnews.com/education/best-global-universities/north-dakota-state-university-200332,
530409,Semnan University of Medical Sciences,Iran,IRN,Semnan,1250,true,true,Best Global Universities,33.3,,https://www.usnews.com/education/best-global-universities/semnan-university-of-medical-sciences-530409,
529729,Shandong First Medical University and Shandong Academy of Medical Sciences,China,CHN,Taian,1250,true,true,Best Global Universities,33.3,,https://www.usnews.com/education/best-global-universities/shandong-first-medical-university-and-shandong-academy-of-medical-sciences-529729,
529161,University of Yaounde I,Cameroon,CMR,Yaounde,1250,true,true,Best Global Universities,33.3,,https://www.usnews.com/education/best-global-universities/university-of-yaounde-i-529161,
509246,Damietta University,Egypt,EGY,Kafr Saad,1254,true,true,Best Global Universities,33.2,,https://www.usnews.com/education/best-global-universities/damietta-university-509246,
529075,National University of Science and Technology MISIS,Russia,RUS,Moscow (Russia),1254,true,true,Best Global Universities,33.2,7345,https://www.usnews.com/education/best-global-universities/national-university-of-science-and-technology-misis-529075,
529220,Sheffield Hallam University,United Kingdom,GBR,Sheffield,1254,true,true,Best Global Universities,33.2,,https://www.usnews.com/education/best-global-universities/sheffield-hallam-university-529220,
161253,University of Maine,United States,USA,Orono,1254,true,true,Best Global Universities,33.2,,https://www.usnews.com/education/best-global-universities/university-of-maine-161253,
499970,University of Regina,Canada,CAN,Regina,1254,true,true,Best Global Universities,33.2,14331,https://www.usnews.com/education/best-global-universities/university-of-regina-499970,
504876,Ajou University,South Korea,KOR,Suwon,1259,true,true,Best Global Universities,33.1,7091,https://www.usnews.com/education/best-global-universities/ajou-university-504876,
529450,IMT Atlantique,France,FRA,Toulouse,1259,true,true,Best Global Universities,33.1,,https://www.usnews.com/education/best-global-universities/imt-atlantique-529450,
529176,Medical University Sofia,Bulgaria,BGR,Sofia,1259,true,true,Best Global Universities,33.1,,https://www.usnews.com/education/best-global-universities/medical-university-sofia-529176,
528885,Middlesex University,United Kingdom,GBR,London (U.K.),1259,true,true,Best Global Universities,33.1,,https://www.usnews.com/education/best-global-universities/middlesex-university-528885,
514022,Shaqra University,Saudi Arabia,SAU,Riyadh,1259,true,true,Best Global Universities,33.1,,https://www.usnews.com/education/best-global-universities/shaqra-university-514022,
529015,Universidad Rey Juan Carlos,Spain,ESP,Madrid,1259,true,true,Best Global Universities,33.1,38705,https://www.usnews.com/education/best-global-universities/universidad-rey-juan-carlos-529015,
528962,University of Basilicata,Italy,ITA,Potenza,1259,true,true,Best Global Universities,33.1,,https://www.usnews.com/education/best-global-universities/university-of-basilicata-528962,
529804,Dongguan University of Technology,China,CHN,Dongguan,1266,true,true,Best Global Universities,33,,https://www.usnews.com/education/best-global-universities/dongguan-university-of-technology-529804,
503419,Erciyes University,Türkiye,TUR,Kayseri,1266,true,true,Best Global Universities,33,39996,https://www.usnews.com/education/best-global-universities/erciyes-university-503419,
147703,Northern Illinois University,United States,USA,DeKalb,1266,true,true,Best Global Universities,33,,https://www.usnews.com/education/best-global-universities/northern-illinois-university-147703,
529909,Pirogov Russian National Research Medical University,Russia,RUS,Moscow (Russia),1266,true,true,Best Global Universities,33,13377,https://www.usnews.com/education/best-global-universities/pirogov-russian-national-research-medical-university-529909,
529285,Tianjin University Science and Technology,China,CHN,Tianjin,1266,true,true,Best Global Universities,33,,https://www.usnews.com/education/best-global-universities/tianjin-university-science-and-technology-529285,
529458,Universiti Malaysia Pahang,Malaysia,MYS,Pahang,1266,true,true,Best Global Universities,33,7591,https://www.usnews.com/education/best-global-universities/universiti-malaysia-pahang-529458,
528814,University of London Royal Veterinary College,United Kingdom,GBR,London (U.K.),1266,true,true,Best Global Universities,33,,https://www.usnews.com/education/best-global-universities/university-of-london-royal-veterinary-college-528814,
528880,University of Sassari,Italy,ITA,Sassari,1266,true,true,Best Global Universities,33,,https://www.usnews.com/education/best-global-universities/university-of-sassari-528880,
530241,Hazara University,Pakistan,PAK,Dhodial,1274,true,true,Best Global Universities,32.9,,https://www.usnews.com/education/best-global-universities/hazara-university-530241,
530263,Istinye University,Türkiye,TUR,Zeytinburnu/İstanbul,1274,true,true,Best Global Universities,32.9,,https://www.usnews.com/education/best-global-universities/istinye-university-530263,
529688,Universidad Autónoma de Chile,Chile,CHL,Temuco,1274,true,true,Best Global Universities,32.9,,https://www.usnews.com/education/best-global-universities/universidad-autonoma-de-chile-529688,
529320,West University of Timisoara,Romania,ROU,Timisoara,1274,true,true,Best Global Universities,32.9,14816,https://www.usnews.com/education/best-global-universities/west-university-of-timisoara-529320,
530765,Applied Science University - Jordan,Jordan,JOR,Amman,1278,true,true,Best Global Universities,32.8,,https://www.usnews.com/education/best-global-universities/applied-science-university-jordan-530765,
110422,California Polytechnic State University--San Luis Obispo,United States,USA,San Luis Obispo,1278,true,true,Best Global Universities,32.8,,https://www.usnews.com/education/best-global-universities/california-polytechnic-state-university-san-luis-obispo-110422,
529070,King Mongkuts University of Technology Thonburi,Thailand,THA,Bangkok,1278,true,true,Best Global Universities,32.8,14800,https://www.usnews.com/education/best-global-universities/king-mongkuts-university-of-technology-thonburi-529070,
502771,Rio de Janeiro State University,Brazil,BRA,Maracana,1278,true,true,Best Global Universities,32.8,,https://www.usnews.com/education/best-global-universities/rio-de-janeiro-state-university-502771,
500881,Universidade Federal de Santa Maria (UFSM),Brazil,BRA,Santa Maria,1278,true,true,Best Global Universities,32.8,,https://www.usnews.com/education/best-global-universities/universidade-federal-de-santa-maria-ufsm-500881,
529020,Xiangtan University,China,CHN,Xiangtan,1278,true,true,Best Global Universities,32.8,,https://www.usnews.com/education/best-global-universities/xiangtan-university-529020,
529488,Huaqiao University,China,CHN,Xiamen,1284,true,true,Best Global Universities,32.7,,https://www.usnews.com/education/best-global-universities/huaqiao-university-529488,
528994,Indian Institute of Technology - Guwahati,India,IND,Guwahati,1284,true,true,Best Global Universities,32.7,,https://www.usnews.com/education/best-global-universities/indian-institute-of-technology-guwahati-528994,
529313,Jiangxi Normal University,China,CHN,Nanchang,1284,true,true,Best Global Universities,32.7,,https://www.usnews.com/education/best-global-universities/jiangxi-normal-university-529313,
505713,National Institute for Applied Sciences - Lyon,France,FRA,Villeurbanne,1284,true,true,Best Global Universities,32.7,,https://www.usnews.com/education/best-global-universities/national-institute-for-applied-sciences-lyon-505713,
529325,TOBB Ekonomi ve Teknoloji University,Türkiye,TUR,Ankara,1284,true,true,Best Global Universities,32.7,,https://www.usnews.com/education/best-global-universities/tobb-ekonomi-ve-teknoloji-university-529325,
529746,Universidad Europea,Spain,ESP,Madrid,1284,true,true,Best Global Universities,32.7,,https://www.usnews.com/education/best-global-universities/universidad-europea-529746,
529149,Abo Akademi University,Finland,FIN,Turku,1290,true,true,Best Global Universities,32.6,,https://www.usnews.com/education/best-global-universities/abo-akademi-university-529149,
529310,Babol Noshirvani University of Technology,Iran,IRN,Babol,1290,true,true,Best Global Universities,32.6,6156,https://www.usnews.com/education/best-global-universities/babol-noshirvani-university-of-technology-529310,
530271,Bangladesh Agricultural University (BAU),Bangladesh,BGD,Mymensingh,1290,true,true,Best Global Universities,32.6,,https://www.usnews.com/education/best-global-universities/bangladesh-agricultural-university-bau-530271,
530036,Cyprus University of Technology,Cyprus,CYP,Limassol,1290,true,true,Best Global Universities,32.6,,https://www.usnews.com/education/best-global-universities/cyprus-university-of-technology-530036,
507733,Hashemite University,Jordan,JOR,Damascus Hwy Zarqa,1290,true,true,Best Global Universities,32.6,,https://www.usnews.com/education/best-global-universities/hashemite-university-507733,
529889,Jiangxi University of Science and Technology,China,CHN,Jiangxi,1290,true,true,Best Global Universities,32.6,,https://www.usnews.com/education/best-global-universities/jiangxi-university-of-science-and-technology-529889,
529705,K. N. Toosi University of Technology,Iran,IRN,Tehran,1290,true,true,Best Global Universities,32.6,,https://www.usnews.com/education/best-global-universities/k-n-toosi-university-of-technology-529705,
506244,Universidade Federal Fluminense,Brazil,BRA,Niteroi,1290,true,true,Best Global Universities,32.6,49845,https://www.usnews.com/education/best-global-universities/universidade-federal-fluminense-506244,
528922,Aberystwyth University,United Kingdom,GBR,Aberystwyth,1298,true,true,Best Global Universities,32.5,,https://www.usnews.com/education/best-global-universities/aberystwyth-university-528922,
529730,Beijing University of Chinese Medicine,China,CHN,Beijing,1298,true,true,Best Global Universities,32.5,,https://www.usnews.com/education/best-global-universities/beijing-university-of-chinese-medicine-529730,
514268,Islamic University of Al Madinah,Saudi Arabia,SAU,Madinah,1298,true,true,Best Global Universities,32.5,,https://www.usnews.com/education/best-global-universities/islamic-university-of-al-madinah-514268,
530224,Lahore University of Management Sciences,Pakistan,PAK,Lahore,1298,true,true,Best Global Universities,32.5,,https://www.usnews.com/education/best-global-universities/lahore-university-of-management-sciences-530224,
529687,Postgraduate Institute of Medical Education and Research (PGIMER)--Chandigarh,India,IND,Chandigarh,1298,true,true,Best Global Universities,32.5,,https://www.usnews.com/education/best-global-universities/postgraduate-institute-of-medical-education-and-research-pgimer-chandigarh-529687,
530179,Shandong University of Finance & Economics,China,CHN,Jinan,1298,true,true,Best Global Universities,32.5,,https://www.usnews.com/education/best-global-universities/shandong-university-of-finance-economics-530179,
528954,University of Augsburg,Germany,DEU,Augsburg,1298,true,true,Best Global Universities,32.5,,https://www.usnews.com/education/best-global-universities/university-of-augsburg-528954,
199148,University of North Carolina--Greensboro,United States,USA,Greensboro,1298,true,true,Best Global Universities,32.5,,https://www.usnews.com/education/best-global-universities/university-of-north-carolina-greensboro-199148,
529883,Wuhan Textile University,China,CHN,Wuhan,1298,true,true,Best Global Universities,32.5,,https://www.usnews.com/education/best-global-universities/wuhan-textile-university-529883,
529798,Xi'an University of Science and Technology,China,CHN,Xi’an,1298,true,true,Best Global Universities,32.5,,https://www.usnews.com/education/best-global-universities/xian-university-of-science-and-technology-529798,
529370,Bond University,Australia,AUS,Robina,1308,true,true,Best Global Universities,32.4,,https://www.usnews.com/education/best-global-universities/bond-university-529370,
529491,Qingdao Agricultural University,China,CHN,Qingdao,1308,true,true,Best Global Universities,32.4,,https://www.usnews.com/education/best-global-universities/qingdao-agricultural-university-529491,
528919,Universidad Tecnica Federico Santa Maria,Chile,CHL,Valparaiso,1308,true,true,Best Global Universities,32.4,,https://www.usnews.com/education/best-global-universities/universidad-tecnica-federico-santa-maria-528919,
529388,Universitat Siegen,Germany,DEU,Siegen,1308,true,true,Best Global Universities,32.4,,https://www.usnews.com/education/best-global-universities/universitat-siegen-529388,
503283,Kanazawa University,Japan,JPN,Kanazawa,1312,true,true,Best Global Universities,32.3,10541,https://www.usnews.com/education/best-global-universities/kanazawa-university-503283,
530032,Osaka Metropolitan University,Japan,JPN,Osaka,1312,true,true,Best Global Universities,32.3,,https://www.usnews.com/education/best-global-universities/osaka-metropolitan-university-530032,
503817,Universidade Federal do Ceara,Brazil,BRA,Fortaleza,1312,true,true,Best Global Universities,32.3,,https://www.usnews.com/education/best-global-universities/universidade-federal-do-ceara-503817,
529165,University of Novi Sad,Serbia,SRB,Novi Sad,1312,true,true,Best Global Universities,32.3,,https://www.usnews.com/education/best-global-universities/university-of-novi-sad-529165,
529053,Alexandru Ioan Cuza University,Romania,ROU,Iasi,1316,true,false,Best Global Universities,32.2,,https://www.usnews.com/education/best-global-universities/alexandru-ioan-cuza-university-529053,
529754,Bahçeşehir University,Türkiye,TUR,Istanbul,1317,true,true,Best Global Universities,32.1,,https://www.usnews.com/education/best-global-universities/bahcesehir-university-529754,
529841,Taiyuan University of Science and Technology,China,CHN,Taiyuan,1317,true,true,Best Global Universities,32.1,,https://www.usnews.com/education/best-global-universities/taiyuan-university-of-science-and-technology-529841,
528875,University of Hyderabad,India,IND,Hyderabad,1317,true,true,Best Global Universities,32.1,,https://www.usnews.com/education/best-global-universities/university-of-hyderabad-528875,
528865,University of Orleans,France,FRA,Orleans,1317,true,true,Best Global Universities,32.1,,https://www.usnews.com/education/best-global-universities/university-of-orleans-528865,
530766,Uttaranchal University,India,IND,Dehradun,1317,true,true,Best Global Universities,32.1,,https://www.usnews.com/education/best-global-universities/uttaranchal-university-530766,
529084,Anhui University of Technology,China,CHN,Ma'anshan,1322,true,true,Best Global Universities,32,,https://www.usnews.com/education/best-global-universities/anhui-university-of-technology-529084,
529566,Glasgow Caledonian University,United Kingdom,GBR,Glasgow,1322,true,true,Best Global Universities,32,17375,https://www.usnews.com/education/best-global-universities/glasgow-caledonian-university-529566,
529289,Heilongjiang University,China,CHN,Harbin,1322,true,true,Best Global Universities,32,,https://www.usnews.com/education/best-global-universities/heilongjiang-university-529289,
529653,Henan University of Science and Technology,China,CHN,Luoyang,1322,true,true,Best Global Universities,32,,https://www.usnews.com/education/best-global-universities/henan-university-of-science-and-technology-529653,
529636,Indian Institute of Technology - Hyderabad,India,IND,Teangana,1322,true,true,Best Global Universities,32,,https://www.usnews.com/education/best-global-universities/indian-institute-of-technology-hyderabad-529636,
529109,Mendel University Brno,Czech Republic,CZE,Brno,1322,true,true,Best Global Universities,32,,https://www.usnews.com/education/best-global-universities/mendel-university-brno-529109,
529839,North University of China,China,CHN,Taiyuan,1322,true,true,Best Global Universities,32,,https://www.usnews.com/education/best-global-universities/north-university-of-china-529839,
529150,Universidade Federal de Juiz de Fora,Brazil,BRA,Juiz de Fora,1322,true,true,Best Global Universities,32,,https://www.usnews.com/education/best-global-universities/universidade-federal-de-juiz-de-fora-529150,
509582,Université Ferhat Abbas Setif,Algeria,DZA,Setif,1322,true,true,Best Global Universities,32,,https://www.usnews.com/education/best-global-universities/universite-ferhat-abbas-setif-509582,
529004,University of Calcutta,India,IND,Kolkata,1322,true,true,Best Global Universities,32,,https://www.usnews.com/education/best-global-universities/university-of-calcutta-529004,
196079,Binghamton University--SUNY,United States,USA,Binghamton,1332,true,true,Best Global Universities,31.9,,https://www.usnews.com/education/best-global-universities/binghamton-university-suny-196079,
191241,Fordham University,United States,USA,New York City,1332,true,true,Best Global Universities,31.9,,https://www.usnews.com/education/best-global-universities/fordham-university-191241,
529012,Kasetsart University,Thailand,THA,Bangkok,1332,true,true,Best Global Universities,31.9,,https://www.usnews.com/education/best-global-universities/kasetsart-university-529012,
529970,Linyi University,China,CHN,Linyi,1332,true,true,Best Global Universities,31.9,,https://www.usnews.com/education/best-global-universities/linyi-university-529970,
529853,Shandong University of Technology,China,CHN,Zibo,1332,true,true,Best Global Universities,31.9,,https://www.usnews.com/education/best-global-universities/shandong-university-of-technology-529853,
529028,University of Pecs,Hungary,HUN,Pecs,1332,true,true,Best Global Universities,31.9,16641,https://www.usnews.com/education/best-global-universities/university-of-pecs-529028,
529877,Hebei Agricultural University,China,CHN,Baoding,1338,true,true,Best Global Universities,31.8,,https://www.usnews.com/education/best-global-universities/hebei-agricultural-university-529877,
117636,Loma Linda University,United States,USA,Loma Linda,1338,true,true,Best Global Universities,31.8,,https://www.usnews.com/education/best-global-universities/loma-linda-university-117636,
209807,Portland State University,United States,USA,Portland,1338,true,true,Best Global Universities,31.8,,https://www.usnews.com/education/best-global-universities/portland-state-university-209807,
529111,Taiyuan University of Technology,China,CHN,Taiyuan,1338,true,true,Best Global Universities,31.8,,https://www.usnews.com/education/best-global-universities/taiyuan-university-of-technology-529111,
529411,Technical University of Ostrava,Czech Republic,CZE,Ostrava - Poruba,1338,true,true,Best Global Universities,31.8,13086,https://www.usnews.com/education/best-global-universities/technical-university-of-ostrava-529411,
529175,Universidade Federal de Goias,Brazil,BRA,Goiania,1338,true,true,Best Global Universities,31.8,,https://www.usnews.com/education/best-global-universities/universidade-federal-de-goias-529175,
529240,Universite de Carthage,Tunisia,TUN,Tunis,1338,true,true,Best Global Universities,31.8,23015,https://www.usnews.com/education/best-global-universities/universite-de-carthage-529240,
529023,University of Gdansk,Poland,POL,Gdansk,1338,true,true,Best Global Universities,31.8,,https://www.usnews.com/education/best-global-universities/university-of-gdansk-529023,
530250,University of Sarajevo,Bosnia and Herzegovina,BIH,Bosnia & Herzegovina,1338,true,true,Best Global Universities,31.8,18588,https://www.usnews.com/education/best-global-universities/university-of-sarajevo-530250,
530576,Graphic Era University,India,IND,Dehradun,1347,true,false,Best Global Universities,31.7,,https://www.usnews.com/education/best-global-universities/graphic-era-university-530576,
110565,California State University--Fullerton,United States,USA,Fullerton,1348,true,true,Best Global Universities,31.6,,https://www.usnews.com/education/best-global-universities/california-state-university-fullerton-110565,
529774,University of Engineering and Technology--Lahore,Pakistan,PAK,Lahore,1348,true,true,Best Global Universities,31.6,,https://www.usnews.com/education/best-global-universities/university-of-engineering-and-technology-lahore-529774,
529926,Xuzhou Medical College,China,CHN,Xuzhou,1348,true,true,Best Global Universities,31.6,,https://www.usnews.com/education/best-global-universities/xuzhou-medical-college-529926,
530225,Birmingham City University,United Kingdom,GBR,Birmingham (U.K.),1351,true,true,Best Global Universities,31.5,,https://www.usnews.com/education/best-global-universities/birmingham-city-university-530225,
528939,Cukurova University,Türkiye,TUR,Adana,1351,true,true,Best Global Universities,31.5,,https://www.usnews.com/education/best-global-universities/cukurova-university-528939,
529213,Democritus University of Thrace,Greece,GRC,Komotini,1351,true,true,Best Global Universities,31.5,28588,https://www.usnews.com/education/best-global-universities/democritus-university-of-thrace-529213,
529483,Inner Mongolia University,China,CHN,Hohhot,1351,true,true,Best Global Universities,31.5,,https://www.usnews.com/education/best-global-universities/inner-mongolia-university-529483,
529017,Prince Songkla University,Thailand,THA,Songkhla,1351,true,true,Best Global Universities,31.5,33623,https://www.usnews.com/education/best-global-universities/prince-songkla-university-529017,
529174,University of Camerino,Italy,ITA,Camerino,1351,true,true,Best Global Universities,31.5,,https://www.usnews.com/education/best-global-universities/university-of-camerino-529174,
529699,University of the Philippines Diliman,Philippines,PHL,Quezon City,1351,true,true,Best Global Universities,31.5,,https://www.usnews.com/education/best-global-universities/university-of-the-philippines-diliman-529699,
528868,Universitat Jaume I,Spain,ESP,Castellon,1358,true,false,Best Global Universities,31.4,12011,https://www.usnews.com/education/best-global-universities/universitat-jaume-i-528868,
512745,"Arab Academy for Science, Technology and Maritime Transport",Egypt,EGY,Alexandria,1359,true,true,Best Global Universities,31.3,,https://www.usnews.com/education/best-global-universities/arab-academy-for-science-technology-and-maritime-transport-512745,
499993,BI Norwegian Business School,Norway,NOR,Olso,1359,true,true,Best Global Universities,31.3,,https://www.usnews.com/education/best-global-universities/bi-norwegian-business-school-499993,
529551,Instituto Universitario de Lisboa,Portugal,PRT,Lisbon,1359,true,true,Best Global Universities,31.3,11045,https://www.usnews.com/education/best-global-universities/instituto-universitario-de-lisboa-529551,
505425,Tokyo Metropolitan University,Japan,JPN,Tokyo,1359,true,true,Best Global Universities,31.3,8812,https://www.usnews.com/education/best-global-universities/tokyo-metropolitan-university-505425,
529022,Universidad de Extremadura,Spain,ESP,Merida,1359,true,true,Best Global Universities,31.3,,https://www.usnews.com/education/best-global-universities/universidad-de-extremadura-529022,
529814,University of Tunku Abdul Rahman,Malaysia,MYS,Kampar,1359,true,true,Best Global Universities,31.3,12209,https://www.usnews.com/education/best-global-universities/university-of-tunku-abdul-rahman-529814,
529223,Capital Normal University,China,CHN,Beijing,1365,true,true,Best Global Universities,31.2,,https://www.usnews.com/education/best-global-universities/capital-normal-university-529223,
529997,Central South University of Forestry and Technology,China,CHN,Changsha,1365,true,true,Best Global Universities,31.2,,https://www.usnews.com/education/best-global-universities/central-south-university-of-forestry-and-technology-529997,
530611,Guizhou University of Finance & Economics,China,CHN,Guiyang,1365,true,true,Best Global Universities,31.2,,https://www.usnews.com/education/best-global-universities/guizhou-university-of-finance-economics-530611,
530767,University of Sadat City,Egypt,EGY,Sadat City,1365,true,true,Best Global Universities,31.2,,https://www.usnews.com/education/best-global-universities/university-of-sadat-city-530767,
529496,University of South China,China,CHN,Hengyang,1365,true,true,Best Global Universities,31.2,,https://www.usnews.com/education/best-global-universities/university-of-south-china-529496,
110617,California State University--Sacramento,United States,USA,Sacramento,1370,true,true,Best Global Universities,31.1,,https://www.usnews.com/education/best-global-universities/california-state-university-sacramento-110617,
529311,Indian Institute of Science Education and Research - Pune,India,IND,Pashan,1370,true,true,Best Global Universities,31.1,1868,https://www.usnews.com/education/best-global-universities/indian-institute-of-science-education-and-research-pune-529311,
529962,Taizhou University,China,CHN,Taizhou,1370,true,true,Best Global Universities,31.1,,https://www.usnews.com/education/best-global-universities/taizhou-university-529962,
529244,Universidade Federal de Uberlandia,Brazil,BRA,Uberlandia,1370,true,true,Best Global Universities,31.1,,https://www.usnews.com/education/best-global-universities/universidade-federal-de-uberlandia-529244,
529490,Yantai University,China,CHN,Yantai,1370,true,true,Best Global Universities,31.1,,https://www.usnews.com/education/best-global-universities/yantai-university-529490,
505095,Shinshu University,Japan,JPN,Matsumoto,1375,true,true,Best Global Universities,31,10780,https://www.usnews.com/education/best-global-universities/shinshu-university-505095,
529291,Thapar University,India,IND,Patiala,1375,true,true,Best Global Universities,31,,https://www.usnews.com/education/best-global-universities/thapar-university-529291,
529048,Universidad Austral de Chile,Chile,CHL,Valdivia,1375,true,true,Best Global Universities,31,,https://www.usnews.com/education/best-global-universities/universidad-austral-de-chile-529048,
504927,Universitat de Lleida,Spain,ESP,Lleida,1375,true,true,Best Global Universities,31,,https://www.usnews.com/education/best-global-universities/universitat-de-lleida-504927,
530045,Zurich University of Applied Sciences,Switzerland,CHE,Winterthur,1375,true,true,Best Global Universities,31,,https://www.usnews.com/education/best-global-universities/zurich-university-of-applied-sciences-530045,
529765,Beijing University of Civil Engineering and Architecture,China,CHN,Beijing,1380,true,true,Best Global Universities,30.9,,https://www.usnews.com/education/best-global-universities/beijing-university-of-civil-engineering-and-architecture-529765,
200800,University of Akron,United States,USA,Akron,1380,true,true,Best Global Universities,30.9,11923,https://www.usnews.com/education/best-global-universities/university-of-akron-200800,
529266,University of Beira Interior,Portugal,PRT,Covilha,1380,true,true,Best Global Universities,30.9,,https://www.usnews.com/education/best-global-universities/university-of-beira-interior-529266,
529204,University of Isfahan,Iran,IRN,Isfahan,1380,true,true,Best Global Universities,30.9,,https://www.usnews.com/education/best-global-universities/university-of-isfahan-529204,
529504,Guangxi Normal University,China,CHN,Guilin,1384,true,true,Best Global Universities,30.8,,https://www.usnews.com/education/best-global-universities/guangxi-normal-university-529504,
529113,Lincoln University,New Zealand,NZL,Lincoln (New Zealand),1384,true,true,Best Global Universities,30.8,,https://www.usnews.com/education/best-global-universities/lincoln-university-529113,
529292,Shanghai University of Traditional Chinese Medicine,China,CHN,Shanghai,1384,true,true,Best Global Universities,30.8,,https://www.usnews.com/education/best-global-universities/shanghai-university-of-traditional-chinese-medicine-529292,
529719,Sichuan Normal University,China,CHN,Chengdu,1384,true,true,Best Global Universities,30.8,,https://www.usnews.com/education/best-global-universities/sichuan-normal-university-529719,
528925,Benemerita Universidad Autonoma de Puebla,Mexico,MEX,Puebla,1388,true,true,Best Global Universities,30.7,,https://www.usnews.com/education/best-global-universities/benemerita-universidad-autonoma-de-puebla-528925,
133553,Embry-Riddle Aeronautical University,United States,USA,Orlando,1388,true,true,Best Global Universities,30.7,,https://www.usnews.com/education/best-global-universities/embry-riddle-aeronautical-university-133553,
505935,Kaohsiung Medical University,Taiwan,TWN,Kaohsiung City,1388,true,true,Best Global Universities,30.7,6667,https://www.usnews.com/education/best-global-universities/kaohsiung-medical-university-505935,
513204,University of Baghdad,Iraq,IRQ,Baghdad,1388,true,true,Best Global Universities,30.7,72503,https://www.usnews.com/education/best-global-universities/university-of-baghdad-513204,
528816,University of Neuchatel,Switzerland,CHE,Neuchatel,1388,true,true,Best Global Universities,30.7,,https://www.usnews.com/education/best-global-universities/university-of-neuchatel-528816,
530005,Chongqing Normal University,China,CHN,Chongqing,1393,true,true,Best Global Universities,30.6,,https://www.usnews.com/education/best-global-universities/chongqing-normal-university-530005,
500766,Universidad de Cadiz,Spain,ESP,Cadiz,1393,true,true,Best Global Universities,30.6,,https://www.usnews.com/education/best-global-universities/universidad-de-cadiz-500766,
529162,Universidade da Coruna,Spain,ESP,Coruna,1393,true,true,Best Global Universities,30.6,15587,https://www.usnews.com/education/best-global-universities/universidade-da-coruna-529162,
530768,Universitas Hasanuddin,Indonesia,IDN,Makassar,1393,true,true,Best Global Universities,30.6,,https://www.usnews.com/education/best-global-universities/universitas-hasanuddin-530768,
530573,University of Bisha,Saudi Arabia,SAU,Bisha,1393,true,true,Best Global Universities,30.6,,https://www.usnews.com/education/best-global-universities/university-of-bisha-530573,
529199,University of Latvia,Latvia,LVA,Riga,1393,true,true,Best Global Universities,30.6,11797,https://www.usnews.com/education/best-global-universities/university-of-latvia-529199,
529039,University of Salford,United Kingdom,GBR,Salford,1393,true,true,Best Global Universities,30.6,,https://www.usnews.com/education/best-global-universities/university-of-salford-529039,
529619,University of Zambia,Zambia,ZMB,Lusaka,1393,true,true,Best Global Universities,30.6,,https://www.usnews.com/education/best-global-universities/university-of-zambia-529619,
529956,Chongqing Technology and Business University,China,CHN,Chongqing,1401,true,true,Best Global Universities,30.5,,https://www.usnews.com/education/best-global-universities/chongqing-technology-and-business-university-529956,
503344,Chungbuk National University,South Korea,KOR,Cheongju,1401,true,true,Best Global Universities,30.5,,https://www.usnews.com/education/best-global-universities/chungbuk-national-university-503344,
529492,Guangzhou University of Chinese Medicine,China,CHN,Guangzhou,1401,true,true,Best Global Universities,30.5,,https://www.usnews.com/education/best-global-universities/guangzhou-university-of-chinese-medicine-529492,
529539,Indian Institute of Technology (IIT BHU) - Varanasi,India,IND,Varanasi,1401,true,true,Best Global Universities,30.5,,https://www.usnews.com/education/best-global-universities/indian-institute-of-technology-iit-bhu-varanasi-529539,
529453,Indian Institute of Technology - Indore,India,IND,Indore,1401,true,true,Best Global Universities,30.5,,https://www.usnews.com/education/best-global-universities/indian-institute-of-technology-indore-529453,
529159,Linnaeus University,Sweden,SWE,Vaxjo,1401,true,true,Best Global Universities,30.5,,https://www.usnews.com/education/best-global-universities/linnaeus-university-529159,
529326,Mohammed First University of Oujda,Morocco,MAR,Oujda,1401,true,true,Best Global Universities,30.5,,https://www.usnews.com/education/best-global-universities/mohammed-first-university-of-oujda-529326,
503707,Tokyo University of Science,Japan,JPN,Tokyo,1401,true,true,Best Global Universities,30.5,,https://www.usnews.com/education/best-global-universities/tokyo-university-of-science-503707,
529007,University of Lodz,Poland,POL,Lodz,1401,true,true,Best Global Universities,30.5,,https://www.usnews.com/education/best-global-universities/university-of-lodz-529007,
529917,Ahvaz Jundishapur University of Medical Sciences,Iran,IRN,Ahvaz,1410,true,true,Best Global Universities,30.4,,https://www.usnews.com/education/best-global-universities/ahvaz-jundishapur-university-of-medical-sciences-529917,
529050,Akdeniz University,Türkiye,TUR,Antalya,1410,true,true,Best Global Universities,30.4,,https://www.usnews.com/education/best-global-universities/akdeniz-university-529050,
530401,Golestan University of Medical Sciences,Iran,IRN,Gorgan,1410,true,true,Best Global Universities,30.4,,https://www.usnews.com/education/best-global-universities/golestan-university-of-medical-sciences-530401,
529340,Hamburg University of Technology,Germany,DEU,Hamburg,1410,true,true,Best Global Universities,30.4,,https://www.usnews.com/education/best-global-universities/hamburg-university-of-technology-529340,
530695,Hochiminh City University of Medicine & Pharmacy,Vietnam,VNM,Boise,1410,true,true,Best Global Universities,30.4,,https://www.usnews.com/education/best-global-universities/hochiminh-city-university-of-medicine-pharmacy-530695,
530235,Minjiang University,China,CHN,Fuzhou,1410,true,true,Best Global Universities,30.4,,https://www.usnews.com/education/best-global-universities/minjiang-university-530235,
506818,National Polytechnic Institute,Mexico,MEX,Mexico City,1410,true,true,Best Global Universities,30.4,,https://www.usnews.com/education/best-global-universities/national-polytechnic-institute-506818,
529355,Nelson Mandela Metropolitan University,South Africa,ZAF,Port Elizabeth,1410,true,true,Best Global Universities,30.4,,https://www.usnews.com/education/best-global-universities/nelson-mandela-metropolitan-university-529355,
530053,Saint John's University,United States,USA,Staten Island,1410,true,true,Best Global Universities,30.4,,https://www.usnews.com/education/best-global-universities/saint-johns-university-530053,
529728,SUNY Downstate Health Sciences University,United States,USA,Brooklyn,1410,true,true,Best Global Universities,30.4,,https://www.usnews.com/education/best-global-universities/suny-downstate-health-sciences-university-529728,
529169,Universidad Publica de Navarra,Spain,ESP,Pamplona,1410,true,true,Best Global Universities,30.4,,https://www.usnews.com/education/best-global-universities/universidad-publica-de-navarra-529169,
530232,University of Bialystok,Poland,POL,Białystok,1410,true,true,Best Global Universities,30.4,,https://www.usnews.com/education/best-global-universities/university-of-bialystok-530232,
530259,University of Gujrat,Pakistan,PAK,Punjab,1410,true,true,Best Global Universities,30.4,,https://www.usnews.com/education/best-global-universities/university-of-gujrat-530259,
528858,University of Paris Nord - Paris XIII,France,FRA,Villetaneuse,1410,true,true,Best Global Universities,30.4,,https://www.usnews.com/education/best-global-universities/university-of-paris-nord-paris-xiii-528858,
503998,Dokuz Eylul University,Türkiye,TUR,Izmir,1424,true,true,Best Global Universities,30.3,,https://www.usnews.com/education/best-global-universities/dokuz-eylul-university-503998,
530062,Jiangxi Agricultural University,China,CHN,Nanchang,1424,true,true,Best Global Universities,30.3,,https://www.usnews.com/education/best-global-universities/jiangxi-agricultural-university-530062,
529691,Università degli Studi del Sannio-Benevento,Italy,ITA,Benevento,1424,true,true,Best Global Universities,30.3,,https://www.usnews.com/education/best-global-universities/universita-degli-studi-del-sannio-benevento-529691,
529396,University of Paderborn,Germany,DEU,Paderborn,1424,true,true,Best Global Universities,30.3,,https://www.usnews.com/education/best-global-universities/university-of-paderborn-529396,
529689,University of South-Eastern Norway,Norway,NOR,Kongsberg,1424,true,true,Best Global Universities,30.3,,https://www.usnews.com/education/best-global-universities/university-of-south-eastern-norway-529689,
530184,Bangladesh University of Engineering & Technology (BUET),Bangladesh,BGD,Bentley,1429,true,true,Best Global Universities,30.2,,https://www.usnews.com/education/best-global-universities/bangladesh-university-of-engineering-technology-buet-530184,
530275,GLA University,India,IND,Mathura,1429,true,true,Best Global Universities,30.2,,https://www.usnews.com/education/best-global-universities/gla-university-530275,
530405,Jawaharlal Institute of Postgraduate Medical Education & Research,India,IND,Puducherry,1429,true,true,Best Global Universities,30.2,,https://www.usnews.com/education/best-global-universities/jawaharlal-institute-of-postgraduate-medical-education-research-530405,
529708,University of Notre Dame Australia,Australia,AUS,Fremantle,1429,true,true,Best Global Universities,30.2,,https://www.usnews.com/education/best-global-universities/university-of-notre-dame-australia-529708,
530236,Al-Balqa Applied University,Jordan,JOR,Salt,1433,true,true,Best Global Universities,30.1,,https://www.usnews.com/education/best-global-universities/al-balqa-applied-university-530236,
505855,Kinki University (Kindai University),Japan,JPN,Higashiosaka,1433,true,true,Best Global Universities,30.1,,https://www.usnews.com/education/best-global-universities/kinki-university-kindai-university-505855,
529478,China Three Gorges University,China,CHN,Yichang,1435,true,true,Best Global Universities,30,,https://www.usnews.com/education/best-global-universities/china-three-gorges-university-529478,
530253,Ibn Zohr University of Agadir,Morocco,MAR,Agadir,1435,true,true,Best Global Universities,30,,https://www.usnews.com/education/best-global-universities/ibn-zohr-university-of-agadir-530253,
530625,Ontario Tech University,Canada,CAN,Oshawa,1435,true,true,Best Global Universities,30,10286,https://www.usnews.com/education/best-global-universities/ontario-tech-university-530625,
529811,Pontificia Universidade Catolica do Rio de Janeiro,Brazil,BRA,Rio de Janeiro,1435,true,true,Best Global Universities,30,,https://www.usnews.com/education/best-global-universities/pontificia-universidade-catolica-do-rio-de-janeiro-529811,
530071,Sidi Mohamed Ben Abdellah University of Fez,Morocco,MAR,Fes-Menkes,1435,true,true,Best Global Universities,30,,https://www.usnews.com/education/best-global-universities/sidi-mohamed-ben-abdellah-university-of-fez-530071,
142285,University of Idaho,United States,USA,Moscow (U.S.),1435,true,true,Best Global Universities,30,9500,https://www.usnews.com/education/best-global-universities/university-of-idaho-142285,
220862,University of Memphis,United States,USA,Memphis,1435,true,true,Best Global Universities,30,,https://www.usnews.com/education/best-global-universities/university-of-memphis-220862,
529822,Zhejiang University of Finance and Economics,China,CHN,Hangzhou,1435,true,true,Best Global Universities,30,,https://www.usnews.com/education/best-global-universities/zhejiang-university-of-finance-and-economics-529822,
529481,Hunan University of Science and Technology,China,CHN,Xiangtan,1443,true,true,Best Global Universities,29.9,,https://www.usnews.com/education/best-global-universities/hunan-university-of-science-and-technology-529481,
529282,Jiangsu Normal University,China,CHN,Xuzhou,1443,true,true,Best Global Universities,29.9,,https://www.usnews.com/education/best-global-universities/jiangsu-normal-university-529282,
513835,Majmaah University,Saudi Arabia,SAU,Al Majma'ah,1443,true,true,Best Global Universities,29.9,,https://www.usnews.com/education/best-global-universities/majmaah-university-513835,
529555,Polytechnic Institute of Porto,Portugal,PRT,Porto,1443,true,true,Best Global Universities,29.9,,https://www.usnews.com/education/best-global-universities/polytechnic-institute-of-porto-529555,
529462,Shiraz University of Technology,Iran,IRN,Shiraz,1443,true,true,Best Global Universities,29.9,,https://www.usnews.com/education/best-global-universities/shiraz-university-of-technology-529462,
529992,University of Zimbabwe,Zimbabwe,ZWE,Harare,1443,true,true,Best Global Universities,29.9,,https://www.usnews.com/education/best-global-universities/university-of-zimbabwe-529992,
500897,Gyeongsang National University,South Korea,KOR,Jinju City,1449,true,true,Best Global Universities,29.8,,https://www.usnews.com/education/best-global-universities/gyeongsang-national-university-500897,
529611,Nanchang Hangkong University,China,CHN,Nanchang,1449,true,true,Best Global Universities,29.8,,https://www.usnews.com/education/best-global-universities/nanchang-hangkong-university-529611,
530458,Slovak University of Agriculture Nitra,Slovakia,SVK,76 Nitra-Chrenová,1449,true,true,Best Global Universities,29.8,,https://www.usnews.com/education/best-global-universities/slovak-university-of-agriculture-nitra-530458,
529461,Southwest Petroleum University,China,CHN,Chengdu,1449,true,true,Best Global Universities,29.8,39167,https://www.usnews.com/education/best-global-universities/southwest-petroleum-university-529461,
529044,Universidad de Jaen,Spain,ESP,Jaen,1449,true,true,Best Global Universities,29.8,,https://www.usnews.com/education/best-global-universities/universidad-de-jaen-529044,
529632,Universidad del Desarrollo,Chile,CHL,Concepcion,1449,true,true,Best Global Universities,29.8,,https://www.usnews.com/education/best-global-universities/universidad-del-desarrollo-529632,
530076,University of Veterinary & Animal Science - Pakistan,Pakistan,PAK,Punjab,1449,true,true,Best Global Universities,29.8,,https://www.usnews.com/education/best-global-universities/university-of-veterinary-animal-science---pakistan-530076,
168421,Worcester Polytechnic Institute,United States,USA,Worcester,1449,true,true,Best Global Universities,29.8,6484,https://www.usnews.com/education/best-global-universities/worcester-polytechnic-institute-168421,
529505,Guilin University of Electronic Technology,China,CHN,Guilin,1457,true,true,Best Global Universities,29.7,,https://www.usnews.com/education/best-global-universities/guilin-university-of-electronic-technology-529505,
530009,Universidad del Rosario,Colombia,COL,Bogotá,1457,true,true,Best Global Universities,29.7,,https://www.usnews.com/education/best-global-universities/universidad-del-rosario-530009,
505177,University of Francois Rabelais - Tours,France,FRA,Tours,1457,true,true,Best Global Universities,29.7,,https://www.usnews.com/education/best-global-universities/university-of-francois-rabelais-tours-505177,
529157,University of Limoges,France,FRA,Limoges,1457,true,true,Best Global Universities,29.7,,https://www.usnews.com/education/best-global-universities/university-of-limoges-529157,
529529,International Islamic University Malaysia,Malaysia,MYS,Selangor,1461,true,true,Best Global Universities,29.6,24096,https://www.usnews.com/education/best-global-universities/international-islamic-university-malaysia-529529,
530180,Jiangxi University of Finance & Economics,China,CHN,Nanchang,1461,true,true,Best Global Universities,29.6,,https://www.usnews.com/education/best-global-universities/jiangxi-university-of-finance-economics-530180,
529168,Taras Shevchenko National University Kiev,Ukraine,UKR,Kyiv,1461,true,true,Best Global Universities,29.6,25707,https://www.usnews.com/education/best-global-universities/taras-shevchenko-national-university-kiev-529168,
529963,Tianjin Normal University,China,CHN,Tianjin,1461,true,true,Best Global Universities,29.6,,https://www.usnews.com/education/best-global-universities/tianjin-normal-university-529963,
529058,Tokyo Medical University,Japan,JPN,Tokyo,1461,true,true,Best Global Universities,29.6,,https://www.usnews.com/education/best-global-universities/tokyo-medical-university-529058,
529409,Universidad de La Frontera,Chile,CHL,Temuco,1461,true,true,Best Global Universities,29.6,,https://www.usnews.com/education/best-global-universities/universidad-de-la-frontera-529409,
106263,University of Arkansas Medical Sciences,United States,USA,Little Rock,1461,true,true,Best Global Universities,29.6,,https://www.usnews.com/education/best-global-universities/university-of-arkansas-medical-sciences-106263,
529852,Chongqing Jiaotong University,China,CHN,Chongqing,1468,true,true,Best Global Universities,29.5,,https://www.usnews.com/education/best-global-universities/chongqing-jiaotong-university-529852,
196103,SUNY College of Environmental Science,United States,USA,Syracuse,1468,true,true,Best Global Universities,29.5,,https://www.usnews.com/education/best-global-universities/suny-college-of-environmental-science-196103,
530161,University of Medicine & Pharmacy of Craiova,Romania,ROU,Craiova,1468,true,true,Best Global Universities,29.5,,https://www.usnews.com/education/best-global-universities/university-of-medicine-pharmacy-of-craiova-530161,
530569,Al-Mustaqbal University College,Iraq,IRQ,Hillah,1471,true,true,Best Global Universities,29.4,8870,https://www.usnews.com/education/best-global-universities/al-mustaqbal-university-college-530569,
510812,American University of the Middle East,Kuwait,KWT,Al Ahmadio,1471,true,true,Best Global Universities,29.4,,https://www.usnews.com/education/best-global-universities/american-university-of-the-middle-east-510812,
530011,Guangdong Ocean University,China,CHN,Zhanjiang,1471,true,true,Best Global Universities,29.4,,https://www.usnews.com/education/best-global-universities/guangdong-ocean-university-530011,
529727,Hubei University of Technology,China,CHN,Wuhan,1471,true,true,Best Global Universities,29.4,,https://www.usnews.com/education/best-global-universities/hubei-university-of-technology-529727,
500476,Kangwon National University,South Korea,KOR,Chuncheon-si,1471,true,true,Best Global Universities,29.4,,https://www.usnews.com/education/best-global-universities/kangwon-national-university-500476,
500675,Metropolitan Autonomous University,Mexico,MEX,Mexico City,1471,true,true,Best Global Universities,29.4,61152,https://www.usnews.com/education/best-global-universities/metropolitan-autonomous-university-500675,
530051,Nord University,Norway,NOR,Bodø,1471,true,true,Best Global Universities,29.4,,https://www.usnews.com/education/best-global-universities/nord-university-530051,
529588,Universidad Catolica del Norte,Chile,CHL,Antofagasta,1471,true,true,Best Global Universities,29.4,,https://www.usnews.com/education/best-global-universities/universidad-catolica-del-norte-529588,
529855,Universite de Sousse,Tunisia,TUN,Sousse,1471,true,true,Best Global Universities,29.4,29489,https://www.usnews.com/education/best-global-universities/universite-de-sousse-529855,
530013,University of Sargodha,Pakistan,PAK,Punjab,1471,true,true,Best Global Universities,29.4,,https://www.usnews.com/education/best-global-universities/university-of-sargodha-530013,
529606,Hunan University of Technology,China,CHN,Zhuzhou,1481,true,true,Best Global Universities,29.3,,https://www.usnews.com/education/best-global-universities/hunan-university-of-technology-529606,
530046,University of Derby,United Kingdom,GBR,Derby,1481,true,true,Best Global Universities,29.3,,https://www.usnews.com/education/best-global-universities/university-of-derby-530046,
529101,Warsaw University of Life Sciences,Poland,POL,Warsaw,1481,true,true,Best Global Universities,29.3,15324,https://www.usnews.com/education/best-global-universities/warsaw-university-of-life-sciences-529101,
503863,Federal University of Vicosa,Brazil,BRA,Vicosa,1484,true,true,Best Global Universities,29.2,19515,https://www.usnews.com/education/best-global-universities/federal-university-of-vicosa-503863,
529670,Jonkoping University,Sweden,SWE,Jonkoping,1484,true,true,Best Global Universities,29.2,,https://www.usnews.com/education/best-global-universities/jonkoping-university-529670,
529321,Ozyegin University,Türkiye,TUR,Istanbul,1484,true,true,Best Global Universities,29.2,6393,https://www.usnews.com/education/best-global-universities/ozyegin-university-529321,
529251,Tamkang University,Taiwan,TWN,Taipei,1484,true,true,Best Global Universities,29.2,21955,https://www.usnews.com/education/best-global-universities/tamkang-university-529251,
529203,Universidad de Guadalajara,Mexico,MEX,Guadalajara,1484,true,true,Best Global Universities,29.2,,https://www.usnews.com/education/best-global-universities/universidad-de-guadalajara-529203,
529068,Yuan Ze University,Taiwan,TWN,Taoyuan City,1484,true,true,Best Global Universities,29.2,6717,https://www.usnews.com/education/best-global-universities/yuan-ze-university-529068,
530188,Egypt-Japan University of Science & Technology,Egypt,EGY,Alexandria,1490,true,true,Best Global Universities,29.1,,https://www.usnews.com/education/best-global-universities/egypt-japan-university-of-science-technology-530188,
530578,Northern Border University,Saudi Arabia,SAU,Arar,1490,true,true,Best Global Universities,29.1,,https://www.usnews.com/education/best-global-universities/northern-border-university-530578,
136215,Nova Southeastern University,United States,USA,Ft. Lauderdale,1490,true,true,Best Global Universities,29.1,,https://www.usnews.com/education/best-global-universities/nova-southeastern-university-136215,
506231,Pukyong National University,South Korea,KOR,Busan,1490,true,true,Best Global Universities,29.1,,https://www.usnews.com/education/best-global-universities/pukyong-national-university-506231,
529395,University of Science and Technology,South Korea,KOR,Daejeon,1490,true,true,Best Global Universities,29.1,,https://www.usnews.com/education/best-global-universities/university-of-science-and-technology-529395,
133881,Florida Institute of Technology,United States,USA,Melbourne (U.S.),1495,true,true,Best Global Universities,29,7408,https://www.usnews.com/education/best-global-universities/florida-institute-of-technology-133881,
529622,Fujian Medical University,China,CHN,Fuzhou,1495,true,true,Best Global Universities,29,,https://www.usnews.com/education/best-global-universities/fujian-medical-university-529622,
530063,Tunghai University,Taiwan,TWN,Taichung City,1495,true,true,Best Global Universities,29,15087,https://www.usnews.com/education/best-global-universities/tunghai-university-530063,
529091,Tuscia University,Italy,ITA,Viterbo,1495,true,true,Best Global Universities,29,,https://www.usnews.com/education/best-global-universities/tuscia-university-529091,
529210,Universidad de Almeria,Spain,ESP,Almeria,1495,true,true,Best Global Universities,29,,https://www.usnews.com/education/best-global-universities/universidad-de-almeria-529210,
530298,Abdelmalek Essaadi University of Tetouan,Morocco,MAR,Tétouan,1500,true,true,Best Global Universities,28.9,,https://www.usnews.com/education/best-global-universities/abdelmalek-essaadi-university-of-tetouan-530298,
529309,Guru Nanak Dev University,India,IND,Amritsar,1500,true,true,Best Global Universities,28.9,,https://www.usnews.com/education/best-global-universities/guru-nanak-dev-university-529309,
529846,Kalinga Institute of Industrial Technology,India,IND,Bhubaneswar,1500,true,true,Best Global Universities,28.9,,https://www.usnews.com/education/best-global-universities/kalinga-institute-of-industrial-technology-529846,
530004,Shaoxing University,China,CHN,Shaoxing,1500,true,true,Best Global Universities,28.9,,https://www.usnews.com/education/best-global-universities/shaoxing-university-530004,
529510,Thammasat University,Thailand,THA,Bangkok,1500,true,true,Best Global Universities,28.9,,https://www.usnews.com/education/best-global-universities/thammasat-university-529510,
529003,University of Central Lancashire,United Kingdom,GBR,Preston,1500,true,true,Best Global Universities,28.9,,https://www.usnews.com/education/best-global-universities/university-of-central-lancashire-529003,
529983,University of Kurdistan,Iran,IRN,Sanandaj,1500,true,true,Best Global Universities,28.9,10210,https://www.usnews.com/education/best-global-universities/university-of-kurdistan-529983,
529001,University of Namur,Belgium,BEL,Namur,1500,true,true,Best Global Universities,28.9,,https://www.usnews.com/education/best-global-universities/university-of-namur-529001,
529405,University of Rijeka,Croatia,HRV,Rijeka,1500,true,true,Best Global Universities,28.9,12412,https://www.usnews.com/education/best-global-universities/university-of-rijeka-529405,
529693,Conservatoire National des Arts et Métiers (CNAM),France,FRA,Paris,1509,true,true,Best Global Universities,28.8,,https://www.usnews.com/education/best-global-universities/conservatoire-national-des-arts-et-metiers-cnam-529693,
505784,Institut National Polytechnique de Toulouse,France,FRA,Toulouse,1509,true,true,Best Global Universities,28.8,,https://www.usnews.com/education/best-global-universities/institut-national-polytechnique-de-toulouse-505784,
529564,Leeds Beckett University,United Kingdom,GBR,Leeds,1509,true,true,Best Global Universities,28.8,,https://www.usnews.com/education/best-global-universities/leeds-beckett-university-529564,
529700,National Institute of Technology Rourkela,India,IND,Rourkela,1509,true,true,Best Global Universities,28.8,,https://www.usnews.com/education/best-global-universities/national-institute-of-technology-rourkela-529700,
529597,Pontificia Universidade Catolica do Parana,Brazil,BRA,Curitiba,1509,true,true,Best Global Universities,28.8,,https://www.usnews.com/education/best-global-universities/pontificia-universidade-catolica-do-parana-529597,
181002,Creighton University,United States,USA,Omaha,1514,true,true,Best Global Universities,28.7,,https://www.usnews.com/education/best-global-universities/creighton-university-181002,
529069,National Taipei University of Technology,Taiwan,TWN,Taipei City,1514,true,true,Best Global Universities,28.7,,https://www.usnews.com/education/best-global-universities/national-taipei-university-of-technology-529069,
530048,Pakistan Institute of Engineering & Applied Science,Pakistan,PAK,Nilore,1514,true,true,Best Global Universities,28.7,,https://www.usnews.com/education/best-global-universities/pakistan-institute-of-engineering-applied-science-530048,
510905,University of Technology - Iraq,Iraq,IRQ,Baghdad,1514,true,true,Best Global Universities,28.7,,https://www.usnews.com/education/best-global-universities/university-of-technology-iraq-510905,
529329,University of Urbino,Italy,ITA,Urbino,1514,true,true,Best Global Universities,28.7,,https://www.usnews.com/education/best-global-universities/university-of-urbino-529329,
528974,University of Veterinary Medicine Vienna,Austria,AUT,Vienna,1514,true,true,Best Global Universities,28.7,,https://www.usnews.com/education/best-global-universities/university-of-veterinary-medicine-vienna-528974,
530262,Hawassa University,Ethiopia,ETH,Hawassa,1520,true,true,Best Global Universities,28.6,,https://www.usnews.com/education/best-global-universities/hawassa-university-530262,
529784,Homi Bhabha National Institute,India,IND,Mumbai,1520,true,true,Best Global Universities,28.6,,https://www.usnews.com/education/best-global-universities/homi-bhabha-national-institute-529784,
530497,Tokyo University of Agriculture & Technology,Japan,JPN,Tokyo,1520,true,true,Best Global Universities,28.6,,https://www.usnews.com/education/best-global-universities/tokyo-university-of-agriculture-technology-530497,
530252,Universidad Adolfo Ibanez,Chile,CHL,Peñalolén,1520,true,true,Best Global Universities,28.6,,https://www.usnews.com/education/best-global-universities/universidad-adolfo-ibanez-530252,
167987,University of Massachusetts--Dartmouth,United States,USA,Dartmouth,1520,true,true,Best Global Universities,28.6,6550,https://www.usnews.com/education/best-global-universities/university-of-massachusetts-dartmouth-167987,
529402,University Osnabruck,Germany,DEU,Osnabruck,1520,true,true,Best Global Universities,28.6,,https://www.usnews.com/education/best-global-universities/university-osnabruck-529402,
529525,Urmia University,Iran,IRN,Urmia,1520,true,true,Best Global Universities,28.6,,https://www.usnews.com/education/best-global-universities/urmia-university-529525,
529314,Anhui Normal University,China,CHN,Wuhu,1527,true,true,Best Global Universities,28.5,,https://www.usnews.com/education/best-global-universities/anhui-normal-university-529314,
529431,Daegu Gyeongbuk Institute of Science and Technology,South Korea,KOR,Deagu,1527,true,true,Best Global Universities,28.5,,https://www.usnews.com/education/best-global-universities/daegu-gyeongbuk-institute-of-science-and-technology-529431,
529640,Malaviya National Institute of Technology Jaipur,India,IND,Jaipur,1527,true,true,Best Global Universities,28.5,,https://www.usnews.com/education/best-global-universities/malaviya-national-institute-of-technology-jaipur-529640,
529812,Shanghai University of Engineering Science,China,CHN,Shanghai,1527,true,true,Best Global Universities,28.5,,https://www.usnews.com/education/best-global-universities/shanghai-university-of-engineering-science-529812,
529143,Belarusian State University,Belarus,BLR,Minsk,1531,true,true,Best Global Universities,28.4,24119,https://www.usnews.com/education/best-global-universities/belarusian-state-university-529143,
169248,Central Michigan University,United States,USA,Mount Pleasant,1531,true,true,Best Global Universities,28.4,,https://www.usnews.com/education/best-global-universities/central-michigan-university-169248,
529339,Ecole de Technologie Superieure - Canada,Canada,CAN,Montreal,1531,true,true,Best Global Universities,28.4,,https://www.usnews.com/education/best-global-universities/ecole-de-technologie-superieure-canada-529339,
530411,European University Cyprus,Cyprus,CYP,Nicosia,1531,true,true,Best Global Universities,28.4,,https://www.usnews.com/education/best-global-universities/european-university-cyprus-530411,
530020,Jimei University,China,CHN,Xiamen,1531,true,true,Best Global Universities,28.4,,https://www.usnews.com/education/best-global-universities/jimei-university-530020,
529509,Liaoning University,China,CHN,Shenyang,1531,true,true,Best Global Universities,28.4,,https://www.usnews.com/education/best-global-universities/liaoning-university-529509,
228459,Texas State University,United States,USA,San Marcos,1531,true,true,Best Global Universities,28.4,,https://www.usnews.com/education/best-global-universities/texas-state-university-228459,
529685,University of the Aegean,Greece,GRC,Mytilene,1531,true,true,Best Global Universities,28.4,,https://www.usnews.com/education/best-global-universities/university-of-the-aegean-529685,
528971,Suleyman Demirel University,Türkiye,TUR,Isparta,1539,true,false,Best Global Universities,28.3,,https://www.usnews.com/education/best-global-universities/suleyman-demirel-university-528971,
529049,Universidad de Las Palmas de Gran Canaria,Spain,ESP,Las Palmas de Gran Canaria,1540,true,true,Best Global Universities,28.2,,https://www.usnews.com/education/best-global-universities/universidad-de-las-palmas-de-gran-canaria-529049,
530237,University Cheikh Anta Diop Dakar,Sénégal,SEN,Dakar,1540,true,true,Best Global Universities,28.2,,https://www.usnews.com/education/best-global-universities/university-cheikh-anta-diop-dakar-530237,
529797,University of Tun Hussein Onn Malaysia,Malaysia,MYS,Batu Pahat,1540,true,true,Best Global Universities,28.2,,https://www.usnews.com/education/best-global-universities/university-of-tun-hussein-onn-malaysia-529797,
530251,Hamadan University of Medical Sciences,Iran,IRN,Hamadan Province,1543,true,true,Best Global Universities,28.1,,https://www.usnews.com/education/best-global-universities/hamadan-university-of-medical-sciences-530251,
529424,Pomeranian Medical University,Poland,POL,Szczecin,1543,true,true,Best Global Universities,28.1,,https://www.usnews.com/education/best-global-universities/pomeranian-medical-university-529424,
529755,Riga Technical University,Latvia,LVA,Riga,1543,true,true,Best Global Universities,28.1,,https://www.usnews.com/education/best-global-universities/riga-technical-university-529755,
530269,Zhejiang University of Science & Technology,China,CHN,Hangzhou,1543,true,true,Best Global Universities,28.1,,https://www.usnews.com/education/best-global-universities/zhejiang-university-of-science-technology-530269,
502324,Budapest University of Technology and Economics,Hungary,HUN,Budapest,1547,true,true,Best Global Universities,28,,https://www.usnews.com/education/best-global-universities/budapest-university-of-technology-and-economics-502324,
529615,Ecole nationale superieure de chimie de Montpellier,France,FRA,Montpellier,1547,true,true,Best Global Universities,28,,https://www.usnews.com/education/best-global-universities/ecole-nationale-superieure-de-chimie-de-montpellier-529615,
530418,Escuela Politecnica Nacional Ecuador,Ecuador,ECU,Quito,1547,true,true,Best Global Universities,28,,https://www.usnews.com/education/best-global-universities/escuela-politecnica-nacional-ecuador-530418,
530471,Inland Norway University of Applied Sciences,Norway,NOR,Norway,1547,true,true,Best Global Universities,28,,https://www.usnews.com/education/best-global-universities/inland-norway-university-of-applied-sciences-530471,
530163,Riga Stradins University,Latvia,LVA,Riga,1547,true,true,Best Global Universities,28,,https://www.usnews.com/education/best-global-universities/riga-stradins-university-530163,
529585,Universidad de Valparaiso,Chile,CHL,Valparaiso,1547,true,true,Best Global Universities,28,,https://www.usnews.com/education/best-global-universities/universidad-de-valparaiso-529585,
529717,Université de la Manouba,Tunisia,TUN,Manouba,1547,true,true,Best Global Universities,28,17305,https://www.usnews.com/education/best-global-universities/universite-de-la-manouba-529717,
100706,University of Alabama--Huntsville,United States,USA,Huntsville,1547,true,true,Best Global Universities,28,,https://www.usnews.com/education/best-global-universities/university-of-alabama-huntsville-100706,
530650,University of Babylon,Iraq,IRQ,Hillah,1547,true,true,Best Global Universities,28,,https://www.usnews.com/education/best-global-universities/university-of-babylon-530650,
529796,Malardalen University,Sweden,SWE,Västerås,1556,true,true,Best Global Universities,27.9,,https://www.usnews.com/education/best-global-universities/malardalen-university-529796,
529546,Saints Cyril and Methodius University of Skopje,North Macedonia,MKD,Skopje,1556,true,true,Best Global Universities,27.9,,https://www.usnews.com/education/best-global-universities/saints-cyril-and-methodius-university-of-skopje-529546,
231624,William & Mary,United States,USA,Williamsburg,1556,true,true,Best Global Universities,27.9,8932,https://www.usnews.com/education/best-global-universities/william-mary-231624,
530080,Jilin Agricultural University,China,CHN,Changchun,1559,true,true,Best Global Universities,27.8,,https://www.usnews.com/education/best-global-universities/jilin-agricultural-university-530080,
529280,Kwangwoon University,South Korea,KOR,Seoul,1559,true,true,Best Global Universities,27.8,,https://www.usnews.com/education/best-global-universities/kwangwoon-university-529280,
529366,Malmo University,Sweden,SWE,Malmo,1559,true,true,Best Global Universities,27.8,,https://www.usnews.com/education/best-global-universities/malmo-university-529366,
530615,Saudi Electronic University,Saudi Arabia,SAU,Riyadh,1559,true,true,Best Global Universities,27.8,,https://www.usnews.com/education/best-global-universities/saudi-electronic-university-530615,
529247,Wilfrid Laurier University,Canada,CAN,Waterloo,1559,true,true,Best Global Universities,27.8,20949,https://www.usnews.com/education/best-global-universities/wilfrid-laurier-university-529247,
529446,Indian Institute of Science Education and Research - Kolkata,India,IND,Nadia,1564,true,true,Best Global Universities,27.7,,https://www.usnews.com/education/best-global-universities/indian-institute-of-science-education-and-research-kolkata-529446,
204024,Miami University--Oxford,United States,USA,Oxford,1564,true,true,Best Global Universities,27.7,,https://www.usnews.com/education/best-global-universities/miami-university-oxford-204024,
506137,National Chung Hsing University,Taiwan,TWN,Taichung,1564,true,true,Best Global Universities,27.7,16335,https://www.usnews.com/education/best-global-universities/national-chung-hsing-university-506137,
530620,Shandong Technology & Business University,China,CHN,Yantai,1564,true,true,Best Global Universities,27.7,,https://www.usnews.com/education/best-global-universities/shandong-technology-business-university-530620,
529456,University of Westminster,United Kingdom,GBR,London (U.K.),1564,true,true,Best Global Universities,27.7,19780,https://www.usnews.com/education/best-global-universities/university-of-westminster-529456,
529661,Bauman Moscow State Technical University,Russia,RUS,Moscow (Russia),1569,true,true,Best Global Universities,27.6,,https://www.usnews.com/education/best-global-universities/bauman-moscow-state-technical-university-529661,
529789,Bingol University,Türkiye,TUR,Bingöl,1569,true,true,Best Global Universities,27.6,,https://www.usnews.com/education/best-global-universities/bingol-university-529789,
530223,Durban University of Technology,South Africa,ZAF,Durban,1569,true,true,Best Global Universities,27.6,,https://www.usnews.com/education/best-global-universities/durban-university-of-technology-530223,
529100,Estonian University of Life Sciences,Estonia,EST,Tartu,1569,true,true,Best Global Universities,27.6,,https://www.usnews.com/education/best-global-universities/estonian-university-of-life-sciences-529100,
529485,Guangdong Medical University,China,CHN,Zhanjiang,1569,true,true,Best Global Universities,27.6,,https://www.usnews.com/education/best-global-universities/guangdong-medical-university-529485,
529780,Indian Institute of Technology - Gandhinagar,India,IND,Gandhinagar,1569,true,true,Best Global Universities,27.6,,https://www.usnews.com/education/best-global-universities/indian-institute-of-technology-gandhinagar-529780,
529534,Indian Statistical Institute Kolkata,India,IND,Kolkata,1569,true,true,Best Global Universities,27.6,,https://www.usnews.com/education/best-global-universities/indian-statistical-institute-kolkata-529534,
529954,Istanbul Medeniyet University,Türkiye,TUR,İstanbul,1569,true,true,Best Global Universities,27.6,,https://www.usnews.com/education/best-global-universities/istanbul-medeniyet-university-529954,
530026,Reichman University,Israel,ISR,Herzliya,1569,true,true,Best Global Universities,27.6,,https://www.usnews.com/education/best-global-universities/reichman-university-530026,
529014,Sogang University,South Korea,KOR,Seoul,1569,true,true,Best Global Universities,27.6,10719,https://www.usnews.com/education/best-global-universities/sogang-university-529014,
514891,Al Baha University,Saudi Arabia,SAU,Al Baha,1579,true,true,Best Global Universities,27.5,,https://www.usnews.com/education/best-global-universities/al-baha-university-514891,
529306,China Jiliang University,China,CHN,Hangzhou,1579,true,true,Best Global Universities,27.5,,https://www.usnews.com/education/best-global-universities/china-jiliang-university-529306,
529815,Harbin University of Science and Technology,China,CHN,Harbin,1579,true,true,Best Global Universities,27.5,,https://www.usnews.com/education/best-global-universities/harbin-university-of-science-and-technology-529815,
530261,Indian Institute of Technology (IIT) - Jodhpur,India,IND,Karwar Jheepasani,1579,true,true,Best Global Universities,27.5,,https://www.usnews.com/education/best-global-universities/indian-institute-of-technology-iit-jodhpur-530261,
149222,Southern Illinois University--Carbondale,United States,USA,Carbondale,1579,true,true,Best Global Universities,27.5,,https://www.usnews.com/education/best-global-universities/southern-illinois-university-carbondale-149222,
528821,Universidade do Algarve,Portugal,PRT,Faro,1579,true,true,Best Global Universities,27.5,9943,https://www.usnews.com/education/best-global-universities/universidade-do-algarve-528821,
529433,Goldsmiths University London,United Kingdom,GBR,London (U.K.),1585,true,true,Best Global Universities,27.4,,https://www.usnews.com/education/best-global-universities/goldsmiths-university-london-529433,
529972,Ningxia University,China,CHN,Yinchuan,1585,true,true,Best Global Universities,27.4,,https://www.usnews.com/education/best-global-universities/ningxia-university-529972,
530582,Tibet University,China,CHN,Chengguan District,1585,true,true,Best Global Universities,27.4,,https://www.usnews.com/education/best-global-universities/tibet-university-530582,
529415,University Kashan,Iran,IRN,Kashan,1585,true,true,Best Global Universities,27.4,,https://www.usnews.com/education/best-global-universities/university-kashan-529415,
501891,Agricultural University of Athens,Greece,GRC,Athens (Greece),1589,true,true,Best Global Universities,27.3,,https://www.usnews.com/education/best-global-universities/agricultural-university-of-athens-501891,
529229,Anadolu University,Türkiye,TUR,Tepebasi,1589,true,true,Best Global Universities,27.3,,https://www.usnews.com/education/best-global-universities/anadolu-university-529229,
529283,Dalian Medical University,China,CHN,Dalian,1589,true,true,Best Global Universities,27.3,,https://www.usnews.com/education/best-global-universities/dalian-medical-university-529283,
505737,Ehime University,Japan,JPN,Matsuyama,1589,true,true,Best Global Universities,27.3,,https://www.usnews.com/education/best-global-universities/ehime-university-505737,
529995,Institute Technology of Bandung,Indonesia,IDN,Bandung,1589,true,true,Best Global Universities,27.3,,https://www.usnews.com/education/best-global-universities/institute-technology-of-bandung-529995,
529552,Kingston University,United Kingdom,GBR,Kingston upon Thames,1589,true,true,Best Global Universities,27.3,,https://www.usnews.com/education/best-global-universities/kingston-university-529552,
529809,Northeast Electric Power University,China,CHN,Jilin City,1589,true,true,Best Global Universities,27.3,,https://www.usnews.com/education/best-global-universities/northeast-electric-power-university-529809,
505792,Selcuk University,Türkiye,TUR,Selcuklu-Konya,1589,true,true,Best Global Universities,27.3,,https://www.usnews.com/education/best-global-universities/selcuk-university-505792,
200280,University of North Dakota,United States,USA,Grand Forks,1589,true,true,Best Global Universities,27.3,,https://www.usnews.com/education/best-global-universities/university-of-north-dakota-200280,
529494,Yangtze University,China,CHN,Jingzhou,1589,true,true,Best Global Universities,27.3,,https://www.usnews.com/education/best-global-universities/yangtze-university-529494,
530254,Guangdong University of Petrochemical Technology,China,CHN,Guangdong,1599,true,true,Best Global Universities,27.2,,https://www.usnews.com/education/best-global-universities/guangdong-university-of-petrochemical-technology-530254,
529673,Henan University of Technology,China,CHN,Zhengzhou,1599,true,true,Best Global Universities,27.2,,https://www.usnews.com/education/best-global-universities/henan-university-of-technology-529673,
159373,Louisiana State University Health Sciences Center,United States,USA,New Orleans,1599,true,true,Best Global Universities,27.2,,https://www.usnews.com/education/best-global-universities/louisiana-state-university-health-sciences-center-159373,
530279,Minzu University of China,China,CHN,Beijing,1599,true,true,Best Global Universities,27.2,,https://www.usnews.com/education/best-global-universities/minzu-university-of-china-530279,
528981,Nara Institute of Science,Japan,JPN,Ikoma,1599,true,true,Best Global Universities,27.2,,https://www.usnews.com/education/best-global-universities/nara-institute-of-science-528981,
529743,Sanjay Gandhi Postgraduate Institute of Medical Sciences,India,IND,Lucknow,1599,true,true,Best Global Universities,27.2,,https://www.usnews.com/education/best-global-universities/sanjay-gandhi-postgraduate-institute-of-medical-sciences-529743,
529768,University of Engineering and Technology--Taxila,Pakistan,PAK,Taxila,1599,true,true,Best Global Universities,27.2,,https://www.usnews.com/education/best-global-universities/university-of-engineering-and-technology-taxila-529768,
529803,University of Mohaghegh Ardabili,Iran,IRN,Ardabil,1599,true,true,Best Global Universities,27.2,,https://www.usnews.com/education/best-global-universities/university-of-mohaghegh-ardabili-529803,
111948,Chapman University,United States,USA,Orange,1607,true,true,Best Global Universities,27.1,,https://www.usnews.com/education/best-global-universities/chapman-university-111948,
530083,Chengdu University of Traditional Chinese Medicine,China,CHN,Chengdu,1607,true,true,Best Global Universities,27.1,,https://www.usnews.com/education/best-global-universities/chengdu-university-of-traditional-chinese-medicine-530083,
506304,Gifu University,Japan,JPN,Gifu,1607,true,true,Best Global Universities,27.1,7155,https://www.usnews.com/education/best-global-universities/gifu-university-506304,
530577,International Hellenic University,Greece,GRC,Thermi,1607,true,true,Best Global Universities,27.1,44801,https://www.usnews.com/education/best-global-universities/international-hellenic-university-530577,
185590,Montclair State University,United States,USA,Montclair,1607,true,true,Best Global Universities,27.1,,https://www.usnews.com/education/best-global-universities/montclair-state-university-185590,
530189,Opole University of Technology,Poland,POL,Opole,1607,true,true,Best Global Universities,27.1,,https://www.usnews.com/education/best-global-universities/opole-university-of-technology-530189,
529655,Rikkyo University,Japan,JPN,Tokyo,1607,true,true,Best Global Universities,27.1,,https://www.usnews.com/education/best-global-universities/rikkyo-university-529655,
528871,Ritsumeikan University,Japan,JPN,Kyoto,1607,true,true,Best Global Universities,27.1,,https://www.usnews.com/education/best-global-universities/ritsumeikan-university-528871,
530256,University of Abomey Calavi,Benin,BEN,Abomey-Calavi,1607,true,true,Best Global Universities,27.1,,https://www.usnews.com/education/best-global-universities/university-of-abomey-calavi-530256,
530574,Biruni University,Türkiye,TUR,Zeytinburnu/İstanbul,1616,true,true,Best Global Universities,27,,https://www.usnews.com/education/best-global-universities/biruni-university-530574,
133650,Florida A&M University,United States,USA,Tallahassee,1616,true,true,Best Global Universities,27,,https://www.usnews.com/education/best-global-universities/florida-am-university-133650,
529214,Iuliu Hatieganu University of Medicine and Pharmacy,Romania,ROU,Cluj-Napoca,1616,true,true,Best Global Universities,27,8389,https://www.usnews.com/education/best-global-universities/iuliu-hatieganu-university-of-medicine-and-pharmacy-529214,
529763,Open University of the Netherlands,Netherlands,NLD,Heerlen,1616,true,true,Best Global Universities,27,,https://www.usnews.com/education/best-global-universities/open-university-of-the-netherlands-529763,
529878,Shanxi Agricultural University,China,CHN,Jinzhong,1616,true,true,Best Global Universities,27,,https://www.usnews.com/education/best-global-universities/shanxi-agricultural-university-529878,
530277,Shenzhen Technology University,China,CHN,Shenzhen Guangdong,1616,true,true,Best Global Universities,27,,https://www.usnews.com/education/best-global-universities/shenzhen-technology-university-530277,
529248,Universidade Federal da Paraiba,Brazil,BRA,Joao Pessoa,1616,true,true,Best Global Universities,27,35589,https://www.usnews.com/education/best-global-universities/universidade-federal-da-paraiba-529248,
530242,University of Agricultural Sciences & Veterinary Medicine Cluj Napoca,Romania,ROU,Cluj-Napoca,1616,true,true,Best Global Universities,27,5611,https://www.usnews.com/education/best-global-universities/university-of-agricultural-sciences-veterinary-medicine-cluj-napoca-530242,
530197,University of Maragheh,Iran,IRN,Maragheh,1616,true,true,Best Global Universities,27,,https://www.usnews.com/education/best-global-universities/university-of-maragheh-530197,
529365,Albany Medical College,United States,USA,Albany,1625,true,true,Best Global Universities,26.9,,https://www.usnews.com/education/best-global-universities/albany-medical-college-529365,
530245,Guangxi Minzu University,China,CHN,Nanning,1625,true,true,Best Global Universities,26.9,,https://www.usnews.com/education/best-global-universities/guangxi-minzu-university-530245,
529819,Northeast Petroleum University,China,CHN,Daqing,1625,true,true,Best Global Universities,26.9,,https://www.usnews.com/education/best-global-universities/northeast-petroleum-university-529819,
529181,Poznan University of Technology,Poland,POL,Poznan,1625,true,true,Best Global Universities,26.9,13775,https://www.usnews.com/education/best-global-universities/poznan-university-of-technology-529181,
530579,Siirt University,Türkiye,TUR,Siirt,1625,true,true,Best Global Universities,26.9,,https://www.usnews.com/education/best-global-universities/siirt-university-530579,
529931,Southwest Medical University,China,CHN,Luzhou,1625,true,true,Best Global Universities,26.9,,https://www.usnews.com/education/best-global-universities/southwest-medical-university-529931,
530769,Bahria University,Pakistan,PAK,Islamabad,1631,true,true,Best Global Universities,26.8,,https://www.usnews.com/education/best-global-universities/bahria-university-530769,
529646,University of Cassino,Italy,ITA,Cassino,1631,true,true,Best Global Universities,26.8,,https://www.usnews.com/education/best-global-universities/university-of-cassino-529646,
529061,University of London School Oriental and African Studies (SOAS),United Kingdom,GBR,London (U.K.),1631,true,true,Best Global Universities,26.8,,https://www.usnews.com/education/best-global-universities/university-of-london-school-oriental-and-african-studies-soas-529061,
529221,University of Madras,India,IND,Chennai,1631,true,true,Best Global Universities,26.8,,https://www.usnews.com/education/best-global-universities/university-of-madras-529221,
529010,University of Silesia,Poland,POL,Katowice,1631,true,true,Best Global Universities,26.8,,https://www.usnews.com/education/best-global-universities/university-of-silesia-529010,
529893,Alagappa University,India,IND,Karaikudi,1636,true,true,Best Global Universities,26.7,,https://www.usnews.com/education/best-global-universities/alagappa-university-529893,
529406,Bharathiar University,India,IND,Coimbatore,1636,true,true,Best Global Universities,26.7,,https://www.usnews.com/education/best-global-universities/bharathiar-university-529406,
142115,Boise State University,United States,USA,Boise,1636,true,true,Best Global Universities,26.7,,https://www.usnews.com/education/best-global-universities/boise-state-university-142115,
122755,San Jose State University,United States,USA,San Jose,1636,true,true,Best Global Universities,26.7,,https://www.usnews.com/education/best-global-universities/san-jose-state-university-122755,
529887,Shanghai Institute of Technology,China,CHN,Shanghai,1636,true,true,Best Global Universities,26.7,,https://www.usnews.com/education/best-global-universities/shanghai-institute-of-technology-529887,
530581,Xuzhou University of Technology,China,CHN,Yaan,1636,true,true,Best Global Universities,26.7,,https://www.usnews.com/education/best-global-universities/xuzhou-university-of-technology-530581,
201441,Bowling Green State University,United States,USA,Bowling Green,1642,true,true,Best Global Universities,26.6,,https://www.usnews.com/education/best-global-universities/bowling-green-state-university-201441,
529316,Izmir Yuksek Teknoloji Enstitusu,Türkiye,TUR,Izmir,1642,true,true,Best Global Universities,26.6,,https://www.usnews.com/education/best-global-universities/izmir-yuksek-teknoloji-enstitusu-529316,
529227,Seoul National University of Science and Technology,South Korea,KOR,Seoul,1642,true,true,Best Global Universities,26.6,,https://www.usnews.com/education/best-global-universities/seoul-national-university-of-science-and-technology-529227,
529595,Universidad del Valle,Colombia,COL,Valle del Cauca,1642,true,true,Best Global Universities,26.6,,https://www.usnews.com/education/best-global-universities/universidad-del-valle-529595,
529531,Baqiyatallah University of Medical Sciences (BMSU),Iran,IRN,Tehran,1646,true,true,Best Global Universities,26.5,,https://www.usnews.com/education/best-global-universities/baqiyatallah-university-of-medical-sciences-bmsu-529531,
529810,Shahid Chamran University of Ahvaz,Iran,IRN,Ahvaz,1646,true,true,Best Global Universities,26.5,,https://www.usnews.com/education/best-global-universities/shahid-chamran-university-of-ahvaz-529810,
529879,Universidad de Antofagasta,Chile,CHL,Antofagasta,1646,true,true,Best Global Universities,26.5,,https://www.usnews.com/education/best-global-universities/universidad-de-antofagasta-529879,
529584,Universidad de Talca,Chile,CHL,Talca,1646,true,true,Best Global Universities,26.5,,https://www.usnews.com/education/best-global-universities/universidad-de-talca-529584,
530270,Universitat de Vic - Universitat Central de Catalunya (UVic-UCC),Spain,ESP,Barcelona,1646,true,true,Best Global Universities,26.5,8542,https://www.usnews.com/education/best-global-universities/universitat-de-vic-universitat-central-de-catalunya-uvic-ucc-530270,
529421,University of Guilan,Iran,IRN,Rasht,1646,true,true,Best Global Universities,26.5,,https://www.usnews.com/education/best-global-universities/university-of-guilan-529421,
529890,Xi'an Technological University,China,CHN,Xi'an,1646,true,true,Best Global Universities,26.5,,https://www.usnews.com/education/best-global-universities/xian-technological-university-529890,
529833,Anhui University of Science and Technology,China,CHN,Huainan,1653,true,true,Best Global Universities,26.4,,https://www.usnews.com/education/best-global-universities/anhui-university-of-science-and-technology-529833,
529845,Chongqing University of Technology,China,CHN,Banan,1653,true,true,Best Global Universities,26.4,,https://www.usnews.com/education/best-global-universities/chongqing-university-of-technology-529845,
529448,Ilia State University,Georgia,GEO,Tbilisi,1653,true,true,Best Global Universities,26.4,16579,https://www.usnews.com/education/best-global-universities/ilia-state-university-529448,
122597,San Francisco State University,United States,USA,San Francisco,1653,true,true,Best Global Universities,26.4,,https://www.usnews.com/education/best-global-universities/san-francisco-state-university-122597,
529218,Universidade Federal do Para,Brazil,BRA,Belem,1653,true,true,Best Global Universities,26.4,,https://www.usnews.com/education/best-global-universities/universidade-federal-do-para-529218,
529182,University of Reims Champagne-Ardenne,France,FRA,Reims,1653,true,true,Best Global Universities,26.4,,https://www.usnews.com/education/best-global-universities/university-of-reims-champagne-ardenne-529182,
529565,University of West Bohemia Pilsen,Czech Republic,CZE,Pilsen,1653,true,true,Best Global Universities,26.4,11510,https://www.usnews.com/education/best-global-universities/university-of-west-bohemia-pilsen-529565,
529829,Xihua University,China,CHN,Chengdu,1653,true,true,Best Global Universities,26.4,,https://www.usnews.com/education/best-global-universities/xihua-university-529829,
530260,Azarbaijan Shahid Madani University,Iran,IRN,Tabriz,1661,true,true,Best Global Universities,26.3,,https://www.usnews.com/education/best-global-universities/azarbaijan-shahid-madani-university-530260,
110608,California State University--Northridge,United States,USA,Northridge,1661,true,true,Best Global Universities,26.3,,https://www.usnews.com/education/best-global-universities/california-state-university-northridge-110608,
529261,Poznan University of Medical Sciences,Poland,POL,Poznan,1661,true,true,Best Global Universities,26.3,,https://www.usnews.com/education/best-global-universities/poznan-university-of-medical-sciences-529261,
529425,Shahid Bahonar University of Kerman (SBUK),Iran,IRN,Kerman,1661,true,true,Best Global Universities,26.3,,https://www.usnews.com/education/best-global-universities/shahid-bahonar-university-of-kerman-sbuk-529425,
528989,Technische Universitat Chemnitz,Germany,DEU,Chemnitz,1661,true,true,Best Global Universities,26.3,,https://www.usnews.com/education/best-global-universities/technische-universitat-chemnitz-528989,
529299,Universidade Federal do Espirito Santo,Brazil,BRA,Vitoria,1661,true,true,Best Global Universities,26.3,,https://www.usnews.com/education/best-global-universities/universidade-federal-do-espirito-santo-529299,
530050,Universiti Malaysia Sabah,Malaysia,MYS,Kota Kinabalu,1661,true,true,Best Global Universities,26.3,,https://www.usnews.com/education/best-global-universities/universiti-malaysia-sabah-530050,
530575,University of Malakand,Pakistan,PAK,Dir Lower,1661,true,true,Best Global Universities,26.3,,https://www.usnews.com/education/best-global-universities/university-of-malakand-530575,
499992,Brock University,Canada,CAN,St. Catharines,1669,true,true,Best Global Universities,26.2,,https://www.usnews.com/education/best-global-universities/brock-university-499992,
529410,Indian Institute of Technology (Indian School of Mines) - Dhanbad,India,IND,Dhanbad,1669,true,true,Best Global Universities,26.2,,https://www.usnews.com/education/best-global-universities/indian-institute-of-technology-indian-school-of-mines-dhanbad-529410,
528844,Ivane Javakhishvili Tbilisi State University,Georgia,GEO,Tbilisi,1669,true,true,Best Global Universities,26.2,,https://www.usnews.com/education/best-global-universities/ivane-javakhishvili-tbilisi-state-university-528844,
529921,Kunming Medical University,China,CHN,Kunming,1669,true,true,Best Global Universities,26.2,,https://www.usnews.com/education/best-global-universities/kunming-medical-university-529921,
529363,Lithuanian University of Health Sciences,Lithuania,LTU,Kaunas,1669,true,true,Best Global Universities,26.2,6066,https://www.usnews.com/education/best-global-universities/lithuanian-university-of-health-sciences-529363,
529460,National Kaohsiung University of Science and Technology,Taiwan,TWN,Ciaotou,1669,true,true,Best Global Universities,26.2,,https://www.usnews.com/education/best-global-universities/national-kaohsiung-university-of-science-and-technology-529460,
501409,Shenyang Pharmaceutical University,China,CHN,Shenyang,1669,true,true,Best Global Universities,26.2,,https://www.usnews.com/education/best-global-universities/shenyang-pharmaceutical-university-501409,
528993,Uniformed Services University of the Health Sciences,United States,USA,Bethesda,1669,true,true,Best Global Universities,26.2,,https://www.usnews.com/education/best-global-universities/uniformed-services-university-of-the-health-sciences-528993,
529982,Universitat Oberta de Catalunya,Spain,ESP,Barcelona,1669,true,true,Best Global Universities,26.2,,https://www.usnews.com/education/best-global-universities/universitat-oberta-de-catalunya-529982,
178420,University of Missouri--St. Louis,United States,USA,St. Louis,1669,true,true,Best Global Universities,26.2,,https://www.usnews.com/education/best-global-universities/university-of-missouri-st-louis-178420,
529021,Anna University,India,IND,Chennai,1679,true,true,Best Global Universities,26.1,,https://www.usnews.com/education/best-global-universities/anna-university-529021,
530178,Fujian University of Technology,China,CHN,Fuzhou,1679,true,true,Best Global Universities,26.1,,https://www.usnews.com/education/best-global-universities/fujian-university-of-technology-530178,
529905,Institute of Tropical Medicine,Belgium,BEL,Antwerp,1679,true,true,Best Global Universities,26.1,,https://www.usnews.com/education/best-global-universities/institute-of-tropical-medicine-529905,
529187,Karadeniz Technical University,Türkiye,TUR,Ortahisar,1679,true,true,Best Global Universities,26.1,,https://www.usnews.com/education/best-global-universities/karadeniz-technical-university-529187,
529222,Kyushu Institute of Technology,Japan,JPN,Fukuoka,1679,true,true,Best Global Universities,26.1,,https://www.usnews.com/education/best-global-universities/kyushu-institute-of-technology-529222,
530770,Robert Gordon University,United Kingdom,GBR,Aberdeen,1679,true,true,Best Global Universities,26.1,,https://www.usnews.com/education/best-global-universities/robert-gordon-university-530770,
529185,Universidad Autonoma de Nuevo Leon,Mexico,MEX,Monterrey,1679,true,true,Best Global Universities,26.1,,https://www.usnews.com/education/best-global-universities/universidad-autonoma-de-nuevo-leon-529185,
529467,University of Koblenz and Landau,Germany,DEU,Mainz,1679,true,true,Best Global Universities,26.1,,https://www.usnews.com/education/best-global-universities/university-of-koblenz-and-landau-529467,
529323,Brandenburg University of Technology Cottbus,Germany,DEU,Cottbus,1687,true,true,Best Global Universities,26,,https://www.usnews.com/education/best-global-universities/brandenburg-university-of-technology-cottbus-529323,
529430,Gebze Technical University,Türkiye,TUR,Gebze,1687,true,true,Best Global Universities,26,9182,https://www.usnews.com/education/best-global-universities/gebze-technical-university-529430,
529886,Guilin University of Technology,China,CHN,Guilin,1687,true,true,Best Global Universities,26,,https://www.usnews.com/education/best-global-universities/guilin-university-of-technology-529886,
530313,Hubei University of Arts & Science,China,CHN,Xiangyang,1687,true,true,Best Global Universities,26,,https://www.usnews.com/education/best-global-universities/hubei-university-of-arts-science-530313,
529118,Jeju National University,South Korea,KOR,Jeju,1687,true,true,Best Global Universities,26,,https://www.usnews.com/education/best-global-universities/jeju-national-university-529118,
530176,Universidad Autonoma de Sinaloa,Mexico,MEX,Culiacán,1687,true,true,Best Global Universities,26,,https://www.usnews.com/education/best-global-universities/universidad-autonoma-de-sinaloa-530176,
530771,Al-Ayen University,Iraq,IRQ,Nasiriyah,1693,true,true,Best Global Universities,25.9,19077,https://www.usnews.com/education/best-global-universities/al-ayen-university-530771,
530282,Anhui Polytechnic University,China,CHN,Anhui,1693,true,true,Best Global Universities,25.9,,https://www.usnews.com/education/best-global-universities/anhui-polytechnic-university-530282,
530772,Karpagam Academy of Higher Education (KAHE),India,IND,Tamil Nadu,1693,true,true,Best Global Universities,25.9,,https://www.usnews.com/education/best-global-universities/karpagam-academy-of-higher-education-kahe-530772,
529172,Lakehead University,Canada,CAN,Thunder Bay,1693,true,true,Best Global Universities,25.9,,https://www.usnews.com/education/best-global-universities/lakehead-university-529172,
530773,Shanghai International Studies University,China,CHN,Shanghai,1693,true,true,Best Global Universities,25.9,,https://www.usnews.com/education/best-global-universities/shanghai-international-studies-university-530773,
529644,Shanghai University of Electric Power,China,CHN,Shanghai,1693,true,true,Best Global Universities,25.9,,https://www.usnews.com/education/best-global-universities/shanghai-university-of-electric-power-529644,
529736,Shenyang Agricultural University,China,CHN,Shenyang,1693,true,true,Best Global Universities,25.9,,https://www.usnews.com/education/best-global-universities/shenyang-agricultural-university-529736,
529493,South Central University for Nationalities,China,CHN,Wuhan,1693,true,true,Best Global Universities,25.9,,https://www.usnews.com/education/best-global-universities/south-central-university-for-nationalities-529493,
529805,Technical University of Cluj Napoca,Romania,ROU,Cluj-Napoca,1693,true,true,Best Global Universities,25.9,18890,https://www.usnews.com/education/best-global-universities/technical-university-of-cluj-napoca-529805,
529228,Universidad de Leon,Spain,ESP,Leon,1693,true,true,Best Global Universities,25.9,,https://www.usnews.com/education/best-global-universities/universidad-de-leon-529228,
530580,University of Malaysia Sarawak,Malaysia,MYS,Kota Samarahan,1693,true,true,Best Global Universities,25.9,,https://www.usnews.com/education/best-global-universities/university-of-malaysia-sarawak-530580,
529838,Zhengzhou University of Light Industry,China,CHN,Zhengzhou,1693,true,true,Best Global Universities,25.9,,https://www.usnews.com/education/best-global-universities/zhengzhou-university-of-light-industry-529838,
530335,Hangzhou City University,China,CHN,Hangzhou,1705,true,true,Best Global Universities,25.8,,https://www.usnews.com/education/best-global-universities/hangzhou-city-university-530335,
530276,North Minzu University,China,CHN,Yinchuan,1705,true,true,Best Global Universities,25.8,,https://www.usnews.com/education/best-global-universities/north-minzu-university-530276,
529125,Showa University,Japan,JPN,Tokyo,1705,true,true,Best Global Universities,25.8,,https://www.usnews.com/education/best-global-universities/showa-university-529125,
529953,Universidad de los Andes - Chile,Chile,CHL,Santiago,1705,true,true,Best Global Universities,25.8,,https://www.usnews.com/education/best-global-universities/universidad-de-los-andes-chile-529953,
529105,Universidade Federal de Lavras,Brazil,BRA,Lavras,1705,true,true,Best Global Universities,25.8,12530,https://www.usnews.com/education/best-global-universities/universidade-federal-de-lavras-529105,
529230,Universidad Nacional de Educacion a Distancia (UNED),Spain,ESP,Madrid,1705,true,true,Best Global Universities,25.8,,https://www.usnews.com/education/best-global-universities/universidad-nacional-de-educacion-a-distancia-uned-529230,
529362,University of Malawi,Malawi,MWI,Zomba,1705,true,true,Best Global Universities,25.8,,https://www.usnews.com/education/best-global-universities/university-of-malawi-529362,
172699,Western Michigan University,United States,USA,Kalamazoo,1705,true,true,Best Global Universities,25.8,,https://www.usnews.com/education/best-global-universities/western-michigan-university-172699,
529875,Bogor Agricultural University,Indonesia,IDN,Bogor,1713,true,true,Best Global Universities,25.7,,https://www.usnews.com/education/best-global-universities/bogor-agricultural-university-529875,
529851,Bundeswehr University Munich,Germany,DEU,Neubiberg,1713,true,true,Best Global Universities,25.7,,https://www.usnews.com/education/best-global-universities/bundeswehr-university-munich-529851,
529993,Karlstad University,Sweden,SWE,Karlstad,1713,true,true,Best Global Universities,25.7,,https://www.usnews.com/education/best-global-universities/karlstad-university-529993,
529276,Medical University Silesia,Poland,POL,Katowice,1713,true,true,Best Global Universities,25.7,10211,https://www.usnews.com/education/best-global-universities/medical-university-silesia-529276,
529033,Universidad Miguel Hernandez de Elche,Spain,ESP,Alicante,1713,true,true,Best Global Universities,25.7,,https://www.usnews.com/education/best-global-universities/universidad-miguel-hernandez-de-elche-529033,
530056,Universite de Gabes,Tunisia,TUN,Zrig Eddakhlania,1713,true,true,Best Global Universities,25.7,16131,https://www.usnews.com/education/best-global-universities/universite-de-gabes-530056,
530492,University of Craiova,Romania,ROU,Craiova,1713,true,true,Best Global Universities,25.7,,https://www.usnews.com/education/best-global-universities/university-of-craiova-530492,
530774,Van Lang University,Vietnam,VNM,Ho Chi Minh City,1713,true,true,Best Global Universities,25.7,,https://www.usnews.com/education/best-global-universities/van-lang-university-530774,
530167,"George Emil Palade University of Medicine, Pharmacy, Science, & Technology of Targu Mures",Romania,ROU,Târgu Mureș,1721,true,true,Best Global Universities,25.6,10147,https://www.usnews.com/education/best-global-universities/george-emil-palade-university-of-medicine-pharmacy-science-technology-of-targu-mures-530167,
529613,Japan Advanced Institute of Science and Technology,Japan,JPN,Nomi,1721,true,true,Best Global Universities,25.6,,https://www.usnews.com/education/best-global-universities/japan-advanced-institute-of-science-and-technology-529613,
530586,Sefako Makgatho Health Sciences University,South Africa,ZAF,Pretoria,1721,true,true,Best Global Universities,25.6,,https://www.usnews.com/education/best-global-universities/sefako-makgatho-health-sciences-university-530586,
530583,Sharda University,India,IND,Greater Noida,1721,true,true,Best Global Universities,25.6,,https://www.usnews.com/education/best-global-universities/sharda-university-530583,
529557,Siberian Federal University,Russia,RUS,Krasnoyarsk,1721,true,true,Best Global Universities,25.6,,https://www.usnews.com/education/best-global-universities/siberian-federal-university-529557,
530267,University of Rwanda,Rwanda,RWA,Kigali,1721,true,true,Best Global Universities,25.6,,https://www.usnews.com/education/best-global-universities/university-of-rwanda-530267,
529952,Yeditepe University,Türkiye,TUR,Istanbul,1721,true,true,Best Global Universities,25.6,17653,https://www.usnews.com/education/best-global-universities/yeditepe-university-529952,
529958,Jain University,India,IND,Bangalore,1728,true,true,Best Global Universities,25.5,,https://www.usnews.com/education/best-global-universities/jain-university-529958,
529959,Jiaxing University,China,CHN,Jiaxing,1728,true,true,Best Global Universities,25.5,,https://www.usnews.com/education/best-global-universities/jiaxing-university-529959,
199102,North Carolina A&T State University,United States,USA,Greensboro,1728,true,true,Best Global Universities,25.5,,https://www.usnews.com/education/best-global-universities/north-carolina-at-state-university-199102,
529273,University of Karachi,Pakistan,PAK,Karachi,1728,true,true,Best Global Universities,25.5,,https://www.usnews.com/education/best-global-universities/university-of-karachi-529273,
171571,Oakland University,United States,USA,Rochester,1732,true,true,Best Global Universities,25.4,12832,https://www.usnews.com/education/best-global-universities/oakland-university-171571,
529586,Universidade Federal de Sergipe,Brazil,BRA,Sao Cristovao,1732,true,true,Best Global Universities,25.4,,https://www.usnews.com/education/best-global-universities/universidade-federal-de-sergipe-529586,
529208,Fujita Health University,Japan,JPN,Toyoake,1734,true,true,Best Global Universities,25.3,3646,https://www.usnews.com/education/best-global-universities/fujita-health-university-529208,
530174,Karamanoglu Mehmetbey University,Türkiye,TUR,Karaman,1734,true,true,Best Global Universities,25.3,,https://www.usnews.com/education/best-global-universities/karamanoglu-mehmetbey-university-530174,
184782,Rowan University,United States,USA,Glassboro,1734,true,true,Best Global Universities,25.3,,https://www.usnews.com/education/best-global-universities/rowan-university-184782,
529455,Szent Istvan University,Hungary,HUN,Godollo,1734,true,true,Best Global Universities,25.3,,https://www.usnews.com/education/best-global-universities/szent-istvan-university-529455,
530775,Hong Kong Metropolitan University,Hong Kong,HKG,Hong Kong,1738,true,true,Best Global Universities,25.2,,https://www.usnews.com/education/best-global-universities/hong-kong-metropolitan-university-530775,
529950,Istanbul Medipol University,Türkiye,TUR,"Beykoz, İstanbul",1738,true,true,Best Global Universities,25.2,33677,https://www.usnews.com/education/best-global-universities/istanbul-medipol-university-529950,
529225,Lodz University of Technology,Poland,POL,Lodz,1738,true,true,Best Global Universities,25.2,10732,https://www.usnews.com/education/best-global-universities/lodz-university-of-technology-529225,
529550,Universitat Trier,Germany,DEU,Trier,1738,true,true,Best Global Universities,25.2,,https://www.usnews.com/education/best-global-universities/universitat-trier-529550,
530014,Ariel University,Israel,ISR,Ari'el,1742,true,true,Best Global Universities,25.1,,https://www.usnews.com/education/best-global-universities/ariel-university-530014,
530284,Bartin University,Türkiye,TUR,Türkiye,1742,true,true,Best Global Universities,25.1,,https://www.usnews.com/education/best-global-universities/bartin-university-530284,
529184,Slovak University of Technology Bratislava,Slovakia,SVK,Bratislava,1742,true,true,Best Global Universities,25.1,11041,https://www.usnews.com/education/best-global-universities/slovak-university-of-technology-bratislava-529184,
530272,Universidad Nacional Mayor de San Marcos,Peru,PER,Lima,1742,true,true,Best Global Universities,25.1,,https://www.usnews.com/education/best-global-universities/universidad-nacional-mayor-de-san-marcos-530272,
529561,Universidad Politecnica de Cartagena,Spain,ESP,Cartagena,1742,true,true,Best Global Universities,25.1,,https://www.usnews.com/education/best-global-universities/universidad-politecnica-de-cartagena-529561,
237011,Western Washington University,United States,USA,Bellingham,1742,true,true,Best Global Universities,25.1,,https://www.usnews.com/education/best-global-universities/western-washington-university-237011,
529835,Delhi Technological University,India,IND,Delhi,1748,true,true,Best Global Universities,25,,https://www.usnews.com/education/best-global-universities/delhi-technological-university-529835,
529827,East China Jiaotong University,China,CHN,Nanchang,1748,true,true,Best Global Universities,25,,https://www.usnews.com/education/best-global-universities/east-china-jiaotong-university-529827,
529973,East China University of Technology,China,CHN,Nanchang,1748,true,true,Best Global Universities,25,,https://www.usnews.com/education/best-global-universities/east-china-university-of-technology-529973,
529612,Huaibei Normal University,China,CHN,Huaibei,1748,true,true,Best Global Universities,25,,https://www.usnews.com/education/best-global-universities/huaibei-normal-university-529612,
529005,University of Electro-Communications - Japan,Japan,JPN,Tokyo,1748,true,true,Best Global Universities,25,4650,https://www.usnews.com/education/best-global-universities/university-of-electro-communications-japan-529005,
529652,University of Jammu,India,IND,Jammu Tawi,1748,true,true,Best Global Universities,25,,https://www.usnews.com/education/best-global-universities/university-of-jammu-529652,
243197,University of Puerto Rico--Mayaguez,United States,USA,Mayaguez,1748,true,true,Best Global Universities,25,,https://www.usnews.com/education/best-global-universities/university-of-puerto-rico-mayaguez-243197,
529099,University of Ryukyus,Japan,JPN,Nishihara,1748,true,true,Best Global Universities,25,,https://www.usnews.com/education/best-global-universities/university-of-ryukyus-529099,
529429,Yasouj University,Iran,IRN,Yasuj,1748,true,true,Best Global Universities,25,,https://www.usnews.com/education/best-global-universities/yasouj-university-529429,
529463,Bu Ali Sina University,Iran,IRN,Hamedan,1757,true,true,Best Global Universities,24.9,,https://www.usnews.com/education/best-global-universities/bu-ali-sina-university-529463,
530777,Guangdong University of Finance & Economics,China,CHN,Guangdong,1757,true,true,Best Global Universities,24.9,,https://www.usnews.com/education/best-global-universities/guangdong-university-of-finance-economics-530777,
530007,Yunnan Normal University,China,CHN,Kunming,1757,true,true,Best Global Universities,24.9,,https://www.usnews.com/education/best-global-universities/yunnan-normal-university-530007,
530776,Zhejiang Shuren University,China,CHN,Hangzhou,1757,true,true,Best Global Universities,24.9,,https://www.usnews.com/education/best-global-universities/zhejiang-shuren-university-530776,
529756,Indian Institute of Technology - Bhubaneswar,India,IND,Argul,1761,true,true,Best Global Universities,24.8,,https://www.usnews.com/education/best-global-universities/indian-institute-of-technology-bhubaneswar-529756,
529915,Shanxi Medical University,China,CHN,Jinzhong,1761,true,true,Best Global Universities,24.8,,https://www.usnews.com/education/best-global-universities/shanxi-medical-university-529915,
529085,Technical University Freiberg,Germany,DEU,Freiberg,1761,true,true,Best Global Universities,24.8,,https://www.usnews.com/education/best-global-universities/technical-university-freiberg-529085,
174233,University of Minnesota--Duluth,United States,USA,Duluth,1761,true,true,Best Global Universities,24.8,,https://www.usnews.com/education/best-global-universities/university-of-minnesota-duluth-174233,
529711,University of Ostrava,Czech Republic,CZE,Ostrava,1761,true,true,Best Global Universities,24.8,,https://www.usnews.com/education/best-global-universities/university-of-ostrava-529711,
529241,University of Tras-os-Montes and Alto Douro,Portugal,PRT,Vila Real,1761,true,true,Best Global Universities,24.8,,https://www.usnews.com/education/best-global-universities/university-of-tras-os-montes-and-alto-douro-529241,
529274,Witten Herdecke University,Germany,DEU,Witten,1761,true,true,Best Global Universities,24.8,,https://www.usnews.com/education/best-global-universities/witten-herdecke-university-529274,
530153,Wuyi University,China,CHN,Jiiangmen City,1761,true,true,Best Global Universities,24.8,,https://www.usnews.com/education/best-global-universities/wuyi-university-530153,
529888,Yancheng Institute of Technology,China,CHN,Yancheng,1761,true,true,Best Global Universities,24.8,,https://www.usnews.com/education/best-global-universities/yancheng-institute-of-technology-529888,
529541,Bharathidasan University,India,IND,Tiruchirappalli,1770,true,true,Best Global Universities,24.7,,https://www.usnews.com/education/best-global-universities/bharathidasan-university-529541,
530292,Chongqing University of Science & Technology,China,CHN,Chongqing,1770,true,true,Best Global Universities,24.7,,https://www.usnews.com/education/best-global-universities/chongqing-university-of-science-technology-530292,
529783,Hellenic Open University,Greece,GRC,Patra,1770,true,true,Best Global Universities,24.7,,https://www.usnews.com/education/best-global-universities/hellenic-open-university-529783,
530078,Hubei University of Medicine,China,CHN,Hubei,1770,true,true,Best Global Universities,24.7,,https://www.usnews.com/education/best-global-universities/hubei-university-of-medicine-530078,
528936,Jacobs University,Germany,DEU,Bremen,1770,true,true,Best Global Universities,24.7,,https://www.usnews.com/education/best-global-universities/jacobs-university-528936,
504934,Nihon University,Japan,JPN,Tokyo,1770,true,true,Best Global Universities,24.7,,https://www.usnews.com/education/best-global-universities/nihon-university-504934,
530295,Shenzhen Polytechnic University,China,CHN,Shenzhen,1770,true,true,Best Global Universities,24.7,,https://www.usnews.com/education/best-global-universities/shenzhen-polytechnic-university-530295,
530311,Southwest Forestry University - China,China,CHN,Kunming,1770,true,true,Best Global Universities,24.7,,https://www.usnews.com/education/best-global-universities/southwest-forestry-university-china-530311,
150136,Ball State University,United States,USA,Muncie,1778,true,true,Best Global Universities,24.6,,https://www.usnews.com/education/best-global-universities/ball-state-university-150136,
529857,Huaiyin Institute of Technology,China,CHN,Huai'an,1778,true,true,Best Global Universities,24.6,,https://www.usnews.com/education/best-global-universities/huaiyin-institute-of-technology-529857,
529412,Incheon National University,South Korea,KOR,Yeonsu-gu,1778,true,true,Best Global Universities,24.6,,https://www.usnews.com/education/best-global-universities/incheon-national-university-529412,
529723,Lebanese University,Lebanon,LBN,Beirut,1778,true,true,Best Global Universities,24.6,,https://www.usnews.com/education/best-global-universities/lebanese-university-529723,
504179,Ondokuz Mayis University,Türkiye,TUR,Samsun,1778,true,true,Best Global Universities,24.6,,https://www.usnews.com/education/best-global-universities/ondokuz-mayis-university-504179,
529961,Shihezi University,China,CHN,Shihezi,1778,true,true,Best Global Universities,24.6,,https://www.usnews.com/education/best-global-universities/shihezi-university-529961,
530266,Universidad del Norte Colombia,Colombia,COL,Atlantico,1784,true,true,Best Global Universities,24.5,,https://www.usnews.com/education/best-global-universities/universidad-del-norte-colombia-530266,
528995,University of Pavol Jozef Safarik Kosice,Slovakia,SVK,Kosice,1784,true,true,Best Global Universities,24.5,,https://www.usnews.com/education/best-global-universities/university-of-pavol-jozef-safarik-kosice-528995,
530130,Yan'an University,China,CHN,Yan'An,1784,true,true,Best Global Universities,24.5,,https://www.usnews.com/education/best-global-universities/yanan-university-530130,
140164,Kennesaw State University,United States,USA,Kennesaw,1787,true,true,Best Global Universities,24.4,,https://www.usnews.com/education/best-global-universities/kennesaw-state-university-140164,
530268,Moulay Ismail University of Meknes,Morocco,MAR,BP: 298,1787,true,true,Best Global Universities,24.4,,https://www.usnews.com/education/best-global-universities/moulay-ismail-university-of-meknes-530268,
219356,South Dakota State University,United States,USA,Brookings,1787,true,true,Best Global Universities,24.4,,https://www.usnews.com/education/best-global-universities/south-dakota-state-university-219356,
529206,Uludag University,Türkiye,TUR,Gorukle,1787,true,true,Best Global Universities,24.4,,https://www.usnews.com/education/best-global-universities/uludag-university-529206,
530074,Binzhou Medical University,China,CHN,Shandong,1791,true,true,Best Global Universities,24.3,,https://www.usnews.com/education/best-global-universities/binzhou-medical-university-530074,
530778,Diponegoro University,Indonesia,IDN,Semarang,1791,true,true,Best Global Universities,24.3,,https://www.usnews.com/education/best-global-universities/diponegoro-university-530778,
529643,Imam Khomeini International University,Iran,IRN,Qazvin,1791,true,true,Best Global Universities,24.3,,https://www.usnews.com/education/best-global-universities/imam-khomeini-international-university-529643,
529710,National Institute of Technology Tiruchirappalli,India,IND,Tiruchirappalli,1791,true,true,Best Global Universities,24.3,,https://www.usnews.com/education/best-global-universities/national-institute-of-technology-tiruchirappalli-529710,
529578,Technical University Kosice,Slovakia,SVK,Kosice,1791,true,true,Best Global Universities,24.3,,https://www.usnews.com/education/best-global-universities/technical-university-kosice-529578,
530273,Tianjin University of Commerce,China,CHN,Tianjin,1791,true,true,Best Global Universities,24.3,,https://www.usnews.com/education/best-global-universities/tianjin-university-of-commerce-530273,
501284,University of Toyama,Japan,JPN,Toyama,1791,true,true,Best Global Universities,24.3,,https://www.usnews.com/education/best-global-universities/university-of-toyama-501284,
529662,Arid Agriculture University,Pakistan,PAK,Rawalpindi,1798,true,true,Best Global Universities,24.2,,https://www.usnews.com/education/best-global-universities/arid-agriculture-university-529662,
529720,Avignon Université,France,FRA,Avignon,1798,true,true,Best Global Universities,24.2,,https://www.usnews.com/education/best-global-universities/avignon-universite-529720,
529868,Beijing Information Science and Technology University,China,CHN,Beijing,1798,true,true,Best Global Universities,24.2,,https://www.usnews.com/education/best-global-universities/beijing-information-science-and-technology-university-529868,
190594,CUNY--Hunter College,United States,USA,New York City,1798,true,true,Best Global Universities,24.2,,https://www.usnews.com/education/best-global-universities/cuny-hunter-college-190594,
529279,Kagawa University,Japan,JPN,Takamatsu,1798,true,true,Best Global Universities,24.2,,https://www.usnews.com/education/best-global-universities/kagawa-university-529279,
530338,Shanghai University of Sport,China,CHN,Shanghai,1798,true,true,Best Global Universities,24.2,,https://www.usnews.com/education/best-global-universities/shanghai-university-of-sport-530338,
503027,Tokushima University,Japan,JPN,Tokushima,1798,true,true,Best Global Universities,24.2,,https://www.usnews.com/education/best-global-universities/tokushima-university-503027,
529107,University of Warmia,Poland,POL,Olsztyn,1798,true,true,Best Global Universities,24.2,,https://www.usnews.com/education/best-global-universities/university-of-warmia-529107,
529987,University of Zielona Gora,Poland,POL,Zielona Góra,1798,true,true,Best Global Universities,24.2,,https://www.usnews.com/education/best-global-universities/university-of-zielona-gora-529987,
529862,Xi'an University of Posts and Telecommunications,China,CHN,Xi'an,1798,true,true,Best Global Universities,24.2,,https://www.usnews.com/education/best-global-universities/xian-university-of-posts-and-telecommunications-529862,
529570,Cracow University of Technology,Poland,POL,Krakow,1808,true,true,Best Global Universities,24.1,11546,https://www.usnews.com/education/best-global-universities/cracow-university-of-technology-529570,
529712,Hanoi University of Science and Technology,Vietnam,VNM,Hanoi,1808,true,true,Best Global Universities,24.1,,https://www.usnews.com/education/best-global-universities/hanoi-university-of-science-and-technology-529712,
529965,Harbin Normal University,China,CHN,Harbin,1808,true,true,Best Global Universities,24.1,,https://www.usnews.com/education/best-global-universities/harbin-normal-university-529965,
500650,Kagoshima University,Japan,JPN,Kagoshima,1808,true,true,Best Global Universities,24.1,,https://www.usnews.com/education/best-global-universities/kagoshima-university-500650,
529873,Nanjing Institute of Technology,China,CHN,Nanjing,1808,true,true,Best Global Universities,24.1,,https://www.usnews.com/education/best-global-universities/nanjing-institute-of-technology-529873,
529844,National Institute of Technology Kurukshetra,India,IND,Kurukshetra,1808,true,true,Best Global Universities,24.1,,https://www.usnews.com/education/best-global-universities/national-institute-of-technology-kurukshetra-529844,
530198,Universidade Federal de Mato Grosso do Sul,Brazil,BRA,Campo Grande,1808,true,true,Best Global Universities,24.1,,https://www.usnews.com/education/best-global-universities/universidade-federal-de-mato-grosso-do-sul-530198,
529927,Guizhou Medical University,China,CHN,Guiyang,1815,true,true,Best Global Universities,24,,https://www.usnews.com/education/best-global-universities/guizhou-medical-university-529927,
530093,Indian Institute of Technology (IIT) - Mandi,India,IND,Kamand,1815,true,true,Best Global Universities,24,,https://www.usnews.com/education/best-global-universities/indian-institute-of-technology-iit-mandi-530093,
529120,Kyoto Prefectural University of Medicine,Japan,JPN,Kyoto,1815,true,true,Best Global Universities,24,,https://www.usnews.com/education/best-global-universities/kyoto-prefectural-university-of-medicine-529120,
529617,Muhimbili University of Health and Allied Sciences,Tanzania,TZA,Dar es Salaam,1815,true,true,Best Global Universities,24,,https://www.usnews.com/education/best-global-universities/muhimbili-university-of-health-and-allied-sciences-529617,
530294,Universidad Mayor,Chile,CHL,Las Condes,1815,true,true,Best Global Universities,24,,https://www.usnews.com/education/best-global-universities/universidad-mayor-530294,
529408,University Nacional Cuyo Mendoza,Argentina,ARG,Mendoza,1815,true,true,Best Global Universities,24,,https://www.usnews.com/education/best-global-universities/university-nacional-cuyo-mendoza-529408,
530779,University of Chittagong,Bangladesh,BGD,Chittagong,1815,true,true,Best Global Universities,24,,https://www.usnews.com/education/best-global-universities/university-of-chittagong-530779,
529360,University of Occupational and Environmental Health - Japan,Japan,JPN,Fukuoka,1815,true,true,Best Global Universities,24,,https://www.usnews.com/education/best-global-universities/university-of-occupational-and-environmental-health-japan-529360,
110583,California State University--Long Beach,United States,USA,Long Beach,1823,true,true,Best Global Universities,23.9,32332,https://www.usnews.com/education/best-global-universities/california-state-university-long-beach-110583,
529860,Changchun University of Science and Technology,China,CHN,Changchun,1823,true,true,Best Global Universities,23.9,,https://www.usnews.com/education/best-global-universities/changchun-university-of-science-and-technology-529860,
529620,Guangxi Medical University,China,CHN,Nanning,1823,true,true,Best Global Universities,23.9,,https://www.usnews.com/education/best-global-universities/guangxi-medical-university-529620,
529641,Lanzhou University of Technology,China,CHN,Lanzhou,1823,true,true,Best Global Universities,23.9,,https://www.usnews.com/education/best-global-universities/lanzhou-university-of-technology-529641,
530780,SRM University-AP,India,IND,Mangalagiri,1823,true,true,Best Global Universities,23.9,,https://www.usnews.com/education/best-global-universities/srm-university-ap-530780,
529335,Suranaree University of Technology,Thailand,THA,Nakhon Ratchasima,1823,true,true,Best Global Universities,23.9,16093,https://www.usnews.com/education/best-global-universities/suranaree-university-of-technology-529335,
139931,Georgia Southern University,United States,USA,Statesboro,1829,true,true,Best Global Universities,23.8,,https://www.usnews.com/education/best-global-universities/georgia-southern-university-139931,
530123,Hangzhou Medical College,China,CHN,Hangzhou,1829,true,true,Best Global Universities,23.8,,https://www.usnews.com/education/best-global-universities/hangzhou-medical-college-530123,
530092,Hebei Normal University,China,CHN,Shijiazhuang,1829,true,true,Best Global Universities,23.8,,https://www.usnews.com/education/best-global-universities/hebei-normal-university-530092,
529821,Indian Institute of Technology - Patna,India,IND,Patna,1829,true,true,Best Global Universities,23.8,,https://www.usnews.com/education/best-global-universities/indian-institute-of-technology-patna-529821,
529304,Kaunas University of Technology,Lithuania,LTU,Kaunas,1829,true,true,Best Global Universities,23.8,,https://www.usnews.com/education/best-global-universities/kaunas-university-of-technology-529304,
529196,Universite de Valenciennes et du Hainaut-Cambresis,France,FRA,Valenciennes,1829,true,true,Best Global Universities,23.8,,https://www.usnews.com/education/best-global-universities/universite-de-valenciennes-et-du-hainaut-cambresis-529196,
529126,Jikei University,Japan,JPN,Tokyo,1835,true,true,Best Global Universities,23.7,,https://www.usnews.com/education/best-global-universities/jikei-university-529126,
530055,Kharazmi University,Iran,IRN,Tehran,1835,true,true,Best Global Universities,23.7,,https://www.usnews.com/education/best-global-universities/kharazmi-university-530055,
529726,Necmettin Erbakan University,Türkiye,TUR,Meram,1835,true,true,Best Global Universities,23.7,,https://www.usnews.com/education/best-global-universities/necmettin-erbakan-university-529726,
529737,University of Agriculture in Krakow,Poland,POL,Krakow,1835,true,true,Best Global Universities,23.7,,https://www.usnews.com/education/best-global-universities/university-of-agriculture-in-krakow-529737,
530608,University of Dar es Salaam,Tanzania,TZA,Dar es Salaam,1835,true,true,Best Global Universities,23.7,,https://www.usnews.com/education/best-global-universities/university-of-dar-es-salaam-530608,
529472,University of Mazandaran,Iran,IRN,Babolsar,1835,true,true,Best Global Universities,23.7,,https://www.usnews.com/education/best-global-universities/university-of-mazandaran-529472,
529572,University of Wolverhampton,United Kingdom,GBR,Wolverhampton,1835,true,true,Best Global Universities,23.7,,https://www.usnews.com/education/best-global-universities/university-of-wolverhampton-529572,
529451,Istanbul Aydin University,Türkiye,TUR,Sefakoy-Kucukcekmece,1842,true,true,Best Global Universities,23.6,,https://www.usnews.com/education/best-global-universities/istanbul-aydin-university-529451,
529847,Shenyang University of Technology,China,CHN,Shenyang,1842,true,true,Best Global Universities,23.6,,https://www.usnews.com/education/best-global-universities/shenyang-university-of-technology-529847,
529999,University of Quebec Trois Rivieres,Canada,CAN,Trois-Rivières,1842,true,true,Best Global Universities,23.6,,https://www.usnews.com/education/best-global-universities/university-of-quebec-trois-rivieres-529999,
530264,Wuhan Polytechnic University,China,CHN,Wuhan,1842,true,true,Best Global Universities,23.6,,https://www.usnews.com/education/best-global-universities/wuhan-polytechnic-university-530264,
529614,Lanzhou Jiaotong University,China,CHN,Lanzhou,1846,true,true,Best Global Universities,23.5,,https://www.usnews.com/education/best-global-universities/lanzhou-jiaotong-university-529614,
529981,Lorestan University,Iran,IRN,Khorramabad,1846,true,true,Best Global Universities,23.5,,https://www.usnews.com/education/best-global-universities/lorestan-university-529981,
530297,Maharshi Dayanand University,India,IND,Pitampura,1846,true,true,Best Global Universities,23.5,,https://www.usnews.com/education/best-global-universities/maharshi-dayanand-university-530297,
530585,Pandit Deendayal Energy University,India,IND,Gandhinagar,1846,true,true,Best Global Universities,23.5,,https://www.usnews.com/education/best-global-universities/pandit-deendayal-energy-university-530585,
529465,Shahrood University of Technology,Iran,IRN,Shahrood,1846,true,true,Best Global Universities,23.5,,https://www.usnews.com/education/best-global-universities/shahrood-university-of-technology-529465,
160658,University of Louisiana--Lafayette,United States,USA,Lafayette,1846,true,true,Best Global Universities,23.5,,https://www.usnews.com/education/best-global-universities/university-of-louisiana-lafayette-160658,
529540,University of Yazd,Iran,IRN,Yazd,1846,true,true,Best Global Universities,23.5,,https://www.usnews.com/education/best-global-universities/university-of-yazd-529540,
190044,Clarkson University,United States,USA,Potsdam (U.S.),1853,true,true,Best Global Universities,23.4,,https://www.usnews.com/education/best-global-universities/clarkson-university-190044,
530070,Guangdong Pharmaceutical University,China,CHN,Guangdong Province,1853,true,true,Best Global Universities,23.4,,https://www.usnews.com/education/best-global-universities/guangdong-pharmaceutical-university-530070,
529980,Indian Institute of Technology - Ropar,India,IND,Rupnagar,1853,true,true,Best Global Universities,23.4,,https://www.usnews.com/education/best-global-universities/indian-institute-of-technology-ropar-529980,
530021,Ludong University,China,CHN,Yantai,1853,true,true,Best Global Universities,23.4,,https://www.usnews.com/education/best-global-universities/ludong-university-530021,
530278,Nanjing Audit University,China,CHN,Nanjing,1853,true,true,Best Global Universities,23.4,,https://www.usnews.com/education/best-global-universities/nanjing-audit-university-530278,
529046,National University of Rosario,Argentina,ARG,Santa Fe,1853,true,true,Best Global Universities,23.4,,https://www.usnews.com/education/best-global-universities/national-university-of-rosario-529046,
529439,Poznan University of Life Sciences,Poland,POL,Poznan,1853,true,true,Best Global Universities,23.4,,https://www.usnews.com/education/best-global-universities/poznan-university-of-life-sciences-529439,
529916,Universitat Internacional de Catalunya,Spain,ESP,Barcelona,1853,true,true,Best Global Universities,23.4,5833,https://www.usnews.com/education/best-global-universities/universitat-internacional-de-catalunya-529916,
529042,Yamagata University,Japan,JPN,Yamagata,1853,true,true,Best Global Universities,23.4,8664,https://www.usnews.com/education/best-global-universities/yamagata-university-529042,
529211,Yokohama National University,Japan,JPN,Yokohama,1853,true,true,Best Global Universities,23.4,9476,https://www.usnews.com/education/best-global-universities/yokohama-national-university-529211,
529574,Far Eastern Federal University,Russia,RUS,Vladivostok,1863,true,true,Best Global Universities,23.3,,https://www.usnews.com/education/best-global-universities/far-eastern-federal-university-529574,
530100,Gansu Agricultural University,China,CHN,Lanzhou,1863,true,true,Best Global Universities,23.3,,https://www.usnews.com/education/best-global-universities/gansu-agricultural-university-530100,
529121,Nagoya City University,Japan,JPN,Nagoya,1863,true,true,Best Global Universities,23.3,,https://www.usnews.com/education/best-global-universities/nagoya-city-university-529121,
528867,University of Kaiserslautern,Germany,DEU,Kaiserslautern,1863,true,true,Best Global Universities,23.3,,https://www.usnews.com/education/best-global-universities/university-of-kaiserslautern-528867,
529197,University of Nis,Serbia,SRB,Nis,1863,true,true,Best Global Universities,23.3,23499,https://www.usnews.com/education/best-global-universities/university-of-nis-529197,
530069,Duzce University,Türkiye,TUR,Yörük,1868,true,true,Best Global Universities,23.2,,https://www.usnews.com/education/best-global-universities/duzce-university-530069,
530622,L.N. Gumilyov Eurasian National University,Kazakhstan,KAZ,Astana,1868,true,true,Best Global Universities,23.2,23205,https://www.usnews.com/education/best-global-universities/ln-gumilyov-eurasian-national-university-530622,
530310,University of West Attica,Greece,GRC,Egaleo,1868,true,true,Best Global Universities,23.2,,https://www.usnews.com/education/best-global-universities/university-of-west-attica-530310,
529239,Maria Curie-Sklodowska University,Poland,POL,Lublin,1871,true,true,Best Global Universities,23.1,,https://www.usnews.com/education/best-global-universities/maria-curie-sklodowska-university-529239,
529013,National Taiwan Ocean University,Taiwan,TWN,Keelung City,1871,true,true,Best Global Universities,23.1,9110,https://www.usnews.com/education/best-global-universities/national-taiwan-ocean-university-529013,
530306,San Pablo CEU University,Spain,ESP,Madrid,1871,true,true,Best Global Universities,23.1,,https://www.usnews.com/education/best-global-universities/san-pablo-ceu-university-530306,
529281,Southern Federal University,Russia,RUS,Rostov-on-Don,1871,true,true,Best Global Universities,23.1,,https://www.usnews.com/education/best-global-universities/southern-federal-university-529281,
229337,Texas Tech University Health Sciences Center,United States,USA,Lubbock,1871,true,true,Best Global Universities,23.1,,https://www.usnews.com/education/best-global-universities/texas-tech-university-health-sciences-center-229337,
530781,Universite Abou Bekr Belkaid,Algeria,DZA,Tlemcen,1871,true,true,Best Global Universities,23.1,,https://www.usnews.com/education/best-global-universities/universite-abou-bekr-belkaid-530781,
528946,Universite de Haute-Alsace (UHA),France,FRA,Mulhouse,1871,true,true,Best Global Universities,23.1,,https://www.usnews.com/education/best-global-universities/universite-de-haute-alsace-uha-528946,
530089,Hainan Medical University,China,CHN,Haikou,1878,true,true,Best Global Universities,23,,https://www.usnews.com/education/best-global-universities/hainan-medical-university-530089,
530323,Koneru Lakshmaiah Education Foundation (K L Deemed to be University),India,IND,Vaddeswaram,1878,true,true,Best Global Universities,23,,https://www.usnews.com/education/best-global-universities/koneru-lakshmaiah-education-foundation-k-l-deemed-to-be-university-530323,
530118,Liaoning Normal University,China,CHN,Dalian,1878,true,true,Best Global Universities,23,,https://www.usnews.com/education/best-global-universities/liaoning-normal-university-530118,
529849,Shenyang Aerospace University,China,CHN,Shenyang,1878,true,true,Best Global Universities,23,,https://www.usnews.com/education/best-global-universities/shenyang-aerospace-university-529849,
529047,Tokyo Women's Medical University,Japan,JPN,Tokyo,1878,true,true,Best Global Universities,23,,https://www.usnews.com/education/best-global-universities/tokyo-womens-medical-university-529047,
529975,Xinyang Normal University,China,CHN,Xinyang,1878,true,true,Best Global Universities,23,,https://www.usnews.com/education/best-global-universities/xinyang-normal-university-529975,
529824,North China University of Water Resources and Electric Power,China,CHN,Zhengzhou,1884,true,true,Best Global Universities,22.9,,https://www.usnews.com/education/best-global-universities/north-china-university-of-water-resources-and-electric-power-529824,
529232,Saga University,Japan,JPN,Saga,1884,true,true,Best Global Universities,22.9,,https://www.usnews.com/education/best-global-universities/saga-university-529232,
529977,Southwest Minzu University,China,CHN,Chengdu,1884,true,true,Best Global Universities,22.9,,https://www.usnews.com/education/best-global-universities/southwest-minzu-university-529977,
529672,Universidade Federal do Rio Grande,Brazil,BRA,Rio Grande,1884,true,true,Best Global Universities,22.9,,https://www.usnews.com/education/best-global-universities/universidade-federal-do-rio-grande-529672,
529934,Dow University of Health Sciences,Pakistan,PAK,Karachi,1888,true,true,Best Global Universities,22.8,,https://www.usnews.com/education/best-global-universities/dow-university-of-health-sciences-529934,
529277,Kocaeli University,Türkiye,TUR,Umuttepe Yerleskesi,1888,true,true,Best Global Universities,22.8,41053,https://www.usnews.com/education/best-global-universities/kocaeli-university-529277,
529122,Kurume University,Japan,JPN,Kurume,1888,true,true,Best Global Universities,22.8,,https://www.usnews.com/education/best-global-universities/kurume-university-529122,
529469,Tshwane University of Technology,South Africa,ZAF,Pretoria,1888,true,true,Best Global Universities,22.8,,https://www.usnews.com/education/best-global-universities/tshwane-university-of-technology-529469,
529066,"University of Chemistry and Technology, Prague",Czech Republic,CZE,Prague,1888,true,true,Best Global Universities,22.8,,https://www.usnews.com/education/best-global-universities/university-of-chemistry-and-technology-prague-529066,
529263,Hirosaki University,Japan,JPN,Hirosaki,1893,true,true,Best Global Universities,22.7,,https://www.usnews.com/education/best-global-universities/hirosaki-university-529263,
529770,National Institute of Technology Warangal,India,IND,Warangal,1893,true,true,Best Global Universities,22.7,,https://www.usnews.com/education/best-global-universities/national-institute-of-technology-warangal-529770,
530255,Otto Friedrich University Bamberg,Germany,DEU,Bamberg,1893,true,true,Best Global Universities,22.7,,https://www.usnews.com/education/best-global-universities/otto-friedrich-university-bamberg-530255,
530265,University of Oradea,Romania,ROU,Romania,1893,true,true,Best Global Universities,22.7,,https://www.usnews.com/education/best-global-universities/university-of-oradea-530265,
529649,Gauhati University,India,IND,Guwahai,1897,true,true,Best Global Universities,22.6,,https://www.usnews.com/education/best-global-universities/gauhati-university-529649,
530782,Hafr Albatin University,Saudi Arabia,SAU,Hafar Al Batin,1897,true,true,Best Global Universities,22.6,,https://www.usnews.com/education/best-global-universities/hafr-albatin-university-530782,
529631,Medical University of Bialystok,Poland,POL,Bialystok,1897,true,true,Best Global Universities,22.6,,https://www.usnews.com/education/best-global-universities/medical-university-of-bialystok-529631,
529894,Ming Chi University of Technology,Taiwan,TWN,New Taipei City,1897,true,true,Best Global Universities,22.6,,https://www.usnews.com/education/best-global-universities/ming-chi-university-of-technology-529894,
529514,Savitribai Phule Pune University,India,IND,Pune,1897,true,true,Best Global Universities,22.6,,https://www.usnews.com/education/best-global-universities/savitribai-phule-pune-university-529514,
529081,Dankook University,South Korea,KOR,Yongin,1902,true,true,Best Global Universities,22.5,,https://www.usnews.com/education/best-global-universities/dankook-university-529081,
529523,"Shanmugha Arts, Science, Technology and Research Academy",India,IND,Thanjavur,1902,true,true,Best Global Universities,22.5,,https://www.usnews.com/education/best-global-universities/shanmugha-arts-science-technology-and-research-academy-529523,
219471,University of South Dakota,United States,USA,Vermillion,1902,true,true,Best Global Universities,22.5,,https://www.usnews.com/education/best-global-universities/university-of-south-dakota-219471,
529714,"University of Veterinary Medicine Hannover, Foundation",Germany,DEU,Hannover,1902,true,true,Best Global Universities,22.5,,https://www.usnews.com/education/best-global-universities/university-of-veterinary-medicine-hannover-foundation-529714,
529957,China West Normal University,China,CHN,Nanchong,1906,true,true,Best Global Universities,22.4,,https://www.usnews.com/education/best-global-universities/china-west-normal-university-529957,
228875,Texas Christian University,United States,USA,Fort Worth,1906,true,true,Best Global Universities,22.4,12673,https://www.usnews.com/education/best-global-universities/texas-christian-university-228875,
529579,University of JJ Strossmayer Osijek,Croatia,HRV,Osijek,1906,true,true,Best Global Universities,22.4,,https://www.usnews.com/education/best-global-universities/university-of-jj-strossmayer-osijek-529579,
530066,University of Montenegro,Montenegro,MNE,Podgorica,1906,true,true,Best Global Universities,22.4,,https://www.usnews.com/education/best-global-universities/university-of-montenegro-530066,
529725,VetAgro Sup,France,FRA,Marcy-l'Etoile,1906,true,true,Best Global Universities,22.4,,https://www.usnews.com/education/best-global-universities/vetagro-sup-529725,
529258,Fu Jen Catholic University,Taiwan,TWN,Taipei,1911,true,true,Best Global Universities,22.3,,https://www.usnews.com/education/best-global-universities/fu-jen-catholic-university-529258,
530141,Recep Tayyip Erdogan University,Türkiye,TUR,Merkez,1911,true,true,Best Global Universities,22.3,,https://www.usnews.com/education/best-global-universities/recep-tayyip-erdogan-university-530141,
529840,Universita Mediterranea di Reggio Calabria,Italy,ITA,Reggio Calabria,1911,true,true,Best Global Universities,22.3,,https://www.usnews.com/education/best-global-universities/universita-mediterranea-di-reggio-calabria-529840,
530783,Almaarefa University,Saudi Arabia,SAU,Riyadh,1914,true,true,Best Global Universities,22.2,,https://www.usnews.com/education/best-global-universities/almaarefa-university-530783,
529718,CY Cergy Paris Université,France,FRA,Cergy-Pontoise,1914,true,true,Best Global Universities,22.2,,https://www.usnews.com/education/best-global-universities/cy-cergy-paris-universite-529718,
529353,Ecole Nationale Veterinaire d'Alfort,France,FRA,Maisons-Alfort,1914,true,true,Best Global Universities,22.2,,https://www.usnews.com/education/best-global-universities/ecole-nationale-veterinaire-dalfort-529353,
529259,Fukuoka University,Japan,JPN,Fukuoka,1914,true,true,Best Global Universities,22.2,,https://www.usnews.com/education/best-global-universities/fukuoka-university-529259,
530589,Nanchang Institute Technology,China,CHN,Nanchang,1914,true,true,Best Global Universities,22.2,,https://www.usnews.com/education/best-global-universities/nanchang-institute-technology-530589,
529074,University of Leoben,Austria,AUT,Leoben,1914,true,true,Best Global Universities,22.2,,https://www.usnews.com/education/best-global-universities/university-of-leoben-529074,
530052,University Zanjan,Iran,IRN,Zanjan,1914,true,true,Best Global Universities,22.2,,https://www.usnews.com/education/best-global-universities/university-zanjan-530052,
530274,Vytautas Magnus University,Lithuania,LTU,Kauno m. sav.,1914,true,true,Best Global Universities,22.2,,https://www.usnews.com/education/best-global-universities/vytautas-magnus-university-530274,
530592,GIK Institute Engineering Science & Technology,Pakistan,PAK,Topi,1922,true,true,Best Global Universities,22.1,,https://www.usnews.com/education/best-global-universities/gik-institute-engineering-science-technology-530592,
530058,Harran University,Türkiye,TUR,Şanlıurfa,1922,true,true,Best Global Universities,22.1,,https://www.usnews.com/education/best-global-universities/harran-university-530058,
529919,Hebei Medical University,China,CHN,Shijiazhuang,1922,true,true,Best Global Universities,22.1,,https://www.usnews.com/education/best-global-universities/hebei-medical-university-529919,
530597,Hubei University of Science & Technology,China,CHN,Xianning,1922,true,true,Best Global Universities,22.1,,https://www.usnews.com/education/best-global-universities/hubei-university-of-science-technology-530597,
529207,Lobachevsky State University Nizhni Novgorod,Russia,RUS,Nizhny Novgorod,1922,true,true,Best Global Universities,22.1,19618,https://www.usnews.com/education/best-global-universities/lobachevsky-state-university-nizhni-novgorod-529207,
529775,National Institute of Technology Silchar,India,IND,Silchar,1922,true,true,Best Global Universities,22.1,,https://www.usnews.com/education/best-global-universities/national-institute-of-technology-silchar-529775,
529438,Punjab Agricultural University,India,IND,Ludhiana,1922,true,true,Best Global Universities,22.1,,https://www.usnews.com/education/best-global-universities/punjab-agricultural-university-529438,
530258,University of Deusto,Spain,ESP,Bilbo Bizkaia,1922,true,true,Best Global Universities,22.1,,https://www.usnews.com/education/best-global-universities/university-of-deusto-530258,
529760,Yunnan Agricultural University,China,CHN,Kunming,1922,true,true,Best Global Universities,22.1,,https://www.usnews.com/education/best-global-universities/yunnan-agricultural-university-529760,
530784,Lucian Blaga University of Sibiu,Romania,ROU,Sibiu,1931,true,true,Best Global Universities,22,13567,https://www.usnews.com/education/best-global-universities/lucian-blaga-university-of-sibiu-530784,
530249,National Institute of Technology Patna,India,IND,Bihar,1931,true,true,Best Global Universities,22,,https://www.usnews.com/education/best-global-universities/national-institute-of-technology-patna-530249,
122931,Santa Clara University,United States,USA,San Jose,1931,true,true,Best Global Universities,22,,https://www.usnews.com/education/best-global-universities/santa-clara-university-122931,
529831,Shahrekord University,Iran,IRN,Shahrekord,1931,true,true,Best Global Universities,22,,https://www.usnews.com/education/best-global-universities/shahrekord-university-529831,
529260,Soongsil University,South Korea,KOR,Seoul,1931,true,true,Best Global Universities,22,,https://www.usnews.com/education/best-global-universities/soongsil-university-529260,
529556,Universidad de La Rioja,Spain,ESP,Logrono,1931,true,true,Best Global Universities,22,,https://www.usnews.com/education/best-global-universities/universidad-de-la-rioja-529556,
529949,Zhejiang Chinese Medical University,China,CHN,Hangzhou,1931,true,true,Best Global Universities,22,,https://www.usnews.com/education/best-global-universities/zhejiang-chinese-medical-university-529949,
501383,Jean Monnet University,France,FRA,Saint-Etienne,1938,true,true,Best Global Universities,21.9,,https://www.usnews.com/education/best-global-universities/jean-monnet-university-501383,
529305,Medical University of Lublin,Poland,POL,Lublin,1938,true,true,Best Global Universities,21.9,6924,https://www.usnews.com/education/best-global-universities/medical-university-of-lublin-529305,
529217,National University of Mar del Plata,Argentina,ARG,Buenos Aires,1938,true,true,Best Global Universities,21.9,,https://www.usnews.com/education/best-global-universities/national-university-of-mar-del-plata-529217,
529605,Northwest Normal University - China,China,CHN,Lanzhou,1938,true,true,Best Global Universities,21.9,,https://www.usnews.com/education/best-global-universities/northwest-normal-university-china-529605,
530439,Shaanxi University of Technology,China,CHN,Hantai District,1938,true,true,Best Global Universities,21.9,,https://www.usnews.com/education/best-global-universities/shaanxi-university-of-technology-530439,
529115,Universidade Estadual de Londrina,Brazil,BRA,Londrina,1938,true,true,Best Global Universities,21.9,,https://www.usnews.com/education/best-global-universities/universidade-estadual-de-londrina-529115,
529344,University of Technology of Compiegne,France,FRA,Compiegne,1938,true,true,Best Global Universities,21.9,,https://www.usnews.com/education/best-global-universities/university-of-technology-of-compiegne-529344,
530591,Christ University,India,IND,Bengaluru,1945,true,true,Best Global Universities,21.8,,https://www.usnews.com/education/best-global-universities/christ-university-530591,
530785,NITTE (Deemed to be University),India,IND,Mangaluru,1945,true,true,Best Global Universities,21.8,,https://www.usnews.com/education/best-global-universities/nitte-deemed-to-be-university-530785,
529459,Semnan University,Iran,IRN,Semnan,1945,true,true,Best Global Universities,21.8,,https://www.usnews.com/education/best-global-universities/semnan-university-529459,
529447,Visva Bharati University,India,IND,Santiniketan,1945,true,true,Best Global Universities,21.8,,https://www.usnews.com/education/best-global-universities/visva-bharati-university-529447,
529948,Xinxiang Medical University,China,CHN,Xinxiang,1945,true,true,Best Global Universities,21.8,,https://www.usnews.com/education/best-global-universities/xinxiang-medical-university-529948,
529979,Sichuan University of Science and Engineering,China,CHN,Zigong,1950,true,true,Best Global Universities,21.7,,https://www.usnews.com/education/best-global-universities/sichuan-university-of-science-and-engineering-529979,
529347,Technische Universitat Ilmenau,Germany,DEU,Ilmenau,1950,true,true,Best Global Universities,21.7,,https://www.usnews.com/education/best-global-universities/technische-universitat-ilmenau-529347,
529265,Toho University,Japan,JPN,Tokyo,1950,true,true,Best Global Universities,21.7,,https://www.usnews.com/education/best-global-universities/toho-university-529265,
530287,University of Allahabad,India,IND,Prayagraj,1950,true,true,Best Global Universities,21.7,,https://www.usnews.com/education/best-global-universities/university-of-allahabad-530287,
529820,University of Science and Technology Houari Boumediene,Algeria,DZA,Algiers,1950,true,true,Best Global Universities,21.7,,https://www.usnews.com/education/best-global-universities/university-of-science-and-technology-houari-boumediene-529820,
529871,Birla Institute of Technology Mesra,India,IND,Ranchi,1955,true,true,Best Global Universities,21.6,,https://www.usnews.com/education/best-global-universities/birla-institute-of-technology-mesra-529871,
530073,Jianghan University,China,CHN,Wuhan,1955,true,true,Best Global Universities,21.6,,https://www.usnews.com/education/best-global-universities/jianghan-university-530073,
530283,Hubei Normal University,China,CHN,Huangshi,1957,true,true,Best Global Universities,21.5,,https://www.usnews.com/education/best-global-universities/hubei-normal-university-530283,
528942,Mersin University,Türkiye,TUR,Mersin,1957,true,true,Best Global Universities,21.5,,https://www.usnews.com/education/best-global-universities/mersin-university-528942,
530289,SSN College of Engineering,India,IND,Tamil Nadu,1957,true,true,Best Global Universities,21.5,,https://www.usnews.com/education/best-global-universities/ssn-college-of-engineering-530289,
530191,Chaoyang University of Technology,Taiwan,TWN,Taichung City,1960,true,true,Best Global Universities,21.4,12902,https://www.usnews.com/education/best-global-universities/chaoyang-university-of-technology-530191,
529236,Hallym University,South Korea,KOR,Chuncheon,1960,true,true,Best Global Universities,21.4,7594,https://www.usnews.com/education/best-global-universities/hallym-university-529236,
500285,Inje University,South Korea,KOR,Gimhae-si,1960,true,true,Best Global Universities,21.4,,https://www.usnews.com/education/best-global-universities/inje-university-500285,
529536,Keimyung University,South Korea,KOR,Daegu,1960,true,true,Best Global Universities,21.4,,https://www.usnews.com/education/best-global-universities/keimyung-university-529536,
530054,Tokyo University of Marine Science & Technology,Japan,JPN,Minato City,1960,true,true,Best Global Universities,21.4,,https://www.usnews.com/education/best-global-universities/tokyo-university-of-marine-science-technology-530054,
529117,Universidade Estadual de Maringa,Brazil,BRA,Maringa,1960,true,true,Best Global Universities,21.4,22170,https://www.usnews.com/education/best-global-universities/universidade-estadual-de-maringa-529117,
529722,Université Badji Mokhtar--Annaba,Algeria,DZA,Annaba,1960,true,true,Best Global Universities,21.4,,https://www.usnews.com/education/best-global-universities/universite-badji-mokhtar-annaba-529722,
530281,Bozok University,Türkiye,TUR,Yozgat Merkez/Yozgat,1967,true,true,Best Global Universities,21.3,,https://www.usnews.com/education/best-global-universities/bozok-university-530281,
529127,Jichi Medical University,Japan,JPN,Shimotsuke,1967,true,true,Best Global Universities,21.3,,https://www.usnews.com/education/best-global-universities/jichi-medical-university-529127,
530293,Periyar University,India,IND,Mayur Vihar,1967,true,true,Best Global Universities,21.3,,https://www.usnews.com/education/best-global-universities/periyar-university-530293,
530099,Siksha 'O' Anusandhan University,India,IND,Bhubaneswar,1967,true,true,Best Global Universities,21.3,,https://www.usnews.com/education/best-global-universities/siksha-o-anusandhan-university-530099,
530590,Universidad Francisco de Vitoria,Spain,ESP,Pozuelo de Alarcón,1967,true,true,Best Global Universities,21.3,,https://www.usnews.com/education/best-global-universities/universidad-francisco-de-vitoria-530590,
529767,Université de Technologie de Belfort-Montbéliard (UTBM),France,FRA,Belfort,1967,true,true,Best Global Universities,21.3,,https://www.usnews.com/education/best-global-universities/universite-de-technologie-de-belfort-montbeliard-utbm-529767,
530084,University of Kashmir,India,IND,Srinagar,1967,true,true,Best Global Universities,21.3,,https://www.usnews.com/education/best-global-universities/university-of-kashmir-530084,
176372,University of Southern Mississippi,United States,USA,Hattiesburg,1967,true,true,Best Global Universities,21.3,,https://www.usnews.com/education/best-global-universities/university-of-southern-mississippi-176372,
530425,Gannan Normal University,China,CHN,Ganzhou,1975,true,true,Best Global Universities,21.2,,https://www.usnews.com/education/best-global-universities/gannan-normal-university-530425,
504586,Gunma University,Japan,JPN,Maebashi,1975,true,true,Best Global Universities,21.2,,https://www.usnews.com/education/best-global-universities/gunma-university-504586,
529937,Louisiana State University Health Sciences Center--Shreveport,United States,USA,Shreveport,1975,true,true,Best Global Universities,21.2,,https://www.usnews.com/education/best-global-universities/louisiana-state-university-health-sciences-center-shreveport-529937,
529900,University of Science and Technology Liaoning,China,CHN,Anshan,1975,true,true,Best Global Universities,21.2,,https://www.usnews.com/education/best-global-universities/university-of-science-and-technology-liaoning-529900,
529558,Wrocław University of Environmental and Life Sciences,Poland,POL,Wroclaw,1975,true,true,Best Global Universities,21.2,6314,https://www.usnews.com/education/best-global-universities/wroclaw-university-of-environmental-and-life-sciences-529558,
530085,Chengdu University of Information Technology,China,CHN,Chengdu,1980,true,true,Best Global Universities,21.1,,https://www.usnews.com/education/best-global-universities/chengdu-university-of-information-technology-530085,
530336,Dalian Minzu University,China,CHN,Dalian,1980,true,true,Best Global Universities,21.1,,https://www.usnews.com/education/best-global-universities/dalian-minzu-university-530336,
530064,Huaiyin Normal University,China,CHN,Huaian,1980,true,true,Best Global Universities,21.1,,https://www.usnews.com/education/best-global-universities/huaiyin-normal-university-530064,
530121,Shanxi Normal University,China,CHN,Xi'an,1980,true,true,Best Global Universities,21.1,,https://www.usnews.com/education/best-global-universities/shanxi-normal-university-530121,
529594,Universidad Autonoma de Baja California,Mexico,MEX,Mexicali,1980,true,true,Best Global Universities,21.1,,https://www.usnews.com/education/best-global-universities/universidad-autonoma-de-baja-california-529594,
529193,Universidad de Huelva,Spain,ESP,Huelva,1980,true,true,Best Global Universities,21.1,,https://www.usnews.com/education/best-global-universities/universidad-de-huelva-529193,
529468,Universidade Federal de Mato Grosso,Brazil,BRA,Mato Grosso,1980,true,true,Best Global Universities,21.1,,https://www.usnews.com/education/best-global-universities/universidade-federal-de-mato-grosso-529468,
102094,University of South Alabama,United States,USA,Mobile,1980,true,true,Best Global Universities,21.1,,https://www.usnews.com/education/best-global-universities/university-of-south-alabama-102094,
530112,Hebei University of Science & Technology,China,CHN,Shijiazhuang,1988,true,true,Best Global Universities,21,,https://www.usnews.com/education/best-global-universities/hebei-university-of-science-technology-530112,
529518,North China University of Science and Technology,China,CHN,Tangshen,1988,true,true,Best Global Universities,21,,https://www.usnews.com/education/best-global-universities/north-china-university-of-science-and-technology-529518,
529072,Chung Yuan Christian University,Taiwan,TWN,Taoyuan City,1990,true,true,Best Global Universities,20.9,16179,https://www.usnews.com/education/best-global-universities/chung-yuan-christian-university-529072,
530308,Dunarea De Jos University Galati,Romania,ROU,Galați,1990,true,true,Best Global Universities,20.9,13245,https://www.usnews.com/education/best-global-universities/dunarea-de-jos-university-galati-530308,
529790,Sinop University,Türkiye,TUR,Sinop,1990,true,true,Best Global Universities,20.9,,https://www.usnews.com/education/best-global-universities/sinop-university-529790,
529577,University of Molise,Italy,ITA,Campobasso,1990,true,true,Best Global Universities,20.9,,https://www.usnews.com/education/best-global-universities/university-of-molise-529577,
530312,Changshu Institute of Technology,China,CHN,Jiangsu,1994,true,true,Best Global Universities,20.8,,https://www.usnews.com/education/best-global-universities/changshu-institute-of-technology-530312,
530091,Cumhuriyet University,Türkiye,TUR,Merkez,1994,true,true,Best Global Universities,20.8,,https://www.usnews.com/education/best-global-universities/cumhuriyet-university-530091,
530321,Jiangsu Ocean University,China,CHN,Lianyungang,1994,true,true,Best Global Universities,20.8,,https://www.usnews.com/education/best-global-universities/jiangsu-ocean-university-530321,
529964,Luoyang Normal University,China,CHN,Luoyang,1994,true,true,Best Global Universities,20.8,,https://www.usnews.com/education/best-global-universities/luoyang-normal-university-529964,
530786,Shahid Sadoughi University of Medical Sciences,Iran,IRN,Yazd,1994,true,true,Best Global Universities,20.8,,https://www.usnews.com/education/best-global-universities/shahid-sadoughi-university-of-medical-sciences-530786,
530106,Shandong University of Traditional Chinese Medicine,China,CHN,Jinan,1994,true,true,Best Global Universities,20.8,,https://www.usnews.com/education/best-global-universities/shandong-university-of-traditional-chinese-medicine-530106,
529906,Universidad Catolica de Murcia,Spain,ESP,Murcia,1994,true,true,Best Global Universities,20.8,15329,https://www.usnews.com/education/best-global-universities/universidad-catolica-de-murcia-529906,
530156,Xi'an Polytechnic University,China,CHN,Xi'an,1994,true,true,Best Global Universities,20.8,,https://www.usnews.com/education/best-global-universities/xian-polytechnic-university-530156,
528972,Gaziantep University,Türkiye,TUR,Gaziantep,2002,true,true,Best Global Universities,20.6,,https://www.usnews.com/education/best-global-universities/gaziantep-university-528972,
530107,Henan Institute of Science & Technology,China,CHN,"Xinxiang,",2002,true,true,Best Global Universities,20.6,,https://www.usnews.com/education/best-global-universities/henan-institute-of-science-technology-530107,
529083,Nagoya Institute of Technology,Japan,JPN,Nagoya,2002,true,true,Best Global Universities,20.6,,https://www.usnews.com/education/best-global-universities/nagoya-institute-of-technology-529083,
529119,Nippon Medical School,Japan,JPN,Tokyo,2002,true,true,Best Global Universities,20.6,,https://www.usnews.com/education/best-global-universities/nippon-medical-school-529119,
530067,University of Bergamo,Italy,ITA,Bergamo,2002,true,true,Best Global Universities,20.6,,https://www.usnews.com/education/best-global-universities/university-of-bergamo-530067,
530002,Claremont Graduate University,United States,USA,Claremont,2007,true,true,Best Global Universities,20.5,,https://www.usnews.com/education/best-global-universities/claremont-graduate-university-530002,
530096,Edge Hill University,United Kingdom,GBR,Ormskirk,2007,true,true,Best Global Universities,20.5,,https://www.usnews.com/education/best-global-universities/edge-hill-university-530096,
529801,Liaoning University of Technology,China,CHN,Jinzhou,2007,true,true,Best Global Universities,20.5,,https://www.usnews.com/education/best-global-universities/liaoning-university-of-technology-529801,
530077,Qinghai University,China,CHN,Qinghai,2007,true,true,Best Global Universities,20.5,,https://www.usnews.com/education/best-global-universities/qinghai-university-530077,
529293,Eskisehir Osmangazi University,Türkiye,TUR,Meselik Yerleskesi,2011,true,true,Best Global Universities,20.4,29081,https://www.usnews.com/education/best-global-universities/eskisehir-osmangazi-university-529293,
529628,Mid-Sweden University,Sweden,SWE,Sundsvall,2011,true,true,Best Global Universities,20.4,,https://www.usnews.com/education/best-global-universities/mid-sweden-university-529628,
529502,Pondicherry University,India,IND,Puducherry,2011,true,true,Best Global Universities,20.4,,https://www.usnews.com/education/best-global-universities/pondicherry-university-529502,
529255,Annamalai University,India,IND,Annamalai nagar,2014,true,true,Best Global Universities,20.3,,https://www.usnews.com/education/best-global-universities/annamalai-university-529255,
220075,East Tennessee State University,United States,USA,Johnson City,2014,true,true,Best Global Universities,20.3,,https://www.usnews.com/education/best-global-universities/east-tennessee-state-university-220075,
529138,National Chengchi University,Taiwan,TWN,Taipei City,2014,true,true,Best Global Universities,20.3,,https://www.usnews.com/education/best-global-universities/national-chengchi-university-529138,
529832,Shandong Jianzhu University,China,CHN,Jinan,2014,true,true,Best Global Universities,20.3,,https://www.usnews.com/education/best-global-universities/shandong-jianzhu-university-529832,
530595,Walailak University,Thailand,THA,Nakhon Si Thammarat,2014,true,true,Best Global Universities,20.3,,https://www.usnews.com/education/best-global-universities/walailak-university-530595,
530588,University of Colorado at Colorado Springs,United States,USA,Colorado Springs,2019,true,true,Best Global Universities,20.2,,https://www.usnews.com/education/best-global-universities/university-of-colorado-at-colorado-springs-530588,
529547,"Victor Babes University of Medicine and Pharmacy, Timisoara",Romania,ROU,Timisoara,2019,true,true,Best Global Universities,20.2,,https://www.usnews.com/education/best-global-universities/victor-babes-university-of-medicine-and-pharmacy-timisoara-529547,
529077,Nagaoka University of Technology,Japan,JPN,Nagaoka,2021,true,true,Best Global Universities,20.1,,https://www.usnews.com/education/best-global-universities/nagaoka-university-of-technology-529077,
530194,Tomas Bata University Zlin,Czech Republic,CZE,Zlín,2021,true,true,Best Global Universities,20.1,,https://www.usnews.com/education/best-global-universities/tomas-bata-university-zlin-530194,
199218,University of North Carolina--Wilmington,United States,USA,Wilmington,2021,true,true,Best Global Universities,20.1,,https://www.usnews.com/education/best-global-universities/university-of-north-carolina-wilmington-199218,
243203,University of Puerto Rico--Medical Sciences Campus,United States,USA,San Juan,2021,true,true,Best Global Universities,20.1,,https://www.usnews.com/education/best-global-universities/university-of-puerto-rico-medical-sciences-campus-243203,
529413,Institute of Chemical Technology - Mumbai,India,IND,Mumbai,2025,true,true,Best Global Universities,20,,https://www.usnews.com/education/best-global-universities/institute-of-chemical-technology-mumbai-529413,
529716,Institut National des Sciences Appliquées de Toulouse,France,FRA,Toulouse,2025,true,true,Best Global Universities,20,,https://www.usnews.com/education/best-global-universities/institut-national-des-sciences-appliquees-de-toulouse-529716,
529192,National Chung Cheng University,Taiwan,TWN,Min-Hsiung,2025,true,true,Best Global Universities,20,9900,https://www.usnews.com/education/best-global-universities/national-chung-cheng-university-529192,
529476,Pochon Cha University,South Korea,KOR,Pocheon,2025,true,true,Best Global Universities,20,,https://www.usnews.com/education/best-global-universities/pochon-cha-university-529476,
530110,Tianjin University of Traditional Chinese Medicine,China,CHN,Tianjin,2025,true,true,Best Global Universities,20,,https://www.usnews.com/education/best-global-universities/tianjin-university-of-traditional-chinese-medicine-530110,
529590,Universidade Tecnologica Federal do Parana,Brazil,BRA,Curitiba,2025,true,true,Best Global Universities,20,,https://www.usnews.com/education/best-global-universities/universidade-tecnologica-federal-do-parana-529590,
530594,Universite de Dschang,Cameroon,CMR,Dschang,2025,true,true,Best Global Universities,20,,https://www.usnews.com/education/best-global-universities/universite-de-dschang-530594,
507428,Islamic University College,Iraq,IRQ,Najaf,2032,true,true,Best Global Universities,19.9,,https://www.usnews.com/education/best-global-universities/islamic-university-college-507428,
530018,Universidad de Burgos,Spain,ESP,Burgos,2032,true,true,Best Global Universities,19.9,,https://www.usnews.com/education/best-global-universities/universidad-de-burgos-530018,
529560,University of Rzeszow,Poland,POL,Rzeszow,2032,true,true,Best Global Universities,19.9,,https://www.usnews.com/education/best-global-universities/university-of-rzeszow-529560,
529930,Xinjiang Medical University,China,CHN,Ürümqi,2032,true,true,Best Global Universities,19.9,,https://www.usnews.com/education/best-global-universities/xinjiang-medical-university-529930,
530787,Brawijaya University,Indonesia,IDN,Malang,2036,true,true,Best Global Universities,19.8,47186,https://www.usnews.com/education/best-global-universities/brawijaya-university-530787,
530668,National Institute of Technology Jamshedpur,India,IND,Jamshedpur,2036,true,true,Best Global Universities,19.8,,https://www.usnews.com/education/best-global-universities/national-institute-of-technology-jamshedpur-530668,
530433,Ningbo University of Technology,China,CHN,Ningbo,2036,true,true,Best Global Universities,19.8,,https://www.usnews.com/education/best-global-universities/ningbo-university-of-technology-530433,
499979,Trent University,Canada,CAN,Peterborough,2036,true,true,Best Global Universities,19.8,,https://www.usnews.com/education/best-global-universities/trent-university-499979,
528932,Universidad Autonoma de San Luis Potosi,Mexico,MEX,Mexico City,2036,true,true,Best Global Universities,19.8,,https://www.usnews.com/education/best-global-universities/universidad-autonoma-de-san-luis-potosi-528932,
529317,Kafkas University,Türkiye,TUR,Merkez,2041,true,true,Best Global Universities,19.7,,https://www.usnews.com/education/best-global-universities/kafkas-university-529317,
530304,Kalasalingam Academy of Research & Education,India,IND,Krishnankoil Srivilliputhur,2041,true,true,Best Global Universities,19.7,,https://www.usnews.com/education/best-global-universities/kalasalingam-academy-of-research-education-530304,
530593,Lusofona University,Portugal,PRT,Lisbon,2041,true,true,Best Global Universities,19.7,,https://www.usnews.com/education/best-global-universities/lusofona-university-530593,
529464,Polytechnic University of Timisoara,Romania,ROU,Timisoara,2041,true,true,Best Global Universities,19.7,12676,https://www.usnews.com/education/best-global-universities/polytechnic-university-of-timisoara-529464,
529624,Wakayama Medical University,Japan,JPN,Wakayama,2041,true,true,Best Global Universities,19.7,,https://www.usnews.com/education/best-global-universities/wakayama-medical-university-529624,
529817,Xiamen University of Technology,China,CHN,Xiamen,2041,true,true,Best Global Universities,19.7,,https://www.usnews.com/education/best-global-universities/xiamen-university-of-technology-529817,
530104,Zunyi Medical University,China,CHN,"Zunyi, Guizhou",2041,true,true,Best Global Universities,19.7,,https://www.usnews.com/education/best-global-universities/zunyi-medical-university-530104,
505240,Kitasato University,Japan,JPN,Tokyo,2048,true,true,Best Global Universities,19.6,,https://www.usnews.com/education/best-global-universities/kitasato-university-505240,
530127,Sathyabama Institute of Science & Technology,India,IND,Chennai,2048,true,true,Best Global Universities,19.6,,https://www.usnews.com/education/best-global-universities/sathyabama-institute-of-science-technology-530127,
529073,Shivaji University,India,IND,Kolhapur,2048,true,true,Best Global Universities,19.6,,https://www.usnews.com/education/best-global-universities/shivaji-university-529073,
529899,Technical University Liberec,Czech Republic,CZE,Liberec 1,2048,true,true,Best Global Universities,19.6,,https://www.usnews.com/education/best-global-universities/technical-university-liberec-529899,
529322,Universidade Federal de Sao Joao del-Rei,Brazil,BRA,Sao Joao del-Rei,2048,true,true,Best Global Universities,19.6,,https://www.usnews.com/education/best-global-universities/universidade-federal-de-sao-joao-del-rei-529322,
529511,Yanbian University,China,CHN,Yanji,2048,true,true,Best Global Universities,19.6,,https://www.usnews.com/education/best-global-universities/yanbian-university-529511,
530332,Dali University,China,CHN,Dali,2054,true,true,Best Global Universities,19.5,,https://www.usnews.com/education/best-global-universities/dali-university-530332,
529295,Shimane University,Japan,JPN,Matsue,2054,true,true,Best Global Universities,19.5,,https://www.usnews.com/education/best-global-universities/shimane-university-529295,
529897,Chongqing University of Arts and Sciences,China,CHN,Yongchuan,2056,true,true,Best Global Universities,19.4,,https://www.usnews.com/education/best-global-universities/chongqing-university-of-arts-and-sciences-529897,
529249,Chosun University,South Korea,KOR,Gwangju,2056,true,true,Best Global Universities,19.4,,https://www.usnews.com/education/best-global-universities/chosun-university-529249,
212106,Duquesne University,United States,USA,Pittsburgh,2056,true,true,Best Global Universities,19.4,,https://www.usnews.com/education/best-global-universities/duquesne-university-212106,
529318,Erzincan Binali Yildirim University,Türkiye,TUR,Erzincan merkez,2056,true,true,Best Global Universities,19.4,,https://www.usnews.com/education/best-global-universities/erzincan-binali-yildirim-university-529318,
529287,Feng Chia University,Taiwan,TWN,Taichung,2056,true,true,Best Global Universities,19.4,20140,https://www.usnews.com/education/best-global-universities/feng-chia-university-529287,
530138,Guizhou Normal University,China,CHN,Guiyang,2056,true,true,Best Global Universities,19.4,,https://www.usnews.com/education/best-global-universities/guizhou-normal-university-530138,
529884,Jilin Normal University,China,CHN,Siping,2056,true,true,Best Global Universities,19.4,,https://www.usnews.com/education/best-global-universities/jilin-normal-university-529884,
530322,Kastamonu University,Türkiye,TUR,Kastamonu,2056,true,true,Best Global Universities,19.4,,https://www.usnews.com/education/best-global-universities/kastamonu-university-530322,
530082,Universidade Federal do Maranhao,Brazil,BRA,São Luís,2056,true,true,Best Global Universities,19.4,,https://www.usnews.com/education/best-global-universities/universidade-federal-do-maranhao-530082,
529608,Universidad Nacional del Comahue,Argentina,ARG,Neuquen,2056,true,true,Best Global Universities,19.4,,https://www.usnews.com/education/best-global-universities/universidad-nacional-del-comahue-529608,
530788,Universite de Bejaia,Algeria,DZA,Bejaia,2056,true,true,Best Global Universities,19.4,,https://www.usnews.com/education/best-global-universities/universite-de-bejaia-530788,
529773,National Institute of Technology Karnataka,India,IND,Mangalore,2067,true,false,Best Global Universities,19.3,,https://www.usnews.com/education/best-global-universities/national-institute-of-technology-karnataka-529773,
529264,Kookmin University,South Korea,KOR,Seoul,2068,true,true,Best Global Universities,19.2,,https://www.usnews.com/education/best-global-universities/kookmin-university-529264,
529865,Payame Noor University,Iran,IRN,Tehran,2068,true,true,Best Global Universities,19.2,,https://www.usnews.com/education/best-global-universities/payame-noor-university-529865,
530349,Universidad Catolica del Maule,Chile,CHL,Maule,2068,true,true,Best Global Universities,19.2,,https://www.usnews.com/education/best-global-universities/universidad-catolica-del-maule-530349,
530019,Universidad de Sonora,Mexico,MEX,Hermosillo,2068,true,true,Best Global Universities,19.2,,https://www.usnews.com/education/best-global-universities/universidad-de-sonora-530019,
530607,Chouaib Doukkali University of El Jadida,Morocco,MAR,El Jadida,2072,true,true,Best Global Universities,19.1,,https://www.usnews.com/education/best-global-universities/chouaib-doukkali-university-of-el-jadida-530607,
529114,Instituto Politecnico de Braganca,Portugal,PRT,Braganca,2072,true,true,Best Global Universities,19.1,,https://www.usnews.com/education/best-global-universities/instituto-politecnico-de-braganca-529114,
529941,Ningxia Medical University,China,CHN,Yinchuan,2072,true,true,Best Global Universities,19.1,,https://www.usnews.com/education/best-global-universities/ningxia-medical-university-529941,
530302,Universidad del Bio-Bio,Chile,CHL,Bio Bio,2072,true,true,Best Global Universities,19.1,,https://www.usnews.com/education/best-global-universities/universidad-del-bio-bio-530302,
529928,Acibadem University,Türkiye,TUR,Istanbul,2076,true,true,Best Global Universities,19,5154,https://www.usnews.com/education/best-global-universities/acibadem-university-529928,
529856,Civil Aviation University of China,China,CHN,Tianjin,2076,true,true,Best Global Universities,19,,https://www.usnews.com/education/best-global-universities/civil-aviation-university-of-china-529856,
202134,Cleveland State University,United States,USA,Cleveland,2076,true,true,Best Global Universities,19,,https://www.usnews.com/education/best-global-universities/cleveland-state-university-202134,
529872,Kunsan National University,South Korea,KOR,Gunsan,2076,true,true,Best Global Universities,19,,https://www.usnews.com/education/best-global-universities/kunsan-national-university-529872,
530601,Persian Gulf University,Iran,IRN,Bushehr,2076,true,true,Best Global Universities,19,,https://www.usnews.com/education/best-global-universities/persian-gulf-university-530601,
530006,Sookmyung Women's University,South Korea,KOR,Seoul,2076,true,true,Best Global Universities,19,,https://www.usnews.com/education/best-global-universities/sookmyung-womens-university-530006,
499971,University of Prince Edward Island,Canada,CAN,Charlottetown,2076,true,true,Best Global Universities,19,,https://www.usnews.com/education/best-global-universities/university-of-prince-edward-island-499971,
530438,Yancheng Teachers University,China,CHN,Yancheng,2076,true,true,Best Global Universities,19,,https://www.usnews.com/education/best-global-universities/yancheng-teachers-university-530438,
530103,Yildirim Beyazit University,Türkiye,TUR,Ankara,2076,true,true,Best Global Universities,19,24089,https://www.usnews.com/education/best-global-universities/yildirim-beyazit-university-530103,
529625,Hamamatsu University School of Medicine,Japan,JPN,Hamamatsu,2085,true,true,Best Global Universities,18.9,,https://www.usnews.com/education/best-global-universities/hamamatsu-university-school-of-medicine-529625,
529908,Saint Marianna University,Japan,JPN,Kawasaki City,2085,true,true,Best Global Universities,18.9,,https://www.usnews.com/education/best-global-universities/saint-marianna-university-529908,
202480,University of Dayton,United States,USA,Dayton,2085,true,true,Best Global Universities,18.9,,https://www.usnews.com/education/best-global-universities/university-of-dayton-202480,
529319,Adiyaman University,Türkiye,TUR,Adiyaman merkez,2088,true,true,Best Global Universities,18.8,,https://www.usnews.com/education/best-global-universities/adiyaman-university-529319,
530075,Naresuan University,Thailand,THA,Phitsanulok,2088,true,true,Best Global Universities,18.8,,https://www.usnews.com/education/best-global-universities/naresuan-university-530075,
529417,Razi University,Iran,IRN,Taq-e Bostan,2088,true,true,Best Global Universities,18.8,,https://www.usnews.com/education/best-global-universities/razi-university-529417,
530317,Saint Marys University - Canada,Canada,CAN,Nova Scotia,2088,true,true,Best Global Universities,18.8,,https://www.usnews.com/education/best-global-universities/saint-marys-university-canada-530317,
530603,Guangdong Polytechnic Normal University,China,CHN,Tianhe,2092,true,true,Best Global Universities,18.7,,https://www.usnews.com/education/best-global-universities/guangdong-polytechnic-normal-university-530603,
530435,Indian Institute of Science Education & Research (IISER) - Thiruvananthapuram,India,IND,Vithura,2092,true,true,Best Global Universities,18.7,,https://www.usnews.com/education/best-global-universities/indian-institute-of-science-education-research-iiser---thiruvananthapuram-530435,
530358,Xijing University,China,CHN,Xi’an,2092,true,true,Best Global Universities,18.7,,https://www.usnews.com/education/best-global-universities/xijing-university-530358,
529054,Central School of Lyon,France,FRA,Ecully,2095,true,true,Best Global Universities,18.6,,https://www.usnews.com/education/best-global-universities/central-school-of-lyon-529054,
529913,Kansai Medical University,Japan,JPN,Hirakata,2095,true,true,Best Global Universities,18.6,,https://www.usnews.com/education/best-global-universities/kansai-medical-university-529913,
529592,Universidade Federal Rural de Pernambuco (UFRPE),Brazil,BRA,Recife,2095,true,true,Best Global Universities,18.6,,https://www.usnews.com/education/best-global-universities/universidade-federal-rural-de-pernambuco-ufrpe-529592,
530301,University of Primorska,Slovenia,SVN,6000 Koper,2095,true,true,Best Global Universities,18.6,,https://www.usnews.com/education/best-global-universities/university-of-primorska-530301,
530789,Babasaheb Bhimrao Ambedkar University,India,IND,Lucknow,2099,true,true,Best Global Universities,18.5,,https://www.usnews.com/education/best-global-universities/babasaheb-bhimrao-ambedkar-university-530789,
144740,DePaul University,United States,USA,Chicago,2099,true,true,Best Global Universities,18.5,,https://www.usnews.com/education/best-global-universities/depaul-university-144740,
529599,Laurentian University,Canada,CAN,Sudbury,2099,true,true,Best Global Universities,18.5,,https://www.usnews.com/education/best-global-universities/laurentian-university-529599,
530447,Nanning Normal University,China,CHN,Nanning,2099,true,true,Best Global Universities,18.5,,https://www.usnews.com/education/best-global-universities/nanning-normal-university-530447,
530010,Universidade Federal de Amazonas,Brazil,BRA,Manaus,2099,true,true,Best Global Universities,18.5,,https://www.usnews.com/education/best-global-universities/universidade-federal-de-amazonas-530010,
529374,Aichi Medical University,Japan,JPN,Nagakute,2104,true,true,Best Global Universities,18.4,,https://www.usnews.com/education/best-global-universities/aichi-medical-university-529374,
530790,Beijing Sport University,China,CHN,Beijing,2104,true,true,Best Global Universities,18.4,,https://www.usnews.com/education/best-global-universities/beijing-sport-university-530790,
529907,Centre of Postgraduate Medical Education,Poland,POL,Warsaw,2104,true,true,Best Global Universities,18.4,,https://www.usnews.com/education/best-global-universities/centre-of-postgraduate-medical-education-529907,
530314,Gandhi Institute of Technology & Management (GITAM),India,IND,Visakhapatnam,2104,true,true,Best Global Universities,18.4,,https://www.usnews.com/education/best-global-universities/gandhi-institute-of-technology-management-gitam-530314,
530504,Institut Teknologi Sepuluh Nopember,Indonesia,IDN,Surabaya,2104,true,true,Best Global Universities,18.4,,https://www.usnews.com/education/best-global-universities/institut-teknologi-sepuluh-nopember-530504,
530285,Universidad Catolica de la Santisima Concepcion,Chile,CHL,Concepcion,2104,true,true,Best Global Universities,18.4,,https://www.usnews.com/education/best-global-universities/universidad-catolica-de-la-santisima-concepcion-530285,
529018,Universite Perpignan Via Domitia,France,FRA,Perpignan,2104,true,true,Best Global Universities,18.4,,https://www.usnews.com/education/best-global-universities/universite-perpignan-via-domitia-529018,
530671,Changsha University,China,CHN,Changsha,2111,true,true,Best Global Universities,18.3,,https://www.usnews.com/education/best-global-universities/changsha-university-530671,
530105,Inner Mongolia Agricultural University,China,CHN,Hohhot,2111,true,true,Best Global Universities,18.3,,https://www.usnews.com/education/best-global-universities/inner-mongolia-agricultural-university-530105,
529657,Saratov State University,Russia,RUS,Saratov,2111,true,true,Best Global Universities,18.3,,https://www.usnews.com/education/best-global-universities/saratov-state-university-529657,
530468,Visvesvaraya Technological University,India,IND,Belagavi,2111,true,true,Best Global Universities,18.3,,https://www.usnews.com/education/best-global-universities/visvesvaraya-technological-university-530468,
530145,Wannan Medical College,China,CHN,Wuhu,2111,true,true,Best Global Universities,18.3,,https://www.usnews.com/education/best-global-universities/wannan-medical-college-530145,
530605,Amrita Vishwa Vidyapeetham Coimbatore,India,IND,Coimbatore,2116,true,true,Best Global Universities,18.2,,https://www.usnews.com/education/best-global-universities/amrita-vishwa-vidyapeetham-coimbatore-530605,
530307,Can Tho University,Vietnam,VNM,Can Tho city,2116,true,true,Best Global Universities,18.2,,https://www.usnews.com/education/best-global-universities/can-tho-university-530307,
530079,Hunan University of Chinese Medicine,China,CHN,Changsha City,2116,true,true,Best Global Universities,18.2,,https://www.usnews.com/education/best-global-universities/hunan-university-of-chinese-medicine-530079,
530124,Karabuk University,Türkiye,TUR,Kılavuzlar/Karabük Merkez,2116,true,true,Best Global Universities,18.2,,https://www.usnews.com/education/best-global-universities/karabuk-university-530124,
530599,Nanjing Xiaozhuang University,China,CHN,Nanjing,2116,true,true,Best Global Universities,18.2,,https://www.usnews.com/education/best-global-universities/nanjing-xiaozhuang-university-530599,
529544,University of Malaysia Perlis,Malaysia,MYS,Perlis,2116,true,true,Best Global Universities,18.2,10894,https://www.usnews.com/education/best-global-universities/university-of-malaysia-perlis-529544,
529891,West Pomeranian University of Technology,Poland,POL,Szczecin,2116,true,true,Best Global Universities,18.2,,https://www.usnews.com/education/best-global-universities/west-pomeranian-university-of-technology-529891,
530328,Anhui Jianzhu University,China,CHN,Hefei,2123,true,true,Best Global Universities,18.1,,https://www.usnews.com/education/best-global-universities/anhui-jianzhu-university-530328,
530344,Hainan Normal University,China,CHN,Hainan,2123,true,true,Best Global Universities,18.1,,https://www.usnews.com/education/best-global-universities/hainan-normal-university-530344,
529361,Kyorin University,Japan,JPN,Tokyo,2123,true,true,Best Global Universities,18.1,,https://www.usnews.com/education/best-global-universities/kyorin-university-529361,
529771,Lublin University of Technology,Poland,POL,Lublin,2123,true,true,Best Global Universities,18.1,6588,https://www.usnews.com/education/best-global-universities/lublin-university-of-technology-529771,
529226,National Dong Hwa University,Taiwan,TWN,Shoufeng,2123,true,true,Best Global Universities,18.1,9996,https://www.usnews.com/education/best-global-universities/national-dong-hwa-university-529226,
529078,TU Clausthal,Germany,DEU,Clausthal-Zellerfeld,2123,true,true,Best Global Universities,18.1,,https://www.usnews.com/education/best-global-universities/tu-clausthal-529078,
530791,Chuzhou University,China,CHN,Anhui,2129,true,true,Best Global Universities,18,,https://www.usnews.com/education/best-global-universities/chuzhou-university-530791,
528975,Gaziosmanpasa University,Türkiye,TUR,Tokat,2129,true,true,Best Global Universities,18,,https://www.usnews.com/education/best-global-universities/gaziosmanpasa-university-528975,
529967,Indian Institute of Science Education and Research - Mohali,India,IND,SAS Nagar,2129,true,true,Best Global Universities,18,,https://www.usnews.com/education/best-global-universities/indian-institute-of-science-education-and-research-mohali-529967,
529233,National University of the Littoral,Argentina,ARG,Santa Fe,2129,true,true,Best Global Universities,18,,https://www.usnews.com/education/best-global-universities/national-university-of-the-littoral-529233,
529267,National University of the South,Argentina,ARG,Buenos Aires,2129,true,true,Best Global Universities,18,,https://www.usnews.com/education/best-global-universities/national-university-of-the-south-529267,
530333,Shanghai University of Medicine & Health Sciences,China,CHN,Shanghai,2129,true,true,Best Global Universities,18,,https://www.usnews.com/education/best-global-universities/shanghai-university-of-medicine-health-sciences-530333,
530367,Sultan Moulay Slimane University of Beni Mellal,Morocco,MAR,Morocco,2129,true,true,Best Global Universities,18,,https://www.usnews.com/education/best-global-universities/sultan-moulay-slimane-university-of-beni-mellal-530367,
530023,Universidade Federal do Piaui,Brazil,BRA,Teresina,2129,true,true,Best Global Universities,18,,https://www.usnews.com/education/best-global-universities/universidade-federal-do-piaui-530023,
530155,Zhongyuan University of Technology,China,CHN,Zhengzhou,2129,true,true,Best Global Universities,18,,https://www.usnews.com/education/best-global-universities/zhongyuan-university-of-technology-530155,
530792,Beijing Union University,China,CHN,Beijing,2138,true,true,Best Global Universities,17.9,,https://www.usnews.com/education/best-global-universities/beijing-union-university-530792,
530111,Shandong Second Medical University,China,CHN,Weifang,2138,true,true,Best Global Universities,17.9,,https://www.usnews.com/education/best-global-universities/shandong-second-medical-university-530111,
529404,University of Evora,Portugal,PRT,Evora,2138,true,true,Best Global Universities,17.9,,https://www.usnews.com/education/best-global-universities/university-of-evora-529404,
530329,Kumoh National University Technology,South Korea,KOR,Gyeongbuk,2141,true,true,Best Global Universities,17.8,,https://www.usnews.com/education/best-global-universities/kumoh-national-university-technology-530329,
227881,Sam Houston State University,United States,USA,Huntsville,2141,true,true,Best Global Universities,17.8,,https://www.usnews.com/education/best-global-universities/sam-houston-state-university-227881,
529231,University of Yamanashi,Japan,JPN,Kofu,2141,true,true,Best Global Universities,17.8,,https://www.usnews.com/education/best-global-universities/university-of-yamanashi-529231,
529116,Chung Shan Medical University,Taiwan,TWN,Taichung City,2144,true,true,Best Global Universities,17.7,7157,https://www.usnews.com/education/best-global-universities/chung-shan-medical-university-529116,
529785,Giresun University,Türkiye,TUR,Giresun,2144,true,true,Best Global Universities,17.7,,https://www.usnews.com/education/best-global-universities/giresun-university-529785,
145813,Illinois State University,United States,USA,Normal,2144,true,true,Best Global Universities,17.7,,https://www.usnews.com/education/best-global-universities/illinois-state-university-145813,
529275,Soonchunhyang University,South Korea,KOR,Asan,2144,true,true,Best Global Universities,17.7,,https://www.usnews.com/education/best-global-universities/soonchunhyang-university-529275,
529665,Tyumen State University,Russia,RUS,Tyumen,2144,true,true,Best Global Universities,17.7,,https://www.usnews.com/education/best-global-universities/tyumen-state-university-529665,
530117,Jiangxi University of Traditional Chinese Medicine,China,CHN,Nanchang,2149,true,true,Best Global Universities,17.6,,https://www.usnews.com/education/best-global-universities/jiangxi-university-of-traditional-chinese-medicine-530117,
530318,Shahid Rajaee Teacher Training University (SRTTU),Iran,IRN,Tehran,2149,true,true,Best Global Universities,17.6,,https://www.usnews.com/education/best-global-universities/shahid-rajaee-teacher-training-university-srttu-530318,
529858,Tianjin Chengjian University,China,CHN,Tianjin,2149,true,true,Best Global Universities,17.6,,https://www.usnews.com/education/best-global-universities/tianjin-chengjian-university-529858,
529416,Universidad de Guanajuato,Mexico,MEX,Guanajuato,2152,true,true,Best Global Universities,17.5,,https://www.usnews.com/education/best-global-universities/universidad-de-guanajuato-529416,
530596,University of Danang,Vietnam,VNM,Danang,2152,true,true,Best Global Universities,17.5,60839,https://www.usnews.com/education/best-global-universities/university-of-danang-530596,
206604,Wright State University,United States,USA,Dayton,2152,true,true,Best Global Universities,17.5,,https://www.usnews.com/education/best-global-universities/wright-state-university-206604,
530305,Dr B R Ambedkar National Institute of Technology Jalandhar,India,IND,Jalandhar,2155,true,true,Best Global Universities,17.4,,https://www.usnews.com/education/best-global-universities/dr-b-r-ambedkar-national-institute-of-technology-jalandhar-530305,
529747,German Sport University Cologne,Germany,DEU,Cologne,2155,true,true,Best Global Universities,17.4,,https://www.usnews.com/education/best-global-universities/german-sport-university-cologne-529747,
530247,Ho Chi Minh City University of Technology (HCMCUT),Vietnam,VNM,Ho Chi Minh City,2155,true,true,Best Global Universities,17.4,,https://www.usnews.com/education/best-global-universities/ho-chi-minh-city-university-of-technology-hcmcut-530247,
530299,University of Teramo,Italy,ITA,Via Renato Balzarini,2155,true,true,Best Global Universities,17.4,,https://www.usnews.com/education/best-global-universities/university-of-teramo-530299,
530602,Manipal University Jaipur,India,IND,Jaipur,2159,true,true,Best Global Universities,17.3,,https://www.usnews.com/education/best-global-universities/manipal-university-jaipur-530602,
530609,Universidad San Sebastian,Chile,CHL,Santiago,2159,true,true,Best Global Universities,17.3,,https://www.usnews.com/education/best-global-universities/universidad-san-sebastian-530609,
530288,University of Burdwan,India,IND,Bardhaman,2159,true,true,Best Global Universities,17.3,,https://www.usnews.com/education/best-global-universities/university-of-burdwan-530288,
530651,Vel Tech Rangarajan Dr Sagunthala R&D Institute of Science & Technology,India,IND,Chennai,2159,true,true,Best Global Universities,17.3,,https://www.usnews.com/education/best-global-universities/vel-tech-rangarajan-dr-sagunthala-rd-institute-of-science-technology-530651,
530413,Hubei University of Chinese Medicine,China,CHN,Hubei,2163,true,true,Best Global Universities,17.2,,https://www.usnews.com/education/best-global-universities/hubei-university-of-chinese-medicine-530413,
530339,Jiangsu University of Technology,China,CHN,Jiangsu,2163,true,true,Best Global Universities,17.2,,https://www.usnews.com/education/best-global-universities/jiangsu-university-of-technology-530339,
529030,University of Lethbridge,Canada,CAN,Lethbridge,2163,true,true,Best Global Universities,17.2,,https://www.usnews.com/education/best-global-universities/university-of-lethbridge-529030,
530356,Chengdu Medical College,China,CHN,Chengdu,2166,true,true,Best Global Universities,17.1,,https://www.usnews.com/education/best-global-universities/chengdu-medical-college-530356,
529799,North China University of Technology,China,CHN,Beijing,2166,true,true,Best Global Universities,17.1,,https://www.usnews.com/education/best-global-universities/north-china-university-of-technology-529799,
529598,Universidad Veracruzana,Mexico,MEX,Xalapa,2166,true,true,Best Global Universities,17.1,,https://www.usnews.com/education/best-global-universities/universidad-veracruzana-529598,
530426,University of Mysore,India,IND,Mysuru,2166,true,true,Best Global Universities,17.1,,https://www.usnews.com/education/best-global-universities/university-of-mysore-530426,
136172,University of North Florida,United States,USA,Jacksonville,2166,true,true,Best Global Universities,17.1,,https://www.usnews.com/education/best-global-universities/university-of-north-florida-136172,
530086,Canakkale Onsekiz Mart University,Türkiye,TUR,merkez/Çanakkale,2171,true,true,Best Global Universities,17,,https://www.usnews.com/education/best-global-universities/canakkale-onsekiz-mart-university-530086,
503668,Shizuoka University,Japan,JPN,"Suruga-ku, Shizuoka City",2171,true,true,Best Global Universities,17,,https://www.usnews.com/education/best-global-universities/shizuoka-university-503668,
529530,Tottori University,Japan,JPN,Tottori City,2171,true,true,Best Global Universities,17,,https://www.usnews.com/education/best-global-universities/tottori-university-529530,
529974,Universite d'Artois,France,FRA,Arras,2171,true,true,Best Global Universities,17,,https://www.usnews.com/education/best-global-universities/universite-dartois-529974,
529245,Grigore T Popa University of Medicine and Pharmacy,Romania,ROU,Iasi,2175,true,true,Best Global Universities,16.9,10253,https://www.usnews.com/education/best-global-universities/grigore-t-popa-university-of-medicine-and-pharmacy-529245,
530072,Kwansei Gakuin University,Japan,JPN,Hyogo,2175,true,true,Best Global Universities,16.9,,https://www.usnews.com/education/best-global-universities/kwansei-gakuin-university-530072,
530012,Meiji University,Japan,JPN,Chiyoda,2175,true,true,Best Global Universities,16.9,,https://www.usnews.com/education/best-global-universities/meiji-university-530012,
529580,Universidade Federal de Alagoas,Brazil,BRA,Maceio,2175,true,true,Best Global Universities,16.9,,https://www.usnews.com/education/best-global-universities/universidade-federal-de-alagoas-529580,
529837,Air Force Engineering University,China,CHN,Xi'an,2179,true,true,Best Global Universities,16.8,,https://www.usnews.com/education/best-global-universities/air-force-engineering-university-529837,
530108,Hebei University of Engineering,China,CHN,Handan,2179,true,true,Best Global Universities,16.8,,https://www.usnews.com/education/best-global-universities/hebei-university-of-engineering-530108,
529738,Indian Institute of Science Education and Research - Bhopal,India,IND,Bhopal,2179,true,true,Best Global Universities,16.8,,https://www.usnews.com/education/best-global-universities/indian-institute-of-science-education-and-research-bhopal-529738,
529910,I Shou University,Taiwan,TWN,Kaohsiung City,2179,true,true,Best Global Universities,16.8,10364,https://www.usnews.com/education/best-global-universities/i-shou-university-529910,
529373,Saitama Medical University,Japan,JPN,Iruma,2179,true,true,Best Global Universities,16.8,,https://www.usnews.com/education/best-global-universities/saitama-medical-university-529373,
529123,Teikyo University,Japan,JPN,Tokyo,2179,true,true,Best Global Universities,16.8,,https://www.usnews.com/education/best-global-universities/teikyo-university-529123,
504314,Tokyo University of Agriculture,Japan,JPN,Tokyo,2179,true,true,Best Global Universities,16.8,,https://www.usnews.com/education/best-global-universities/tokyo-university-of-agriculture-504314,
530035,Universidad Industrial de Santander,Colombia,COL,Bucaramanga,2179,true,true,Best Global Universities,16.8,,https://www.usnews.com/education/best-global-universities/universidad-industrial-de-santander-530035,
510010,University of Basrah,Iraq,IRQ,Basrah,2179,true,true,Best Global Universities,16.8,,https://www.usnews.com/education/best-global-universities/university-of-basrah-510010,
505526,Yamaguchi University,Japan,JPN,Yamaguchi City,2179,true,true,Best Global Universities,16.8,,https://www.usnews.com/education/best-global-universities/yamaguchi-university-505526,
530341,Guangxi University of Science & Technology,China,CHN,Liuzhou,2189,true,true,Best Global Universities,16.7,,https://www.usnews.com/education/best-global-universities/guangxi-university-of-science-technology-530341,
530600,Kohat University of Science & Technology,Pakistan,PAK,Kohat,2189,true,true,Best Global Universities,16.7,,https://www.usnews.com/education/best-global-universities/kohat-university-of-science-technology-530600,
529513,Sahand University of Technology,Iran,IRN,Tabriz,2189,true,true,Best Global Universities,16.7,,https://www.usnews.com/education/best-global-universities/sahand-university-of-technology-529513,
530707,Manonmaniam Sundaranar University,India,IND,Tirunelveli,2192,true,true,Best Global Universities,16.6,,https://www.usnews.com/education/best-global-universities/manonmaniam-sundaranar-university-530707,
529813,Maulana Azad National Institute of Technology Bhopal,India,IND,Bhopal,2192,true,true,Best Global Universities,16.6,,https://www.usnews.com/education/best-global-universities/maulana-azad-national-institute-of-technology-bhopal-529813,
530656,Shandong Jiaotong University,China,CHN,Jinan,2192,true,true,Best Global Universities,16.6,,https://www.usnews.com/education/best-global-universities/shandong-jiaotong-university-530656,
530090,Celal Bayar University,Türkiye,TUR,Manisa,2195,true,true,Best Global Universities,16.5,,https://www.usnews.com/education/best-global-universities/celal-bayar-university-530090,
530316,Karunya Institute of Technology & Sciences,India,IND,Coimbatore,2195,true,true,Best Global Universities,16.5,,https://www.usnews.com/education/best-global-universities/karunya-institute-of-technology-sciences-530316,
529836,National Institute of Technology Hamirpur,India,IND,Hamirpur,2195,true,true,Best Global Universities,16.5,,https://www.usnews.com/education/best-global-universities/national-institute-of-technology-hamirpur-529836,
530088,Izmir Katip Celebi University,Türkiye,TUR,Izmir,2198,true,true,Best Global Universities,16.4,,https://www.usnews.com/education/best-global-universities/izmir-katip-celebi-university-530088,
530363,Jiangxi Science & Technology Normal University,China,CHN,Nanchang,2198,true,true,Best Global Universities,16.4,,https://www.usnews.com/education/best-global-universities/jiangxi-science-technology-normal-university-530363,
529968,"Mahatma Gandhi University, Kerala",India,IND,Kerala,2198,true,true,Best Global Universities,16.4,,https://www.usnews.com/education/best-global-universities/mahatma-gandhi-university-kerala-529968,
529330,Universidad Michoacana de San Nicolas de Hidalgo,Mexico,MEX,Morelia,2198,true,true,Best Global Universities,16.4,,https://www.usnews.com/education/best-global-universities/universidad-michoacana-de-san-nicolas-de-hidalgo-529330,
530327,Shenyang University of Chemical Technology,China,CHN,Shenyang,2202,true,true,Best Global Universities,16.3,,https://www.usnews.com/education/best-global-universities/shenyang-university-of-chemical-technology-530327,
529656,Universite du Maine,France,FRA,Le Mans,2202,true,true,Best Global Universities,16.3,,https://www.usnews.com/education/best-global-universities/universite-du-maine-529656,
529180,University of Pau and Pays Adour,France,FRA,Pyrenees-Atlantiques,2202,true,true,Best Global Universities,16.3,,https://www.usnews.com/education/best-global-universities/university-of-pau-and-pays-adour-529180,
530291,University of Szczecin,Poland,POL,Aleja Papieża Jana Pawła,2202,true,true,Best Global Universities,16.3,,https://www.usnews.com/education/best-global-universities/university-of-szczecin-530291,
530623,Zhengzhou University of Aeronautics,China,CHN,Zhengzhou,2202,true,true,Best Global Universities,16.3,,https://www.usnews.com/education/best-global-universities/zhengzhou-university-of-aeronautics-530623,
529242,Dong A University,South Korea,KOR,Busan,2207,true,true,Best Global Universities,16.2,,https://www.usnews.com/education/best-global-universities/dong-a-university-529242,
530008,Universidade do Estado de Santa Catarina,Brazil,BRA,Florianópolis,2207,true,true,Best Global Universities,16.2,,https://www.usnews.com/education/best-global-universities/universidade-do-estado-de-santa-catarina-530008,
530087,Abant Izzet Baysal University,Türkiye,TUR,Bolu,2209,true,true,Best Global Universities,16.1,,https://www.usnews.com/education/best-global-universities/abant-izzet-baysal-university-530087,
530365,Heilongjiang Bayi Agricultural University,China,CHN,Daqing,2209,true,true,Best Global Universities,16.1,,https://www.usnews.com/education/best-global-universities/heilongjiang-bayi-agricultural-university-530365,
530793,Qinghai Normal University,China,CHN,Qinghai,2209,true,true,Best Global Universities,16.1,,https://www.usnews.com/education/best-global-universities/qinghai-normal-university-530793,
529610,Agricultural University Lublin,Poland,POL,Lublin,2212,true,true,Best Global Universities,16,,https://www.usnews.com/education/best-global-universities/agricultural-university-lublin-529610,
529082,GH Asachi Technical University,Romania,ROU,Iasi,2212,true,true,Best Global Universities,16,,https://www.usnews.com/education/best-global-universities/gh-asachi-technical-university-529082,
530428,Shenyang Normal University,China,CHN,Shenyang,2212,true,true,Best Global Universities,16,,https://www.usnews.com/education/best-global-universities/shenyang-normal-university-530428,
530794,Chongqing Three Gorges University,China,CHN,Wanzhou District,2215,true,true,Best Global Universities,15.9,,https://www.usnews.com/education/best-global-universities/chongqing-three-gorges-university-530794,
529645,King Mongkuts Institute of Technology Ladkrabang,Thailand,THA,Bangkok,2215,true,true,Best Global Universities,15.9,28720,https://www.usnews.com/education/best-global-universities/king-mongkuts-institute-of-technology-ladkrabang-529645,
530604,Konya Technical University,Türkiye,TUR,Konya,2215,true,true,Best Global Universities,15.9,,https://www.usnews.com/education/best-global-universities/konya-technical-university-530604,
530016,Universidad Nacional de Tucuman,Argentina,ARG,San Miguel de Tucuman,2215,true,true,Best Global Universities,15.9,,https://www.usnews.com/education/best-global-universities/universidad-nacional-de-tucuman-530016,
530324,Kalyani University,India,IND,Nadia,2219,true,true,Best Global Universities,15.8,,https://www.usnews.com/education/best-global-universities/kalyani-university-530324,
530181,Netaji Subhas University of Technology,India,IND,Delhi,2219,true,true,Best Global Universities,15.8,,https://www.usnews.com/education/best-global-universities/netaji-subhas-university-of-technology-530181,
529191,Saitama University,Japan,JPN,Saitama City,2219,true,true,Best Global Universities,15.8,,https://www.usnews.com/education/best-global-universities/saitama-university-529191,
530300,Shibaura Institute of Technology,Japan,JPN,Tokyo,2219,true,true,Best Global Universities,15.8,9535,https://www.usnews.com/education/best-global-universities/shibaura-institute-of-technology-530300,
530286,University of Quebec Chicoutimi,Canada,CAN,Quebec,2219,true,true,Best Global Universities,15.8,,https://www.usnews.com/education/best-global-universities/university-of-quebec-chicoutimi-530286,
529978,Yangtze Normal University,China,CHN,Chongqing,2219,true,true,Best Global Universities,15.8,,https://www.usnews.com/education/best-global-universities/yangtze-normal-university-529978,
530673,Comillas Pontifical University,Spain,ESP,Madrid,2225,true,false,Best Global Universities,15.7,,https://www.usnews.com/education/best-global-universities/comillas-pontifical-university-530673,
530140,Liaoning Petrochemical University,China,CHN,Wanghua,2226,true,true,Best Global Universities,15.6,,https://www.usnews.com/education/best-global-universities/liaoning-petrochemical-university-530140,
529216,Mie University,Japan,JPN,Tsu,2226,true,true,Best Global Universities,15.6,,https://www.usnews.com/education/best-global-universities/mie-university-529216,
529936,National Defense Medical University,Taiwan,TWN,Taipei,2226,true,true,Best Global Universities,15.6,,https://www.usnews.com/education/best-global-universities/national-defense-medical-university-529936,
529639,Sardar Vallabhbhai National Institute of Technology,India,IND,Surat,2226,true,true,Best Global Universities,15.6,,https://www.usnews.com/education/best-global-universities/sardar-vallabhbhai-national-institute-of-technology-529639,
529345,Vilnius Gediminas Technical University,Lithuania,LTU,Vilnius,2226,true,true,Best Global Universities,15.6,,https://www.usnews.com/education/best-global-universities/vilnius-gediminas-technical-university-529345,
530364,Anhui University of Chinese Medicine,China,CHN,Hefei,2231,true,true,Best Global Universities,15.5,,https://www.usnews.com/education/best-global-universities/anhui-university-of-chinese-medicine-530364,
529892,Changchun University of Technology,China,CHN,Changchun,2231,true,true,Best Global Universities,15.5,,https://www.usnews.com/education/best-global-universities/changchun-university-of-technology-529892,
530669,Industrial University of Ho Chi Minh City,Vietnam,VNM,Boise,2231,true,true,Best Global Universities,15.5,,https://www.usnews.com/education/best-global-universities/industrial-university-of-ho-chi-minh-city-530669,
530795,Jiujiang University,China,CHN,Jiujiang,2231,true,true,Best Global Universities,15.5,,https://www.usnews.com/education/best-global-universities/jiujiang-university-530795,
530135,Punjabi University,India,IND,Patiala,2231,true,true,Best Global Universities,15.5,,https://www.usnews.com/education/best-global-universities/punjabi-university-530135,
529757,Universidade Federal do Triângulo Mineiro,Brazil,BRA,Abadia,2231,true,true,Best Global Universities,15.5,,https://www.usnews.com/education/best-global-universities/universidade-federal-do-triangulo-mineiro-529757,
529876,Ecole Nationale Veterinaire de Toulouse,France,FRA,Toulouse,2237,true,true,Best Global Universities,15.4,,https://www.usnews.com/education/best-global-universities/ecole-nationale-veterinaire-de-toulouse-529876,
529998,Kangnung Wonju National University,South Korea,KOR,Gangneung,2237,true,true,Best Global Universities,15.4,,https://www.usnews.com/education/best-global-universities/kangnung-wonju-national-university-529998,
529739,Nanyang Normal University,China,CHN,Nanyang,2237,true,true,Best Global Universities,15.4,,https://www.usnews.com/education/best-global-universities/nanyang-normal-university-529739,
530353,Qiqihar University,China,CHN,Qiqihar,2237,true,true,Best Global Universities,15.4,,https://www.usnews.com/education/best-global-universities/qiqihar-university-530353,
529582,Universidade Federal de Ouro Preto,Brazil,BRA,Ouro Preto,2237,true,true,Best Global Universities,15.4,,https://www.usnews.com/education/best-global-universities/universidade-federal-de-ouro-preto-529582,
529924,Baskent University,Türkiye,TUR,Ankara,2242,true,true,Best Global Universities,15.3,14909,https://www.usnews.com/education/best-global-universities/baskent-university-529924,
529503,Hankuk University Foreign Studies,South Korea,KOR,Seoul,2242,true,true,Best Global Universities,15.3,,https://www.usnews.com/education/best-global-universities/hankuk-university-foreign-studies-529503,
529842,Indian Institute of Engineering Science Technology Shibpur,India,IND,Howrah,2242,true,true,Best Global Universities,15.3,,https://www.usnews.com/education/best-global-universities/indian-institute-of-engineering-science-technology-shibpur-529842,
232423,James Madison University,United States,USA,Harrisonburg,2242,true,true,Best Global Universities,15.3,,https://www.usnews.com/education/best-global-universities/james-madison-university-232423,
530340,National Chin-Yi University of Technology,Taiwan,TWN,Taichung City,2242,true,true,Best Global Universities,15.3,,https://www.usnews.com/education/best-global-universities/national-chin-yi-university-of-technology-530340,
530414,SVKM's NMIMS (Deemed to be University),India,IND,Chennai,2242,true,true,Best Global Universities,15.3,,https://www.usnews.com/education/best-global-universities/svkms-nmims-deemed-to-be-university-530414,
529951,Inonu University,Türkiye,TUR,Malatya,2248,true,true,Best Global Universities,15.2,,https://www.usnews.com/education/best-global-universities/inonu-university-529951,
530429,Lucknow University,India,IND,Lucknow,2248,true,true,Best Global Universities,15.2,,https://www.usnews.com/education/best-global-universities/lucknow-university-530429,
530337,Nigde Omer Halisdemir University,Türkiye,TUR,Bor Yolu Uzeri 51240 Nigde Center/Nigde,2248,true,true,Best Global Universities,15.2,14354,https://www.usnews.com/education/best-global-universities/nigde-omer-halisdemir-university-530337,
530687,Adana Alparslan Turkes Science & Technology University,Türkiye,TUR,Adana,,false,false,Best Global Universities,,,https://www.usnews.com/education/best-global-universities/adana-alparslan-turkes-science-technology-university-530687,
530633,Agricultural University Peshawar,Pakistan,PAK,Peshawar,,false,false,Best Global Universities,,,https://www.usnews.com/education/best-global-universities/agricultural-university-peshawar-530633,
530822,Aja University of Medical Sciences In Iran,Iran,IRN,Tehran,,false,false,Best Global Universities,,,https://www.usnews.com/education/best-global-universities/aja-university-of-medical-sciences-in-iran-530822,
529499,Akita University,Japan,JPN,Akita City,,false,false,Best Global Universities,,,https://www.usnews.com/education/best-global-universities/akita-university-529499,
530803,All India Institute of Medical Sciences (AIIMS) Bhopal,India,IND,Bhopal,,false,false,Best Global Universities,,,https://www.usnews.com/education/best-global-universities/all-india-institute-of-medical-sciences-aiims-bhopal-530803,
530811,All India Institute of Medical Sciences (AIIMS) Bhubaneswar,India,IND,Bhubaneswar,,false,false,Best Global Universities,,,https://www.usnews.com/education/best-global-universities/all-india-institute-of-medical-sciences-aiims-bhubaneswar-530811,
530408,All India Institute of Medical Sciences (AIIMS) Jodhpur,India,IND,Jodhpur,,false,false,Best Global Universities,,,https://www.usnews.com/education/best-global-universities/all-india-institute-of-medical-sciences-aiims-jodhpur-530408,
530817,All India Institute of Medical Sciences (AIIMS) Rishikesh,India,IND,Harbin,,false,false,Best Global Universities,,,https://www.usnews.com/education/best-global-universities/all-india-institute-of-medical-sciences-aiims-rishikesh-530817,
530636,Altai State University,Russia,RUS,Barnaul,,false,false,Best Global Universities,,,https://www.usnews.com/education/best-global-universities/altai-state-university-530636,
530097,Alzahra University,Iran,IRN,Tehran,,false,false,Best Global Universities,,,https://www.usnews.com/education/best-global-universities/alzahra-university-530097,
530801,Amrita Vishwa Vidyapeetham Kochi,India,IND,Kerala,,false,false,Best Global Universities,,,https://www.usnews.com/education/best-global-universities/amrita-vishwa-vidyapeetham-kochi-530801,
529976,Anyang Normal University,China,CHN,Anyang,,false,false,Best Global Universities,,,https://www.usnews.com/education/best-global-universities/anyang-normal-university-529976,
530131,Arak University,Iran,IRN,Arak,,false,false,Best Global Universities,,,https://www.usnews.com/education/best-global-universities/arak-university-530131,
530800,Ardabil University of Medical Sciences,Iran,IRN,Ardabil,,false,false,Best Global Universities,,,https://www.usnews.com/education/best-global-universities/ardabil-university-of-medical-sciences-530800,
529697,Arts et Métiers Institute of Technology,France,FRA,Paris,,false,false,Best Global Universities,,,https://www.usnews.com/education/best-global-universities/arts-et-metiers-institute-of-technology-529697,
530462,Asian Institute of Technology,Thailand,THA,Klong Luang,,false,false,Best Global Universities,,,https://www.usnews.com/education/best-global-universities/asian-institute-of-technology-530462,
529349,Atilim University,Türkiye,TUR,Ankara,,false,false,Best Global Universities,,10192,https://www.usnews.com/education/best-global-universities/atilim-university-529349,
529745,A.T. Still University of Health Sciences,United States,USA,Kirksville,,false,false,Best Global Universities,,,https://www.usnews.com/education/best-global-universities/at-still-university-of-health-sciences-529745,
530629,Audencia,France,FRA,Nantes,,false,false,Best Global Universities,,,https://www.usnews.com/education/best-global-universities/audencia-530629,
530407,Austral University,Argentina,ARG,Buenos Aires,,false,false,Best Global Universities,,,https://www.usnews.com/education/best-global-universities/austral-university-530407,
530849,Azerbaijan University,Azerbaijan,AZE,Baku,,false,false,Best Global Universities,,,https://www.usnews.com/education/best-global-universities/azerbaijan-university-530849,
530679,Bannari Amman Institute of Technology,India,IND,Sathyamangalam,,false,false,Best Global Universities,,,https://www.usnews.com/education/best-global-universities/bannari-amman-institute-of-technology-530679,
530187,Bauhaus-Universitat Weimar,Germany,DEU,Weimar,,false,false,Best Global Universities,,,https://www.usnews.com/education/best-global-universities/bauhaus-universitat-weimar-530187,
530419,Beijing Institute of Petrochemical Technology,China,CHN,Beijing,,false,false,Best Global Universities,,,https://www.usnews.com/education/best-global-universities/beijing-institute-of-petrochemical-technology-530419,
530460,Beijing University of Agriculture,China,CHN,Beijing,,false,false,Best Global Universities,,,https://www.usnews.com/education/best-global-universities/beijing-university-of-agriculture-530460,
530133,Bengbu Medical College,China,CHN,"Bengbu, Anhui",,false,false,Best Global Universities,,,https://www.usnews.com/education/best-global-universities/bengbu-medical-college-530133,
530804,Bezmialem Vakif University,Türkiye,TUR,Istanbul,,false,false,Best Global Universities,,,https://www.usnews.com/education/best-global-universities/bezmialem-vakif-university-530804,
529874,Bialystok University of Technology,Poland,POL,Bialystok,,false,false,Best Global Universities,,,https://www.usnews.com/education/best-global-universities/bialystok-university-of-technology-529874,
530614,Blekinge Institute Technology,Sweden,SWE,Karlskrona,,false,false,Best Global Universities,,,https://www.usnews.com/education/best-global-universities/blekinge-institute-technology-530614,
530613,Brandon University,Canada,CAN,Brandon,,false,false,Best Global Universities,,,https://www.usnews.com/education/best-global-universities/brandon-university-530613,
530136,Bulent Ecevit University,Türkiye,TUR,Merkez,,false,false,Best Global Universities,,19654,https://www.usnews.com/education/best-global-universities/bulent-ecevit-university-530136,
110574,California State University East Bay,United States,USA,Hayward,,false,false,Best Global Universities,,,https://www.usnews.com/education/best-global-universities/california-state-university-east-bay-110574,
110556,California State University--Fresno,United States,USA,Fresno,,false,false,Best Global Universities,,,https://www.usnews.com/education/best-global-universities/california-state-university-fresno-110556,
530499,Capital University of Science & Technology,Pakistan,PAK,Islamabad,,false,false,Best Global Universities,,,https://www.usnews.com/education/best-global-universities/capital-university-of-science-technology-530499,
529938,Cardiff Metropolitan University,United Kingdom,GBR,Cardiff,,false,false,Best Global Universities,,,https://www.usnews.com/education/best-global-universities/cardiff-metropolitan-university-529938,
530698,CCS Haryana Agricultural University,India,IND,Hisar,,false,false,Best Global Universities,,,https://www.usnews.com/education/best-global-universities/ccs-haryana-agricultural-university-530698,
530417,Changchun University of Chinese Medicine,China,CHN,Changchun,,false,false,Best Global Universities,,,https://www.usnews.com/education/best-global-universities/changchun-university-of-chinese-medicine-530417,
529942,Chang Gung University of Science and Technology,Taiwan,TWN,Taoyuan City,,false,false,Best Global Universities,,,https://www.usnews.com/education/best-global-universities/chang-gung-university-of-science-and-technology-529942,
529896,Changwon National University,South Korea,KOR,Changwon,,false,false,Best Global Universities,,,https://www.usnews.com/education/best-global-universities/changwon-national-university-529896,
530688,Changzhou Institute of Technology,China,CHN,Changzhou,,false,false,Best Global Universities,,,https://www.usnews.com/education/best-global-universities/changzhou-institute-of-technology-530688,
530834,Chennai Institute of Technology,India,IND,Tamil Nadu,,false,false,Best Global Universities,,,https://www.usnews.com/education/best-global-universities/chennai-institute-of-technology-530834,
530660,Cihan University-Erbil,Iraq,IRQ,Erbil,,false,false,Best Global Universities,,,https://www.usnews.com/education/best-global-universities/cihan-university-erbil-530660,
530113,Cochin University Science & Technology,India,IND,South Kalamassery,,false,false,Best Global Universities,,,https://www.usnews.com/education/best-global-universities/cochin-university-science-technology-530113,
529667,Colegio de Postgraduados - Mexico,Mexico,MEX,Montecillo,,false,false,Best Global Universities,,,https://www.usnews.com/education/best-global-universities/colegio-de-postgraduados-mexico-529667,
530619,Communication University of China,China,CHN,Chaoyang,,false,false,Best Global Universities,,,https://www.usnews.com/education/best-global-universities/communication-university-of-china-530619,
529630,Dalarna University,Sweden,SWE,Falun,,false,false,Best Global Universities,,,https://www.usnews.com/education/best-global-universities/dalarna-university-529630,
530371,Dalian Jiaotong University,China,CHN,Dalian,,false,false,Best Global Universities,,,https://www.usnews.com/education/best-global-universities/dalian-jiaotong-university-530371,
530347,Dalian Ocean University,China,CHN,Dalian,,false,false,Best Global Universities,,,https://www.usnews.com/education/best-global-universities/dalian-ocean-university-530347,
530855,Damghan University,Iran,IRN,Semnan,,false,false,Best Global Universities,,,https://www.usnews.com/education/best-global-universities/damghan-university-530855,
530796,Datta Meghe Institute of Higher Education & Research (Deemed to be University),India,IND,Wardha,,false,false,Best Global Universities,,,https://www.usnews.com/education/best-global-universities/datta-meghe-institute-of-higher-education-research-deemed-to-be-university-530796,
514519,Delta University for Science & Technology,Egypt,EGY,Mansoura,,false,false,Best Global Universities,,,https://www.usnews.com/education/best-global-universities/delta-university-for-science-technology-514519,
530706,Dezhou University,China,CHN,Dezhou,,false,false,Best Global Universities,,,https://www.usnews.com/education/best-global-universities/dezhou-university-530706,
158802,Dilla University,Ethiopia,ETH,Dilla,,false,false,Best Global Universities,,,https://www.usnews.com/education/best-global-universities/dilla-university-158802,
529918,Dokkyo Medical University,Japan,JPN,Shimotsugagun,,false,false,Best Global Universities,,,https://www.usnews.com/education/best-global-universities/dokkyo-medical-university-529918,
530842,Dr. A.P.J. Abdul Kalam Technical University (AKTU),India,IND,Lucknow,,false,false,Best Global Universities,,,https://www.usnews.com/education/best-global-universities/dr-apj-abdul-kalam-technical-university-aktu-530842,
530445,Dr. Babasaheb Ambedkar Marathwada University (BAMU),India,IND,Aurangabad,,false,false,Best Global Universities,,,https://www.usnews.com/education/best-global-universities/dr-babasaheb-ambedkar-marathwada-university-bamu-530445,
530693,Dr DY Patil Vidyapeeth Pune,India,IND,Pune,,false,false,Best Global Universities,,,https://www.usnews.com/education/best-global-universities/dr-dy-patil-vidyapeeth-pune-530693,
530853,"Eastern University, Sri Lanka",Sri Lanka,LKA,Vantharumoolai,,false,false,Best Global Universities,,,https://www.usnews.com/education/best-global-universities/eastern-university-sri-lanka-530853,
529969,Ecole Nationale Superieure de Chimie de Rennes,France,FRA,Rennes,,false,false,Best Global Universities,,,https://www.usnews.com/education/best-global-universities/ecole-nationale-superieure-de-chimie-de-rennes-529969,
530627,EDHEC Business School,France,FRA,Nice,,false,false,Best Global Universities,,,https://www.usnews.com/education/best-global-universities/edhec-business-school-530627,
530799,Eduardo Mondlane University,Mozambique,MOZ,Maputo,,false,false,Best Global Universities,,,https://www.usnews.com/education/best-global-universities/eduardo-mondlane-university-530799,
529668,El Colegio de la Frontera Sur (ECOSUR),Mexico,MEX,San Cristobal de Las Casas,,false,false,Best Global Universities,,,https://www.usnews.com/education/best-global-universities/el-colegio-de-la-frontera-sur-ecosur-529668,
530483,emlyon business school,France,FRA,Guy de Collongue,,false,false,Best Global Universities,,,https://www.usnews.com/education/best-global-universities/emlyon-business-school-530483,
530170,ESCP Business School,France,FRA,Paris,,false,false,Best Global Universities,,,https://www.usnews.com/education/best-global-universities/escp-business-school-530170,
530343,Eskisehir Technical University,Türkiye,TUR,Eskisehir,,false,false,Best Global Universities,,,https://www.usnews.com/education/best-global-universities/eskisehir-technical-university-530343,
530857,ESSCA School of Management,France,FRA,Angers,,false,false,Best Global Universities,,,https://www.usnews.com/education/best-global-universities/essca-school-of-management-530857,
530482,ESSEC Business School,France,FRA,Cergy,,false,false,Best Global Universities,,,https://www.usnews.com/education/best-global-universities/essec-business-school-530482,
529943,Eulji University,South Korea,KOR,Seongnam,,false,false,Best Global Universities,,,https://www.usnews.com/education/best-global-universities/eulji-university-529943,
529955,Foro Italico University of Rome,Italy,ITA,Rome,,false,false,Best Global Universities,,,https://www.usnews.com/education/best-global-universities/foro-italico-university-of-rome-529955,
530374,Fujian University of Traditional Chinese Medicine,China,CHN,Fujian,,false,false,Best Global Universities,,,https://www.usnews.com/education/best-global-universities/fujian-university-of-traditional-chinese-medicine-530374,
529542,Fukushima Medical University,Japan,JPN,Fukushima City,,false,false,Best Global Universities,,,https://www.usnews.com/education/best-global-universities/fukushima-medical-university-529542,
530826,Galgotias University,India,IND,Greater Noida,,false,false,Best Global Universities,,,https://www.usnews.com/education/best-global-universities/galgotias-university-530826,
530375,Gannan Medical University,China,CHN,Ganzhou,,false,false,Best Global Universities,,,https://www.usnews.com/education/best-global-universities/gannan-medical-university-530375,
529654,Georgian Technical University,Georgia,GEO,Tbilisi,,false,false,Best Global Universities,,,https://www.usnews.com/education/best-global-universities/georgian-technical-university-529654,
530667,German-Jordanian University,Jordan,JOR,Amman,,false,false,Best Global Universities,,,https://www.usnews.com/education/best-global-universities/german-jordanian-university-530667,
530470,Getulio Vargas Foundation,Brazil,BRA,Rio de Janeiro,,false,false,Best Global Universities,,,https://www.usnews.com/education/best-global-universities/getulio-vargas-foundation-530470,
530697,Govind Ballabh Pant University of Agriculture Technology,India,IND,Pantnagar,,false,false,Best Global Universities,,,https://www.usnews.com/education/best-global-universities/govind-ballabh-pant-university-of-agriculture-technology-530697,
529843,Graduate University of Advanced Technology,Iran,IRN,Kerman,,false,false,Best Global Universities,,,https://www.usnews.com/education/best-global-universities/graduate-university-of-advanced-technology-529843,
530415,Guangxi University of Chinese Medicine,China,CHN,Nanning,,false,false,Best Global Universities,,,https://www.usnews.com/education/best-global-universities/guangxi-university-of-chinese-medicine-530415,
529752,Guglielmo Marconi University,Italy,ITA,Rome,,false,false,Best Global Universities,,,https://www.usnews.com/education/best-global-universities/guglielmo-marconi-university-529752,
530119,Guilin Medical University,China,CHN,Guilin,,false,false,Best Global Universities,,,https://www.usnews.com/education/best-global-universities/guilin-medical-university-530119,
530705,Guizhou University of Traditional Chinese Medicine,China,CHN,Guiyang,,false,false,Best Global Universities,,,https://www.usnews.com/education/best-global-universities/guizhou-university-of-traditional-chinese-medicine-530705,
530702,Guru Jambheshwar University of Science & Technology,India,IND,Hisar,,false,false,Best Global Universities,,,https://www.usnews.com/education/best-global-universities/guru-jambheshwar-university-of-science-technology-530702,
530368,Hanbat National University,South Korea,KOR,Daejeon,,false,false,Best Global Universities,,,https://www.usnews.com/education/best-global-universities/hanbat-national-university-530368,
529985,Hanken School of Economics,Finland,FIN,Helsinki,,false,false,Best Global Universities,,,https://www.usnews.com/education/best-global-universities/hanken-school-of-economics-529985,
530850,Harbin University of Commerce,China,CHN,Harbin,,false,false,Best Global Universities,,,https://www.usnews.com/education/best-global-universities/harbin-university-of-commerce-530850,
529364,Harokopio University Athens,Greece,GRC,Kallithea,,false,false,Best Global Universities,,,https://www.usnews.com/education/best-global-universities/harokopio-university-athens-529364,
502887,Hautes Etudes Commerciales (HEC) Paris,France,FRA,Jouy-en-Josas,,false,false,Best Global Universities,,,https://www.usnews.com/education/best-global-universities/hautes-etudes-commerciales-hec-paris-502887,
530670,HCMC University of Technology & Education (HCMUTE),Vietnam,VNM,Boise,,false,false,Best Global Universities,,,https://www.usnews.com/education/best-global-universities/hcmc-university-of-technology-education-hcmute-530670,
530662,Hefei University,China,CHN,Hefei,,false,false,Best Global Universities,,,https://www.usnews.com/education/best-global-universities/hefei-university-530662,
530859,Heilongjiang University of Chinese Medicine,China,CHN,Harbin,,false,false,Best Global Universities,,,https://www.usnews.com/education/best-global-universities/heilongjiang-university-of-chinese-medicine-530859,
530377,Henan University of Traditional Chinese Medicine,China,CHN,Henan,,false,false,Best Global Universities,,,https://www.usnews.com/education/best-global-universities/henan-university-of-traditional-chinese-medicine-530377,
530473,Hertie School,Germany,DEU,Berlin,,false,false,Best Global Universities,,,https://www.usnews.com/education/best-global-universities/hertie-school-530473,
530490,Hitotsubashi University,Japan,JPN,Tokyo,,false,false,Best Global Universities,,,https://www.usnews.com/education/best-global-universities/hitotsubashi-university-530490,
530479,Ho Chi Minh City University Economics,Vietnam,VNM,Ho Chi Minh City,,false,false,Best Global Universities,,,https://www.usnews.com/education/best-global-universities/ho-chi-minh-city-university-economics-530479,
530498,Ho Chi Minh City University of Technology (HUTECH),Vietnam,VNM,Ho Chi Minh City,,false,false,Best Global Universities,,,https://www.usnews.com/education/best-global-universities/ho-chi-minh-city-university-of-technology-hutech-530498,
191649,Hofstra University,United States,USA,Hempstead,,false,false,Best Global Universities,,,https://www.usnews.com/education/best-global-universities/hofstra-university-191649,
529861,Hongik University,South Korea,KOR,Seoul,,false,false,Best Global Universities,,,https://www.usnews.com/education/best-global-universities/hongik-university-529861,
530703,Huanggang Normal University,China,CHN,Huanggang,,false,false,Best Global Universities,,,https://www.usnews.com/education/best-global-universities/huanggang-normal-university-530703,
530828,Hubei University of Automotive Technology,China,CHN,Hubei,,false,false,Best Global Universities,,,https://www.usnews.com/education/best-global-universities/hubei-university-of-automotive-technology-530828,
530830,Hubei University of Economics,China,CHN,Hubei,,false,false,Best Global Universities,,,https://www.usnews.com/education/best-global-universities/hubei-university-of-economics-530830,
530848,Huizhou University,China,CHN,Guangdong,,false,false,Best Global Universities,,,https://www.usnews.com/education/best-global-universities/huizhou-university-530848,
530839,Hunan City University,China,CHN,Hunan,,false,false,Best Global Universities,,,https://www.usnews.com/education/best-global-universities/hunan-city-university-530839,
530653,Hunan Institute of Engineering,China,CHN,Xiangtan,,false,false,Best Global Universities,,,https://www.usnews.com/education/best-global-universities/hunan-institute-of-engineering-530653,
530444,Hunan Institute of Science & Technology,China,CHN,Yueyang,,false,false,Best Global Universities,,,https://www.usnews.com/education/best-global-universities/hunan-institute-of-science-technology-530444,
530829,Hunan University of Technology & Business,China,CHN,Hunan,,false,false,Best Global Universities,,,https://www.usnews.com/education/best-global-universities/hunan-university-of-technology-business-530829,
529298,Hyogo College of Medicine,Japan,JPN,Nishinomiya,,false,false,Best Global Universities,,,https://www.usnews.com/education/best-global-universities/hyogo-college-of-medicine-529298,
530481,IESEG School of Management,France,FRA,Puteaux,,false,false,Best Global Universities,,,https://www.usnews.com/education/best-global-universities/ieseg-school-of-management-530481,
529607,IHE Delft Institute for Water Education,Netherlands,NLD,Delft,,false,false,Best Global Universities,,,https://www.usnews.com/education/best-global-universities/ihe-delft-institute-for-water-education-529607,
530506,I. K. Gujral Punjab Technical University,India,IND,Kapurthala,,false,false,Best Global Universities,,,https://www.usnews.com/education/best-global-universities/i-k-gujral-punjab-technical-university-530506,
530427,Ilam University,Iran,IRN,Ilam,,false,false,Best Global Universities,,,https://www.usnews.com/education/best-global-universities/ilam-university-530427,
530616,Indian Institute of Information Technology Allahabad,India,IND,Prayagraj,,false,false,Best Global Universities,,,https://www.usnews.com/education/best-global-universities/indian-institute-of-information-technology-allahabad-530616,
529859,"Indian Institute of Information Technology Design and Manufacturing, Jabalpur",India,IND,Jabalpur,,false,false,Best Global Universities,,,https://www.usnews.com/education/best-global-universities/indian-institute-of-information-technology-design-and-manufacturing-jabalpur-529859,
530708,Indian Institute of Science Education & Research (IISER) - Tirupati,India,IND,Mangalam,,false,false,Best Global Universities,,,https://www.usnews.com/education/best-global-universities/indian-institute-of-science-education-research-iiser---tirupati-530708,
530843,Indian Institute of Technology (IIT) Jammu,India,IND,Jammu,,false,false,Best Global Universities,,,https://www.usnews.com/education/best-global-universities/indian-institute-of-technology-iit-jammu-530843,
530478,Indraprastha Institute of Information Technology Delhi,India,IND,Delhi,,false,false,Best Global Universities,,,https://www.usnews.com/education/best-global-universities/indraprastha-institute-of-information-technology-delhi-530478,
530151,Inner Mongolia Medical University,China,CHN,Hohhot,,false,false,Best Global Universities,,,https://www.usnews.com/education/best-global-universities/inner-mongolia-medical-university-530151,
530457,Inner Mongolia University of Science & Technology,China,CHN,Baotou,,false,false,Best Global Universities,,,https://www.usnews.com/education/best-global-universities/inner-mongolia-university-of-science-technology-530457,
530454,Inner Mongolia University of Technology,China,CHN,Hohhot,,false,false,Best Global Universities,,,https://www.usnews.com/education/best-global-universities/inner-mongolia-university-of-technology-530454,
529911,"Institute of Post Graduate Medical Education and Research, Kolkata",India,IND,Kolkata,,false,false,Best Global Universities,,,https://www.usnews.com/education/best-global-universities/institute-of-post-graduate-medical-education-and-research-kolkata-529911,
530819,Instituto Superior de Ciencias da Saude Egas Moniz,Portugal,PRT,Almada,,false,false,Best Global Universities,,,https://www.usnews.com/education/best-global-universities/instituto-superior-de-ciencias-da-saude-egas-moniz-530819,
530475,International Institute of Information Technology Hyderabad,India,IND,Hyderabad,,false,false,Best Global Universities,,,https://www.usnews.com/education/best-global-universities/international-institute-of-information-technology-hyderabad-530475,
529920,International University of Health and Welfare,Japan,JPN,Otawara,,false,false,Best Global Universities,,,https://www.usnews.com/education/best-global-universities/international-university-of-health-and-welfare-529920,
529779,Inter-University Centre for Astronomy and Astrophysics,India,IND,Pune,,false,false,Best Global Universities,,,https://www.usnews.com/education/best-global-universities/inter-university-centre-for-astronomy-and-astrophysics-529779,
529750,IPAG Business School,France,FRA,Paris,,false,false,Best Global Universities,,,https://www.usnews.com/education/best-global-universities/ipag-business-school-529750,
530672,Iskenderun Technical University,Türkiye,TUR,İskenderun,,false,false,Best Global Universities,,,https://www.usnews.com/education/best-global-universities/iskenderun-technical-university-530672,
509386,Isra University,Jordan,JOR,Amman,,false,false,Best Global Universities,,,https://www.usnews.com/education/best-global-universities/isra-university-509386,
529650,Istanbul Bilgi University,Türkiye,TUR,Istanbul,,false,false,Best Global Universities,,,https://www.usnews.com/education/best-global-universities/istanbul-bilgi-university-529650,
530827,Istanbul Nisantasi University,Türkiye,TUR,Istanbul,,false,false,Best Global Universities,,,https://www.usnews.com/education/best-global-universities/istanbul-nisantasi-university-530827,
530430,Ivanovo State University of Chemistry & Technology,Russia,RUS,Ivanovo,,false,false,Best Global Universities,,,https://www.usnews.com/education/best-global-universities/ivanovo-state-university-of-chemistry-technology-530430,
529372,Iwate Medical University,Japan,JPN,Morioka,,false,false,Best Global Universities,,,https://www.usnews.com/education/best-global-universities/iwate-medical-university-529372,
529352,Iwate University,Japan,JPN,Morioka,,false,false,Best Global Universities,,,https://www.usnews.com/education/best-global-universities/iwate-university-529352,
530434,Jilin Institute of Chemical Technology,China,CHN,Jilin,,false,false,Best Global Universities,,,https://www.usnews.com/education/best-global-universities/jilin-institute-of-chemical-technology-530434,
530466,Jilin Jianzhu University,China,CHN,Changchun,,false,false,Best Global Universities,,,https://www.usnews.com/education/best-global-universities/jilin-jianzhu-university-530466,
529898,Jingdezhen Ceramic Institute,China,CHN,Jingdezhen,,false,false,Best Global Universities,,,https://www.usnews.com/education/best-global-universities/jingdezhen-ceramic-institute-529898,
530864,Jinggangshan University,China,CHN,Jiangxi,,false,false,Best Global Universities,,,https://www.usnews.com/education/best-global-universities/jinggangshan-university-530864,
530102,Jining Medical University,China,CHN,Shenghua,,false,false,Best Global Universities,,,https://www.usnews.com/education/best-global-universities/jining-medical-university-530102,
530455,Jining University,China,CHN,Qufu,,false,false,Best Global Universities,,,https://www.usnews.com/education/best-global-universities/jining-university-530455,
530847,Jinling Institute of Technology,China,CHN,Jiangsu,,false,false,Best Global Universities,,,https://www.usnews.com/education/best-global-universities/jinling-institute-of-technology-530847,
530432,Karnatak University,India,IND,Dharwad,,false,false,Best Global Universities,,,https://www.usnews.com/education/best-global-universities/karnatak-university-530432,
529359,Kawasaki Medical School,Japan,JPN,Kurashiki,,false,false,Best Global Universities,,,https://www.usnews.com/education/best-global-universities/kawasaki-medical-school-529359,
529986,Kedge Business School,France,FRA,Talence,,false,false,Best Global Universities,,,https://www.usnews.com/education/best-global-universities/kedge-business-school-529986,
530186,Kermanshah University of Technology,Iran,IRN,Kermanshah,,false,false,Best Global Universities,,,https://www.usnews.com/education/best-global-universities/kermanshah-university-of-technology-530186,
530832,Khulna University of Engineering & Technology (KUET),Bangladesh,BGD,Khulna,,false,false,Best Global Universities,,,https://www.usnews.com/education/best-global-universities/khulna-university-of-engineering-technology-kuet-530832,
529744,King George's Medical University,India,IND,Lucknow,,false,false,Best Global Universities,,,https://www.usnews.com/education/best-global-universities/king-georges-medical-university-529744,
530098,Kongju National University,South Korea,KOR,Chungcheongnam-d,,false,false,Best Global Universities,,,https://www.usnews.com/education/best-global-universities/kongju-national-university-530098,
530621,Kongu Engineering College,India,IND,Erode,,false,false,Best Global Universities,,,https://www.usnews.com/education/best-global-universities/kongu-engineering-college-530621,
530331,Korea Maritime & Ocean University,South Korea,KOR,Busan,,false,false,Best Global Universities,,,https://www.usnews.com/education/best-global-universities/korea-maritime-ocean-university-530331,
530357,Korea National University of Transportation,South Korea,KOR,Cheongju,,false,false,Best Global Universities,,,https://www.usnews.com/education/best-global-universities/korea-national-university-of-transportation-530357,
530400,Kurdistan University of Medical Sciences,Iran,IRN,Sanandaj,,false,false,Best Global Universities,,,https://www.usnews.com/education/best-global-universities/kurdistan-university-of-medical-sciences-530400,
530441,Kurukshetra University,India,IND,Haryana,,false,false,Best Global Universities,,,https://www.usnews.com/education/best-global-universities/kurukshetra-university-530441,
530863,Kuvempu University,India,IND,Shivamogga,,false,false,Best Global Universities,,,https://www.usnews.com/education/best-global-universities/kuvempu-university-530863,
530109,Kyonggi University,South Korea,KOR,Gyeonggi-do,,false,false,Best Global Universities,,,https://www.usnews.com/education/best-global-universities/kyonggi-university-530109,
529087,Kyoto Institute of Technology,Japan,JPN,Kyoto,,false,false,Best Global Universities,,,https://www.usnews.com/education/best-global-universities/kyoto-institute-of-technology-529087,
529651,Kyoto University of Education,Japan,JPN,Kyoto,,false,false,Best Global Universities,,,https://www.usnews.com/education/best-global-universities/kyoto-university-of-education-529651,
530814,Lady Hardinge Medical College & Hospital,India,IND,Shaanxi,,false,false,Best Global Universities,,,https://www.usnews.com/education/best-global-universities/lady-hardinge-medical-college-hospital-530814,
530666,Le Quy Don Technical University,Vietnam,VNM,Hanoi,,false,false,Best Global Universities,,,https://www.usnews.com/education/best-global-universities/le-quy-don-technical-university-530666,
530366,Liaoning Technical University,China,CHN,Liaoning,,false,false,Best Global Universities,,,https://www.usnews.com/education/best-global-universities/liaoning-technical-university-530366,
530861,Liaoning University of Traditional Chinese Medicine,China,CHN,Liaoning,,false,false,Best Global Universities,,,https://www.usnews.com/education/best-global-universities/liaoning-university-of-traditional-chinese-medicine-530861,
530402,Lorestan University of Medical Sciences,Iran,IRN,Lorestan Province,,false,false,Best Global Universities,,,https://www.usnews.com/education/best-global-universities/lorestan-university-of-medical-sciences-530402,
159647,Louisiana Tech University,United States,USA,Ruston,,false,false,Best Global Universities,,,https://www.usnews.com/education/best-global-universities/louisiana-tech-university-159647,
530171,Luiss Guido Carli University,Italy,ITA,Rome,,false,false,Best Global Universities,,,https://www.usnews.com/education/best-global-universities/luiss-guido-carli-university-530171,
530624,Luoyang Institute of Science & Technology,China,CHN,Luoyang,,false,false,Best Global Universities,,,https://www.usnews.com/education/best-global-universities/luoyang-institute-of-science-technology-530624,
530420,Lviv Polytechnic National University,Ukraine,UKR,Lviv Oblast,,false,false,Best Global Universities,,,https://www.usnews.com/education/best-global-universities/lviv-polytechnic-national-university-530420,
528889,Madurai Kamaraj University,India,IND,Madurai,,false,false,Best Global Universities,,,https://www.usnews.com/education/best-global-universities/madurai-kamaraj-university-528889,
530309,Maharaja Sayajirao University Baroda,India,IND,Vadodara,,false,false,Best Global Universities,,,https://www.usnews.com/education/best-global-universities/maharaja-sayajirao-university-baroda-530309,
530443,Mangalore University,India,IND,Mangaluru,,false,false,Best Global Universities,,,https://www.usnews.com/education/best-global-universities/mangalore-university-530443,
237525,Marshall University,United States,USA,Huntington,,false,false,Best Global Universities,,,https://www.usnews.com/education/best-global-universities/marshall-university-237525,
530168,Maulana Azad Medical College,India,IND,New Delhi,,false,false,Best Global Universities,,,https://www.usnews.com/education/best-global-universities/maulana-azad-medical-college-530168,
530812,Mbarara University of Science & Technology,Uganda,UGA,Lima,,false,false,Best Global Universities,,,https://www.usnews.com/education/best-global-universities/mbarara-university-of-science-technology-530812,
530802,Medical University Plovdiv,Bulgaria,BGR,Plovdiv,,false,false,Best Global Universities,,,https://www.usnews.com/education/best-global-universities/medical-university-plovdiv-530802,
530798,Medical University Varna,Bulgaria,BGR,Varna,,false,false,Best Global Universities,,,https://www.usnews.com/education/best-global-universities/medical-university-varna-530798,
530165,Meharry Medical College,United States,USA,Nashville,,false,false,Best Global Universities,,,https://www.usnews.com/education/best-global-universities/meharry-medical-college-530165,
530658,Mehran University Engineering & Technology,Pakistan,PAK,Jamshoro,,false,false,Best Global Universities,,,https://www.usnews.com/education/best-global-universities/mehran-university-engineering-technology-530658,
529960,Mendeleev University of Chemical Technology of Russia,Russia,RUS,Moscow (Russia),,false,false,Best Global Universities,,,https://www.usnews.com/education/best-global-universities/mendeleev-university-of-chemical-technology-of-russia-529960,
530663,Mepco Schlenk Engineering College,India,IND,Sivakasi,,false,false,Best Global Universities,,,https://www.usnews.com/education/best-global-universities/mepco-schlenk-engineering-college-530663,
140447,Mercer University,United States,USA,Macon,,false,false,Best Global Universities,,,https://www.usnews.com/education/best-global-universities/mercer-university-140447,
529895,Military University of Technology in Warsaw,Poland,POL,Warsaw,,false,false,Best Global Universities,,,https://www.usnews.com/education/best-global-universities/military-university-of-technology-in-warsaw-529895,
530618,MinNan Normal University,China,CHN,Zhangzhou,,false,false,Best Global Universities,,,https://www.usnews.com/education/best-global-universities/minnan-normal-university-530618,
530823,Mohamed bin Zayed University of Artificial Intelligence MBZUAI,United Arab Emirates,ARE,Abu Dhabi,,false,false,Best Global Universities,,,https://www.usnews.com/education/best-global-universities/mohamed-bin-zayed-university-of-artificial-intelligence-mbzuai-530823,
530805,Moi University,Kenya,KEN,Eldoret,,false,false,Best Global Universities,,,https://www.usnews.com/education/best-global-universities/moi-university-530805,
529984,Montpellier Business School,France,FRA,Montpellier,,false,false,Best Global Universities,,,https://www.usnews.com/education/best-global-universities/montpellier-business-school-529984,
530657,Moscow Power Engineering Institute,Russia,RUS,Moscow,,false,false,Best Global Universities,,,https://www.usnews.com/education/best-global-universities/moscow-power-engineering-institute-530657,
529854,Motilal Nehru National Institute of Technology,India,IND,Prayagraj,,false,false,Best Global Universities,,,https://www.usnews.com/education/best-global-universities/motilal-nehru-national-institute-of-technology-529854,
530807,MSH Medical School Hamburg,Germany,DEU,Hamburg,,false,false,Best Global Universities,,,https://www.usnews.com/education/best-global-universities/msh-medical-school-hamburg-530807,
530500,Multimedia University,Malaysia,MYS,Cyberjaya,,false,false,Best Global Universities,,,https://www.usnews.com/education/best-global-universities/multimedia-university-530500,
530844,Mustansiriya University,Iraq,IRQ,Baghdad,,false,false,Best Global Universities,,,https://www.usnews.com/education/best-global-universities/mustansiriya-university-530844,
529751,Nagasaki Institute of Applied Science,Japan,JPN,Nagasaki,,false,false,Best Global Universities,,,https://www.usnews.com/education/best-global-universities/nagasaki-institute-of-applied-science-529751,
530837,Nanyang Institute of Technology,China,CHN,Henan,,false,false,Best Global Universities,,,https://www.usnews.com/education/best-global-universities/nanyang-institute-of-technology-530837,
529626,Nara Medical University,Japan,JPN,Kashihara,,false,false,Best Global Universities,,,https://www.usnews.com/education/best-global-universities/nara-medical-university-529626,
529792,Nara Womens University,Japan,JPN,Nara,,false,false,Best Global Universities,,,https://www.usnews.com/education/best-global-universities/nara-womens-university-529792,
529925,National Defense Medical College,Japan,JPN,Tokorozawa,,false,false,Best Global Universities,,,https://www.usnews.com/education/best-global-universities/national-defense-medical-college-529925,
529648,National Institute of Pharmaceutical Education and Research,India,IND,Mohali,,false,false,Best Global Universities,,,https://www.usnews.com/education/best-global-universities/national-institute-of-pharmaceutical-education-and-research-529648,
529867,National Institute of Technology Calicut,India,IND,Kozhikode,,false,false,Best Global Universities,,,https://www.usnews.com/education/best-global-universities/national-institute-of-technology-calicut-529867,
530664,National Institute of Technology Delhi,India,IND,Delhi,,false,false,Best Global Universities,,,https://www.usnews.com/education/best-global-universities/national-institute-of-technology-delhi-530664,
529772,National Institute of Technology Durgapur,India,IND,West Bengal,,false,false,Best Global Universities,,,https://www.usnews.com/education/best-global-universities/national-institute-of-technology-durgapur-529772,
530838,National Institute of Technology Puducherry,India,IND,Puducherry,,false,false,Best Global Universities,,,https://www.usnews.com/education/best-global-universities/national-institute-of-technology-puducherry-530838,
529869,National Institute of Technology Raipur,India,IND,Raipur,,false,false,Best Global Universities,,,https://www.usnews.com/education/best-global-universities/national-institute-of-technology-raipur-529869,
530681,National Institute of Technology Srinagar,India,IND,Srinagar,,false,false,Best Global Universities,,,https://www.usnews.com/education/best-global-universities/national-institute-of-technology-srinagar-530681,
530320,National Pingtung University Science & Technology,Taiwan,TWN,Pingtung,,false,false,Best Global Universities,,,https://www.usnews.com/education/best-global-universities/national-pingtung-university-science-technology-530320,
530852,National University of Uzbekistan,Uzbekistan,UZB,Tashkent,,false,false,Best Global Universities,,,https://www.usnews.com/education/best-global-universities/national-university-of-uzbekistan-530852,
530505,Ned University of Engineering & Technology,Pakistan,PAK,Sindh,,false,false,Best Global Universities,,,https://www.usnews.com/education/best-global-universities/ned-university-of-engineering-technology-530505,
530628,NEOMA Business School,France,FRA,Paris,,false,false,Best Global Universities,,,https://www.usnews.com/education/best-global-universities/neoma-business-school-530628,
187967,New Mexico Institute of Mining and Technology,United States,USA,Socorro,,false,false,Best Global Universities,,,https://www.usnews.com/education/best-global-universities/new-mexico-institute-of-mining-and-technology-187967,
530836,NingboTech University,China,CHN,Ningbo,,false,false,Best Global Universities,,,https://www.usnews.com/education/best-global-universities/ningbotech-university-530836,
530649,Nirma University,India,IND,Ahmedabad,,false,false,Best Global Universities,,,https://www.usnews.com/education/best-global-universities/nirma-university-530649,
529939,Northeast Ohio Medical University,United States,USA,Rootstown,,false,false,Best Global Universities,,,https://www.usnews.com/education/best-global-universities/northeast-ohio-medical-university-529939,
529914,Northern Ontario School of Medicine,Canada,CAN,Thunder Bay,,false,false,Best Global Universities,,,https://www.usnews.com/education/best-global-universities/northern-ontario-school-of-medicine-529914,
530474,North Sichuan Medical University,China,CHN,Nanchong,,false,false,Best Global Universities,,,https://www.usnews.com/education/best-global-universities/north-sichuan-medical-university-530474,
530865,Northwest Minzu University,China,CHN,Lanzhou,,false,false,Best Global Universities,,,https://www.usnews.com/education/best-global-universities/northwest-minzu-university-530865,
529635,Norwegian School of Economics (NHH),Norway,NOR,Bergen,,false,false,Best Global Universities,,,https://www.usnews.com/education/best-global-universities/norwegian-school-of-economics-nhh-529635,
529358,Norwegian School of Sport Sciences,Norway,NOR,Olso,,false,false,Best Global Universities,,,https://www.usnews.com/education/best-global-universities/norwegian-school-of-sport-sciences-529358,
529658,Novosibirsk State Technical University,Russia,RUS,Novosibirsk,,false,false,Best Global Universities,,,https://www.usnews.com/education/best-global-universities/novosibirsk-state-technical-university-529658,
529106,Obihiro University of Agriculture & Veterinary Medicine,Japan,JPN,Obihiro,,false,false,Best Global Universities,,,https://www.usnews.com/education/best-global-universities/obihiro-university-of-agriculture-veterinary-medicine-529106,
529332,Ochanomizu University,Japan,JPN,Tokyo,,false,false,Best Global Universities,,,https://www.usnews.com/education/best-global-universities/ochanomizu-university-529332,
529501,Oita University,Japan,JPN,Oita City,,false,false,Best Global Universities,,,https://www.usnews.com/education/best-global-universities/oita-university-529501,
530858,O.P. Jindal Global University,India,IND,Haryana,,false,false,Best Global Universities,,,https://www.usnews.com/education/best-global-universities/op-jindal-global-university-530858,
529369,Osaka Medical College,Japan,JPN,Osaka,,false,false,Best Global Universities,,,https://www.usnews.com/education/best-global-universities/osaka-medical-college-529369,
529495,Osmania University,India,IND,Hyderabad,,false,false,Best Global Universities,,,https://www.usnews.com/education/best-global-universities/osmania-university-529495,
530831,Osmaniye Korkut Ata University,Türkiye,TUR,Osmaniye,,false,false,Best Global Universities,,,https://www.usnews.com/education/best-global-universities/osmaniye-korkut-ata-university-530831,
501610,Paris School of Economics,France,FRA,Paris,,false,false,Best Global Universities,,,https://www.usnews.com/education/best-global-universities/paris-school-of-economics-501610,
530148,PLA Information Engineering University,China,CHN,Zhengzhou City,,false,false,Best Global Universities,,,https://www.usnews.com/education/best-global-universities/pla-information-engineering-university-530148,
529776,PLA University of Science and Technology,China,CHN,Nanjing,,false,false,Best Global Universities,,,https://www.usnews.com/education/best-global-universities/pla-university-of-science-and-technology-529776,
530488,Prague University of Economics & Business,Czech Republic,CZE,Czechia,,false,false,Best Global Universities,,,https://www.usnews.com/education/best-global-universities/prague-university-of-economics-business-530488,
530476,Providence University - Taiwan,Taiwan,TWN,Taichung City,,false,false,Best Global Universities,,,https://www.usnews.com/education/best-global-universities/providence-university-taiwan-530476,
530159,Qazvin University of Medical Sciences (QUMS),Iran,IRN,Qazvin,,false,false,Best Global Universities,,,https://www.usnews.com/education/best-global-universities/qazvin-university-of-medical-sciences-qums-530159,
530645,Rajshahi University of Engineering & Technology (RUET),Bangladesh,BGD,Rajshahi,,false,false,Best Global Universities,,,https://www.usnews.com/education/best-global-universities/rajshahi-university-of-engineering-technology-ruet-530645,
530661,Reykjavik University,Iceland,ISL,Reykjavik,,false,false,Best Global Universities,,,https://www.usnews.com/education/best-global-universities/reykjavik-university-530661,
530373,Rocket Force University of Engineering,China,CHN,Xi’an,,false,false,Best Global Universities,,,https://www.usnews.com/education/best-global-universities/rocket-force-university-of-engineering-530373,
529834,Rzeszow University of Technology,Poland,POL,Rzeszów,,false,false,Best Global Universities,,,https://www.usnews.com/education/best-global-universities/rzeszow-university-of-technology-529834,
529660,Saint Petersburg State Electrotechnical University,Russia,RUS,St. Petersburg,,false,false,Best Global Universities,,,https://www.usnews.com/education/best-global-universities/saint-petersburg-state-electrotechnical-university-529660,
529902,Samara National Research University,Russia,RUS,Samara,,false,false,Best Global Universities,,,https://www.usnews.com/education/best-global-universities/samara-national-research-university-529902,
530431,Samara State Technical University,Russia,RUS,Samara Oblast,,false,false,Best Global Universities,,,https://www.usnews.com/education/best-global-universities/samara-state-technical-university-530431,
530659,Sant Longowal Institute of Engineering & Technology (SLIET),India,IND,Longowal,,false,false,Best Global Universities,,,https://www.usnews.com/education/best-global-universities/sant-longowal-institute-of-engineering-technology-sliet-530659,
529250,Sapporo Medical University,Japan,JPN,Sapporo,,false,false,Best Global Universities,,,https://www.usnews.com/education/best-global-universities/sapporo-medical-university-529250,
530632,Scotland's Rural College,United Kingdom,GBR,Edinburgh,,false,false,Best Global Universities,,,https://www.usnews.com/education/best-global-universities/scotlands-rural-college-530632,
529944,Seth Gordhandas Sunderdas Medical College and King Edward Memorial Hospital,India,IND,Mumbai,,false,false,Best Global Universities,,,https://www.usnews.com/education/best-global-universities/seth-gordhandas-sunderdas-medical-college-and-king-edward-memorial-hospital-529944,
530860,Shaanxi University of Chinese Medicine,China,CHN,Xianyang,,false,false,Best Global Universities,,,https://www.usnews.com/education/best-global-universities/shaanxi-university-of-chinese-medicine-530860,
530404,Shahrekord University Medical Sciences,Iran,IRN,Shahrekord,,false,false,Best Global Universities,,,https://www.usnews.com/education/best-global-universities/shahrekord-university-medical-sciences-530404,
530797,Shahroud University Medical Sciences,Iran,IRN,Shahroud,,false,false,Best Global Universities,,,https://www.usnews.com/education/best-global-universities/shahroud-university-medical-sciences-530797,
530683,Shanghai Dianji University,China,CHN,Shanghai,,false,false,Best Global Universities,,,https://www.usnews.com/education/best-global-universities/shanghai-dianji-university-530683,
530626,Shanghai Lixin University of Accounting & Finance,China,CHN,Shanghai,,false,false,Best Global Universities,,,https://www.usnews.com/education/best-global-universities/shanghai-lixin-university-of-accounting-finance-530626,
530835,Shanghai Polytechnic University,China,CHN,Shanghai,,false,false,Best Global Universities,,,https://www.usnews.com/education/best-global-universities/shanghai-polytechnic-university-530835,
530442,Shangqiu Normal University,China,CHN,Shanghai,,false,false,Best Global Universities,,,https://www.usnews.com/education/best-global-universities/shangqiu-normal-university-530442,
530704,Shanxi Datong University,China,CHN,Datong,,false,false,Best Global Universities,,,https://www.usnews.com/education/best-global-universities/shanxi-datong-university-530704,
529870,Shenyang Jianzhu University,China,CHN,Shenyang,,false,false,Best Global Universities,,,https://www.usnews.com/education/best-global-universities/shenyang-jianzhu-university-529870,
530617,Shenzhen Institute of Information Technology,China,CHN,Shenzhen,,false,false,Best Global Universities,,,https://www.usnews.com/education/best-global-universities/shenzhen-institute-of-information-technology-530617,
530699,Sher-e-Kashmir University of Agricultural Sciences & Technology of Kashmir (SKUAST Kashmir),India,IND,Shalimar,,false,false,Best Global Universities,,,https://www.usnews.com/education/best-global-universities/sher-e-kashmir-university-of-agricultural-sciences-technology-of-kashmir-skuast-kashmir-530699,
529486,Shiga University of Medical Science,Japan,JPN,Otsu,,false,false,Best Global Universities,,,https://www.usnews.com/education/best-global-universities/shiga-university-of-medical-science-529486,
530361,Shijiazhuang Tiedao University,China,CHN,Shijiazhuang,,false,false,Best Global Universities,,,https://www.usnews.com/education/best-global-universities/shijiazhuang-tiedao-university-530361,
530646,Shri Mata Vaishno Devi University,India,IND,Katra,,false,false,Best Global Universities,,,https://www.usnews.com/education/best-global-universities/shri-mata-vaishno-devi-university-530646,
530487,SKEMA Business School,France,FRA,France,,false,false,Best Global Universities,,,https://www.usnews.com/education/best-global-universities/skema-business-school-530487,
529912,Slovak Medical University Bratislava,Slovakia,SVK,Bratislava,,false,false,Best Global Universities,,,https://www.usnews.com/education/best-global-universities/slovak-medical-university-bratislava-529912,
530472,Sodertorn University,Sweden,SWE,Huddinge,,false,false,Best Global Universities,,,https://www.usnews.com/education/best-global-universities/sodertorn-university-530472,
530480,Solent University,United Kingdom,GBR,Southampton,,false,false,Best Global Universities,,,https://www.usnews.com/education/best-global-universities/solent-university-530480,
530398,Sree Chitra Tirunal Institute for Medical Sciences Technology (SCTIMST),India,IND,Thiruvananthapuram,,false,false,Best Global Universities,,,https://www.usnews.com/education/best-global-universities/sree-chitra-tirunal-institute-for-medical-sciences-technology-sctimst-530398,
530820,Sri Ramachandra Institute of Higher Education & Research,India,IND,Kowloon,,false,false,Best Global Universities,,,https://www.usnews.com/education/best-global-universities/sri-ramachandra-institute-of-higher-education-research-530820,
500587,Stockholm School of Economics,Sweden,SWE,Stockholm,,false,false,Best Global Universities,,,https://www.usnews.com/education/best-global-universities/stockholm-school-of-economics-500587,
530502,Sukkur IBA University,Pakistan,PAK,Sindh,,false,false,Best Global Universities,,,https://www.usnews.com/education/best-global-universities/sukkur-iba-university-530502,
530126,Sunchon National University,South Korea,KOR,"Jeollanam-do, Suncheon-si",,false,false,Best Global Universities,,,https://www.usnews.com/education/best-global-universities/sunchon-national-university-530126,
530477,SUNY New Paltz,United States,USA,New Paltz,,false,false,Best Global Universities,,,https://www.usnews.com/education/best-global-universities/suny-new-paltz-530477,
530025,SWPS University of Social Sciences and Humanities,Poland,POL,Warsaw,,false,false,Best Global Universities,,,https://www.usnews.com/education/best-global-universities/swps-university-of-social-sciences-and-humanities-530025,
530637,Tamil Nadu Agricultural University,India,IND,Coimbatore,,false,false,Best Global Universities,,,https://www.usnews.com/education/best-global-universities/tamil-nadu-agricultural-university-530637,
530700,Tarim University,China,CHN,Alar,,false,false,Best Global Universities,,,https://www.usnews.com/education/best-global-universities/tarim-university-530700,
529571,Technical University Czestochowa,Poland,POL,Czestochowa,,false,false,Best Global Universities,,,https://www.usnews.com/education/best-global-universities/technical-university-czestochowa-529571,
529336,Technical University of Crete,Greece,GRC,Akrotiri,,false,false,Best Global Universities,,,https://www.usnews.com/education/best-global-universities/technical-university-of-crete-529336,
530459,Technical University Zvolen,Slovakia,SVK,Zvolen,,false,false,Best Global Universities,,,https://www.usnews.com/education/best-global-universities/technical-university-zvolen-530459,
530815,Texas Tech University Health Sciences Center El Paso,United States,USA,El Paso,,false,false,Best Global Universities,,,https://www.usnews.com/education/best-global-universities/texas-tech-university-health-sciences-center-el-paso-530815,
530132,Tezpur University,India,IND,Tezpur Sonitpu,,false,false,Best Global Universities,,,https://www.usnews.com/education/best-global-universities/tezpur-university-530132,
529609,The New School,United States,USA,New York City,,false,false,Best Global Universities,,,https://www.usnews.com/education/best-global-universities/the-new-school-529609,
530638,Tianjin Agricultural University,China,CHN,Xiqing District,,false,false,Best Global Universities,,,https://www.usnews.com/education/best-global-universities/tianjin-agricultural-university-530638,
530166,Tokyo Dental College,Japan,JPN,Chiyoda,,false,false,Best Global Universities,,,https://www.usnews.com/education/best-global-universities/tokyo-dental-college-530166,
529793,Tomsk State University of Control Systems and Radioelectronics,Russia,RUS,Tomsk,,false,false,Best Global Universities,,,https://www.usnews.com/education/best-global-universities/tomsk-state-university-of-control-systems-and-radioelectronics-529793,
530824,Torrens University Australia,Australia,AUS,Victoria,,false,false,Best Global Universities,,,https://www.usnews.com/education/best-global-universities/torrens-university-australia-530824,
530193,Toyohashi University of Technology,Japan,JPN,Toyohashi,,false,false,Best Global Universities,,,https://www.usnews.com/education/best-global-universities/toyohashi-university-of-technology-530193,
530146,Trakya University,Türkiye,TUR,Edirne,,false,false,Best Global Universities,,,https://www.usnews.com/education/best-global-universities/trakya-university-530146,
529922,Tzu Chi University,Taiwan,TWN,Hualien,,false,false,Best Global Universities,,,https://www.usnews.com/education/best-global-universities/tzu-chi-university-529922,
530469,Ufa University of Science & Technology,Russia,RUS,Republic of Bashkortostan,,false,false,Best Global Universities,,,https://www.usnews.com/education/best-global-universities/ufa-university-of-science-technology-530469,
530491,UNINETTUNO,Italy,ITA,Italy,,false,false,Best Global Universities,,,https://www.usnews.com/education/best-global-universities/uninettuno-530491,
529437,Universidad Antonio Nariño,Colombia,COL,Bogota,,false,false,Best Global Universities,,,https://www.usnews.com/education/best-global-universities/universidad-antonio-narino-529437,
529761,Universidad Autónoma de Yucatán,Mexico,MEX,Mérida,,false,false,Best Global Universities,,,https://www.usnews.com/education/best-global-universities/universidad-autonoma-de-yucatan-529761,
530821,Universidad Catolica de Valencia San Vicente Martir,Spain,ESP,Valencia,,false,false,Best Global Universities,,,https://www.usnews.com/education/best-global-universities/universidad-catolica-de-valencia-san-vicente-martir-530821,
530640,Universidad CEU Cardenal Herrera,Spain,ESP,Moncada,,false,false,Best Global Universities,,,https://www.usnews.com/education/best-global-universities/universidad-ceu-cardenal-herrera-530640,
530808,Universidad Cientifica del Sur (CIENTIFICA),Peru,PER,Lima,,false,false,Best Global Universities,,,https://www.usnews.com/education/best-global-universities/universidad-cientifica-del-sur-cientifica-530808,
530809,Universidad de La Sabana,Colombia,COL,Chia,,false,false,Best Global Universities,,,https://www.usnews.com/education/best-global-universities/universidad-de-la-sabana-530809,
530325,Universidade de Pernambuco (UPE),Brazil,BRA,Recife,,false,false,Best Global Universities,,,https://www.usnews.com/education/best-global-universities/universidade-de-pernambuco-upe-530325,
529663,Universidade dos Acores,Portugal,PRT,Ponta Delgada,,false,false,Best Global Universities,,,https://www.usnews.com/education/best-global-universities/universidade-dos-acores-529663,
529666,Universidade Estadual de Feira de Santana,Brazil,BRA,Feira de Santana,,false,false,Best Global Universities,,,https://www.usnews.com/education/best-global-universities/universidade-estadual-de-feira-de-santana-529666,
530143,Universidade Estadual de Santa Cruz,Brazil,BRA,"Salobrinho, Ilhéus",,false,false,Best Global Universities,,,https://www.usnews.com/education/best-global-universities/universidade-estadual-de-santa-cruz-530143,
530639,Universidade Estadual do Norte Fluminense,Brazil,BRA,Campos dos Goytacazes,,false,false,Best Global Universities,,,https://www.usnews.com/education/best-global-universities/universidade-estadual-do-norte-fluminense-530639,
530634,Universidade Federal Rural da Amazonia (UFRA),Brazil,BRA,Belem,,false,false,Best Global Universities,,,https://www.usnews.com/education/best-global-universities/universidade-federal-rural-da-amazonia-ufra-530634,
529587,Universidade Federal Rural do Rio de Janeiro (UFRRJ),Brazil,BRA,Seropedica,,false,false,Best Global Universities,,,https://www.usnews.com/education/best-global-universities/universidade-federal-rural-do-rio-de-janeiro-ufrrj-529587,
530376,Universidade Federal Rural do Semi-Arido (UFERSA),Brazil,BRA,Natal/RN,,false,false,Best Global Universities,,,https://www.usnews.com/education/best-global-universities/universidade-federal-rural-do-semi-arido-ufersa-530376,
530164,Universidad El Bosque,Colombia,COL,Bogotá,,false,false,Best Global Universities,,,https://www.usnews.com/education/best-global-universities/universidad-el-bosque-530164,
530813,Universidade Nove de Julho,Brazil,BRA,Sao Paulo,,false,false,Best Global Universities,,,https://www.usnews.com/education/best-global-universities/universidade-nove-de-julho-530813,
529782,Universidad Iberoamericana Ciudad de Mexico,Mexico,MEX,Ciudad de México,,false,false,Best Global Universities,,,https://www.usnews.com/education/best-global-universities/universidad-iberoamericana-ciudad-de-mexico-529782,
530692,Universidad ICESI,Colombia,COL,Cali,,false,false,Best Global Universities,,,https://www.usnews.com/education/best-global-universities/universidad-icesi-530692,
530806,Universita Kore di ENNA,Italy,ITA,Enna,,false,false,Best Global Universities,,,https://www.usnews.com/education/best-global-universities/universita-kore-di-enna-530806,
529629,Universitats Herzzentrum Freiburg,Germany,DEU,Freiburg,,false,false,Best Global Universities,,,https://www.usnews.com/education/best-global-universities/universitats-herzzentrum-freiburg-529629,
530486,Universite Catholique de Lille,France,FRA,Lille,,false,false,Best Global Universities,,,https://www.usnews.com/education/best-global-universities/universite-catholique-de-lille-530486,
530410,Universite de Kinshasa,Democratic Republic of the Congo,COD,Kinshasa,,false,false,Best Global Universities,,,https://www.usnews.com/education/best-global-universities/universite-de-kinshasa-530410,
530655,Universite de M'hammed Bougara Boumerdes,Algeria,DZA,Boumerdès,,false,false,Best Global Universities,,,https://www.usnews.com/education/best-global-universities/universite-de-mhammed-bougara-boumerdes-530655,
530845,Universite des Sciences et de la Technologie d'Oran Mohamed Boudiaf,Algeria,DZA,Oran,,false,false,Best Global Universities,,,https://www.usnews.com/education/best-global-universities/universite-des-sciences-et-de-la-technologie-doran-mohamed-boudiaf-530845,
530652,Universite Mohamed Khider Biskra,Algeria,DZA,Biskra,,false,false,Best Global Universities,,,https://www.usnews.com/education/best-global-universities/universite-mohamed-khider-biskra-530652,
529136,Universite Toulouse 1 Capitole,France,FRA,Toulouse,,false,false,Best Global Universities,,,https://www.usnews.com/education/best-global-universities/universite-toulouse-1-capitole-529136,
530647,University Moratuwa,Sri Lanka,LKA,Moratuwa,,false,false,Best Global Universities,,,https://www.usnews.com/education/best-global-universities/university-moratuwa-530647,
530177,University of Aizu,Japan,JPN,Aizuwakamatsu,,false,false,Best Global Universities,,,https://www.usnews.com/education/best-global-universities/university-of-aizu-530177,
530816,University of Applied Sciences & Arts Western Switzerland,Switzerland,CHE,Delemont,,false,false,Best Global Universities,,,https://www.usnews.com/education/best-global-universities/university-of-applied-sciences-arts-western-switzerland-530816,
530840,University of Azad Jammu & Kashmir,Pakistan,PAK,Muzaffarabad,,false,false,Best Global Universities,,,https://www.usnews.com/education/best-global-universities/university-of-azad-jammu-kashmir-530840,
530348,University of Birjand,Iran,IRN,South Khorasan Province,,false,false,Best Global Universities,,,https://www.usnews.com/education/best-global-universities/university-of-birjand-530348,
530503,University of Engineering & Technology Peshawar,Pakistan,PAK,Peshawar,,false,false,Best Global Universities,,,https://www.usnews.com/education/best-global-universities/university-of-engineering-technology-peshawar-530503,
529297,University of Fukui,Japan,JPN,Fukui,,false,false,Best Global Universities,,,https://www.usnews.com/education/best-global-universities/university-of-fukui-529297,
530315,University of Health Sciences Turkey,Türkiye,TUR,Uskudar,,false,false,Best Global Universities,,,https://www.usnews.com/education/best-global-universities/university-of-health-sciences-turkey-530315,
530342,University of Kerala,India,IND,Thiruvananthapuram,,false,false,Best Global Universities,,,https://www.usnews.com/education/best-global-universities/university-of-kerala-530342,
530648,University of Kitakyushu,Japan,JPN,Kitakyushu City,,false,false,Best Global Universities,,,https://www.usnews.com/education/best-global-universities/university-of-kitakyushu-530648,
530818,University of Lucerne,Switzerland,CHE,Luzern,,false,false,Best Global Universities,,,https://www.usnews.com/education/best-global-universities/university-of-lucerne-530818,
530463,University of Northern British Columbia,Canada,CAN,British Columbia,,false,false,Best Global Universities,,,https://www.usnews.com/education/best-global-universities/university-of-northern-british-columbia-530463,
530330,University of Pannonia,Hungary,HUN,Hungary,,false,false,Best Global Universities,,,https://www.usnews.com/education/best-global-universities/university-of-pannonia-530330,
529312,University of Pardubice,Czech Republic,CZE,Pardubice,,false,false,Best Global Universities,,7057,https://www.usnews.com/education/best-global-universities/university-of-pardubice-529312,
530694,University of Santo Tomas,Philippines,PHL,Quezon City,,false,false,Best Global Universities,,,https://www.usnews.com/education/best-global-universities/university-of-santo-tomas-530694,
530851,University of Science & Technology of Mazandaran,Iran,IRN,Behshahr,,false,false,Best Global Universities,,,https://www.usnews.com/education/best-global-universities/university-of-science-technology-of-mazandaran-530851,
530437,University of Sindh,Pakistan,PAK,Sindh,,false,false,Best Global Universities,,,https://www.usnews.com/education/best-global-universities/university-of-sindh-530437,
530144,University of Sistan & Baluchestan,Iran,IRN,Zahedan,,false,false,Best Global Universities,,,https://www.usnews.com/education/best-global-universities/university-of-sistan-baluchestan-530144,
530240,University of South Wales,United Kingdom,GBR,Pontypridd,,false,false,Best Global Universities,,,https://www.usnews.com/education/best-global-universities/university-of-south-wales-530240,
530610,University of the Highlands & Islands,United Kingdom,GBR,Inverness IV2 3JH,,false,false,Best Global Universities,,,https://www.usnews.com/education/best-global-universities/university-of-the-highlands-islands-530610,
530701,University of the Philippines Los Banos,Philippines,PHL,Los Baños,,false,false,Best Global Universities,,,https://www.usnews.com/education/best-global-universities/university-of-the-philippines-los-banos-530701,
530641,University of Veterinary Medicine Budapest,Hungary,HUN,Budapest,,false,false,Best Global Universities,,,https://www.usnews.com/education/best-global-universities/university-of-veterinary-medicine-budapest-530641,
530833,University of Warith Alanbiyaa,Iraq,IRQ,Karbala,,false,false,Best Global Universities,,,https://www.usnews.com/education/best-global-universities/university-of-warith-alanbiyaa-530833,
530846,University of Western Macedonia,Greece,GRC,Kozani,,false,false,Best Global Universities,,,https://www.usnews.com/education/best-global-universities/university-of-western-macedonia-530846,
530598,University of Zilina,Slovakia,SVK,Zilina,,false,false,Best Global Universities,,7418,https://www.usnews.com/education/best-global-universities/university-of-zilina-530598,
530854,University of Zululand,South Africa,ZAF,Richards Bay,,false,false,Best Global Universities,,,https://www.usnews.com/education/best-global-universities/university-of-zululand-530854,
530172,University Ruhuna,Sri Lanka,LKA,Matara,,false,false,Best Global Universities,,,https://www.usnews.com/education/best-global-universities/university-ruhuna-530172,
529808,University Teknikal Malaysia Melaka,Malaysia,MYS,Durian Tunggal,,false,false,Best Global Universities,,,https://www.usnews.com/education/best-global-universities/university-teknikal-malaysia-melaka-529808,
529850,Urmia University of Technology,Iran,IRN,Oromiyeh,,false,false,Best Global Universities,,,https://www.usnews.com/education/best-global-universities/urmia-university-of-technology-529850,
529971,Vidyasirimedhi Institute of Science and Technology,Thailand,THA,Rayong,,false,false,Best Global Universities,,,https://www.usnews.com/education/best-global-universities/vidyasirimedhi-institute-of-science-and-technology-529971,
530635,Vietnam National University of Agriculture (VNUA),Vietnam,VNM,Hanoi,,false,false,Best Global Universities,,,https://www.usnews.com/education/best-global-universities/vietnam-national-university-of-agriculture-vnua-530635,
529828,"Visvesvaraya National Institute of Technology, Nagpur",India,IND,Nagpur,,false,false,Best Global Universities,,,https://www.usnews.com/education/best-global-universities/visvesvaraya-national-institute-of-technology-nagpur-529828,
530686,VIT-AP University,India,IND,Amaravati,,false,false,Best Global Universities,,,https://www.usnews.com/education/best-global-universities/vit-ap-university-530686,
530825,VIT Bhopal University,India,IND,New Delhi,,false,false,Best Global Universities,,,https://www.usnews.com/education/best-global-universities/vit-bhopal-university-530825,
529573,VN Karazin Kharkiv National University,Ukraine,UKR,Kharkiv,,false,false,Best Global Universities,,,https://www.usnews.com/education/best-global-universities/vn-karazin-kharkiv-national-university-529573,
530841,Weifang University,China,CHN,Weifang City,,false,false,Best Global Universities,,,https://www.usnews.com/education/best-global-universities/weifang-university-530841,
530810,Western University of Health Sciences,United States,USA,Pomona,,false,false,Best Global Universities,,,https://www.usnews.com/education/best-global-universities/western-university-of-health-sciences-530810,
530484,WHU - Otto Beisheim School of Management,Germany,DEU,Vallendar,,false,false,Best Global Universities,,,https://www.usnews.com/education/best-global-universities/whu-otto-beisheim-school-of-management-530484,
529302,Wonkwang University,South Korea,KOR,Iksan,,false,false,Best Global Universities,,,https://www.usnews.com/education/best-global-universities/wonkwang-university-529302,
529866,Wuhan Naval University of Engineering,China,CHN,Wuhan,,false,false,Best Global Universities,,,https://www.usnews.com/education/best-global-universities/wuhan-naval-university-of-engineering-529866,
529947,Xi'an Medical University,China,CHN,Xi'an,,false,false,Best Global Universities,,,https://www.usnews.com/education/best-global-universities/xian-medical-university-529947,
530128,Xi'an Shiyou University,China,CHN,Xi'An City,,false,false,Best Global Universities,,,https://www.usnews.com/education/best-global-universities/xian-shiyou-university-530128,
530369,Xinjiang Agricultural University,China,CHN,Ürümqi,,false,false,Best Global Universities,,,https://www.usnews.com/education/best-global-universities/xinjiang-agricultural-university-530369,
530862,Xuchang University,China,CHN,Henan,,false,false,Best Global Universities,,,https://www.usnews.com/education/best-global-universities/xuchang-university-530862,
529063,Yerevan Physics Institute,Armenia,ARM,Yerevan,,false,false,Best Global Universities,,,https://www.usnews.com/education/best-global-universities/yerevan-physics-institute-529063,
530856,Yerevan State University,Armenia,ARM,Yerevan,,false,false,Best Global Universities,,,https://www.usnews.com/education/best-global-universities/yerevan-state-university-530856,
530448,Yunnan Minzu University,China,CHN,Kunming,,false,false,Best Global Universities,,,https://www.usnews.com/education/best-global-universities/yunnan-minzu-university-530448,
530122,Yuzuncu Yil University,Türkiye,TUR,Tuşba/Van,,false,false,Best Global Universities,,,https://www.usnews.com/education/best-global-universities/yuzuncu-yil-university-530122,
529935,Zahedan University of Medical Sciences,Iran,IRN,Zahedan,,false,false,Best Global Universities,,,https://www.usnews.com/education/best-global-universities/zahedan-university-of-medical-sciences-529935,
